# time[us], force_in[kN], force_out[kN], force_avg[kN]
-1.638000000000000000e+03 5.356855158730412705e-04 -1.969182692307365555e-04 1.693836233211523440e-04
-1.636999969480559230e+03 2.180077115179420463e-04 4.257882348435261055e-04 3.218979731807340488e-04
-1.635999938961118232e+03 6.945486571627621604e-04 7.371129807692995955e-04 7.158308189660308237e-04
-1.634999908441677235e+03 6.944710920036836418e-04 4.257122185461446884e-04 5.600916552749141651e-04
-1.633999877922236465e+03 2.179980158731023750e-04 2.701733720665515761e-04 2.440856939698269755e-04
-1.632999847402795695e+03 5.915426587302274517e-05 7.371129807692995955e-04 3.981336233211611839e-04
-1.631999816883354697e+03 5.915426587302274517e-05 5.814411057692181776e-04 3.202976858211204749e-04
-1.630999786363913699e+03 5.922213538718933704e-05 7.370464665090553343e-04 3.981343009481223458e-04
-1.629999755844472929e+03 3.769193310320780249e-04 2.700213394717887417e-04 3.234703352519333833e-04
-1.628999725325032159e+03 8.532857550691341298e-04 1.143399624346848087e-04 4.838128587519094489e-04
-1.627999694805591162e+03 5.355885594242834093e-04 1.146155215126536044e-04 3.251020404684684933e-04
-1.626999664286150164e+03 3.770550700604112493e-04 2.700973557691701047e-04 3.235762129147906770e-04
-1.625999633766709394e+03 1.171176863611538520e-03 4.256552063230646882e-04 7.984160349673015498e-04
-1.624999603247268624e+03 1.171060515872912123e-03 1.144254807692034767e-04 6.427429983210578403e-04
-1.623999572727827626e+03 1.329768526844734124e-03 1.144254807692034767e-04 7.220970038069688410e-04
-1.622999542208386629e+03 8.533730158729800576e-04 1.142829502115779610e-04 4.838279830422790228e-04
-1.621999511688945859e+03 1.330214526509023798e-03 -1.966142040412109410e-04 5.668001612339064422e-04
-1.620999481169505088e+03 1.329244962021586349e-03 5.817641750330184835e-04 9.555045685273024164e-04
-1.619999450650064091e+03 -2.592313205579725396e-04 8.922717457619450728e-04 3.165202126019862937e-04
-1.618999420130623093e+03 -7.345118323689617083e-04 -1.974598853496853639e-04 -4.659858588593235361e-04
-1.617999389611182323e+03 -9.988339702457252572e-05 -6.635538127438475858e-04 -3.817186048842100693e-04
-1.616999359091741553e+03 -7.354717012117003780e-04 -1.969182692307365555e-04 -4.661949852212184803e-04
-1.615999328572300556e+03 -8.939082341269591466e-04 -4.103734941296768960e-05 -4.674727917699634215e-04
-1.614999298052859558e+03 -8.934622344626008423e-04 1.146440276242103961e-04 -3.894091034191952028e-04
-1.613999267533418788e+03 -4.173769841269957259e-04 2.696412579848817643e-04 -7.386786307105698080e-05
-1.612999237013978018e+03 -2.578060607614509020e-04 -1.969182692307365555e-04 -2.273621649960937152e-04
-1.611999206494537020e+03 2.174938423394513363e-04 -4.050523533129771523e-05 8.849430350407680717e-05
-1.610999175975096023e+03 -2.582714517153438622e-04 7.371129807692995955e-04 2.394207645269778666e-04
-1.609999145455655253e+03 3.773847219861155636e-04 5.809089916875481490e-04 4.791468568368318563e-04
-1.608999114936214482e+03 5.351231684703181869e-04 1.144254807692034767e-04 3.247743246197608183e-04
-1.607999084416773485e+03 5.944513521929620004e-05 1.149956029995641732e-04 8.722036910943019002e-05
-1.606999053897332487e+03 5.356855158730412705e-04 8.927848557692696658e-04 7.142351858211554681e-04
-1.605999023377891717e+03 2.176877552369671401e-04 5.808329753901667319e-04 3.992603653135669631e-04
-1.604998992858450947e+03 2.179980158731023750e-04 -1.969182692307365555e-04 1.053987332118290975e-05
-1.603998962339009950e+03 5.816531009569277230e-05 -4.189253275850843619e-05 8.136388668592168052e-06
-1.602998931819568952e+03 -7.350644841269346214e-04 -5.082620192306766147e-04 -6.216632516788055639e-04
-1.601998901300128182e+03 -7.354135273424628567e-04 -5.089461659071094777e-04 -6.221798466247861672e-04
-1.600998870780687412e+03 -1.211954472987317394e-03 -1.130246368480065369e-03 -1.171100420733691382e-03
-1.599998840261246414e+03 -1.052015115116365553e-03 -1.961961144056132550e-04 -6.241056147609894177e-04
-1.598998809741805417e+03 -5.754644738265819520e-04 1.140549013194337637e-04 -2.307047862535741077e-04
-1.597998779222364647e+03 5.915426587302274517e-05 -4.162647571767353710e-05 8.763895077674604034e-06
-1.596998748702923876e+03 2.187930587527343168e-04 -6.643234777547991302e-04 -2.227652095010323931e-04
-1.595998718183482879e+03 5.356855158730412705e-04 -8.192066836695799902e-04 -1.417605838982693598e-04
-1.594998687664041881e+03 3.760079404136820193e-04 -8.208315320261061693e-04 -2.224117958062120750e-04
-1.593998657144601111e+03 6.000748262209184381e-05 -1.754055108866358877e-03 -8.470238131221335606e-04
-1.592998626625160341e+03 8.533730158729765881e-04 -1.441438085885350662e-03 -2.940325350061870368e-04
-1.591998596105719344e+03 6.954212652015825859e-04 -1.442730362940763955e-03 -3.736545488695906846e-04
-1.590998565586278346e+03 1.010849679945352488e-03 -1.286174798483591701e-03 -1.376625592691196063e-04
-1.589998535066837576e+03 5.868887491898489483e-05 -1.130949519230772761e-03 -5.361303221558939803e-04
-1.588998504547396806e+03 -9.968948412705689818e-05 -9.752776442308026903e-04 -5.374835641789297604e-04
-1.587998474027955808e+03 -2.585332341270263324e-04 -1.130474417372139039e-03 -6.945038257495827127e-04
-1.586998443508514811e+03 -2.585332341270263324e-04 -5.068082075432588139e-04 -3.826707208351425461e-04
-1.585998412989074041e+03 -4.178811576605364199e-04 1.149195867021825799e-04 -1.514807854791769335e-04
-1.584998382469633270e+03 -5.772484724837260127e-04 5.819447137393349246e-04 2.348120627804455973e-06
-1.583998351950192273e+03 -1.370963048950266366e-03 4.242299007472778521e-04 -4.733665741014942297e-04
-1.582998321430751275e+03 -1.050618942254108413e-03 -4.124639423076653937e-05 -5.459326682424374627e-04
-1.581998290911310505e+03 -2.590761902400700732e-04 -1.969182692307365555e-04 -2.279972297354033008e-04
-1.580998260391869735e+03 -4.162716806112284678e-04 -4.016316199315239389e-05 -2.282174213021904410e-04
-1.579998229872428738e+03 3.774041132758671683e-04 4.252181126131216208e-04 4.013111129444943675e-04
-1.578998199352987740e+03 3.756976797776569394e-04 1.133042403827570462e-04 2.445009600802069928e-04
-1.577998168833546970e+03 -2.591149728195732286e-04 -5.065516525395951080e-04 -3.828333126795841683e-04
-1.576998138314106200e+03 -5.756292997895786061e-04 5.820207300367163418e-04 3.195715123568867826e-06
-1.575998107794665202e+03 6.095765581991858005e-05 8.921957294645633304e-04 4.765766926422409654e-04
-1.574998077275224205e+03 1.011605940245735710e-03 4.257692307691367598e-04 7.186875855074362348e-04
-1.573998046755783434e+03 5.344444733289407338e-04 4.251611003900855851e-04 4.798027868595131865e-04
-1.572998016236342664e+03 5.915426587302274517e-05 -1.981535340631135149e-04 -6.949963409504538489e-05
-1.571997985716901667e+03 5.915426587302274517e-05 -5.082620192306766147e-04 -2.245538766788269212e-04
-1.570997955197460669e+03 -9.968948412705689818e-05 -5.082620192306766147e-04 -3.039757516788667768e-04
-1.569997924678019899e+03 -9.968948412705689818e-05 -3.512978671752227779e-04 -2.254936756511398313e-04
-1.568997894158579129e+03 -9.902048463066359988e-05 1.137698402043243155e-04 7.374677786830357814e-06
-1.567997863639138131e+03 5.711818044910809355e-05 -1.969182692307365555e-04 -6.990004439081423096e-05
-1.566997833119697134e+03 -8.939082341269591466e-04 1.164494146870865453e-04 -3.887294097199362939e-04
-1.565997802600256364e+03 -8.932101476959028929e-04 7.371129807692995955e-04 -7.804858346330164872e-05
-1.564997772080815594e+03 -2.578254520511303531e-04 5.814411057692181776e-04 1.618078268590439123e-04
-1.563997741561374596e+03 -2.585332341270263324e-04 4.243629292676951424e-04 8.291484757033440499e-05
-1.562997711041933599e+03 -9.896231076133664548e-05 -4.195904701875256186e-05 -7.046067889004460367e-05
-1.561997680522492828e+03 5.915426587302274517e-05 -1.976404240558598559e-04 -6.924307909141855536e-05
-1.560997650003052058e+03 2.179980158731023750e-04 -5.082620192306766147e-04 -1.451320016787871199e-04
-1.559997619483611061e+03 5.915426587302274517e-05 -3.503666675323006616e-04 -1.456062008296389446e-04
-1.558997588964170063e+03 -1.004554400721700835e-04 4.250185698324600693e-04 1.622815648801450065e-04
-1.557997558444729293e+03 -1.004651357171194355e-04 -4.276672017839453708e-05 -7.161592794775698966e-05
-1.556997527925288523e+03 -5.762207341269651737e-04 -5.074923542197252871e-04 -5.418565441733452304e-04
-1.555997497405847525e+03 -2.585332341270263324e-04 -1.969182692307365555e-04 -2.277257516788814304e-04
-1.554997466886406528e+03 -2.593379726517523265e-04 -3.541674824014419930e-04 -3.067527275265971597e-04
-1.553997436366965758e+03 -7.350644841269346214e-04 -8.196057692308327284e-04 -7.773351266788836207e-04
-1.552997405847524988e+03 -5.753966043125597826e-04 -8.187980960711902043e-04 -6.970973501918749935e-04
-1.551997375328083990e+03 -2.585332341270263324e-04 -6.647510694276052585e-04 -4.616421517773158225e-04
-1.550997344808642993e+03 -9.884596302271753956e-05 -6.622805397626378059e-04 -3.805632513926776660e-04
-1.549997314289202222e+03 5.915426587302274517e-05 1.160978393115908868e-04 8.762605259230681596e-05
-1.548997283769761452e+03 -9.968948412705689818e-05 4.257692307691367598e-04 1.630398733210399376e-04
-1.547997253250320455e+03 3.803321980282435870e-04 4.249140474235960606e-04 4.026231227259198238e-04
-1.546997222730879457e+03 1.329021962189262836e-03 -4.211107961351536231e-05 6.434554412878737807e-04
-1.545997192211438687e+03 8.533730158729800576e-04 -3.525901442307065987e-04 2.503914358211367566e-04
-1.544997161691997917e+03 1.012216765872946036e-03 -1.978019586877599275e-04 4.072074035925930813e-04
-1.543997131172556919e+03 6.936178752546871915e-04 -3.508037612422437290e-04 1.714070570062217313e-04
-1.542997100653115922e+03 3.759206796098364710e-04 1.135227872377639655e-04 2.447217334238001979e-04
-1.541997070133675152e+03 3.777725477811469000e-04 1.144254807692001021e-04 2.460990142751734943e-04
-1.540997039614234382e+03 3.777822434259865713e-04 -3.516684466249924909e-04 1.305689840049704020e-05
-1.539997009094793384e+03 1.013166939070772772e-03 -4.124639423076653937e-05 4.859602724200031299e-04
-1.538996978575352387e+03 1.013176634715685139e-03 -4.312779759102698570e-05 4.850244185623290801e-04
-1.537996948055911616e+03 1.328934701385416257e-03 -3.506897367961716032e-04 4.891224822946223542e-04
-1.536996917536470846e+03 8.504352354757230932e-04 4.276886422780617515e-04 6.390619388768924766e-04
-1.535996887017029849e+03 3.768417658730718227e-04 7.351745651860731867e-04 5.560081655295724505e-04
-1.534996856497588851e+03 5.715696302853876995e-05 1.154041905980243780e-04 8.628057681328156719e-05
-1.533996825978148081e+03 -4.183853311940770596e-04 5.844057413670934471e-04 8.301020508650819372e-05
-1.532996795458707311e+03 -7.350644841269346214e-04 1.673139658575412657e-03 4.690375872242390177e-04
-1.531996764939266313e+03 -5.741652574132994052e-04 1.669129798888613347e-03 5.474822707376569711e-04
-1.530996734419825316e+03 -9.865205012531140288e-05 1.515472355769254247e-03 7.084101528219714696e-04
-1.529996703900384546e+03 2.190451455196868369e-04 1.515472355769254247e-03 8.672587506444705014e-04
-1.528996673380943776e+03 3.757849405816477166e-04 8.896776896137956062e-04 6.327313150977216614e-04
-1.527996642861502778e+03 5.378185577457132412e-04 4.257692307691367598e-04 4.817938942574250005e-04
-1.526996612342061781e+03 1.011140549291698280e-03 5.803863796430158185e-04 7.957634644673570491e-04
-1.525996581822621010e+03 3.746699414208959377e-04 -4.231062239410614251e-05 1.661796595133949010e-04
-1.524996551303180240e+03 2.179980158729921658e-04 -1.979919994312134433e-04 1.000300822088936125e-05
-1.523996520783739243e+03 -9.747887709537788497e-05 -3.515069119930216480e-04 -2.244928945441997733e-04
-1.522996490264298245e+03 5.345705167122901964e-04 1.155182150440931292e-04 3.250443658781916492e-04
-1.521996459744857475e+03 2.179980158731023750e-04 2.700973557691701047e-04 2.440476858211362398e-04
-1.520996429225416705e+03 5.915426587302274517e-05 -4.346987092910169838e-05 7.842197471960523394e-06
-1.519996398705975707e+03 5.801017977767969699e-05 -5.093832596170529787e-04 -2.256865399196866307e-04
-1.518996368186534710e+03 -2.596870158672804534e-04 -8.196057692308327284e-04 -5.396463925490565909e-04
-1.517996337667093940e+03 -5.762207341269651737e-04 -5.048412858486208288e-04 -5.405310099877930555e-04
-1.516996307147653170e+03 -2.561868880671585376e-04 2.712471022670284097e-04 7.530107099934936054e-06
-1.515996276628212172e+03 2.191808845479477721e-04 4.257692307691367598e-04 3.224750576585422388e-04
-1.514996246108771174e+03 6.957218301927679946e-04 2.665911040523468670e-04 4.811564671225574308e-04
-1.513996215589330404e+03 8.521707559083831641e-04 -6.662903994495789290e-04 9.294017822940211756e-05
-1.512996185069889634e+03 5.332616046541671651e-04 -1.286621394230742831e-03 -3.766798947882878329e-04
-1.511996154550448637e+03 -2.597548853813748306e-04 -8.148167424956956773e-04 -5.372858139385352540e-04
-1.510996124031007639e+03 -2.585332341270263324e-04 2.713041144901352439e-04 6.385440181554455754e-06
-1.509996093511566869e+03 -4.173769841269957259e-04 1.107766984948929320e-04 -1.533001428160513969e-04
-1.508996062992126099e+03 -5.774714723159048938e-04 -6.639338942307546716e-04 -6.207026832733297285e-04
-1.507996032472685101e+03 -5.762207341269651737e-04 -3.501196145658110829e-04 -4.631701743463881283e-04
-1.506996001953244104e+03 -7.363346136056986421e-04 2.725868895084826134e-04 -2.318738620486080143e-04
-1.505995971433803334e+03 -1.052751984126983672e-03 7.346044429557126122e-04 -1.590737705856355298e-04
-1.504995940914362563e+03 -1.054041504895426602e-03 1.144254807692034767e-04 -4.698080120631115760e-04
-1.503995910394921566e+03 -8.900105848868909795e-04 1.144254807692034767e-04 -3.877925520588437649e-04
-1.502995879875480568e+03 -4.213037203017961697e-04 -4.381194426745958434e-05 -2.325578322846278702e-04
-1.501995849356039798e+03 -1.207639911017630409e-03 -6.652261712862393055e-04 -9.364330411519349116e-04
-1.500995818836599028e+03 -2.572049307790803016e-04 -3.447794696750863396e-04 -3.009922002270833206e-04
-1.499995788317158031e+03 -9.835148513419806661e-05 1.047145449639410534e-03 4.743969822526062133e-04
-1.498995757797717033e+03 5.915426587302274517e-05 7.344714144352241982e-04 3.968128401541234852e-04
-1.497995727278276263e+03 2.220701867209307024e-04 1.130951955650289745e-04 1.675826911429798385e-04
-1.496995696758835493e+03 1.171060515872912123e-03 -1.995978437133610374e-04 4.857313360797755426e-04
-1.495995666239394495e+03 1.009463202728223905e-03 -9.739283549522818580e-04 1.776742388797102360e-05
-1.494995635719953498e+03 5.356855158730412705e-04 -6.639338942307546716e-04 -6.412418917885670056e-05
-1.493995605200512728e+03 5.342893430109286546e-04 -3.498535575249761770e-04 9.221789274297623878e-05
-1.492995574681071957e+03 -2.627508396477737981e-04 -3.986859884076408448e-05 -1.513097192442689311e-04
-1.491995544161630960e+03 -7.350644841269346214e-04 2.700973557691701047e-04 -2.324835641788822584e-04
-1.490995513642189962e+03 -7.350644841269346214e-04 5.828379052336378355e-04 -7.611328944664839296e-05
-1.489995483122749192e+03 -7.336295286853189044e-04 5.786285027661054172e-04 -7.750051295960674359e-05
-1.488995452603308422e+03 -4.159323330405403918e-04 1.158412843078966334e-04 -1.500455243663218656e-04
-1.487995422083867425e+03 -4.202856775897302610e-04 2.658214390414663920e-04 -7.723211927413193450e-05
-1.486995391564426427e+03 -5.732926493744067717e-04 -3.497205290044879257e-04 -4.615065891894473216e-04
-1.485995361044985657e+03 2.179980158729921658e-04 1.158697904194500505e-04 1.669339031462211082e-04
-1.484995330525544887e+03 5.767083220706424216e-05 4.243154190817528945e-04 2.409931256444085615e-04
-1.483995300006103889e+03 -5.792069927487064531e-04 -4.270970795535849454e-05 -3.109583503520325009e-04
-1.482995269486662892e+03 -8.924054091711763025e-04 -1.939726377071365466e-04 -5.431890234391564517e-04
-1.481995238967222122e+03 -2.524831517244271995e-04 5.829234235681565171e-04 1.652201359218646588e-04
-1.480995208447781351e+03 5.311188671366552519e-04 5.784574660970679457e-04 5.547881666168616530e-04
-1.479995177928340354e+03 -2.570013222366528084e-04 -4.274771610404918957e-05 -1.498745191703510058e-04
-1.478995147408899356e+03 -9.968948412705689818e-05 1.189579525006733253e-04 9.634234186808213576e-06
-1.477995116889458586e+03 2.195493190531183246e-04 5.799207798215891838e-04 3.997350494373537542e-04
-1.476995086370017816e+03 3.768417658730718227e-04 4.272990587539031264e-04 4.020704123134874746e-04
-1.475995055850576819e+03 3.752710714031940592e-04 5.799017757472437482e-04 4.775864235752189037e-04
-1.474995025331135821e+03 -9.652870389747869693e-05 5.814411057692181776e-04 2.424562009358697471e-04
-1.473994994811695051e+03 5.372756016326693919e-04 1.113088125765627438e-04 3.242922071046160678e-04
-1.472994964292254281e+03 5.340857344685733150e-04 -1.969182692307365555e-04 1.685837326189183662e-04
-1.471994933772813283e+03 5.372949929224210509e-04 -1.937635928894085020e-04 1.717657000165062880e-04
-1.470994903253372286e+03 1.015455111261530331e-03 2.669236753534259257e-04 6.411893933074780741e-04
-1.469994872733931516e+03 1.328275397533862454e-03 -1.969182692307365555e-04 5.656785641515629359e-04
-1.468994842214490745e+03 1.171060515872912123e-03 1.176371693334934336e-04 6.443488426032028052e-04
-1.467994811695049748e+03 8.517247562440937066e-04 5.862871447272835490e-04 7.190059504856886278e-04
-1.466994781175608750e+03 5.323696053254516405e-04 1.515472355769254247e-03 1.023920980547352944e-03
-1.465994750656167980e+03 5.915426587302274517e-05 1.197591204194404894e-03 6.283727350337137791e-04
-1.464994720136727210e+03 5.915426587302274517e-05 1.144254807692034767e-04 8.678987332111311095e-05
-1.463994689617286213e+03 2.179980158731023750e-04 1.144254807692034767e-04 1.662117483211529123e-04
-1.462994659097845215e+03 2.129078023132074341e-04 1.160883372744569698e-04 1.644980697938322088e-04
-1.461994628578404445e+03 -4.139641171307205511e-04 7.421300563963617808e-04 1.640829696328206149e-04
-1.460994598058963675e+03 3.768417658729616136e-04 1.517154216348783665e-03 9.469979911108726122e-04
-1.459994567539522677e+03 -1.014153089149460633e-04 1.512089630535780804e-03 7.053371608104173907e-04
-1.458994537020081680e+03 -9.795396369414561763e-05 1.048456730769239736e-03 4.752513835375470389e-04
-1.457994506500640910e+03 6.089948195066468054e-05 1.050167097460321134e-03 5.555332897054928668e-04
-1.456994475981200139e+03 3.785966775955521826e-04 1.352921005856296552e-03 8.657588417259243132e-04
-1.455994445461759142e+03 5.356855158730412705e-04 -4.470513576162024112e-05 2.454901900557104910e-04
-1.454994414942318144e+03 5.356855158730412705e-04 -6.674116398360256577e-04 -6.586306198149219360e-05
-1.453994384422877374e+03 6.980972631872984059e-04 -8.126122698716346879e-04 -5.725750334216814100e-05
-1.452994353903436604e+03 1.167473127268944984e-03 1.161833576461129293e-04 6.418282424575289836e-04
-1.451994323383995606e+03 2.143912359792001030e-04 1.144254807692001021e-04 1.644083583742001094e-04
-1.450994292864554609e+03 -9.787639853524832351e-05 4.257692307691367598e-04 1.639464161169442249e-04
-1.449994262345113839e+03 2.161752346364541289e-04 1.126390977807372460e-04 1.644071662085957010e-04
-1.448994231825673069e+03 -4.192094610084823965e-04 -4.124639423076653937e-05 -2.302279276196244544e-04
-1.447994201306232071e+03 -5.762207341269651737e-04 -4.485716835638304156e-05 -3.105389512416740941e-04
-1.446994170786791074e+03 -4.136732477843735670e-04 -3.507752551306902848e-04 -3.822242514575318988e-04
-1.445994140267350303e+03 5.729270205687134383e-05 -3.544145353678601769e-04 -1.485609166554944030e-04
-1.444994109747909533e+03 -2.585332341270263324e-04 -5.119298055792596011e-04 -3.852315198531429397e-04
-1.443994079228468536e+03 6.291617608482738858e-05 -1.286621394230742831e-03 -6.118526090729577279e-04
-1.442994048709027538e+03 3.768417658730718227e-04 -1.127243724733357523e-03 -3.752009794301428502e-04
-1.441994018189586768e+03 5.318848230817334582e-04 -1.876062728015137659e-04 1.721392751401098326e-04
-1.440993987670145998e+03 -2.623533182080121321e-04 7.333691781232237359e-04 2.355079299576058019e-04
-1.439993957150705000e+03 -7.350644841269346214e-04 1.125440774090105016e-04 -3.112602033589620463e-04
-1.438993926631264003e+03 -5.742913007966484341e-04 -4.502820502556198115e-05 -3.096597529111052042e-04
-1.437993896111823233e+03 -9.581122617663262030e-05 -3.506897367961716032e-04 -2.232504814864021050e-04
-1.436993865592382463e+03 3.787905904930677966e-04 1.163353902408723891e-04 2.475629903669700725e-04
-1.435993835072941465e+03 3.709662050783466914e-04 1.144254807692034767e-04 2.426958429237750705e-04
-1.434993804553500468e+03 -4.193452000368155666e-04 -4.510422132294338477e-05 -2.322247106798794791e-04
-1.433993774034059697e+03 -4.134211610176767560e-04 -8.234826003971774510e-04 -6.184518807074271306e-04
-1.432993743514618927e+03 5.915426587302274517e-05 -1.292465147091833091e-03 -6.166554406094052138e-04
-1.431993712995177930e+03 -9.968948412705689818e-05 -1.905394054915695396e-03 -1.002541769521376113e-03
-1.430993682475736932e+03 6.116126436234708291e-05 -1.282687550841184534e-03 -6.107631432394187597e-04
-1.429993651956296162e+03 5.713757173885872931e-05 -6.599810467669204369e-04 -3.014217375140308707e-04
-1.428993621436855392e+03 -1.017158739060591691e-04 -1.949323434616828785e-04 -1.483241086838710102e-04
-1.427993590917414394e+03 -4.133048132791659348e-04 1.144254807692034767e-04 -1.494396662549812155e-04
-1.426993560397973397e+03 2.200437969419284721e-04 -4.525625391770618522e-05 8.739377151211115023e-05
-1.425993529878532627e+03 3.788972425867375370e-04 -3.485612804694924105e-04 1.516798105862256327e-05
-1.424993499359091857e+03 6.924640935145052242e-04 2.721212896869144361e-04 4.822926916007098030e-04
-1.423993468839650859e+03 3.768417658730718227e-04 1.123920448142477080e-04 2.446169053436597586e-04
-1.422993438320209862e+03 6.986983931696690063e-04 -4.533227021508758205e-05 3.266830614772907359e-04
-1.421993407800769091e+03 1.175249034459251163e-03 -5.062095792013787850e-04 3.345197276289361889e-04
-1.420993377281328321e+03 1.482436151058937448e-03 -3.918445216433145875e-05 7.216258494473030147e-04
-1.419993346761887324e+03 6.924156152900901896e-04 -2.031326015416674629e-04 2.446415068742113634e-04
-1.418993316242446326e+03 3.768417658730718227e-04 -9.752776442308026903e-04 -2.992179391788654338e-04
-1.417993285723005556e+03 5.271533483823517613e-04 -6.597529978747761854e-04 -6.629982474621221207e-05
-1.416993255203564786e+03 -8.981937091619831897e-04 -1.948183190156107798e-04 -5.465060140887969577e-04
-1.415993224684123788e+03 -1.211595734126949542e-03 1.123160285168696247e-04 -5.496398528050400059e-04
-1.414993194164682791e+03 -8.874218477049485541e-04 -3.547090985202485270e-04 -6.210654731125985406e-04
-1.413993163645242021e+03 -2.585332341270263324e-04 -6.681908068841145749e-04 -4.633620205055704808e-04
-1.412993133125801251e+03 -2.585332341270263324e-04 -9.731396858669862874e-04 -6.158364599970063370e-04
-1.411993102606360253e+03 -9.749826838501998532e-05 -8.217532296318571941e-04 -4.596257490084385694e-04
-1.410993072086919256e+03 6.135517725986285953e-05 -1.288778356668975359e-03 -6.137115897045562025e-04
-1.409993041567478485e+03 3.790523729047501041e-04 -1.286621394230742831e-03 -4.537845106629963634e-04
-1.408993011048037715e+03 5.356855158730412705e-04 -1.282269461205728283e-03 -3.732919726663435061e-04
-1.407992980528596718e+03 6.922992675515808863e-04 -8.217912377805478485e-04 -6.474598511448348111e-05
-1.406992950009155720e+03 2.202377098394440861e-04 -9.752776442308026903e-04 -3.775199671956793292e-04
-1.405992919489714950e+03 5.356855158730412705e-04 -1.133153991854833316e-03 -2.987342379908960229e-04
-1.404992888970274180e+03 2.134798453609485132e-04 -1.440079294569514756e-03 -6.132997246042831349e-04
-1.403992858450833182e+03 6.369182767489021046e-05 -8.151588158339112414e-04 -3.757334940795105426e-04
-1.402992827931392185e+03 5.379639924188860285e-04 -3.503571654950925446e-04 9.380341346189674198e-05
-1.401992797411951415e+03 6.922410936823261262e-04 -1.969182692307365555e-04 2.476614122257947718e-04
-1.400992766892510645e+03 3.745438980375476136e-04 -1.969182692307365555e-04 8.881281440340552905e-05
-1.399992736373069647e+03 5.915426587302274517e-05 -4.124639423076653937e-05 8.953935821128102901e-06
-1.398992705853628649e+03 -1.043240023776442234e-04 -1.969182692307365555e-04 -1.506211358041903826e-04
-1.397992675334187879e+03 -4.127230745866188218e-04 1.167059696906421157e-04 -1.480085524479883531e-04
-1.396992644814747109e+03 -1.020261345419755849e-04 1.144254807692034767e-04 6.199673113613945888e-06
-1.395992614295306112e+03 -2.585332341270263324e-04 -4.354588722655388684e-05 -1.510395606767900994e-04
-1.394992583775865114e+03 -9.968948412705689818e-05 -4.124639423076653937e-05 -7.046793917891172555e-05
-1.393992553256424344e+03 -9.732374677736449118e-05 -3.892789716063383760e-05 -6.812582196899916100e-05
-1.392992522736983574e+03 5.380609488675716819e-04 1.120974816619335038e-04 3.250792152647525657e-04
-1.391992492217542576e+03 3.720715085941855068e-04 -3.525901442307065987e-04 9.740682181739454071e-06
-1.390992461698101579e+03 2.179980158729921658e-04 -1.969182692307365555e-04 1.053987332112780518e-05
-1.389992431178660809e+03 -2.609377540562202277e-04 -3.888988901194313579e-05 -1.499138215340816750e-04
-1.388992400659220039e+03 6.398269702109153200e-05 1.144254807692034767e-04 8.920408889514750436e-05
-1.387992370139779041e+03 5.381094270919867164e-04 -4.362190352393529046e-05 2.472437617840256893e-04
-1.386992339620338043e+03 5.332519090091837827e-04 -1.993032805611133626e-04 1.669743142240352101e-04
-1.385992309100897273e+03 3.743984633643730915e-04 -3.501956308631925001e-04 1.210141625059029573e-05
-1.384992278581456503e+03 2.229040121800672091e-04 -3.643836342146382693e-05 9.323282437930169786e-05
-1.383992248062015506e+03 5.332228220745927234e-04 7.395264982110494626e-04 6.363746601428211472e-04
-1.382992217542574508e+03 5.420948698630007664e-05 5.765950668110814657e-04 3.154022768986907712e-04
-1.381992187023133738e+03 -5.787028192151652713e-04 1.168580022854082297e-04 -2.309224084648785072e-04
-1.380992156503692968e+03 -7.325727033938947983e-04 4.257692307691367598e-04 -1.534017363123790193e-04
-1.379992125984251970e+03 -4.223799368828999980e-04 5.838926313597700467e-04 8.075634723843502435e-05
-1.378992095464810973e+03 -1.050240812104119223e-03 2.627142728860051802e-04 -3.937632696090570214e-04
-1.377992064945370203e+03 -7.300227487915281156e-04 -3.550606738956020602e-04 -5.425417113435651150e-04
-1.376992034425929432e+03 -9.462835750196927427e-05 -5.107420509327111838e-04 -3.026852042173402155e-04
-1.375992003906488435e+03 2.179980158729921658e-04 -4.983038842738196032e-04 -1.401529342004137187e-04
-1.374991973387047437e+03 3.768417658730718227e-04 4.257692307691367598e-04 4.013054983211042912e-04
-1.373991942867606667e+03 3.742821156258654145e-04 5.814411057692181776e-04 4.778616106975417960e-04
-1.372991912348165897e+03 2.154286699810545607e-04 4.257692307691367598e-04 3.205989503750956331e-04
-1.371991881828724900e+03 -9.968948412705689818e-05 4.232416888812053166e-04 1.617761023770742160e-04
-1.370991851309283902e+03 6.174300305489439922e-05 1.169625246943430504e-04 8.935276387461873158e-05
-1.369991820789843132e+03 2.128011502196815402e-04 4.206761388445830565e-04 3.167386445321323119e-04
-1.368991790270402362e+03 -2.585332341270263324e-04 -5.133741152296147307e-04 -3.859536746783205586e-04
-1.367991759750961364e+03 -5.788385582434262336e-04 -6.588027941575083082e-04 -6.188206762004673251e-04
-1.366991729231520367e+03 -5.735932143655921803e-04 -3.609629008310594775e-05 -3.048447522243490776e-04
-1.365991698712079597e+03 -9.705226872073402435e-05 4.231846766581692267e-04 1.630662039687176079e-04
-1.364991668192638826e+03 -1.023363951781092071e-04 -2.047004376750530079e-04 -1.535184164265811007e-04
-1.363991637673197829e+03 -4.200335908229599954e-04 -6.587267778601268910e-04 -5.393801843415434432e-04
-1.362991607153756831e+03 -5.735544317860890792e-04 -1.969182692307365555e-04 -3.852363505084128309e-04
-1.361991576634316061e+03 -4.173769841269957259e-04 -3.600126971144998825e-05 -2.266891269192228503e-04
-1.360991546114875291e+03 -2.504761532353581236e-04 4.231371664723412537e-04 8.633050661849156504e-05
-1.359991515595434294e+03 2.126072373220556087e-04 1.117839144351998265e-04 1.621955758786277312e-04
-1.358991485075993296e+03 -9.698439920667577816e-05 -3.525901442307065987e-04 -2.247872717186911952e-04
-1.357991454556552526e+03 5.915426587302274517e-05 -3.525901442307065987e-04 -1.467179391788419403e-04
-1.356991424037111756e+03 6.187874208308131053e-05 1.224356981056607925e-04 9.215722009437105153e-05
-1.355991393517670758e+03 3.741075940181013510e-04 8.901052812865733284e-04 6.321064376523373397e-04
-1.354991362998229761e+03 5.641039837313847660e-05 5.814411057692181776e-04 3.189257520711783508e-04
-1.353991332478788991e+03 -4.228841104164397704e-04 4.257692307691367598e-04 1.442560176348494684e-06
-1.352991301959348220e+03 -7.350644841269346214e-04 2.646811945808162040e-04 -2.351916447730592087e-04
-1.351991271439907223e+03 -5.706748252580180281e-04 -3.553077268620916389e-04 -4.629912760600548606e-04
-1.350991240920466225e+03 -2.557505840476389288e-04 -6.666609788993496178e-04 -4.612057814734942733e-04
-1.349991210401025455e+03 2.179980158731023750e-04 -8.250789426422935717e-04 -3.035404633845955984e-04
-1.348991179881584685e+03 2.151959745040356016e-04 -1.445039357973582376e-03 -6.149216917347733466e-04
-1.347991149362143688e+03 -2.613449711410030605e-04 -1.753637019230868798e-03 -1.007490995185936038e-03
-1.346991118842702690e+03 -4.145555514681071186e-04 -1.589669865778937409e-03 -1.002112708623522155e-03
-1.345991088323261920e+03 6.198539417675300251e-05 -6.639338942307546716e-04 -3.009742500270008074e-04
-1.344991057803821150e+03 2.179980158731023750e-04 -5.026938254476658605e-04 -1.423479047872817428e-04
-1.343991027284380152e+03 2.122969766861407107e-04 -1.969182692307365555e-04 7.689353727702077641e-06
-1.342990996764939155e+03 -9.682926888855492638e-05 -3.844329326479201917e-05 -6.763628107667347955e-05
-1.341990966245498385e+03 6.489408763948756472e-05 1.088002747629798804e-04 8.684718120123372258e-05
-1.340990935726057614e+03 6.916496593449395587e-04 -5.054399141904275658e-04 9.310487257725599645e-05
-1.339990905206616617e+03 2.151087137001174117e-04 -1.940866621532794166e-04 1.051102577341899759e-05
-1.338990874687175619e+03 -1.025884819449517755e-04 -3.639545806894774519e-04 -2.332715313172146272e-04
-1.337990844167734849e+03 -4.202856775897302610e-04 -9.724270330790002513e-04 -6.963563553343652020e-04
-1.336990813648294079e+03 -8.939082341269591466e-04 -6.639338942307546716e-04 -7.789210641788569091e-04
-1.335990783128853082e+03 -7.292083146219623417e-04 -5.025227887784869006e-04 -6.158655517002246211e-04
-1.334990752609412084e+03 -9.675170372965684622e-05 -3.525901442307065987e-04 -2.246709239801817292e-04
-1.333990722089971314e+03 2.179980158731023750e-04 -1.998068885312297572e-04 9.095563670936308875e-06
-1.332990691570530544e+03 2.179980158731023750e-04 -5.082620192306766147e-04 -1.451320016787871199e-04
-1.331990661051089546e+03 -1.115569534549067023e-04 -5.024467724809995569e-04 -3.070018629679531160e-04
-1.330990630531648549e+03 -1.049775421150081359e-03 -4.416351964281315821e-05 -5.469694703964472857e-04
-1.329990600012207778e+03 -5.702482168834834822e-04 -1.998448966799204387e-04 -3.850465567817019604e-04
-1.328990569492767008e+03 -2.585332341270263324e-04 -5.082620192306766147e-04 -3.833976266788514465e-04
-1.327990538973326011e+03 -2.585332341270263324e-04 -3.496445127071773069e-04 -3.040888734171018196e-04
-1.326990508453885013e+03 -4.234076752398042228e-04 -3.555452777914438990e-04 -3.894764765156240880e-04
-1.325990477934444243e+03 -7.350644841269346214e-04 -5.052973836328019958e-04 -6.201809338798683086e-04
-1.324990447415003473e+03 -4.052380367426592473e-04 -1.939441315957246721e-04 -2.995910841691919462e-04
-1.323990416895562475e+03 5.295966508910482156e-04 -4.721367357520643836e-05 2.411914886579208785e-04
-1.322990386376121478e+03 -9.968948412705689818e-05 -5.082620192306766147e-04 -3.039757516788667768e-04
-1.321990355856680708e+03 -1.027533079078039462e-04 -3.465848567375759436e-04 -2.246690823226899381e-04
-1.320990325337239938e+03 -5.854412924037263617e-04 -3.823424844706402201e-05 -3.118377704253951681e-04
-1.319990294817798940e+03 -1.532366449197439728e-03 1.023388894855554641e-04 -7.150137798559421049e-04
-1.318990264298357943e+03 -1.361160751980740411e-03 -6.548404446563964049e-04 -1.008000598318568516e-03
-1.317990233778917172e+03 -7.381670904871858547e-04 2.731380076644260324e-04 -2.325145414113799112e-04
-1.316990203259476402e+03 -8.876836301167783131e-04 5.814411057692181776e-04 -1.531212621737800678e-04
-1.315990172740035405e+03 -4.142549864769939721e-04 1.083061688299974705e-04 -1.529744088234982508e-04
-1.314990142220594407e+03 -9.968948412705689818e-05 -1.969182692307365555e-04 -1.483038766788967336e-04
-1.313990111701153637e+03 6.229565481277821799e-05 -3.618261243625488384e-04 -1.497652347748852967e-04
-1.312990081181712867e+03 2.243001850422883265e-04 -1.127861357149688697e-03 -4.517805860537001854e-04
-1.311990050662271869e+03 8.533730158729800576e-04 -4.989690268759063799e-04 1.772019944985368388e-04
-1.310990020142830872e+03 6.913587899985938756e-04 1.175326469247035301e-04 4.044457184616487028e-04
-1.309989989623390102e+03 4.643357979599481233e-05 1.050754761912879728e-04 7.575452799364139594e-05
-1.308989959103949332e+03 -8.970981012910563077e-04 -5.051358490009020055e-04 -7.011169751459791566e-04
-1.307989928584508334e+03 -1.043153295699958448e-03 1.238324975701505441e-04 -4.596603990649039250e-04
-1.306989898065067337e+03 -9.968948412705689818e-05 5.782959314650250576e-04 2.393032236689840865e-04
-1.305989867545626566e+03 -4.205959382257552868e-04 1.112708044278720758e-04 -1.546625668989415987e-04
-1.304989837026185796e+03 -5.794493838705644601e-04 2.732615341476354225e-04 -1.530939248614645188e-04
-1.303989806506744799e+03 -1.055990329515437429e-03 4.321165916004859062e-04 -3.119368689574757614e-04
-1.302989775987303801e+03 -8.939082341269591466e-04 8.864184908635043937e-04 -3.744871631727376450e-06
-1.301989745467863031e+03 -7.318067474487258443e-04 4.257692307691367598e-04 -1.530187583397945423e-04
-1.300989714948422261e+03 -7.350644841269346214e-04 4.257692307691367598e-04 -1.546476266788989308e-04
-1.299989684428981263e+03 -7.383416120949499182e-04 5.846527943335845436e-04 -7.684440888068268726e-05
-1.298989653909540266e+03 -7.252040132882101768e-04 7.338917901677250583e-04 4.343888439757440708e-06
-1.297989623390099496e+03 -2.651262726425579128e-04 2.668666631304606883e-04 8.701952439513877761e-07
-1.296989592870658726e+03 -4.140707692243902373e-04 -5.096697825830912953e-05 -2.325188737413496970e-04
-1.295989562351217728e+03 6.578608696805981191e-05 -6.574345008046426908e-04 -2.958242069182914530e-04
-1.294989531831776731e+03 5.390111220654705175e-04 1.209438782697258910e-04 3.299775001675982178e-04
-1.293989501312335960e+03 6.945292658730106098e-04 2.635599541943698006e-04 4.790446100336902052e-04
-1.292989470792895190e+03 3.701517709088522580e-04 -1.969182692307365555e-04 8.661675083905785125e-05
-1.291989440273454193e+03 -9.633479100003405752e-05 -3.795868936902098558e-05 -6.714674018452751816e-05
-1.290989409754013195e+03 3.802061546450042251e-04 2.700973557691701047e-04 3.251517552070871649e-04
-1.289989379234572425e+03 2.112498470394456873e-04 -4.455310316685744067e-05 8.334837193629411655e-05
-1.288989348715131655e+03 6.253804593463683484e-05 -3.592225661771652340e-04 -1.483422601212641928e-04
-1.287989318195690657e+03 5.576079016649676274e-05 -8.096286301995216442e-04 -3.769339200165124407e-04
-1.286989287676249660e+03 -2.619364054784618359e-04 2.700973557691701047e-04 4.080475145354134402e-06
-1.285989257156808890e+03 -4.173769841269957259e-04 -4.793582840032974558e-05 -2.326564062636627425e-04
-1.284989226637368120e+03 -7.316419214858747985e-04 -3.492359251087877379e-04 -5.404389232973312411e-04
-1.283989196117927122e+03 6.601878244507863544e-05 -3.788267307163958875e-05 1.406805468671952334e-05
-1.282989165598486125e+03 2.145560619420535070e-04 -4.124639423076653937e-05 8.665483385564348381e-05
-1.281989135079045354e+03 5.570261629724202298e-05 1.076600303022588669e-04 8.168132329975044833e-05
-1.280989104559604584e+03 -9.622813890643649786e-05 -1.901338146895173897e-04 -1.431809767979769438e-04
-1.279989074040163587e+03 5.495696793351631786e-04 -2.037217278463718739e-04 1.729239757443956659e-04
-1.278989043520722589e+03 1.326423529362550941e-03 -3.457676815406551547e-04 4.903279239109478932e-04
-1.277989013001281819e+03 1.164079651562349152e-03 1.178462141513664089e-04 6.409629328568577531e-04
-1.276988982481841049e+03 5.356855158730412705e-04 2.666671203498699352e-04 4.011763181114556300e-04
-1.275988951962400051e+03 3.698221189830033654e-04 -4.468613168727489360e-05 1.625679936478642291e-04
-1.274988921442959054e+03 5.563474678307782991e-05 -5.117112587245010048e-04 -2.280382559707116010e-04
-1.273988890923518284e+03 -2.550040193922417458e-04 -1.934595276998828605e-04 -2.242317735460623031e-04
-1.272988860404077514e+03 5.561535549339850077e-05 -1.969182692307365555e-04 -7.065145686866903412e-05
-1.271988829884636516e+03 -9.614087810241053831e-05 -3.776864862556748333e-05 -6.695476336398901421e-05
-1.270988799365195518e+03 -2.585332341270263324e-04 1.179127284116105346e-04 -7.031025285770789890e-05
-1.269988768845754748e+03 -9.612148681276671679e-05 4.257692307691367598e-04 1.648238719781850283e-04
-1.268988738326313978e+03 3.804194588321991818e-04 2.595786006191251822e-04 3.199990297256622091e-04
-1.267988707806872981e+03 6.981166544770499565e-04 -5.117777729845687578e-04 9.316944074624059933e-05
-1.266988677287431983e+03 6.837380131261547095e-04 -8.160805134397324141e-04 -6.617125015678885233e-05
-1.265988646767991213e+03 -2.621400140208171212e-04 -3.525901442307065987e-04 -3.073650791257618599e-04
-1.264988616248550443e+03 -4.101440330497322035e-04 -3.455016244999617914e-04 -3.778228287748470245e-04
-1.263988585729109445e+03 6.278043705656513877e-05 2.736511176717505169e-04 1.682157773641578414e-04
-1.262988555209668448e+03 8.570088827014309693e-04 7.406762447089792166e-04 7.988425637052050388e-04
-1.261988524690227678e+03 1.012216765872946036e-03 7.406857467462253349e-04 8.764512563095856312e-04
-1.260988494170786907e+03 6.872187496367433788e-04 8.820380517270778355e-04 7.846284006819106071e-04
-1.259988463651345910e+03 2.179980158731023750e-04 1.108337107179323288e-04 1.644158632955173519e-04
-1.258988433131904912e+03 5.915426587302274517e-05 -1.969182692307365555e-04 -6.888200167885690514e-05
-1.257988402612464142e+03 5.915426587302274517e-05 -3.634224666075585989e-04 -1.521341003672679404e-04
-1.256988372093023372e+03 5.546022517538343324e-05 -9.752776442308026903e-04 -4.599087095277096184e-04
-1.255988341573582375e+03 -9.598574778450567316e-05 -1.134579297430734482e-03 -6.152825226076200299e-04
-1.254988311054141377e+03 2.217114478605629313e-04 -8.014093680448724621e-04 -2.898489600921547518e-04
-1.253988280534700607e+03 3.693955106084688194e-04 -4.854395877938094060e-05 1.604257759145439428e-04
-1.252988250015259837e+03 3.768417658729616136e-04 -3.489318599192621235e-04 1.395495297684974504e-05
-1.251988219495818839e+03 -1.034320030491086764e-04 -3.757860788211398785e-05 -7.050530546561133215e-05
-1.250988188976377842e+03 -4.136247695600320413e-04 -4.492368261662716046e-05 -2.292742260883296043e-04
-1.249988158456937072e+03 -2.622951443388296883e-04 -3.489033538077086793e-04 -3.055992490732692109e-04
-1.248988127937496301e+03 -9.214627241365805951e-05 2.737936482293052342e-04 9.082368790782358058e-05
-1.247988097418055304e+03 3.806230673746267292e-04 5.851469002665641347e-04 4.828849838205954590e-04
-1.246988066898614306e+03 5.281035215801049886e-04 1.055887323838338885e-03 7.919954227092219912e-04
-1.245988036379173536e+03 -9.588879133574778485e-05 1.026107939339102222e-03 4.651095740016771983e-04
-1.244988005859732766e+03 2.218084043092485305e-04 -6.714024954484089499e-04 -2.247970455695802233e-04
-1.243987975340291769e+03 3.692015977109530970e-04 -1.134693321876806662e-03 -3.827458620829267823e-04
-1.242987944820850771e+03 -9.968948412705689818e-05 -1.282868089547500867e-03 -6.912787868372788488e-04
-1.241987914301410001e+03 -2.623727094978358905e-04 -9.639892240696622955e-04 -6.131809667837490388e-04
-1.240987883781969231e+03 -4.135278131113464964e-04 -1.893736517157034891e-04 -3.014507324135249928e-04
-1.239987853262528233e+03 6.687199919414774086e-05 4.295510415638641340e-04 2.482115203790059171e-04
-1.238987822743087236e+03 3.768417658730718227e-04 5.776497929372828490e-04 4.772457794051773359e-04
-1.237987792223646466e+03 2.179980158729921658e-04 2.548940962928875390e-04 2.364460560829398524e-04
-1.236987761704205695e+03 5.356855158730412705e-04 -6.639338942307546716e-04 -6.412418917885670056e-05
-1.235987731184764698e+03 3.729441166330075045e-04 -8.119661313439993817e-04 -2.195110073554959386e-04
-1.234987700665323700e+03 2.219053607580785724e-04 -3.525901442307065987e-04 -6.534239173631401312e-05
-1.233987670145882930e+03 5.356855158730412705e-04 -1.930794462129758560e-04 1.713030348300327208e-04
-1.232987639626442160e+03 5.396122520476967022e-04 2.700973557691701047e-04 4.048548039084333763e-04
-1.231987609107001163e+03 8.494365840534125840e-04 -4.510422132287258637e-05 4.021661813652699954e-04
-1.230987578587560165e+03 5.317393884085619719e-04 -3.641921316186516318e-04 8.377362839495517007e-05
-1.229987548068119395e+03 3.768417658730718227e-04 -8.002216133984650995e-04 -2.116899237626966384e-04
-1.228987517548678625e+03 3.768417658730718227e-04 5.814411057692181776e-04 4.791414358211450002e-04
-1.227987487029237627e+03 2.140228014740290898e-04 1.105296455284034347e-04 1.622762235012162758e-04
-1.226987456509796630e+03 -9.968948412705689818e-05 2.740026930471749027e-04 8.715660446005900905e-05
-1.225987425990355860e+03 -2.705170511934940091e-04 2.661825164540280965e-04 -2.167267369732956339e-06
-1.224987395470915089e+03 -1.048747682793320412e-03 2.818703798260110125e-04 -3.834386514836547266e-04
-1.223987364951474092e+03 -5.722067371483914979e-04 1.363734324158775036e-03 3.957637935051917691e-04
-1.222987334432033094e+03 -9.164209887997276009e-05 1.355857135342477485e-03 6.321075182312523152e-04
-1.221987303912592324e+03 -1.117896489319251735e-04 8.848791608416011964e-04 3.865447559548380115e-04
-1.220987273393151554e+03 -8.939082341269591466e-04 2.621726567672300339e-04 -3.158677886798645293e-04
-1.219987242873710557e+03 -5.559568363365784702e-04 -5.122338707689627537e-04 -5.340953535527706662e-04
-1.218987212354269559e+03 6.945292658730106098e-04 -3.446274370799341682e-04 1.749509143965382208e-04
-1.217987181834828789e+03 8.615173575686396398e-04 1.224071919942532549e-04 4.919622747814464880e-04
-1.216987151315388019e+03 1.321740532887656161e-03 7.371129807692995955e-04 1.029426756828477878e-03
-1.215987120795947021e+03 6.945292658730106098e-04 8.927848557692696658e-04 7.936570608211401378e-04
-1.214987090276506024e+03 8.574742736554718690e-04 8.968042174933466438e-04 8.771392455744092022e-04
-1.213987059757065254e+03 1.012216765872946036e-03 1.036370139485594298e-03 1.024293452679270276e-03
-1.212987029237624483e+03 8.410110686564632341e-04 -4.932312582746949873e-05 3.958439714144968541e-04
-1.211986998718183486e+03 2.138676711560164685e-04 -3.404465407240279983e-04 -6.328943478400576492e-05
-1.210986968198742488e+03 -2.626732744890212991e-04 2.660399858964025807e-04 1.683355703690640791e-06
-1.209986937679301718e+03 -4.132272481201611420e-04 1.225592245890160892e-04 -1.453340117655725129e-04
-1.208986907159860948e+03 -2.668520974303748971e-04 7.411893547163417566e-04 2.371686286429834298e-04
-1.207986876640419950e+03 -9.022464887201328250e-04 8.886989797850193334e-04 -6.773754467556745811e-06
-1.206986846120978953e+03 -1.048573161185427111e-03 7.371129807692995955e-04 -1.557300902080637579e-04
-1.205986815601538183e+03 -5.594666597816649574e-04 8.927848557692696658e-04 1.666590979938023542e-04
-1.204986785082097413e+03 2.221962301042797855e-04 5.732123415777495108e-04 3.977042858410146211e-04
-1.203986754562656415e+03 8.617888356251551677e-04 1.144254807692034767e-04 4.881071581971793086e-04
-1.202986724043215418e+03 1.162625304830909676e-03 4.257692307692515226e-04 7.941972678000805723e-04
-1.201986693523774647e+03 6.903019647071697695e-04 1.144254807692034767e-04 4.023637227381866095e-04
-1.200986663004333877e+03 2.222350126837829138e-04 4.340740112581016065e-04 3.281545119709422466e-04
-1.199986632484892880e+03 6.945292658730106098e-04 2.576116789243836558e-04 4.760704723986971328e-04
-1.198986601965451882e+03 3.640726015715558682e-04 -1.844040862742144893e-04 8.983425764867068947e-05
-1.197986571446011112e+03 -4.173769841269957259e-04 1.052637627125213235e-03 3.176303214991087545e-04
-1.196986540926570342e+03 -9.024597929073245291e-04 8.844040589830380562e-04 -9.027866962143236453e-06
-1.195986510407129344e+03 -1.215881209162044925e-03 4.299691311994621452e-04 -3.929560389812913630e-04
-1.194986479887688347e+03 -1.361849142766899260e-03 5.688128983666239586e-04 -3.965181222001376506e-04
-1.193986449368247577e+03 -7.350644841269346214e-04 -1.969182692307365555e-04 -4.659913766788356020e-04
-1.192986418848806807e+03 -8.982227960966474327e-04 -1.926898626889315600e-04 -5.454563293927894557e-04
-1.191986388329365809e+03 -1.048427726512383452e-03 -4.548430280977959088e-05 -5.469560146610815115e-04
-1.190986357809924812e+03 -5.675528276079440122e-04 -1.926708586145154344e-04 -3.801118431112297368e-04
-1.189986327290484041e+03 -9.100218631835338531e-05 4.385399687293297147e-04 1.737688912054881579e-04
-1.188986296771043271e+03 5.313321713238514012e-04 8.842520263882752219e-04 7.077920988560633658e-04
-1.187986266251602274e+03 -1.040525243210515139e-04 5.814411057692181776e-04 2.386942907240833319e-04
-1.186986235732161276e+03 -1.040622199660706072e-04 2.658119370042583834e-04 8.087485851909388137e-05
-1.185986205212720506e+03 -4.217594156108490791e-04 1.187204015712524895e-04 -1.515195070197982948e-04
-1.184986174693279736e+03 -5.762207341269651737e-04 2.571840872516110836e-04 -1.595183234376770451e-04
-1.183986144173838738e+03 -7.394663069005410431e-04 -6.639338942307546716e-04 -7.017001005656478031e-04
-1.182986113654397741e+03 -8.894967157084407916e-04 -5.082620192306766147e-04 -6.988793674695587032e-04
-1.181986083134956971e+03 -7.350644841269346214e-04 -3.482572152799667960e-04 -5.416608497034507358e-04
-1.180986052615516201e+03 -5.717898244187689938e-04 -1.882334072549825027e-04 -3.800116158368757211e-04
-1.179986022096075203e+03 -9.968948412694667548e-05 2.613934897189998992e-04 8.085200279602661189e-05
-1.178985991576634206e+03 -4.218272851250157184e-04 -3.688495916847331964e-05 -2.293561221467445190e-04
-1.177985961057193435e+03 -5.762207341269651737e-04 1.187964178686338931e-04 -2.287121581291656335e-04
-1.176985930537752665e+03 -8.983779264146599455e-04 4.257692307691367598e-04 -2.363043478227615929e-04
-1.175985900018311668e+03 -7.216263203291546462e-04 2.613174734216185363e-04 -2.301544234537680549e-04
-1.174985869498870670e+03 -9.520040054953068747e-05 -3.684695101978261784e-05 -6.602367578465665604e-05
-1.173985838979429900e+03 2.224967950954651671e-04 -5.006428472700894509e-05 8.621625518422810759e-05
-1.172985808459989130e+03 5.401939907402436526e-04 -8.372795583717647502e-04 -1.485427838157605488e-04
-1.171985777940548132e+03 8.533730158729800576e-04 -1.593537194908321158e-03 -3.700820895176705505e-04
-1.170985747421107135e+03 5.221019174019593794e-04 -1.602402595590468604e-03 -5.401503390942546121e-04
-1.169985716901666365e+03 7.276695127862354185e-05 -1.740296159040430031e-03 -8.337646038809032583e-04
-1.168985686382225595e+03 8.533730158729800576e-04 -4.993491083628831800e-04 1.770119537550484388e-04
-1.167985655862784597e+03 2.043271565981366633e-04 -1.969182692307365555e-04 3.704443683700053900e-06
-1.166985625343343600e+03 -4.310769303365853482e-04 -1.924428097223712371e-04 -3.117598700294783062e-04
-1.165985594823902829e+03 -8.801792009828505103e-04 2.745823173146726332e-04 -3.027984418340889114e-04
-1.164985564304462059e+03 -9.510344410084503413e-05 4.257692307691367598e-04 1.653328933341458560e-04
-1.163985533785021062e+03 2.179980158731023750e-04 5.814411057692181776e-04 3.997195608211602763e-04
-1.162985503265580064e+03 2.133925845570667254e-04 2.610704204550582134e-04 2.372315025060624694e-04
-1.161985472746139294e+03 -1.043046110879290343e-04 -3.525901442307065987e-04 -2.284473776593178300e-04
-1.160985442226698524e+03 -8.581501630980805479e-05 -3.218145076810547534e-05 -5.899823353895676168e-05
-1.159985411707257526e+03 6.945292658730106098e-04 2.700973557691701047e-04 4.823133108210903843e-04
-1.158985381187816529e+03 5.310413019775056098e-04 5.950955331864614742e-04 5.630684175819835420e-04
-1.157985350668375759e+03 3.721878563326932923e-04 1.190445672240551030e-03 7.813167642866221613e-04
-1.156985320148934989e+03 -1.043530893122718203e-04 2.655268758891489488e-04 8.058689328843855748e-05
-1.155985289629493991e+03 -4.173769841269957259e-04 1.144254807692034767e-04 -1.514757516788961382e-04
-1.154985259110052993e+03 -4.126939876519570183e-04 1.052465128603286427e-04 -1.537237373958142013e-04
-1.153985228590612223e+03 6.384695799290439030e-05 -5.082620192306766147e-04 -2.222075306188861054e-04
-1.152985198071171453e+03 2.132956281083810720e-04 -3.479816562019946258e-04 -6.734301404680677686e-05
-1.151985167551730456e+03 -9.497740071742366184e-05 1.282794509669634483e-04 1.665102512476989322e-05
-1.150985137032289458e+03 2.085544577640153965e-04 5.721861215629587280e-04 3.903702896634870623e-04
-1.149985106512848688e+03 -5.809522088263466538e-04 2.840083381899695543e-04 -1.484719353181885497e-04
-1.148985075993407918e+03 -7.350644841269346214e-04 8.834918634144608334e-04 7.421368964376310598e-05
-1.147985045473966920e+03 -7.303136181378014824e-04 5.860971039838323371e-04 -7.210825707698457262e-05
-1.146985014954525923e+03 -4.173769841269957259e-04 5.767756055173960637e-04 7.969931069520016891e-05
-1.145984984435085153e+03 -5.762207341269651737e-04 2.654223534802140874e-04 -1.553991903233755431e-04
-1.144984953915644383e+03 -4.173769841269957259e-04 1.191099850952967584e-04 -1.491334995158494973e-04
-1.143984923396203385e+03 -2.537435855583900922e-04 5.861351121325229915e-04 1.661957632870664496e-04
-1.142984892876762387e+03 -9.489013991350545843e-05 5.814411057692181776e-04 2.432754829278563596e-04
-1.141984862357321617e+03 5.434522601463163407e-05 7.276869598940027828e-04 3.910160929543172017e-04
-1.140984831837880847e+03 6.397300137625352762e-05 4.399367681936070711e-04 2.519548847849303061e-04
-1.139984801318439850e+03 4.949740357674071512e-05 1.048456730769239736e-03 5.489770671729902324e-04
-1.138984770798998852e+03 -4.173769841269957259e-04 7.228884311215842684e-04 1.527557234972942712e-04
-1.137984740279558082e+03 -5.762207341269651737e-04 1.191764993555408976e-04 -2.285221173857121448e-04
-1.136984709760117312e+03 -8.997444796148217452e-05 5.862016263926964543e-04 2.481135892156071331e-04
-1.135984679240676314e+03 3.768417658730718227e-04 7.323429581086133644e-04 5.545923619908425936e-04
-1.134984648721235317e+03 3.719648565005140859e-04 4.305487554670311078e-04 4.012568059837725697e-04
-1.133984618201794547e+03 2.179980158729921658e-04 1.053245757504264355e-03 6.356218866886282877e-04
-1.132984587682353776e+03 5.425796521078904698e-05 5.622469906805563312e-04 3.082524779456726925e-04
-1.131984557162912779e+03 -2.536272378198806804e-04 -3.573981750400801231e-04 -3.055127064299804017e-04
-1.130984526643471781e+03 -2.683646180311412863e-04 -5.082620192306766147e-04 -3.883133186309089234e-04
-1.129984496124031011e+03 -5.614445713362703136e-04 -3.381090395795499897e-04 -4.497768054579101516e-04
-1.128984465604590241e+03 2.130629326313621401e-04 4.306057676899964536e-04 3.218343501606793240e-04
-1.127984435085149244e+03 6.409904475967489990e-05 9.024769336853980233e-04 4.832879892225364548e-04
-1.126984404565708246e+03 -9.968948412694667548e-05 1.038745648778691784e-03 4.695280823258725540e-04
-1.125984374046267476e+03 2.229621860495026786e-04 1.058186816834055279e-03 6.405745014417790328e-04
-1.124984343526826706e+03 5.456332475155210035e-04 1.199254060699659350e-03 8.724436541075902309e-04
-1.123984313007385708e+03 1.002249642940642544e-03 1.053340777875994569e-03 1.027795210408318557e-03
-1.122984282487944711e+03 2.080115016508612296e-04 8.829977574812289485e-04 5.455046295660450619e-04
-1.121984251968503941e+03 -2.535302813711194040e-04 5.716350034070142791e-04 1.590523610179474375e-04
-1.120984221449063170e+03 6.416691427376582124e-05 1.144254807692034767e-04 8.929619752148464898e-05
-1.119984190929622173e+03 3.818641099187267780e-04 2.750194110246156464e-04 3.284417604716712122e-04
-1.118984160410181175e+03 1.007184726182379147e-03 1.045623661838927576e-04 5.558735461831359592e-04
-1.117984129890740405e+03 6.894875305376041040e-04 1.243075994287819890e-04 4.068975649831930736e-04
-1.116984099371299635e+03 2.179980158731023750e-04 4.257692307691367598e-04 3.218836233211195674e-04
-1.115984068851858638e+03 5.407466424981993269e-04 2.700973557691701047e-04 4.054219991336847429e-04
-1.114984038332417640e+03 5.306146936029712807e-04 4.207996653277924467e-04 4.757071794653818637e-04
-1.113984007812976870e+03 5.407374795810956035e-05 1.094464132907217773e-04 8.176008062441567558e-05
-1.112983977293536100e+03 -1.047796976868062307e-04 -3.575787137463255490e-04 -2.311792057165658830e-04
-1.111983946774095102e+03 -2.534333249223650665e-04 -5.082620192306766147e-04 -3.808476720765208677e-04
-1.110983916254654105e+03 6.426387072259941396e-05 -6.589263206407195957e-04 -2.973312249590600773e-04
-1.109983885735213335e+03 3.870803668618974015e-04 -3.525901442307065987e-04 1.724511131559540141e-05
-1.108983855215772564e+03 1.007087769733693494e-03 -1.918916915664268695e-04 4.075980390836333122e-04
-1.107983824696331567e+03 5.408242076572055291e-04 2.650612760676523830e-04 4.029427418624289560e-04
-1.106983794176890569e+03 8.533730158729800576e-04 -1.969182692307365555e-04 3.282273733211217375e-04
-1.105983763657449799e+03 8.533730158729800576e-04 -1.969182692307365555e-04 3.282273733211217375e-04
-1.104983733138009029e+03 6.893614871542550751e-04 -3.618180841776615157e-05 3.265898393682444651e-04
-1.103983702618568032e+03 3.716642915094043004e-04 1.144254807692034767e-04 2.430448861393039021e-04
-1.102983672099127034e+03 -1.100638241441090429e-04 -4.632998411818305953e-05 -7.819690413114605801e-05
-1.101983641579686264e+03 -7.402613497804088260e-04 -3.627763280798176914e-04 -5.515188389301132858e-04
-1.100983611060245494e+03 -8.939082341269591466e-04 -8.196057692308327284e-04 -8.567570016788959375e-04
-1.099983580540804496e+03 -8.886919771837884690e-04 -8.144936732319300659e-04 -8.515928252078592674e-04
-1.098983550021363499e+03 -5.762207341269651737e-04 -5.031404211945694673e-04 -5.396805776607673747e-04
-1.097983519501922729e+03 -4.069056876611477458e-04 -1.969182692307365555e-04 -3.019119784459421371e-04
-1.096983488982481958e+03 2.179980158731023750e-04 -1.969182692307365555e-04 1.053987332118290975e-05
-1.095983458463040961e+03 2.127429763504249912e-04 -3.474400400831167512e-04 -6.734853186634588002e-05
-1.094983427943599963e+03 -9.442474895946760809e-05 1.195850869540013056e-04 1.258016899726684877e-05
-1.093983397424159193e+03 2.127235850606734135e-04 5.969484304350273877e-04 4.048360077478504277e-04
-1.092983366904718423e+03 -2.691014870415562254e-04 1.043278120510163828e-03 3.870883167343037740e-04
-1.091983336385277426e+03 -5.656330899226114138e-04 8.875967434729891640e-04 1.609818267751888751e-04
-1.090983305865836428e+03 2.233015336200846112e-04 7.371129807692995955e-04 4.802072571946921034e-04
-1.089983275346395658e+03 2.073715890892418548e-04 8.927848557692696658e-04 5.500782224292557468e-04
-1.088983244826954888e+03 -4.226998931637638277e-04 5.762244873614512895e-04 7.676229709884373090e-05
-1.087983214307513890e+03 -7.403970888086164456e-04 1.039732398792577220e-04 -3.182119244646793889e-04
-1.086983183788072893e+03 -8.939082341269591466e-04 -4.648201671294586675e-05 -4.701951254199524931e-04
-1.085983153268632122e+03 -1.052751984126983672e-03 -5.030168947113600230e-04 -7.778844394191717932e-04
-1.084983122749191352e+03 -7.136177176618992493e-04 1.144254807692001021e-04 -2.995961184463495804e-04
-1.083983092229750355e+03 3.875845403954380412e-04 -3.598226563710457974e-05 1.758011373791667240e-04
-1.082983061710309357e+03 8.426108500607900264e-04 1.144254807692034767e-04 4.785181654149967380e-04
-1.081983031190868587e+03 -1.104710412288197762e-04 1.091423481011961764e-04 -6.643465638117999395e-07
-1.080983000671427817e+03 -2.477322857354738754e-04 -2.536849011532911816e-05 -1.365503879254015035e-04
-1.079982970151986819e+03 6.997460555439523366e-05 4.098628205421899536e-04 2.399187130482926004e-04
-1.078982939632545822e+03 8.533730158729800576e-04 1.250487583283214422e-04 4.892108871006507634e-04
-1.077982909113105052e+03 6.836701436121350338e-04 5.920833874026179902e-04 6.378767655073765662e-04
-1.076982878593664282e+03 2.234372726483798614e-04 1.053787373623074793e-03 6.386123231357273677e-04
-1.075982848074223284e+03 2.125490634528028001e-04 1.349120190987086266e-03 7.808346272199444922e-04
-1.074982817554782287e+03 5.915426587302274517e-05 7.317633338410442934e-04 3.954587998570335329e-04
-1.073982787035341516e+03 2.179980158731023750e-04 2.593790578383928323e-04 2.386885368557476036e-04
-1.072982756515900746e+03 3.768417658730718227e-04 -3.472214932281805625e-04 1.481013632244563010e-05
-1.071982725996459749e+03 -1.106649541263354851e-04 -4.124639423076653937e-05 -7.595567417855101223e-05
-1.070982695477018751e+03 -4.118795534823913528e-04 -5.202170438465078149e-05 -2.319506289335210671e-04
-1.069982664957577981e+03 -1.051966104165009562e-04 -3.471929871166271725e-04 -2.261947987665640508e-04
-1.068982634438137211e+03 -2.585332341270263324e-04 -5.082620192307846013e-04 -3.833976266789054397e-04
-1.067982603918696213e+03 -8.863644896855158231e-05 -3.041407185391715136e-05 -5.952526041123436853e-05
-1.066982573399255216e+03 5.356855158730412705e-04 2.646716925435374512e-04 4.001786042082893608e-04
-1.065982542879814446e+03 3.879335836109661681e-04 -4.124639423076653937e-05 1.733435946900998008e-04
-1.064982512360373676e+03 1.176616120386815871e-03 2.755420230690773954e-04 7.260790717279466330e-04
-1.063982481840932678e+03 1.001086165555548644e-03 4.312234001062561248e-04 7.161547828309024113e-04
-1.062982451321491681e+03 5.301105200694305325e-04 5.705137630205673336e-04 5.503121415449988788e-04
-1.061982420802050910e+03 3.824264573215221236e-04 -2.133377894651227716e-04 8.454433392819967602e-05
-1.060982390282610140e+03 6.945292658730106098e-04 -9.807603196794007980e-04 -1.431155269031950941e-04
-1.059982359763169143e+03 3.600295176584622568e-04 -9.642932892591865547e-04 -3.021318858003621760e-04
-1.058982329243728145e+03 -2.473056773607948595e-04 -6.639338942307546716e-04 -4.556197857957747926e-04
-1.057982298724287375e+03 2.179980158731023750e-04 -3.581013257908618910e-04 -7.005165495887975802e-05
-1.056982268204846605e+03 5.915426587302274517e-05 -9.697569606335100251e-04 -4.553013473802436264e-04
-1.055982237685405607e+03 -1.053323494446555989e-04 -5.082620192306766147e-04 -3.067971843376661001e-04
-1.054982207165964610e+03 -8.838436220181915531e-05 -6.694735819024633539e-04 -3.789289720521412546e-04
-1.053982176646523840e+03 5.413477724804978278e-04 -8.140565795219865649e-04 -1.363544035207443685e-04
-1.052982146127083070e+03 5.243416113684487047e-04 -6.639338942307546716e-04 -6.979614143115298345e-05
-1.051982115607642072e+03 2.123163679758903097e-04 -1.857818816643614615e-04 1.326724315576442411e-05
-1.050982085088201075e+03 -4.344510147533578014e-04 -2.024959650511321788e-04 -3.184734899022449630e-04
-1.049982054568760304e+03 -8.768051165660780029e-04 -1.913310713732036678e-04 -5.340680939696408353e-04
-1.048982024049319534e+03 -2.585332341270263324e-04 1.144254807692034767e-04 -7.205387667891142783e-05
-1.047981993529878537e+03 6.487469634973797928e-05 2.757035577010482383e-04 1.702891270253931155e-04
-1.046981963010437539e+03 4.769401362977244199e-05 1.031940728310275739e-04 7.544404323040000454e-05
-1.045981932490996769e+03 -2.470535905940966933e-04 -2.025434752369601518e-04 -2.247985329155284225e-04
-1.044981901971555999e+03 2.064989810504934203e-04 -5.138967272740413515e-04 -1.536988731117739791e-04
-1.043981871452115001e+03 -4.058585580145629857e-04 -8.196057692308327284e-04 -6.127321636226978029e-04
-1.042981840932674004e+03 2.064601984708457950e-04 -4.856471707596726989e-04 -1.395934861444134384e-04
-1.041981810413233234e+03 -4.231555884729616950e-04 5.814411057692181776e-04 7.914275864812824130e-05
-1.040981779893792464e+03 -1.064328584108538032e-03 2.644246395771186709e-04 -3.999519722657096806e-04
-1.039981749374351466e+03 -1.035357997219770506e-03 2.700973557691701047e-04 -3.826303207253001736e-04
-1.038981718854910469e+03 -8.807410156568381198e-05 1.201172010356710767e-04 1.602154973499363236e-05
-1.037981688335469698e+03 5.915426587302274517e-05 4.314704530727458661e-04 2.453123594728843192e-04
-1.036981657816028928e+03 5.332718330270995818e-05 8.984955801100119165e-04 4.759113817063609407e-04
-1.035981627296587931e+03 -9.385270591183219810e-05 1.204128605769206337e-03 5.551379499286870694e-04
-1.034981596777146933e+03 6.500073973315528581e-05 8.870551273541111810e-04 4.760279335436332537e-04
-1.033981566257706163e+03 3.709855963680995972e-04 5.699626448646227762e-04 4.704741206163612138e-04
-1.032981535738265393e+03 2.238638810229142447e-04 -4.124639423076653937e-05 9.130874339607385269e-05
-1.031981505218824395e+03 3.827173266677955988e-04 1.259419498224895867e-04 2.543296382451425792e-04
-1.030981474699383398e+03 6.886440094333749545e-04 7.371129807692995955e-04 7.128784951013372208e-04
-1.029981444179942628e+03 3.768417658730718227e-04 7.313357421683090720e-04 5.540887540206903931e-04
-1.028981413660501858e+03 3.709371181437568247e-04 2.643106151310465452e-04 3.176238666374016579e-04
-1.027981383141060860e+03 5.915426587302274517e-05 4.373617161199190497e-04 2.482579909964709110e-04
-1.026981352621619862e+03 -1.056135231460895790e-04 7.255014913442158885e-04 3.099439840990631683e-04
-1.025981322102179092e+03 2.239317505369747407e-04 -3.543114748108956279e-05 9.425030152794258893e-05
-1.024981291582738322e+03 2.120545855642801288e-04 9.695123440875708109e-05 1.545029099865186117e-04
-1.023981261063297325e+03 -2.644863600807563649e-04 -6.756023958788035617e-04 -4.700443779797799362e-04
-1.022981230543856441e+03 -8.776384092973092633e-05 -1.280777641369547620e-03 -6.842707411496392255e-04
-1.021981200024415557e+03 2.120254986296166448e-04 -6.639338942307546716e-04 -2.259541978005689998e-04
-1.020981169504974673e+03 6.513647876138427772e-05 -8.196057692308327284e-04 -3.772346452347242118e-04
-1.019981138985533789e+03 3.768417658730718227e-04 -8.137335102581154606e-04 -2.184458721925218189e-04
-1.018981108466092905e+03 4.715105751680070571e-05 -5.141437802405666004e-04 -2.334963613618829372e-04
-1.017981077946652022e+03 -9.367818430396195062e-05 -6.580426311836919681e-04 -3.758604077438269797e-04
-1.016981047427211138e+03 5.313327040516224503e-05 -5.082620192306766147e-04 -2.275643744127571781e-04
-1.015981016907770254e+03 -8.762810190146992336e-05 -3.466798771093027422e-04 -2.171539895053863328e-04
-1.014980986388329370e+03 2.179980158731023750e-04 -1.969182692307365555e-04 1.053987332118290975e-05
-1.013980955868888486e+03 4.705410106804285806e-05 -2.087768116222390698e-04 -8.086135527709810249e-05
-1.012980925349447602e+03 -4.113172060796321111e-04 -8.196057692308327284e-04 -6.154614876552324740e-04
-1.011980894830006719e+03 -9.968948412705689818e-05 -4.904171934204968946e-04 -2.950533387737769167e-04
-1.010980864310565835e+03 6.523343521014216603e-05 6.112299923055659759e-04 3.382317137578540710e-04
-1.009980833791124951e+03 -2.767998290728932278e-04 1.491603238391486438e-03 6.074017046592966595e-04
-1.008980803271684067e+03 -7.228673628732010812e-04 9.051835524274577248e-05 -3.161745038152276679e-04
-1.007980772752243183e+03 -2.585332341270263324e-04 -8.136194858120432806e-04 -5.360763599695347794e-04
-1.006980742232802299e+03 -9.968948412705689818e-05 -4.962704483187607403e-04 -2.979799662229088396e-04
-1.005980711713361416e+03 -9.356183656555854672e-05 4.317745182623820149e-04 1.691063408484117273e-04
-1.004980681193920532e+03 5.915426587302274517e-05 5.934706848298290432e-04 3.263124753514259077e-04
-1.003980650674479648e+03 5.915426587302274517e-05 1.048456730769239736e-03 5.538054983211312000e-04
-1.002980620155038764e+03 2.303114848653452728e-04 1.210162399373854820e-03 7.202369421196000735e-04
-1.001980589635597880e+03 8.533730158729800576e-04 1.030326843843768110e-03 9.418499298583741380e-04
-1.000980559116156996e+03 8.410207643012340044e-04 2.579917604111822672e-04 5.495062623562081087e-04
-9.999805285967161126e+02 1.994405515808517139e-04 -5.143243189469512379e-04 -1.574418836830497755e-04
-9.989804980772752288e+02 -5.762207341269651737e-04 -6.639338942307546716e-04 -6.200773141788599226e-04
-9.979804675578343449e+02 -3.987613459654903861e-04 -3.404275366496825627e-04 -3.695944413075865015e-04
-9.969804370383934611e+02 3.830566742384479504e-04 1.083346749415187952e-04 2.456956745899833592e-04
-9.959804065189525772e+02 5.419101198832932276e-04 -2.030185770955939277e-04 1.694457713938496500e-04
-9.949803759995116934e+02 6.758263669076232383e-04 -6.761535140348190259e-04 -1.635735635978938056e-07
-9.939803454800708096e+02 -9.968948412705689818e-05 -1.130949519230772761e-03 -6.153195016789147955e-04
-9.929803149606299257e+02 7.791533870766487679e-05 -9.568912023016723457e-04 -4.394879317970037209e-04
-9.919802844411890419e+02 6.820024926935004932e-04 -2.896976220367056403e-05 3.265163652449149900e-04
-9.909802539217481581e+02 2.179980158731023750e-04 4.257692307691367598e-04 3.218836233211195674e-04
-9.899802234023072742e+02 3.831245437525784316e-04 4.257692307691367598e-04 4.044468872608575957e-04
-9.889801928828663904e+02 3.705492923486894386e-04 9.592501439400200926e-05 2.332371533713457239e-04
-9.879801623634255066e+02 2.243001850423605615e-04 -5.082620192306766147e-04 -1.419809170941580402e-04
-9.869801318439846227e+02 5.356855158730412705e-04 -5.082620192306766147e-04 1.371174832118232786e-05
-9.859801013245437389e+02 2.116764554139824288e-04 -6.701292224673430437e-04 -2.292263835266803210e-04
-9.849800708051028550e+02 7.181677808079378340e-05 -8.196057692308327284e-04 -3.738944955750194928e-04
-9.839800402856619712e+02 1.018557717621707080e-03 -6.577195619198209723e-04 1.804190778509430536e-04
-9.829800097662210874e+02 5.102829262983749493e-04 -3.525901442307065987e-04 7.884639103383417531e-05
-9.819799792467802035e+02 -5.953017632425610696e-04 -5.020286828454018167e-04 -5.486652230439814431e-04
-9.809799487273393197e+02 -8.939082341269591466e-04 -1.906754308082890938e-04 -5.422918324676241067e-04
-9.799799182078984359e+02 -1.052751984126983672e-03 2.700973557691701047e-04 -3.913273141789067565e-04
-9.789798876884575520e+02 -1.052751984126983672e-03 2.700973557691701047e-04 -3.913273141789067565e-04
-9.779798571690166682e+02 -1.052751984126983672e-03 -4.751773876473203926e-05 -5.501348614458578725e-04
-9.769798266495757844e+02 -8.874994128640651282e-04 -1.906374226595983852e-04 -5.390684177618317160e-04
-9.759797961301349005e+02 -5.762207341269651737e-04 1.144254807692034767e-04 -2.308976266788808620e-04
-9.749797656106940167e+02 -7.543491217848689433e-04 -5.384609552173360203e-05 -4.040976086533012795e-04
-9.739797350912531329e+02 -1.694564892324486186e-03 -5.019526665480203995e-04 -1.098258779436253347e-03
-9.729797045718122490e+02 -2.012262087969415511e-03 -1.969182692307365555e-04 -1.104590178600076047e-03
-9.719796740523713652e+02 -2.151743635152443025e-03 -1.969182692307365555e-04 -1.174330952191589804e-03
-9.709796435329304813e+02 -1.357505493862679220e-03 -2.095939868190894128e-04 -7.835497403408843301e-04
-9.699796130134895975e+02 -1.052751984126983672e-03 -1.137296880062119630e-03 -1.095024432094551543e-03
-9.689795824940487137e+02 -7.156053248612933735e-04 -9.689207813622831029e-04 -8.422630531117881840e-04
-9.679795519746078298e+02 -1.126816482606045127e-04 -6.512011644193657243e-04 -3.819414063399851050e-04
-9.669795214551669460e+02 -5.697149564153155708e-04 -5.018861522879196867e-04 -5.358005543516176829e-04
-9.659794909357260622e+02 -7.415799574835150228e-04 4.321545997492889923e-04 -1.547126788671130153e-04
-9.649794604162851783e+02 -5.762207341269651737e-04 4.129794887347163846e-04 -8.162062269612439455e-05
-9.639794298968442945e+02 -1.065821713419481042e-03 -3.589945172850895041e-04 -7.124081153522853274e-04
-9.629793993774034107e+02 -1.529283234126940045e-03 -3.397623940475952981e-04 -9.345228140872676717e-04
-9.619793688579625268e+02 -1.350776716318827968e-03 1.144254807692034767e-04 -6.181756177748122050e-04
-9.609793383385216430e+02 -4.173769841269957259e-04 1.144254807692034767e-04 -1.514757516788961382e-04
-9.599793078190807591e+02 -7.350644841269896989e-04 1.144254807692034767e-04 -3.103195016788931246e-04
-9.589792772996398753e+02 -4.173769841269957259e-04 2.765492390094163280e-04 -7.041387255878969894e-05
-9.579792467801989915e+02 -5.762207341269651737e-04 4.257692307691367598e-04 -7.522575167891420696e-05
-9.569792162607581076e+02 -5.762207341269651737e-04 8.992557430837510614e-04 1.615175044783929439e-04
-9.559791857413172238e+02 -2.453083745164553542e-04 4.128084520657183238e-04 8.375003877463148478e-05
-9.549791552218763400e+02 3.768417658730718227e-04 2.830771385470486848e-04 3.299594522100602538e-04
-9.539791247024354561e+02 2.179980158731023750e-04 5.749417123431038116e-04 3.964698641081030933e-04
-9.529790941829945723e+02 2.113564991331872290e-04 5.944588966957875748e-04 4.029076979144874155e-04
-9.519790636635536885e+02 -9.968948412705689818e-05 7.110393907673634613e-04 3.056749533201532612e-04
-9.509790331441128046e+02 2.113371078433300772e-04 -3.591180437683342934e-04 -7.389046796250210811e-05
-9.499790026246719208e+02 -2.585332341270263324e-04 -6.573964926559542048e-04 -4.579648633914902957e-04
-9.489789721052310369e+02 -2.585332341270263324e-04 1.275192879931461053e-04 -6.550697306694011352e-05
-9.479789415857901531e+02 -2.585332341270263324e-04 2.569845444708787879e-04 -7.743448280737722563e-07
-9.469789110663492693e+02 -8.629010290861157968e-05 -3.591560519170250020e-04 -2.227230774128182908e-04
-9.459788805469083854e+02 2.112886296190567208e-04 -3.460147345072154775e-04 -6.736305244407937839e-05
-9.449788500274675016e+02 -1.064085660259736792e-04 -1.969182692307365555e-04 -1.516634176283551173e-04
-9.439788195080266178e+02 -5.829495116707577706e-04 -1.969182692307365555e-04 -3.899338904507471766e-04
-9.429787889885857339e+02 -5.762207341269651737e-04 -1.903143533957274165e-04 -3.832675437613462951e-04
-9.419787584691448501e+02 -7.215681464598463265e-04 2.767107736413518260e-04 -2.224286864092472503e-04
-9.409787279497039663e+02 7.266999482986727984e-05 4.191463108597824291e-04 2.459081528448248816e-04
-9.399786974302630824e+02 3.768417658730718227e-04 2.767297777156971532e-04 3.267857717943844879e-04
-9.389786669108221986e+02 3.768417658730718227e-04 1.011416328018005832e-04 2.389916993374361894e-04
-9.379786363913813148e+02 5.424724672860885191e-04 -2.794354218902167286e-05 2.572644625485334333e-04
-9.369786058719404309e+02 1.032606707046719932e-03 9.444269659506471335e-05 5.635247018208923431e-04
-9.359785753524995471e+02 1.647591765873047606e-03 -5.082620192306766147e-04 5.696648733211854415e-04
-9.349785448330586632e+02 1.806435515873016946e-03 -5.015820870982861399e-04 6.524267143873654570e-04
-9.339785143136177794e+02 1.475096547887858956e-03 -1.969182692307365555e-04 6.390891393285611866e-04
-9.329784837941768956e+02 8.328667269606982674e-04 -3.454745802403065601e-05 3.991596344683338328e-04
-9.319784532747360117e+02 2.179980158731023750e-04 1.144254807692034767e-04 1.662117483211529123e-04
-9.309784227552951279e+02 3.699869449458892683e-04 2.835332363313372421e-04 3.267600906386132552e-04
-9.299783922358542441e+02 -1.134185172711639218e-04 8.927848557692696658e-04 3.896831692490528585e-04
-9.289783617164133602e+02 -4.105027719100664456e-04 7.303760364138682602e-04 1.599366322519009073e-04
-9.279783311969724764e+02 -2.585332341270263324e-04 2.700973557691701047e-04 5.782060821071886153e-06
-9.269783006775315926e+02 -2.585332341270263324e-04 5.814411057692181776e-04 1.614539358210959226e-04
-9.259782701580907087e+02 -9.968948412694667548e-05 4.257692307691367598e-04 1.630398733210950421e-04
-9.249782396386498249e+02 -8.586349453407702019e-05 4.325441832732589121e-04 1.733403443695909392e-04
-9.239782091192089410e+02 2.179980158731023750e-04 5.610877421453435961e-04 3.895428790092229855e-04
-9.229781785997680572e+02 2.110656297869135912e-04 -3.593841008091691993e-04 -7.415923551112780403e-05
-9.219781480803271734e+02 -9.274740239599231202e-05 -5.014585606150413506e-04 -2.971029815055168245e-04
-9.209781175608862895e+02 3.837935432490073595e-04 -1.969182692307365555e-04 9.343763700913540200e-05
-9.199780870414454057e+02 3.768417658730718227e-04 -2.760146885080537693e-05 1.746201485111332195e-04
-9.189780565220045219e+02 5.356855158730412705e-04 4.257692307691367598e-04 4.807273733210890151e-04
-9.179780260025636380e+02 3.768417658730718227e-04 2.632558890048442945e-04 3.200488274389580315e-04
-9.169779954831227542e+02 2.040168959621099570e-04 1.075745119677047997e-04 1.557957039649073851e-04
-9.159779649636818704e+02 7.315477707365651810e-05 -2.066498171474771652e-05 2.624489767945439910e-05
-9.149779344442409865e+02 2.039781133826068017e-04 5.814411057692181776e-04 3.927096095759125167e-04
-9.139779039248001027e+02 -2.655528810170923503e-04 7.371129807692995955e-04 2.357800498761036226e-04
-9.129778734053592189e+02 -5.762207341269651737e-04 7.233350268689161351e-04 7.355714637097548071e-05
-9.119778428859183350e+02 -4.103379459471781575e-04 -4.814487321812858857e-05 -2.292414095826533662e-04
-9.109778123664774512e+02 7.325173352241437931e-05 -2.743043218169722897e-05 2.291065067035857517e-05
-9.099777818470365673e+02 5.286270864034720973e-04 4.326867138308491370e-04 4.806569001171605900e-04
-9.089777513275956835e+02 2.250661409875473235e-04 8.997118408681497193e-04 5.623889909278484943e-04
-9.079777208081547997e+02 5.286076951137205467e-04 7.232400064970777179e-04 6.259238508053991323e-04
-9.069776902887139158e+02 2.179980158731023750e-04 2.562053774227193974e-04 2.371016966479108862e-04
-9.059776597692730320e+02 4.495984177487325661e-05 -1.899627780203384569e-04 -7.250146812273259678e-05
-9.049776292498321482e+02 -2.585332341270263324e-04 -4.821138747833732182e-05 -1.533723108026818305e-04
-9.039775987303912643e+02 -2.585332341270263324e-04 -3.595646395154500244e-04 -3.090489368212381784e-04
-9.029775682109503805e+02 -4.245032831106953261e-04 -5.152460165525976372e-04 -4.698746498316465087e-04
-9.019775376915094967e+02 -7.493364733840877576e-04 -6.429533961534834256e-04 -6.961449347687855916e-04
-9.009775071720686128e+02 -1.031314913306569233e-03 1.214284821654648255e-04 -4.549432155705522107e-04
-8.999774766526277290e+02 -2.585332341270263324e-04 5.954661126360914335e-04 1.684664392545325506e-04
-8.989774461331868451e+02 -2.513681525638235769e-04 8.787408448280508658e-04 3.136863461321136174e-04
-8.979774156137459613e+02 -9.968948412705689818e-05 9.333095824586174480e-05 -3.179262940597576688e-06
-8.969773850943050775e+02 -9.968948412705689818e-05 -4.941800001407722562e-04 -2.969347421339145975e-04
-8.959773545748641936e+02 -4.245711526248258073e-04 1.003244576049537639e-04 -1.621233475099360217e-04
-8.949773240554233098e+02 -5.762207341269651737e-04 -6.709939078500571112e-04 -6.236073209885111424e-04
-8.939772935359824260e+02 -4.029498645518273664e-04 -8.196057692308327284e-04 -6.112778168913301016e-04
-8.929772630165415421e+02 2.252212713055598363e-04 -6.568548765371069048e-04 -2.158168026157735342e-04
-8.919772324971006583e+02 2.107650647956589563e-04 -3.525901442307065987e-04 -7.091253971752382119e-05
-8.909772019776597745e+02 4.466897242859970687e-05 -3.454921224627183836e-04 -1.504115750170593384e-04
-8.899771714582188906e+02 -5.762207341269651737e-04 -3.413887042560563361e-05 -3.051798022762853765e-04
-8.889771409387780068e+02 -4.101149461150351634e-04 1.144254807692034767e-04 -1.478447326729158298e-04
-8.879771104193371229e+02 -9.968948412705689818e-05 2.700973557691701047e-04 8.520393582105661003e-05
-8.869770798998962391e+02 -2.585332341270263324e-04 2.843694156025329393e-04 1.291809073775330345e-05
-8.859770493804553553e+02 -4.246681090735836685e-04 7.442585127231511827e-04 1.597952018247837571e-04
-8.849770188610144714e+02 -2.585332341270263324e-04 1.034146662787186139e-03 3.878067143300798761e-04
-8.839769883415735876e+02 -4.246875003633352190e-04 2.486037476845794156e-04 -8.804187633937790168e-05
-8.829769578221327038e+02 -5.762207341269651737e-04 -3.382420680999673342e-04 -4.572314011134662268e-04
-8.819769273026918199e+02 -5.688908266008741842e-04 1.144254807692034767e-04 -2.272326729158353673e-04
-8.809768967832509361e+02 -4.320561904689319659e-04 -4.124639423076653937e-05 -2.366512923498492391e-04
-8.799768662638100523e+02 -5.541728376794899207e-04 6.030487382998895576e-04 2.443795031019981847e-05
-8.789768357443691684e+02 2.253570103337156582e-04 1.041244684555179449e-03 6.333008474444475674e-04
-8.779768052249282846e+02 5.430542059786354694e-04 4.113261342667805264e-04 4.771901701227079708e-04
-8.769767747054874008e+02 5.356855158730412705e-04 1.216565310576090092e-04 3.286710234653251669e-04
-8.759767441860465169e+02 5.356855158730412705e-04 2.700973557691701047e-04 4.028914358211057147e-04
-8.749767136666056331e+02 5.282877388328196915e-04 2.483471926809171734e-04 3.883174657568684053e-04
-8.739766831471647492e+02 3.990641839283635061e-04 -6.784530070306070849e-04 -1.396944115511217894e-04
-8.729766526277238654e+02 9.973824292129999936e-04 -9.607395273566048414e-04 1.832145092819757607e-05
-8.719766221082829816e+02 3.619880379233689173e-04 -3.307544628078995866e-04 1.561678755773466534e-05
-8.709765915888420977e+02 -2.659697937467509583e-04 4.257692307691367598e-04 7.989971851119290073e-05
-8.699765610694012139e+02 -4.099307288623953247e-04 2.627997912205559000e-04 -7.356546882091971238e-05
-8.689765305499603301e+02 -4.397448368554269659e-04 2.700973557691701047e-04 -8.482374054312843059e-05
-8.679765000305194462e+02 -1.045286337572629010e-03 1.290586180151280700e-04 -4.581138597787504834e-04
-8.669764695110785624e+02 -5.463193653300488445e-04 5.814411057692181776e-04 1.756087021958466655e-05
-8.659764389916376786e+02 5.356855158730412705e-04 5.667699603746029300e-04 5.512277381238221002e-04
-8.649764084721967947e+02 1.955138154060489662e-04 -4.859146896524431955e-05 7.346117322040233012e-05
-8.639763779527559109e+02 -4.173769841269957259e-04 -2.653724068746578734e-05 -2.219571124072307702e-04
-8.629763474333150270e+02 -2.510191093482954500e-04 4.184051519603138015e-04 8.369302130600917572e-05
-8.619763169138741432e+02 -9.216566370344499571e-05 -2.116654309227281516e-04 -1.519155473130865872e-04
-8.609762863944332594e+02 5.162074980453505387e-05 -5.082620192306766147e-04 -2.283206347130707940e-04
-8.599762558749923755e+02 2.255412275863556324e-04 -5.156546041510228764e-04 -1.450566882823336220e-04
-8.589762253555514917e+02 5.356855158730412705e-04 -9.678755572732838193e-04 -2.160950207001212744e-04
-8.579761948361106079e+02 5.508107218792607880e-04 -3.451785552360201056e-04 1.028160833216203412e-04
-8.569761643166697240e+02 6.945292658730106098e-04 -3.525901442307065987e-04 1.709695608211520056e-04
-8.559761337972288402e+02 1.019798760165807183e-03 -3.381580116173468520e-05 4.929914795020362995e-04
-8.549761032777879564e+02 1.148285446059700652e-03 1.144254807692034767e-04 6.313554634144521050e-04
-8.539760727583470725e+02 2.179980158731023750e-04 1.367742721993402588e-04 1.773861440362213169e-04
-8.529760422389061887e+02 5.154318464552875000e-05 8.853257565887198005e-04 4.684344706171242583e-04
-8.519760117194653049e+02 -9.206870725468710740e-05 5.739725045514902819e-04 2.409518986484015873e-04
-8.509759812000244210e+02 2.103675433558568225e-04 2.551411492593798282e-04 2.327543463076183253e-04
-8.499759506805835372e+02 6.679443403514411361e-05 -2.627118364663089164e-05 2.026162519425660929e-05
-8.489759201611426533e+02 5.150440206602559468e-05 5.964353204277046379e-04 3.239698612468651265e-04
-8.479758896417017695e+02 -1.073490435789245181e-04 8.777716370364376615e-04 3.852112967287565784e-04
-8.469758591222608857e+02 -5.608822239334730706e-04 4.257692307691367598e-04 -6.755649658216815543e-05
-8.459758286028200018e+02 6.683321661464192924e-05 4.182436173283783035e-04 2.425384169715101232e-04
-8.449757980833791180e+02 5.510628086460310536e-04 2.700973557691701047e-04 4.105800822076005521e-04
-8.439757675639382342e+02 1.004518423841575586e-03 1.144254807692034767e-04 5.594719523053895719e-04
-8.429757370444973503e+02 5.202694405205481694e-04 2.700973557691701047e-04 3.951833981448591099e-04
-8.419757065250564665e+02 3.922772325153164202e-04 -4.881001582021583969e-05 1.717336083475502902e-04
-8.409756760056155827e+02 6.790744079410144076e-04 -5.234082664840338959e-04 7.783307072849025583e-05
-8.399756454861746988e+02 2.102608912622231589e-04 -4.855141422393954333e-04 -1.376266254885861236e-04
-8.389756149667338150e+02 -2.662800543827759841e-04 -4.124639423076653937e-05 -1.537632243067712482e-04
-8.379755844472929311e+02 -5.684642182263396383e-04 1.220271105073433094e-04 -2.232185538594981577e-04
-8.369755539278520473e+02 5.915426587302274517e-05 9.920321721857490622e-05 7.917874154579882570e-05
-8.359755234084111635e+02 -9.968948412705689818e-05 -1.969182692307365555e-04 -1.483038766788967336e-04
-8.349754928889702796e+02 -2.896756454680399998e-04 -1.892881333810785287e-04 -2.394818894245592778e-04
-8.339754623695293958e+02 -1.203800435646821231e-03 -4.888603211759724330e-05 -6.263432338822091895e-04
-8.329754318500885120e+02 -7.194544958769782733e-04 -2.594811438275994322e-05 -3.727013051298690930e-04
-8.319754013306476281e+02 -8.406010458718098880e-05 2.471214298856421604e-04 8.153066264923058580e-05
-8.309753708112067443e+02 3.846661512878277308e-04 -6.639338942307546716e-04 -1.396338714714634704e-04
-8.299753402917658605e+02 6.945292658730106098e-04 -3.679454363017547092e-04 1.632919147856279503e-04
-8.289753097723249766e+02 7.102168192820254187e-04 -1.123262371158078752e-03 -2.065227759380266668e-04
-8.279752792528840928e+02 9.965098211741796764e-04 -8.196057692308327284e-04 8.845202597167347398e-05
-8.269752487334432089e+02 5.356855158730412705e-04 -8.196057692308327284e-04 -1.419601266788957290e-04
-8.259752182140023251e+02 3.610960385947966701e-04 -6.562182400465371972e-04 -1.475611007258702636e-04
-8.249751876945614413e+02 -2.506506748430102432e-04 -3.448649880093218275e-04 -2.977578314261660353e-04
-8.239751571751205574e+02 5.126201094413088068e-05 -3.351173597220908430e-05 8.875137485960898188e-06
-8.229751266556796736e+02 -9.178753355328923131e-05 -2.124065898221968063e-04 -1.520970616877430120e-04
-8.219750961362387898e+02 5.124261965437929624e-05 -3.448364818978037825e-04 -1.467969311217122398e-04
-8.209750656167979059e+02 -1.076108259905706268e-04 -3.348322986069105964e-05 -7.054702792563084324e-05
-8.199750350973570221e+02 -5.841517716353546641e-04 1.144254807692034767e-04 -2.348631454330756072e-04
-8.189750045779161383e+02 -7.271237509736693016e-04 -2.047004376751573895e-04 -4.659120943244133726e-04
-8.179749740584752544e+02 -4.094265553288546850e-04 -1.891265987491430307e-04 -2.992765770389988443e-04
-8.169749435390343706e+02 6.711439031604513148e-05 1.222266532879694753e-04 9.467052180200729661e-05
-8.159749130195934868e+02 2.100281957852041998e-04 5.892517803251626132e-04 3.996399880551833794e-04
-8.149748825001526029e+02 -8.373045266151451322e-05 8.927848557692696658e-04 4.045272015538775492e-04
-8.139748519807117191e+02 8.613622272506208386e-04 9.006145343995537907e-04 8.809883808250872604e-04
-8.129748214612708352e+02 6.705325448054451657e-04 1.040617550101782677e-03 8.555750474536138669e-04
-8.119747909418299514e+02 6.716286854042407563e-05 4.100718653599869806e-04 2.386173669502055146e-04
-8.109747604223890676e+02 3.928783624976149211e-04 9.870911128559901502e-05 2.457937368916069884e-04
-8.099747299029481837e+02 6.784732779587159066e-04 -3.447224574517316568e-04 1.668754102534921249e-04
-8.089746993835072999e+02 2.179980158731023750e-04 1.380570472176482989e-04 1.780275315453753505e-04
-8.079746688640664161e+02 3.768417658730718227e-04 5.893277966225385009e-04 4.830847812478051618e-04
-8.069746383446255322e+02 2.179980158731023750e-04 8.769924699882780542e-04 5.474952429306901604e-04
-8.059746078251846484e+02 2.179980158731023750e-04 4.257692307691367598e-04 3.218836233211195674e-04
-8.049745773057437646e+02 2.179980158731023750e-04 9.859508683952371798e-05 1.582965513563130533e-04
-8.039745467863028807e+02 5.106809804661511083e-05 -2.048429682327475331e-04 -7.688743509306621452e-05
-8.029745162668619969e+02 -2.747249610695819437e-04 -5.161962202698657312e-04 -3.954605906697238374e-04
-8.019744857474211130e+02 -3.930603067785293182e-04 -6.559901911543927289e-04 -5.245252489664610236e-04
-8.009744552279802292e+02 5.915426587302274517e-05 -5.082620192306766147e-04 -2.245538766788269212e-04
-7.999744247085393454e+02 5.102931546711195551e-05 -6.639338942307546716e-04 -3.064522893818213750e-04
-7.989743941890984615e+02 -2.666678801778072662e-04 -3.446179350428322488e-04 -3.056429076103197575e-04
-7.979743636696575777e+02 -4.092326424313390168e-04 -1.969182692307365555e-04 -3.030754558310377726e-04
-7.969743331502166939e+02 -2.666872714675587626e-04 -9.281541181882271401e-06 -1.379844063247205187e-04
-7.959743026307758100e+02 -5.680570011415568598e-04 1.367801196068679824e-03 3.998720974635614823e-04
-7.949742721113349262e+02 5.915426587302274517e-05 8.607439864228893026e-04 4.599491261479560374e-04
-7.939742415918940424e+02 -2.667163584021861426e-04 -2.129577079782119724e-04 -2.398370331901990575e-04
-7.929742110724531585e+02 -2.503404142069906926e-04 -4.922035764088558436e-04 -3.712719953079232681e-04
-7.919741805530122747e+02 -1.078919996919682996e-04 1.144254807692034767e-04 3.266740538617588538e-06
-7.909741500335713908e+02 -4.255891953367829162e-04 2.781455812544256548e-04 -7.372180704117863069e-05
-7.899741195141305070e+02 -5.844426409816309582e-04 2.539819007243134604e-04 -1.652303701286587489e-04
-7.889740889946896232e+02 -1.060983586626522250e-03 -5.163292487903856955e-04 -7.886564177084539728e-04
-7.879740584752487393e+02 -1.370439484126915628e-03 -3.445134126339328409e-04 -8.574764483804241805e-04
-7.869740279558078555e+02 -1.186842752759076011e-03 -3.316016059682010445e-05 -6.100014566779480511e-04
-7.859739974363669717e+02 -7.490741582444264781e-05 -4.124639423076653937e-05 -5.807690502760459359e-05
-7.849739669169260878e+02 5.356855158730412705e-04 -6.556210735564750418e-05 2.350617042586968831e-04
-7.839739363974852040e+02 5.274054351491235448e-04 -8.114910294853626242e-04 -1.420427971681195397e-04
-7.829739058780443202e+02 6.744404224181617836e-05 -3.525901442307065987e-04 -1.425730509944452169e-04
-7.819738753586034363e+02 5.273860438593719942e-04 -3.363226565910870116e-04 9.553169363414249133e-05
-7.809738448391625525e+02 2.346163511901924238e-04 2.700973557691701047e-04 2.523568534796812642e-04
-7.799738143197216687e+02 6.862104025695898914e-04 1.144254807692034767e-04 4.003179416693966705e-04
-7.789737838002807848e+02 2.013408979763932425e-04 2.782596057004977806e-04 2.398002518384455251e-04
-7.779737532808399010e+02 -2.668714887201986555e-04 5.814411057692181776e-04 1.572848085245097611e-04
-7.769737227613990171e+02 -5.762207341269651737e-04 9.806297275785393335e-05 -2.390788806845556269e-04
-7.759736922419581333e+02 -7.517797758928404820e-04 1.308069928548916388e-04 -3.104863915189744216e-04
-7.749736617225172495e+02 -8.771735510713568129e-04 4.175689726891184295e-04 -2.298022891911191917e-04
-7.739736312030763656e+02 -5.845977712996405437e-04 2.947266361207494289e-04 -1.449355675894455574e-04
-7.729736006836354818e+02 -9.022949669445132735e-04 1.204128605769206337e-03 1.509168194123465317e-04
-7.719735701641945980e+02 -8.771153772021021613e-04 5.485260490030696408e-04 -1.642946640995162602e-04
-7.709735396447537141e+02 -4.173769841269957259e-04 -2.051565354594457840e-04 -3.112667597932207821e-04
-7.699735091253128303e+02 -4.257928038791743597e-04 -6.721816624966422829e-04 -5.489872331879083484e-04
-7.689734786058719465e+02 -7.434899995239918494e-04 -5.000047489277243806e-04 -6.217473742258581692e-04
-7.679734480864310626e+02 -7.181940620431264029e-04 -5.082620192306766147e-04 -6.132280406369015630e-04
-7.669734175669901788e+02 -9.968948412694667548e-05 -6.556576198533547615e-04 -3.776735519901507185e-04
-7.659733870475492949e+02 -2.585332341270263324e-04 -2.052040456453091562e-04 -2.318686398861677443e-04
-7.649733565281084111e+02 -4.173769841269957259e-04 -3.442948657789613072e-04 -3.808359249529785166e-04
-7.639733260086675273e+02 -4.258509777484290114e-04 -2.135278302085782118e-04 -3.196894039785035981e-04
-7.629732954892266434e+02 -7.350644841269346214e-04 -8.279200517569232929e-04 -7.814922679419290114e-04
-7.619732649697857596e+02 -5.677273492157802835e-04 -1.122625734667509478e-03 -8.451765419416448809e-04
-7.609732344503448758e+02 -4.173769841269957259e-04 -8.112724826303909821e-04 -6.143247333786933540e-04
-7.599732039309039919e+02 -4.173769841269957259e-04 -5.082620192306766147e-04 -4.628195016788361703e-04
-7.589731734114631081e+02 -9.116701228113447298e-05 -4.999097285558951791e-04 -2.955383704185148464e-04
-7.579731428920222243e+02 2.435945183450620487e-04 -1.801946838068287093e-04 3.169991726911666969e-05
-7.569731123725813404e+02 6.859874027374468974e-04 5.898124005183509036e-04 6.378999016278989005e-04
-7.559730818531404566e+02 5.442370746534808124e-04 5.730603089829128423e-04 5.586486918181968273e-04
-7.549730513336995728e+02 8.448117614476646862e-04 2.617070569456982857e-04 5.532594091966814859e-04
-7.539730208142586889e+02 3.768417658730718227e-04 -4.964619509141124555e-05 1.635977853908302784e-04
-7.529729902948178051e+02 3.768417658730718227e-04 -1.969182692307365555e-04 8.996174832116763363e-05
-7.519729597753769212e+02 7.117099485928958958e-04 -3.694277541006925065e-04 1.711410972461016946e-04
-7.509729292559360374e+02 1.003616728868127889e-03 -8.111774622586640209e-04 9.621963330473193386e-05
-7.499728987364951536e+02 8.447632832232858640e-04 -6.639338942307546716e-04 9.041469449626559620e-05
-7.489728682170542697e+02 3.768417658730718227e-04 -5.167093302771905410e-04 -6.993378220205935915e-05
-7.479728376976133859e+02 3.854708898125176210e-04 -8.111489561471460844e-04 -2.128390331673142317e-04
-7.469728071781725021e+02 6.858904462886890362e-04 -1.715193238681764676e-04 2.571855612102562708e-04
-7.459727766587316182e+02 5.270370006438438674e-04 4.511966822432209642e-04 4.891168414435324158e-04
-7.449727461392907344e+02 3.317963325079728760e-05 1.523957674964459153e-03 7.785686541076281865e-04
-7.439727156198498506e+02 -5.762207341269651737e-04 1.334316017072167352e-03 3.790476414726010892e-04
-7.429726851004089667e+02 -5.675431319631403905e-04 7.456173040388437570e-04 8.903708603785168325e-05
-7.419726545809680829e+02 -4.173769841269957259e-04 7.285991554624713686e-04 1.556110856677378213e-04
-7.409726240615271990e+02 -4.173769841269957259e-04 8.927848557692696658e-04 2.377039358211369699e-04
-7.399725935420863152e+02 -5.762207341269651737e-04 4.087035720071213090e-04 -8.375858105992193235e-05
-7.389725630226454314e+02 -2.498168493836985023e-04 -4.978872564900136885e-05 -1.498027875163499424e-04
-7.379725325032045475e+02 -9.968948412705689818e-05 -5.253656861416056319e-04 -3.125275851343312854e-04
-7.369725019837636637e+02 7.662581793918761856e-05 -6.382498877530081707e-04 -2.808120349069102828e-04
-7.359724714643227799e+02 6.945292658730106098e-04 2.872390308286817896e-04 4.908841483508461726e-04
-7.349724409448818960e+02 2.004876812273241507e-04 7.285326412023679452e-04 4.645101612148460615e-04
-7.339724104254410122e+02 -6.112801859978501126e-04 2.529176725609739453e-04 -1.791812567184380837e-04
-7.329723799060001284e+02 -1.520508675514357835e-03 -3.264705058949566056e-05 -7.765778630519267747e-04
-7.319723493865592445e+02 -1.043967729869522488e-03 -5.846408558765365127e-05 -5.512159077285881236e-04
-7.309723188671183607e+02 -7.438584340292717437e-04 -3.353534487994741325e-04 -5.396059414143729652e-04
-7.299722883476774768e+02 -1.043948338579770612e-03 2.787252055219588387e-04 -3.826115665289058594e-04
-7.289722578282365930e+02 -9.027215753190478194e-04 4.344065825591045542e-04 -2.341574963799716326e-04
-7.279722273087957092e+02 -1.061575020963944922e-03 7.284661269421591374e-04 -1.665544470108928921e-04
-7.269721967893548253e+02 -1.520450501645103075e-03 1.144254807692001021e-04 -7.030125104379514930e-04
-7.259721662699139415e+02 -1.035067127873554602e-03 5.901069636707039628e-04 -2.224800821014253195e-04
-7.249721357504730577e+02 -2.408289865838425948e-04 8.927848557692696658e-04 3.259779345927135219e-04
-7.239721052310321738e+02 5.915426587302274517e-05 4.170843687934204101e-04 2.381193173332215641e-04
-7.229720747115912900e+02 3.857132809344121656e-04 2.440142637301774521e-04 3.148637723322948224e-04
-7.219720441921504062e+02 5.090418837543866275e-04 -4.995581531805063551e-04 4.741865286940136204e-06
-7.209720136727095223e+02 -2.496423277759343847e-04 -3.613035123180495761e-04 -3.054729200469919804e-04
-7.199719831532686385e+02 5.025366387705504931e-05 -3.438672741061909576e-04 -1.468068051145679542e-04
-7.189719526338277547e+02 -5.851310317678086719e-04 -3.613225163923949033e-04 -4.732267740801017605e-04
-7.179719221143868708e+02 -5.762207341269651737e-04 -3.525901442307065987e-04 -4.644054391788358591e-04
-7.169718915949459870e+02 -7.350644841269346214e-04 -3.525901442307065987e-04 -5.438273141788206371e-04
-7.159718610755051031e+02 -7.350644841269346214e-04 -5.170228975038890359e-04 -6.260436908154117745e-04
-7.149718305560642193e+02 -7.529626445676307475e-04 -9.928184048515608252e-04 -8.728905247095957321e-04
-7.139718000366233355e+02 -1.034834432396477231e-03 -1.442293269230712684e-03 -1.238563850813594958e-03
-7.129717695171824516e+02 -7.260960126168364715e-04 -1.269042625461294042e-03 -9.975693190390653650e-04
-7.119717389977415678e+02 -4.263551512819696511e-04 -6.463361213869544836e-04 -5.363456363344620403e-04
-7.109717084783006840e+02 -7.350644841269346214e-04 3.053309096055665736e-04 -2.148667872606840239e-04
-7.099716779588598001e+02 -9.119033510164131339e-04 1.048456730769239736e-03 6.827668987641330109e-05
-7.089716474394189163e+02 -1.706141492306177156e-03 1.057284123302654677e-03 -3.244286845017612395e-04
-7.079716169199780325e+02 -1.969746685189103022e-03 1.021946047057466786e-03 -4.739003190658181179e-04
-7.069715864005371486e+02 -5.491407979889002637e-04 2.435581659458890033e-04 -1.527913160215056167e-04
-7.059715558810962648e+02 5.011792484878783250e-05 -6.727897928756939455e-04 -3.113359340134530463e-04
-7.049715253616553809e+02 -2.585332341270263324e-04 -6.284722915023255698e-04 -4.435027628146759240e-04
-7.039714948422144971e+02 -9.063375181307041463e-05 4.168943280498585012e-04 1.631302881183940433e-04
-7.029714643227736133e+02 2.089325879142401026e-04 2.789817605256210810e-04 2.439571742199305782e-04
-7.019714338033327294e+02 -2.676083577307581188e-04 4.257692307691367598e-04 7.908043651918932049e-05
-7.009714032838918456e+02 -5.853055533755727353e-04 2.522905381075773892e-04 -1.665075076339976731e-04
-6.999713727644509618e+02 -5.671262192334817825e-04 -1.969182692307365555e-04 -3.820222442321091825e-04
-6.989713422450100779e+02 -8.148106305022213554e-05 -2.340156842048307127e-05 -5.244131573535260510e-05
-6.979713117255691941e+02 5.004035968978152185e-05 5.814411057692181776e-04 3.157407327294998599e-04
-6.969712812061283103e+02 -1.088130859551675610e-04 1.054840637897131171e-04 -1.664511082727221911e-06
-6.959712506866874264e+02 -4.173769841269957259e-04 2.790482747858297804e-04 -6.916435467058297277e-05
-6.949712201672465426e+02 -2.676762272448885457e-04 2.611369347153378196e-04 -3.269646264775363060e-06
-6.939711896478056588e+02 -7.442171728896758084e-04 1.054555576781982841e-04 -3.193808076057387622e-04
-6.929711591283647749e+02 -1.052751984126983672e-03 -1.969182692307365555e-04 -6.248351266788601272e-04
-6.919711286089238911e+02 -8.847361540744664091e-04 1.324033350999010198e-04 -3.761664094872826675e-04
-6.909710980894830072e+02 -7.258827084295691985e-04 4.167708015666137119e-04 -1.545559534314777433e-04
-6.899710675700421234e+02 -2.493417627847851342e-04 1.144254807692034767e-04 -6.745814100779082875e-05
-6.889710370506012396e+02 -9.968948412705689818e-05 -5.026382750763511772e-05 -7.497665581734600795e-05
-6.879710065311603557e+02 -9.968948412705689818e-05 -3.706440148587953438e-04 -2.351667494929261142e-04
-6.869709760117194719e+02 -2.677537924038948022e-04 -4.901891445283504747e-04 -3.789714684661226385e-04
-6.859709454922785881e+02 -5.854509880487094187e-04 -1.969182692307365555e-04 -3.911846286397230006e-04
-6.849709149728377042e+02 -1.061991933693548452e-03 -1.878628278051772821e-04 -6.249273807493628671e-04
-6.839708844533968204e+02 -1.379689129338469754e-03 4.348341742319833240e-04 -4.724274775532432422e-04
-6.829708539339559366e+02 -1.361180143270544112e-03 4.439181217689525745e-04 -4.586310107507957957e-04
-6.819708234145150527e+02 -1.220864770628196780e-03 1.204128605769206337e-03 -8.368082429495221283e-06
-6.809707928950741689e+02 -1.529283234126940045e-03 8.745979566207631424e-04 -3.273426387530884514e-04
-6.799707623756332850e+02 -1.351862628544914582e-03 2.609944041577477031e-04 -5.454341121935834397e-04
-6.789707318561924012e+02 -9.032063575628371255e-04 -5.947130152795720510e-05 -4.813388295453971551e-04
-6.779707013367515174e+02 -7.071410268847348876e-04 -6.639338942307546716e-04 -6.855374605577447796e-04
-6.769706708173106335e+02 6.847178059865552716e-05 -4.991305615077358971e-04 -2.153293904545401714e-04
-6.759706402978697497e+02 5.450127262435433767e-04 -3.525901442307065987e-04 9.621129100641838904e-05
-6.749706097784288659e+02 5.263486098576633347e-04 -1.969182692307365555e-04 1.647151703134633761e-04
-6.739705792589879820e+02 3.861883675333254795e-04 -3.709100718996303581e-04 7.639147816847560724e-06
-6.729705487395470982e+02 7.038855631781400961e-04 -9.844471101024341708e-04 -1.402807734621470373e-04
-6.719705182201062144e+02 5.263195229230360631e-04 -1.112591583413158293e-03 -2.931360302450611147e-04
-6.709704877006653305e+02 6.945292658730106098e-04 -6.639338942307546716e-04 1.529768582112796911e-05
-6.699704571812244467e+02 6.945292658730106098e-04 -4.990640472475271977e-04 9.773260931274170603e-05
-6.689704266617835628e+02 3.674466859884392353e-04 1.328404288098440601e-04 2.501435573991416341e-04
-6.679703961423426790e+02 2.085932403435875342e-04 4.257692307691367598e-04 3.171812355563621605e-04
-6.669703656229017952e+02 -1.091039553014410362e-04 6.091205400532268520e-04 2.500082923758928876e-04
-6.659703351034609113e+02 -7.539128177655127780e-04 1.213364585901052914e-03 2.297258840677700678e-04
-6.649703045840200275e+02 -7.067628967345792722e-04 1.496981391431222380e-03 3.951092473483215541e-04
-6.639702740645791437e+02 -9.024592601803886139e-05 1.029946762356862217e-03 4.698504181694117049e-04
-6.629702435451382598e+02 5.915426587302274517e-05 9.589650828248404558e-05 7.752538707775339538e-05
-6.619702130256973760e+02 -1.091524335257162899e-04 -1.342442938916768579e-05 -6.128843145744198532e-05
-6.609701825062564922e+02 -4.268496291706345698e-04 7.278294904515894299e-04 1.504899306404774300e-04
-6.599701519868156083e+02 -4.078946434384811610e-04 2.515113710594179988e-04 -7.819163618953158109e-05
-6.589701214673747245e+02 -9.968948412705689818e-05 -3.618926386227553694e-04 -2.307910613749061270e-04
-6.579700909479338407e+02 -1.091912161053230679e-04 -1.503582870846225804e-04 -1.297747515949728174e-04
-6.569700604284929568e+02 -4.078655565038537809e-04 1.204128605769206337e-03 3.981315246326763051e-04
-6.559700299090520730e+02 6.867538914104707906e-05 8.647918542585624965e-04 4.667336216998048013e-04
-6.549699993896111891e+02 3.863725847859653183e-04 -2.249397768529616342e-04 8.071640396650184204e-05
-6.539699688701703053e+02 3.673012513153024977e-04 -6.452338850749236637e-04 -1.389663168798105830e-04
-6.529699383507294215e+02 4.005384546772595804e-05 -3.188688761568165831e-05 4.083478926022149862e-06
-6.519699078312885376e+02 -2.585332341270263324e-04 1.237944894214608384e-04 -6.736937235278274698e-05
-6.509698773118476538e+02 -4.269465856193923768e-04 4.257692307691367598e-04 -5.886774251278085145e-07
-6.499698467924067700e+02 -7.446437812642103544e-04 4.163812180425340709e-04 -1.641312816108381418e-04
-6.489698162729658861e+02 -8.939082341269591466e-04 4.351667455330269292e-04 -2.293707442969661087e-04
-6.479697857535250023e+02 -5.570233572729689367e-04 2.512833221672738557e-04 -1.528700175528475405e-04
-6.469697552340841185e+02 8.797941808872872314e-05 -2.063347880688574791e-04 -5.917768499006437796e-05
-6.459697247146432346e+02 5.356855158730412705e-04 -6.639338942307546716e-04 -6.412418917885670056e-05
-6.449696941952023508e+02 5.453132912346925730e-04 -3.337190984057740429e-04 1.057970964144592651e-04
-6.439696636757614669e+02 1.012216765872946036e-03 2.700973557691701047e-04 6.411570608210580974e-04
-6.429696331563205831e+02 6.848820992216077567e-04 1.238800077560149192e-04 4.043810534888113515e-04
-6.419696026368796993e+02 5.453423781693198446e-04 2.511692977212017300e-04 3.982558379452607873e-04
-6.409695721174388154e+02 6.945292658730106098e-04 -2.063918002918935419e-04 2.440687327905585475e-04
-6.399695415979979316e+02 6.848530122869803767e-04 -3.241410449357178111e-04 1.803559836756312828e-04
-6.389695110785570478e+02 5.356855158730412705e-04 2.606048206336679537e-04 3.981451682533546392e-04
-6.379694805591161639e+02 2.083023709972103550e-04 1.144254807692034767e-04 1.613639258832069159e-04
-6.369694500396752801e+02 -2.876492556888955764e-04 -2.159413476504319185e-04 -2.517953016696637203e-04
-6.359694195202343963e+02 -5.567906617958983968e-04 -4.987409779836562019e-04 -5.277658198897772993e-04
-6.349693890007935124e+02 -1.094142159374660484e-04 -3.716512307990992568e-04 -2.405327233682826526e-04
-6.339693584813526286e+02 -5.762207341269651737e-04 -6.448538035880165779e-04 -6.105372688574909300e-04
-6.329693279619117448e+02 -5.859648572271258880e-04 -1.969182692307365555e-04 -3.914415632289312353e-04
-6.319692974424708609e+02 -3.978693466369227468e-04 -1.969182692307365555e-04 -2.973938079338296647e-04
-6.309692669230299771e+02 2.375250446528234989e-04 -1.969182692307365555e-04 2.030338771104347171e-05
-6.299692364035890932e+02 3.768417658730718227e-04 -3.621681977007629931e-04 7.336784086154414823e-06
-6.289692058841482094e+02 6.945292658730106098e-04 -4.986744637234476109e-04 9.792740107478149943e-05
-6.279691753647073256e+02 5.258929145485015172e-04 -2.205227914196323507e-05 2.519203177032691156e-04
-6.269691448452664417e+02 5.552901098118720024e-04 8.560580202447701432e-05 3.204479559181744948e-04
-6.259691143258255579e+02 1.022028758487236906e-03 -6.831660174682555996e-04 1.694313705094906532e-04
-6.249690838063846741e+02 8.239079510954759470e-04 -9.849032078867224569e-04 -8.049762839562325497e-05
-6.239690532869437902e+02 3.670103819690222462e-04 -1.276986328537650347e-03 -4.549879732843140501e-04
-6.229690227675029064e+02 -8.984840457813153287e-05 -1.130949519230772761e-03 -6.103989619044522009e-04
-6.219689922480620226e+02 2.179980158731023750e-04 -9.463154349284826419e-04 -3.641587095276901335e-04
-6.209689617286211387e+02 2.179980158731023750e-04 -1.872546974261260803e-04 1.537165922348814734e-05
-6.199689312091802549e+02 2.179980158731023750e-04 1.047524069274203244e-04 1.613752114002613429e-04
-6.189689006897393710e+02 4.927440374459423809e-05 -1.872356933517807260e-04 -6.898064480359324395e-05
-6.179688701702984872e+02 -9.968948412705689818e-05 1.241175586853317800e-04 1.221403727913744093e-05
-6.169688396508576034e+02 7.895277270937605708e-05 2.506941958625679540e-04 1.648234842859720055e-04
-6.159688091314167195e+02 2.080890668099431634e-04 -5.276841832117391265e-04 -1.597975582008979815e-04
-6.149687786119758357e+02 4.923562116509107599e-05 -8.196057692308327284e-04 -3.851850740328708364e-04
-6.139687480925349519e+02 -6.990446306864830028e-05 -6.542038081659286124e-04 -3.620541356172884495e-04
-6.129687175730941817e+02 1.032092837868233423e-03 -6.834130704346743799e-04 1.743398837167795218e-04
-6.119686870536531842e+02 1.161112784230469794e-03 -9.655285540916381344e-04 9.779211506941583006e-05
-6.109686565342121867e+02 1.171060515872912123e-03 -8.000885848780806605e-04 1.854859654974157310e-04
-6.099686260147714165e+02 9.922825200083388360e-04 1.339616691962196922e-04 5.631220946022792370e-04
-6.089685954953306464e+02 5.257086972958979450e-04 4.159916345184897749e-04 4.708501659071938870e-04
-6.079685649758896488e+02 2.919472320685003979e-05 -2.067053675185918200e-04 -8.875532215587089518e-05
-6.069685344564486513e+02 -5.562283143930308975e-04 -3.721833448808400295e-04 -4.642058296369354635e-04
-6.059685039370078812e+02 -8.968357861524312274e-05 -9.752776442308026903e-04 -5.324806114230228862e-04
-6.049684734175671110e+02 2.910746240307633342e-05 -8.196057692308327284e-04 -3.952491534138781958e-04
-6.039684428981261135e+02 -9.039335309285209761e-04 -9.752776442308026903e-04 -9.396055875796618332e-04
-6.029684123786851160e+02 -8.939082341269591466e-04 -9.949468611783107621e-04 -9.444275476526349002e-04
-6.019683818592443458e+02 -8.738188579443357477e-04 -1.432449158719821493e-03 -1.153134008332078620e-03
-6.009683513398035757e+02 -4.173769841269957259e-04 -1.286621394230742831e-03 -8.519991891788692784e-04
-5.999683208203625782e+02 -2.484691547459648171e-04 -9.654145296455660628e-04 -6.069418421957654399e-04
-5.989682903009215806e+02 7.930181592497655444e-05 -6.441886609858582437e-04 -2.824434225304408175e-04
-5.979682597814808105e+02 5.256020452022281504e-04 -2.148215691160273847e-05 2.520599441453127195e-04
-5.969682292620400403e+02 4.906109955736300129e-05 4.059859893756984301e-04 2.275235444665307089e-04
-5.959681987425990428e+02 -7.948376020592060444e-05 -3.525901442307065987e-04 -2.160369522183136015e-04
-5.949681682231580453e+02 3.667292082675952729e-04 -5.280832687730623379e-04 -8.067703025273353251e-05
-5.939681377037172751e+02 -2.686554873772393375e-04 -4.884217656142323359e-04 -3.785386264957358096e-04
-5.929681071842765050e+02 -8.955753523189398542e-05 -3.724494019215334470e-04 -2.310034685767137230e-04
-5.919680766648355075e+02 5.915426587302274517e-05 -1.140888650113390914e-03 -5.408671921201841249e-04
-5.909680461453945099e+02 4.900292568803604011e-05 -1.276672761310916615e-03 -6.138349178114402976e-04
-5.899680156259537398e+02 7.947633753266846422e-05 -6.539757592737843609e-04 -2.872497108705579483e-04
-5.889679851065129697e+02 3.666710343984128291e-04 -6.838691682189628829e-04 -1.585990669102750269e-04
-5.879679545870719721e+02 3.768417658730718227e-04 -1.140926658262081568e-03 -3.820424461945048727e-04
-5.869679240676309746e+02 6.934438863750555146e-05 -1.422319987093679161e-03 -6.764877992280868453e-04
-5.859678935481902045e+02 5.356855158730412705e-04 -4.782735899138153670e-04 2.870596297961295175e-05
-5.849678630287494343e+02 5.152664877647099252e-04 1.144254807692034767e-04 3.148459842669566874e-04
-5.839678325093084368e+02 6.937347557210386134e-05 1.244406279492027217e-04 9.690705176065329829e-05
-5.829678019898674393e+02 5.915426587302274517e-05 2.500480573347552723e-04 1.546011616038889952e-04
-5.819677714704266691e+02 5.561627178506924280e-04 -3.726584467394031697e-04 9.175213555564462912e-05
-5.809677409509858990e+02 8.328764226056495574e-04 -6.538902409392655709e-04 8.949309083319199323e-05
-5.799677104315449014e+02 5.562015004301955291e-04 -3.324838335733262579e-04 1.118588334284346356e-04
-5.789676799121039039e+02 1.012216765872946036e-03 -6.137170896256299217e-05 4.754225284551915286e-04
-5.779676493926631338e+02 1.012216765872946036e-03 -3.425179848276710469e-04 3.348493905226374674e-04
-5.769676188732223636e+02 1.171060515873029216e-03 -2.271632535512619158e-04 4.719486311608836774e-04
-5.759675883537813661e+02 8.327794661568194883e-04 -1.286621394230742831e-03 -2.269209640369616713e-04
-5.749675578343403686e+02 3.768417658730718227e-04 -7.893037726869508693e-04 -2.062310034069395233e-04
-5.739675273148995984e+02 4.883809972518374747e-05 -3.627003117824327506e-04 -1.569311060286245117e-04
-5.729674967954588283e+02 -1.100153459197283912e-04 -3.222311354641163497e-04 -2.161232406919223704e-04
-5.719674662760178308e+02 -4.173769841269957259e-04 2.599681841430987882e-04 -7.870439999194846887e-05
-5.709674357565768332e+02 -4.070317310445004068e-04 1.042868071059238535e-04 -1.513724619692882766e-04
-5.699674052371360631e+02 -4.380868815816657070e-04 -1.867700935303196407e-04 -3.124284875559926603e-04
-5.689673747176952929e+02 -7.143351953825852977e-04 -6.156174970587492473e-05 -3.879484725442301383e-04
-5.679673441982542954e+02 -4.381256641611687539e-04 -8.297729490054939769e-04 -6.339493065833313925e-04
-5.669673136788132979e+02 -5.450686271409626487e-04 -7.992524056068849633e-04 -6.721605163739238602e-04
-5.659672831593725277e+02 2.179980158731023750e-04 -2.172906369289588494e-04 3.536894720717627784e-07
-5.649672526399317576e+02 2.284014428247801379e-04 -8.094100833445806850e-04 -2.905043202599002735e-04
-5.639672221204907601e+02 1.971717706798056173e-04 -5.082620192306766147e-04 -1.555451242754354987e-04
-5.629671916010497625e+02 7.999990235603309278e-05 -4.980473292700156015e-04 -2.090237134569912611e-04
-5.619671610816089924e+02 7.049617797593519652e-04 -3.102220223296823457e-05 3.369697887631918653e-04
-5.609671305621682222e+02 8.533730158729800576e-04 -5.148008826570212211e-05 4.009464638036389474e-04
-5.599671000427272247e+02 6.631735503447250615e-04 -5.287484113750790752e-04 6.721256948482299317e-05
-5.589670695232862272e+02 -1.206126857690662652e-04 -8.093530711214737966e-04 -4.649828784452700444e-04
-5.579670390038454570e+02 -5.866920305928132080e-04 -6.844582945237397999e-04 -6.355751625582765039e-04
-5.569670084844046869e+02 -1.222076726237633507e-03 -1.110406114863512995e-03 -1.166241420550573251e-03
-5.559669779649636894e+02 -1.021279920860133960e-03 -4.979808150098422471e-04 -7.596303679349881034e-04
-5.549669474455226919e+02 -8.918910072643885698e-05 -2.066498171468190883e-05 -5.492704122056038291e-05
-5.539669169260819217e+02 -1.101995631724043745e-04 6.123417306547644179e-04 2.510710837411800149e-04
-5.529668864066411516e+02 -4.278967588171828464e-04 1.349490770436856087e-03 4.607970058098366474e-04
-5.519668558872001540e+02 -8.939082341269591466e-04 8.824656433997446437e-04 -5.721295363607251452e-06
-5.509668253677591565e+02 -7.245253181469235798e-04 1.058785445175969243e-03 1.671300635145228316e-04
-5.499667948483183864e+02 -3.857303992524365940e-04 7.164365478814399600e-04 1.653530743145016830e-04
-5.489667643288776162e+02 8.744901304123569230e-04 7.474606992502032341e-04 8.109754148312800243e-04
-5.479667338094366187e+02 1.012216765872946036e-03 7.267557602510764381e-04 8.694862630620112370e-04
-5.469667032899956212e+02 1.001638817313432218e-03 2.389971881028988600e-04 6.203180027081655256e-04
-5.459666727705548510e+02 5.356855158730412705e-04 -6.743101188233229393e-04 -6.931230147514083444e-05
-5.449666422511140809e+02 5.144908361746544081e-04 -8.196057692308327284e-04 -1.525574665280891602e-04
-5.439666117316730833e+02 -2.903543406092393185e-04 -6.431434368969345290e-04 -4.667488887530869238e-04
-5.429665812122320858e+02 -8.832915029879419028e-04 -3.084166352665201026e-05 -4.570665832572969565e-04
-5.419665506927913157e+02 -7.456909109108465598e-04 2.805115885104217084e-04 -2.325896612002124257e-04
-5.409665201733505455e+02 -5.655846116982685872e-04 5.814411057692181776e-04 7.928247035474795222e-06
-5.399664896539095480e+02 -7.563561202742102082e-04 4.257692307691367598e-04 -1.652934447525367242e-04
-5.389664591344685505e+02 -1.052751984126983672e-03 2.596546169163651652e-04 -3.965486836053092263e-04
-5.379664286150277803e+02 -1.042086774763620024e-03 3.014540784390049022e-04 -3.703163481623075607e-04
-5.369663980955870102e+02 -2.158336140941100815e-04 8.823231128421898722e-04 3.332447493740398818e-04
-5.359663675761460127e+02 7.052138665261222308e-04 4.152979858049561852e-04 5.602559261655391809e-04
-5.349663370567050151e+02 1.012216765872946036e-03 2.596166087676744024e-04 6.359166873203101920e-04
-5.339663065372642450e+02 8.533730158729800576e-04 2.805876048078031256e-04 5.669803103403915374e-04
-5.329662760178234748e+02 8.426593282852772688e-04 4.152694796933665286e-04 6.289644039893218987e-04
-5.319662454983824773e+02 3.553949994078350058e-04 -5.175564734374509755e-05 1.518196760320449643e-04
-5.309662149789414798e+02 8.062042362808333402e-05 -3.736276545310871183e-04 -1.465036154515018854e-04
-5.299661844595007096e+02 3.660989913507055500e-04 -3.210053726688355904e-04 2.254680934093497981e-05
-5.289661539400599395e+02 -1.211944244613659362e-04 -6.232191267968890665e-05 -9.175816857052742140e-05
-5.279661234206189420e+02 -5.869828999390829969e-04 -1.652764854457290059e-04 -3.761296926924059879e-04
-5.269660929011779444e+02 -9.046800955839924812e-04 2.595405924702930394e-04 -3.225697515568497209e-04
-5.259660623817371743e+02 -8.723451199232167127e-04 1.038592154331888760e-04 -3.842429522450139319e-04
-5.249660318622964041e+02 -4.173769841269957259e-04 -3.737416789770176473e-04 -3.955593315520066866e-04
-5.239660013428554066e+02 -2.477322857354053538e-04 -8.090204998204654279e-04 -5.283763927779353909e-04
-5.229659708234144091e+02 -4.281876281635285837e-04 -3.525901442307065987e-04 -3.903888861971176183e-04
-5.219659403039736389e+02 -3.957363047642432408e-04 -3.419858707460012893e-04 -3.688610877551222380e-04
-5.209659097845328688e+02 4.832423054680307046e-05 -4.124639423076653937e-05 3.538918158018265547e-06
-5.199658792650918713e+02 -2.585332341270263324e-04 -5.186967178981719619e-05 -1.552014529584217677e-04
-5.189658487456508738e+02 -2.476838075109827841e-04 -5.188947988269426324e-04 -3.832893031689626811e-04
-5.179658182262101036e+02 5.574037603947925310e-04 -1.162876364130967970e-03 -3.027363018680877195e-04
-5.169657877067693335e+02 6.727916300615800066e-04 -1.566009793219183413e-03 -4.466090815788017034e-04
-5.159657571873283359e+02 5.915426587302274517e-05 -8.302670549385740735e-04 -3.855563945327756506e-04
-5.149657266678873384e+02 2.179980158731023750e-04 -1.109607943740866355e-03 -4.458049639338819902e-04
-5.139656961484465683e+02 2.071001110327160813e-04 -1.755576896665631567e-04 1.577121068307646228e-05
-5.129656656290057981e+02 -1.105970846122753145e-04 2.914769394076255132e-04 9.043992739767509937e-05
-5.119656351095648006e+02 -2.585332341270263324e-04 5.707418119127784803e-04 1.561042888928760740e-04
-5.109656045901238031e+02 -4.173769841269957259e-04 4.150604348754968601e-04 -1.158274625749432891e-06
-5.099655740706830329e+02 -4.392503589667632398e-04 -5.196469216154394732e-05 -2.456075255641536207e-04
-5.089655435512422628e+02 -5.324352018681227433e-04 -3.051859426285185347e-05 -2.814768980654872780e-04
-5.079655130318012652e+02 4.819818716338170495e-05 -6.272099824101205030e-05 -7.261405538815172674e-06
-5.069654825123602677e+02 7.012004022757570526e-05 -6.854275023154236942e-04 -3.076537310439239809e-04
-5.059654519929194976e+02 3.878172358724568105e-04 -9.537650320718590305e-04 -2.829738980997011100e-04
-5.049654214734787274e+02 3.548714345846148608e-04 -6.746997023473675064e-04 -1.599141338813763228e-04
-5.039653909540377299e+02 8.114398845130350619e-05 -6.423832739231202489e-04 -2.806196427359083511e-04
-5.029653604345967324e+02 7.275429366751637230e-04 1.252102929602216222e-04 4.263766148176926455e-04
-5.019653299151559622e+02 1.329904265872995086e-03 2.485087273128525087e-04 7.892064965929237704e-04
-5.009652993957151921e+02 1.149012619425565998e-03 -5.082620192306766147e-04 3.203753000974446916e-04
-4.999652688762741946e+02 5.025845842671144374e-04 -5.190753375331882752e-04 -8.245376633036918899e-06
-4.989652383568331970e+02 -8.864614461349764100e-05 -9.644548238910829671e-04 -5.265504842522902634e-04
-4.979652078373924269e+02 8.126033618980526077e-05 -5.190943416075337108e-04 -2.189170027088642250e-04
-4.969651773179516567e+02 6.834665350697796942e-04 -8.196057692308327284e-04 -6.806961708052651711e-05
-4.959651467985106592e+02 3.546969129767784811e-04 -4.757080398771925105e-04 -6.050556345020701473e-05
-4.949651162790696617e+02 9.240063215219460058e-05 -7.382887969598287271e-05 9.285876228105863933e-06
-4.939650857596288915e+02 5.245936981351467625e-04 -8.196057692308327284e-04 -1.475060355478429830e-04
-4.929650552401881214e+02 7.056307792557446265e-04 -7.978461041054701799e-04 -4.610766242486277668e-05
-4.919650247207471239e+02 8.533730158729800576e-04 -4.124639423076653937e-05 4.060633108211067726e-04
-4.909649942013061263e+02 8.644939205455376158e-04 -3.525901442307065987e-04 2.559518881574154815e-04
-4.899649636818653562e+02 1.001086165555548860e-03 -1.942971688230495951e-05 4.908282243366219894e-04
-4.889649331624245860e+02 8.533730158729800576e-04 4.148513900577687884e-04 6.341122029653743688e-04
-4.879649026429835885e+02 8.533730158729800576e-04 1.144254807692034767e-04 4.838992483210917536e-04
-4.869648721235425910e+02 8.533730158729800576e-04 1.144254807692034767e-04 4.838992483210917536e-04
-4.859648416041018208e+02 6.833598829761100080e-04 -5.219274105368814460e-05 3.155835709612109588e-04
-4.849648110846610507e+02 5.245064373313009431e-04 -3.635459930907654954e-04 8.048022212026772386e-05
-4.839647805652200532e+02 2.558794331305837004e-05 -3.416247933334396391e-04 -1.580184250101906464e-04
-4.829647500457790557e+02 -9.051067039585270271e-04 -1.929668836181672173e-05 -4.622016961601718558e-04
-4.819647195263382855e+02 -8.939082341269591466e-04 4.257692307691367598e-04 -2.340695016789111934e-04
-4.809646890068975154e+02 -8.826903730057118150e-04 5.924349627779756976e-04 -1.451277051138680587e-04
-4.799646584874565178e+02 -8.826806773608037848e-04 7.371129807692995955e-04 -7.278384829575209464e-05
-4.789646279680155203e+02 -5.649834817158979868e-04 5.484025225197132871e-04 -8.290479598092349856e-06
-4.779645974485747502e+02 -1.109364321829637835e-04 -3.525901442307065987e-04 -2.317632882068351979e-04
-4.769645669291339800e+02 -4.061203404262491963e-04 -3.021452907332625257e-05 -2.181674347497877245e-04
-4.759645364096929825e+02 -4.286433234726541889e-04 1.254668479638516095e-04 -1.515882377544012897e-04
-4.749645058902519850e+02 -5.762207341269651737e-04 2.590464865373139362e-04 -1.585871237948256187e-04
-4.739644753708112148e+02 -3.948055228561678925e-04 2.590369845001764550e-04 -6.788426917799571876e-05
-4.729644448513704447e+02 5.915426587302274517e-05 -3.636600175368375669e-04 -1.522528758319073973e-04
-4.719644143319294471e+02 4.784914394785331381e-05 -3.415107688873675134e-04 -1.468308124697571100e-04
-4.709643838124884496e+02 -2.585332341270263324e-04 -1.969182692307365555e-04 -2.277257516788814304e-04
-4.699643532930476795e+02 -2.811822605568526159e-04 -5.193603986484690137e-04 -4.002713296026608148e-04
-4.689643227736069093e+02 -3.833743575477294532e-04 -3.525901442307065987e-04 -3.679822508892180259e-04
-4.679642922541659118e+02 3.646645686368545260e-05 -3.303553772466470652e-04 -1.469444601914807961e-04
-4.669642617347249143e+02 -5.989279344261222741e-04 2.923511268276535158e-04 -1.532884037992343791e-04
-4.659642312152841441e+02 -8.939082341269591466e-04 4.034964556364935826e-04 -2.452058892452327549e-04
-4.649642006958433740e+02 -1.064124975566239396e-03 -5.239228383427893158e-05 -5.582586297002591199e-04
-4.639641701764023765e+02 -1.211595734126949542e-03 -3.749009275121552472e-04 -7.932483308195523945e-04
-4.629641396569613789e+02 -1.041359601397845534e-03 -8.196057692308327284e-04 -9.304826853143391852e-04
-4.619641091375206088e+02 -1.222997812500868642e-03 -6.415851028006152061e-04 -9.322914576507419782e-04
-4.609640786180798386e+02 -1.188772186089427771e-03 -7.694700974149518819e-06 -5.982334435317886515e-04
-4.599640480986388411e+02 -2.128473554722243050e-04 7.371129807692995955e-04 2.621328126485376452e-04
-4.589640175791978436e+02 5.242543505644583612e-04 9.039877575958888854e-04 7.141210540801735691e-04
-4.579639870597570734e+02 2.065571549196719067e-04 7.034757691779108812e-04 4.550164620487914076e-04
-4.569639565403163033e+02 -8.823892752878675862e-05 -6.369020603255410391e-05 -7.596456678067043126e-05
-4.559639260208753058e+02 1.331325690031444829e-05 -6.863967101069661002e-04 -3.365417266033258353e-04
-4.549638955014343082e+02 -1.370439484126974175e-03 -9.527958242801750277e-04 -1.161617654203574547e-03
-4.539638649819935381e+02 -5.188225164623799703e-04 -5.082620192306766147e-04 -5.135422678465282383e-04
-4.529638344625527679e+02 3.653524266953065238e-04 -3.300703161315376305e-04 1.764105528188444666e-05
-4.519638039431117704e+02 5.915426587302274517e-05 -6.378522640435166022e-05 -2.315480265664457524e-06
-4.509637734236707729e+02 2.295067463406915136e-04 -3.413112261067059619e-04 -5.590223988300722414e-05
-4.499637429042300028e+02 3.768417658730718227e-04 -5.308388595530682099e-04 -7.699854683999819357e-05
-4.489637123847892326e+02 3.537855223585268912e-04 -9.865755664290778559e-04 -3.163950220352754823e-04
-4.479636818653482351e+02 -8.815166672486854165e-05 -1.286621394230742831e-03 -6.873865304778056795e-04
-4.469636513459072376e+02 3.883892789201640896e-04 -1.286621394230742831e-03 -4.491160576552893436e-04
-4.459636208264664674e+02 5.241283071811093323e-04 -1.119623090920944097e-03 -2.977473918699173822e-04
-4.449635903070256973e+02 2.179980158731023750e-04 -6.525979638837809370e-04 -2.172999740053392810e-04
-4.439635597875846997e+02 3.768417658730718227e-04 -5.082620192306766147e-04 -6.571012667880239601e-05
-4.429635292681437022e+02 2.295843114996977429e-04 -3.298802753879425450e-04 -5.014798194412240103e-05
-4.419634987487029321e+02 6.945292658730106098e-04 2.928262286862166018e-04 4.936777472796136058e-04
-4.409634682292621619e+02 5.240798289567665056e-04 8.814109172736049515e-04 7.027453731151857286e-04
-4.399634377098211644e+02 3.652263833118771555e-04 2.700973557691701047e-04 3.176618695405236301e-04
-4.389634071903801669e+02 2.412481722851972355e-04 4.371621733392176538e-04 3.392051728122074446e-04
-4.379633766709393967e+02 8.650077897239148370e-04 5.700386611620000734e-04 7.175232254429574552e-04
-4.369633461514986266e+02 5.123965768814855385e-04 9.160158748050577704e-05 3.019990821809956849e-04
-4.359633156320576290e+02 3.584593559163519780e-05 -2.982494554921118188e-05 3.010495021212007962e-06
-4.349632851126166315e+02 -5.878845949125667981e-04 -2.197801706682634163e-04 -4.038323827904151072e-04
-4.339632545931758614e+02 -7.233909276964932715e-04 -3.411496914748059174e-04 -5.322703095856495944e-04
-4.329632240737350912e+02 -4.173769841269957259e-04 -3.640400990237445985e-04 -3.907085415753701893e-04
-4.319631935542940937e+02 -5.762207341269651737e-04 -1.739993555702444572e-04 -3.751100448486048154e-04
-4.309631630348530962e+02 -2.351279473968086685e-04 1.144254807692034767e-04 -6.035123331380259589e-05
-4.299631325154123260e+02 8.257894389291157956e-05 2.815758166737612777e-04 1.820773802833364219e-04
-4.289631019959715559e+02 5.239634812182572023e-04 4.257692307691367598e-04 4.748663559936969810e-04
-4.279630714765305584e+02 3.885734961727677701e-04 2.471024258112968874e-04 3.178379609920323288e-04
-4.269630409570895608e+02 8.533730158729800576e-04 -1.854113022145917485e-04 3.339808568291941816e-04
-4.259630104376487907e+02 5.121832726941460577e-04 1.259419498224853312e-04 3.190626112583157216e-04
-4.249629799182080205e+02 4.739344863872737657e-05 4.257692307691367598e-04 2.365813397039320614e-04
-4.239629493987670230e+02 -2.585332341270263324e-04 9.135453451394544061e-05 -8.358934980654043911e-05
-4.229629188793260255e+02 -9.968948412705689818e-05 -1.815644390109573530e-05 -5.892296401407631844e-05
-4.219628883598852553e+02 -2.821130424649276932e-04 5.814411057692181776e-04 1.496640316521452422e-04
-4.209628578404444852e+02 -9.057078339407535371e-04 2.469693972909501787e-04 -3.293692183249017063e-04
-4.199628273210034877e+02 -7.114458932095810628e-04 -2.200652317833809012e-04 -4.657555624964809684e-04
-4.189627968015624901e+02 -2.585332341270263324e-04 -6.407679276036941460e-04 -4.496505808653602663e-04
-4.179627662821217200e+02 -4.173769841269957259e-04 -1.969182692307365555e-04 -3.071476266788661542e-04
-4.169627357626809498e+02 -4.292153665202892059e-04 -1.804241945516521652e-05 -2.236288929877272146e-04
-4.159627052432399523e+02 -5.762207341269651737e-04 4.257692307691367598e-04 -7.522575167891420696e-05
-4.149626747237989548e+02 -9.413393288594405686e-04 4.257692307691367598e-04 -2.577850490451519044e-04
-4.139626442043581847e+02 -1.469945887487205099e-03 5.930715992685807502e-04 -4.384371441093121743e-04
-4.129626136849174145e+02 -4.054998191541991448e-04 7.371129807692995955e-04 1.658065808075502253e-04
-4.119625831654764170e+02 -1.234632053624738865e-04 5.348431154744119490e-04 2.056899550559690448e-04
-4.109625526460354195e+02 -7.350644841269346214e-04 -6.639338942307546716e-04 -6.994991891788445923e-04
-4.099625221265946493e+02 -8.939082341269591466e-04 -6.756023958788076817e-04 -7.847553150028834142e-04
-4.089624916071538792e+02 -7.112325890223351486e-04 -8.312837729160148714e-04 -7.712581809691750100e-04
-4.079624610877128816e+02 -7.583819773262538634e-05 -1.130949519230772761e-03 -6.033938584816990599e-04
-4.069624305682718841e+02 5.595561935572879349e-04 -9.752776442308026903e-04 -2.078607253367573777e-04
-4.059624000488311140e+02 1.000271731385983303e-03 -1.119243009434037119e-03 -5.948563902402690794e-05
-4.049623695293903438e+02 5.237307857412383787e-04 -6.522178823968736343e-04 -6.424354832781762779e-05
-4.039623390099493463e+02 3.888061916497865395e-04 -6.639338942307546716e-04 -1.375638512904840661e-04
-4.029623084905083488e+02 6.825551444513840681e-04 -3.525901442307065987e-04 1.649825001103387347e-04
-4.019622779710675786e+02 3.648579488066055012e-04 -8.430948051215854649e-04 -2.391184281574899818e-04
-4.009622474516268085e+02 2.317372773909649958e-05 -7.960977292655892733e-04 -3.864620007632464140e-04
-3.999622169321858109e+02 -9.299178591956207317e-04 -6.756974162505344260e-04 -8.028076377230775789e-04
-3.989621864127448134e+02 -1.505257426124676640e-03 -6.286148220598072661e-04 -1.066936124092242007e-03
-3.979621558933040433e+02 -8.698630348350160730e-04 1.144254807692034767e-04 -3.777187770329063117e-04
-3.969621253738632731e+02 -2.705655294178354263e-04 1.262175089004575015e-04 -7.217401025868896243e-05
-3.959620948544222756e+02 -5.400947613197937432e-04 2.582958256007080442e-04 -1.408994678595428495e-04
-3.949620643349812781e+02 2.059463292924611200e-04 -5.305742643643696755e-05 7.644445142801207962e-05
-3.939620338155405079e+02 -9.968948412705689818e-05 -3.762312127163302102e-04 -2.379603484216935474e-04
-3.929620032960997378e+02 2.300690937433127635e-04 -6.402738216708564771e-04 -2.051023639637718568e-04
-3.919619727766587403e+02 2.059172423578698710e-04 -2.087578075478896227e-04 -1.420282595009875822e-06
-3.909619422572177427e+02 -8.759901496691247435e-05 -6.757829345851240144e-04 -3.816909747760182173e-04
-3.899619117377769726e+02 2.300981806780780811e-04 -6.283582670562511130e-04 -1.991300431890865295e-04
-3.889618812183362024e+02 6.824194054231953136e-04 -5.311443865940222524e-05 3.146524833818965306e-04
-3.879618506988952049e+02 3.491515368355982917e-05 -2.087958156965803312e-04 -8.694033100651025103e-05
-3.869618201794542074e+02 -4.173769841269957259e-04 -3.407030957276547330e-04 -3.790400399273252023e-04
-3.859617896600134372e+02 -4.295159315114745603e-04 -5.320551203111711014e-04 -4.807855259113228037e-04
-3.849617591405726671e+02 -8.939082341269591466e-04 -9.871836968081289763e-04 -9.405459654675441157e-04
-3.839617286211316696e+02 -5.519040567785044038e-04 -9.514465350017255359e-04 -7.516752958901149698e-04
-3.829616981016906720e+02 -2.463651998078756115e-04 -6.877840075342479516e-04 -4.670746036710617544e-04
-3.819616675822499019e+02 5.915426587302274517e-05 -1.130949519230772761e-03 -5.358976266788750484e-04
-3.809616370628091317e+02 5.915426587302274517e-05 -9.513895227787602443e-04 -4.461176284528687360e-04
-3.799616065433681342e+02 2.301951371268358881e-04 -4.963084564674515031e-04 -1.330566596703077939e-04
-3.789615760239271367e+02 7.067360827716560835e-04 -3.645532090311398273e-04 1.710914368702581281e-04
-3.779615455044863666e+02 1.036649790959924674e-03 -3.525901442307065987e-04 3.420298233646090107e-04
-3.769615149850455964e+02 1.647591765873047606e-03 -5.202440881053926663e-04 5.636738388838274157e-04
-3.759614844656045989e+02 1.476512112039832843e-03 -8.196057692308327284e-04 3.284531714045000575e-04
-3.749614539461636014e+02 1.158814916394763656e-03 -6.519328212816223860e-04 2.534410475565706351e-04
-3.739614234267228312e+02 5.111749256270647782e-04 -5.082620192306766147e-04 1.456453198194081720e-06
-3.729613929072820611e+02 1.934680343374381374e-04 -6.879740482775599519e-04 -2.472530069700609344e-04
-3.719613623878410635e+02 -5.884954205397049162e-04 -9.512184861095811760e-04 -7.698569533246430461e-04
-3.709613318684000660e+02 -7.350644841269346214e-04 -3.285119820350773613e-04 -5.317882330810059371e-04
-3.699613013489592959e+02 -5.639266564244738806e-04 1.023768976342515665e-04 -2.307748793951111435e-04
-3.689612708295185257e+02 -5.885245074742961923e-04 -3.646482294027957732e-04 -4.765863684385459828e-04
-3.679612403100775282e+02 -5.639072651347223301e-04 -5.082620192306766147e-04 -5.360846421826994182e-04
-3.669612097906365307e+02 -2.462100694898715011e-04 -3.163588764911908608e-04 -2.812844729905312081e-04
-3.659611792711957605e+02 -4.420427046909846769e-04 4.136826394854944120e-04 -1.418003260274513242e-05
-3.649611487517549904e+02 -7.103793722732662736e-04 2.580012624483902215e-04 -2.261890549124380260e-04
-3.639611182323139928e+02 7.150651744477733640e-05 -4.124639423076653937e-05 1.513006160700539852e-05
-3.629610877128729953e+02 4.679231865635624763e-05 -1.848031718355405196e-04 -6.900542658959213599e-05
-3.619610571934322252e+02 2.551129444574935421e-04 2.943465546338451620e-04 2.747297495456693791e-04
-3.609610266739914550e+02 5.233041773667040496e-04 7.249788792998202759e-04 6.241415283332621628e-04
-3.599609961545504575e+02 3.768417658730718227e-04 2.579537522624917212e-04 3.173977590677817991e-04
-3.589609656351094600e+02 3.644410360769107350e-04 -7.770571086243514814e-05 1.433676626072377799e-04
-3.579609351156686898e+02 5.915426587302274517e-05 -8.074431616498002357e-04 -3.741444478883887317e-04
-3.569609045962279197e+02 3.431402370133338023e-05 -3.404180346125452983e-04 -1.530520054556059489e-04
-3.559608740767869222e+02 -6.010803675884740212e-04 -1.688317092002808757e-05 -3.089817692542510662e-04
-3.549608435573459246e+02 -7.101854593756569845e-04 4.257692307691367598e-04 -1.422081143032601124e-04
-3.539608130379051545e+02 -4.298261921474995861e-04 4.135686150394222863e-04 -8.128788554038649883e-06
-3.529607825184643843e+02 -5.637618304616216422e-04 -6.566662976447050297e-05 -3.147142301130460861e-04
-3.519607519990233868e+02 -4.049083848167403152e-04 -3.403705244266465270e-04 -3.726394546216933940e-04
-3.509607214795823893e+02 7.163256082819870869e-05 -1.678815054823054820e-05 2.742220513998408024e-05
-3.499606909601416191e+02 3.518657846730492266e-04 6.059183535260377574e-04 4.788920690995434920e-04
-3.489606604407008490e+02 -2.335378616373243936e-04 8.805367298537269483e-04 3.234994341082013045e-04
-3.479606299212598515e+02 5.607002796525582941e-04 5.324105939582065997e-04 5.465554368053824469e-04
-3.469605994018188539e+02 8.408559383383096665e-04 -4.959948892407177717e-04 1.724305245487959474e-04
-3.459605688823780838e+02 5.231587426935311539e-04 2.946506198234735046e-04 4.089046812585023292e-04
-3.449605383629373137e+02 3.768417658730718227e-04 6.528094451225830699e-05 2.210613551926650649e-04
-3.439605078434963161e+02 2.054518514038320071e-04 -9.752776442308026903e-04 -3.849128964134853280e-04
-3.429604773240553186e+02 7.171012598720501933e-05 -4.590414666761782631e-04 -1.936656703444866083e-04
-3.419604468046145485e+02 2.305635716321156198e-04 5.814411057692181776e-04 4.060023387006668851e-04
-3.409604162851737783e+02 6.945292658730106098e-04 5.814411057692181776e-04 6.379851858211143395e-04
-3.399603857657327808e+02 1.928281217754538744e-04 2.454300672689060893e-04 2.191290945221799954e-04
-3.389603552462917833e+02 -2.585332341270263324e-04 -3.649332905180468047e-04 -3.117332623225365414e-04
-3.379603247268510131e+02 7.175860421154783245e-05 -6.762865425552407614e-04 -3.022639691718464442e-04
-3.369602942074102430e+02 -9.968948412694667548e-05 -6.515717438691313174e-04 -3.756306139980389964e-04
-3.359602636879692454e+02 2.179980158731023750e-04 -5.330053240283308836e-04 -1.575036540776142543e-04
-3.349602331685282479e+02 2.179980158731023750e-04 -1.118568364794741629e-03 -4.502851744608196271e-04
-3.339602026490874778e+02 2.053548949550741459e-04 -6.515432377575778190e-04 -2.230941714012518230e-04
-3.329601721296467076e+02 -2.585332341270263324e-04 -4.958618607203711713e-04 -3.771975474236987248e-04
-3.319601416102057101e+02 -8.702697191927706436e-05 -2.093279297782501159e-04 -1.481774508487635833e-04
-3.309601110907647126e+02 5.610299315784070782e-04 -3.525901442307065987e-04 1.042198936738502398e-04
-3.299600805713239424e+02 6.691654588779654593e-04 -3.401614796088477111e-04 1.645019896345588741e-04
-3.289600500518831723e+02 3.768417658730718227e-04 -1.969182692307365555e-04 8.996174832116763363e-05
-3.279600195324421748e+02 3.895430606603460027e-04 -3.650378129269108676e-04 1.225262386671756754e-05
-3.269599890130011772e+02 7.072402563051967232e-04 -5.082620192306766147e-04 9.948911853726005424e-05
-3.259599584935604071e+02 8.406523297959544354e-04 -4.957953464601270186e-04 1.724284916679137084e-04
-3.249599279741196369e+02 5.102247524293015762e-04 -2.877021942307965170e-05 2.407272665031109623e-04
-3.239598974546786394e+02 7.189434323980887608e-05 -5.373207107566149661e-05 9.081136082073689738e-06
-3.229598669352376419e+02 5.915426587302274517e-05 -3.775805019949212988e-04 -1.592131180609492633e-04
-3.219598364157968717e+02 3.640822972165341006e-04 -8.196057692308327284e-04 -2.277617360071493139e-04
-3.209598058963561016e+02 7.192343017440012509e-05 -4.707194703616431660e-04 -1.993980200936215272e-04
-3.199597753769151041e+02 2.179980158731023750e-04 1.019017957756178177e-04 1.599499058243600963e-04
-3.189597448574741065e+02 2.052094602819011960e-04 -1.618002016917935318e-05 9.451472005636091462e-05
-3.179597143380333364e+02 2.563927695810969631e-04 5.814411057692181776e-04 4.189169376751575432e-04
-3.169596838185925662e+02 8.405650689921083992e-04 5.939932968742954542e-04 7.172791829332019267e-04
-3.159596532991515687e+02 3.768417658730718227e-04 5.688794126269328382e-04 4.728605892500023305e-04
-3.149596227797105712e+02 5.356855158730412705e-04 4.257692307691367598e-04 4.807273733210890151e-04
-3.139595922602698010e+02 3.640047320575366804e-04 2.575166585525486538e-04 3.107606953050426942e-04
-3.129595617408290309e+02 -1.125362135873303525e-04 -2.095084684844955418e-04 -1.610223410359129471e-04
-3.119595312213880334e+02 -8.683305902176130129e-05 -3.903892481036165280e-04 -2.386111535626889147e-04
-3.109595007019470359e+02 4.025740073734689127e-04 -1.274012190902567556e-03 -4.357190917645492947e-04
-3.099594701825062657e+02 6.816534494779723664e-04 -6.386964835001211370e-04 2.147848298892561470e-05
-3.089594396630654956e+02 1.922269917932274187e-04 -1.716618544258374638e-04 1.028256868369497744e-05
-3.079594091436244980e+02 -9.968948412705689818e-05 2.448219368898548604e-04 7.256622638139898786e-05
-3.069593786241835005e+02 -9.968948412705689818e-05 -1.842710577538707079e-04 -1.419802709404637962e-04
-3.059593481047427304e+02 -1.126040831015982698e-04 -2.095749827447396674e-04 -1.610895329231689754e-04
-3.049593175853019602e+02 -8.676518950756564603e-05 -2.858017867962614944e-05 -5.767268409359589774e-05
-3.039592870658609627e+02 -2.714672243913192275e-04 -7.927354699582070667e-05 -1.753703856935699603e-04
-3.029592565464199652e+02 -4.303206700362005544e-04 -9.752776442308026903e-04 -7.027991571335015682e-04
-3.019592260269791950e+02 -5.632673525729207280e-04 -4.955672975680819716e-04 -5.294173250705013498e-04
-3.009591955075384249e+02 -9.968948412694667548e-05 -3.271816968310444287e-04 -2.134355904789955521e-04
-2.999591649880974273e+02 -9.968948412694667548e-05 6.195822829803478453e-04 2.599463994267005849e-04
-2.989591344686564298e+02 -2.455507656383183485e-04 8.673384002207660832e-04 3.108938172912238673e-04
-2.979591039492156597e+02 3.898339300065182676e-04 2.700973557691701047e-04 3.299656428878441862e-04
-2.969590734297748895e+02 2.309998756514896744e-04 7.619878522363501968e-05 1.535993304375623538e-04
-2.959590429103338920e+02 5.356855158730412705e-04 -5.082620192306766147e-04 1.371174832118232786e-05
-2.949590123908928945e+02 1.919555137365609699e-04 -4.955007833077387227e-04 -1.517726347855888900e-04
-2.939589818714521243e+02 -2.715641808400770887e-04 -3.781316201508658562e-04 -3.248479004954714453e-04
-2.929589513520113542e+02 -7.220238417690993254e-04 -8.068255292336114172e-04 -7.644246855013554255e-04
-2.919589208325703567e+02 -2.585332341270263324e-04 -6.639338942307546716e-04 -4.612335641788904749e-04
-2.909588903131293591e+02 -2.454732004793030390e-04 -3.397909001590779438e-04 -2.926320503191904643e-04
-2.899588597936885890e+02 5.915426587302274517e-05 -1.969182692307365555e-04 -6.888200167885690514e-05
-2.889588292742478188e+02 4.607484093562012943e-05 1.400619770610062118e-04 9.306840899831317403e-05
-2.879587987548068213e+02 2.572653776199175513e-04 2.444418554029478829e-04 2.508536165114327171e-04
-2.869587682353658238e+02 6.683316334185759270e-04 -1.969182692307365555e-04 2.357066820939196722e-04
-2.859587377159250536e+02 4.030587896171857940e-04 -3.911304070030853183e-04 5.964191307050237863e-06
-2.849587071964842835e+02 6.814110583561140341e-04 -1.273765137936148885e-03 -2.961770397900174252e-04
-2.839586766770432860e+02 3.505859595494455346e-04 -8.196057692308327284e-04 -2.345099048406935969e-04
-2.829586461576022884e+02 -2.848084317404672716e-04 -8.196057692308327284e-04 -5.522071004856500542e-04
-2.819586156381615183e+02 -5.499261452238448375e-04 -7.938362444185291652e-04 -6.718811948211870014e-04
-2.809585851187207481e+02 5.915426587302274517e-05 -2.098125336740211562e-04 -7.532913390049920553e-05
-2.799585545992797506e+02 -1.128561698683685762e-04 -6.897414271917489976e-04 -4.012987985300587733e-04
-2.789585240798387531e+02 -7.333672135449035895e-05 -1.118036250713072034e-03 -5.956864860337811492e-04
-2.779584935603979829e+02 3.768417658730718227e-04 -6.380883531210696912e-04 -1.306232936239989342e-04
-2.769584630409572128e+02 2.048022431971903000e-04 -3.525901442307065987e-04 -7.389395051675814931e-05
-2.759584325215162153e+02 -1.128949524478717179e-04 1.403090300275665347e-04 1.370703878984740840e-05
-2.749584020020752178e+02 -4.041618201612690270e-04 8.852292743641753043e-05 -1.578194463624257415e-04
-2.739583714826344476e+02 8.560398509416468793e-05 -1.969182692307365555e-04 -5.565714206828593376e-05
-2.729583409631936775e+02 2.047634606175860971e-04 -3.655604249713725624e-04 -8.039848217689323266e-05
-2.719583104437526799e+02 4.033302676737077186e-04 -3.266305786749584914e-04 3.834984449937461361e-05
-2.709582799243116824e+02 6.945292658730106098e-04 2.830866405842519772e-04 4.888079532286312935e-04
-2.699582494048709123e+02 5.224218736829716906e-04 4.387680176213654918e-04 4.805949456521685912e-04
-2.689582188854301421e+02 5.622321915428593391e-04 5.684328168798522896e-04 5.653325042113558144e-04
-2.679581883659891446e+02 9.989337323931251223e-04 6.074766876223570804e-04 8.032052100077411013e-04
-2.669581578465481471e+02 6.945292658730106098e-04 8.667302698417146374e-04 7.806297678573626778e-04
-2.659581273271073769e+02 1.025519190642518392e-03 -8.035677923349996527e-05 4.725812057045092199e-04
-2.649580968076666068e+02 8.533730158729765881e-04 -5.213083162687330487e-04 1.660323498021217697e-04
-2.639580662882256092e+02 8.400511998136527903e-04 -8.065499701555681232e-04 1.675061482904233352e-05
-2.629580357687846117e+02 6.811977541687745533e-04 -3.264595420057795315e-04 1.773691060814975109e-04
-2.619580052493438416e+02 6.945292658730106098e-04 2.962469620683808079e-04 4.953881139706957631e-04
-2.609579747299030714e+02 5.356855158730412705e-04 3.865163152090282011e-04 4.611009155410347358e-04
-2.599579442104620739e+02 6.811686672341833856e-04 -3.656839514546527509e-04 1.577423578897653173e-04
-2.589579136910210764e+02 2.179980158731023750e-04 -3.263835257083981143e-04 -5.419275491764786968e-05
-2.579578831715803062e+02 5.490655058016201536e-04 -5.435920552905804592e-05 2.473531501362810810e-04
-2.569578526521395361e+02 6.811395802995921095e-04 -1.706736425598792575e-04 2.552329688698563989e-04
-2.559578221326985386e+02 3.768417658730718227e-04 4.257692307691367598e-04 4.013054983211042912e-04
-2.549577916132575410e+02 5.625036695995260048e-04 2.700973557691701047e-04 4.163005126843480818e-04
-2.539577610938167709e+02 8.533730158729800576e-04 2.437957168752059997e-04 5.485843663740930286e-04
-2.529577305743760007e+02 8.399445477200584561e-04 -1.837579477466170488e-04 3.280932999867206901e-04
-2.519577000549350032e+02 3.365272744795617856e-04 2.832671792904974031e-04 3.098972268850295943e-04
-2.509576695354940057e+02 -2.585332341270263324e-04 2.569180302106347977e-04 -8.076019581957673277e-07
-2.499576390160532355e+02 -3.904618739518161226e-04 -5.443522182643944953e-05 -2.224485478891277928e-04
-2.489576084966124654e+02 -1.400912363242304596e-04 1.408221400348201938e-04 3.654518552948670838e-07
-2.479575779771714679e+02 -8.939082341269591466e-04 2.568895240991521519e-04 -3.185093550139034974e-04
-2.469575474577304703e+02 -7.080912000824373742e-04 2.700973557691701047e-04 -2.189969221566336348e-04
-2.459575169382897002e+02 8.614694120720865918e-05 -5.447322997513015134e-05 1.583685561603925392e-05
-2.449574864188489300e+02 1.863616593722956284e-05 -2.101546070122374522e-04 -9.575922053750395143e-05
-2.439574558994079325e+02 -5.897364630838050192e-04 -5.082620192306766147e-04 -5.489992411572407627e-04
-2.429574253799669350e+02 -8.803828095252073677e-04 -6.771892360866808283e-04 -7.787860228059440438e-04
-2.419573948605261648e+02 -4.173769841269957259e-04 -9.752776442308026903e-04 -6.963273141788992081e-04
-2.409573643410853947e+02 -4.038321682355646585e-04 -6.506595483005537693e-04 -5.272458582680592410e-04
-2.399573338216443972e+02 7.270877740937511078e-05 -3.525901442307065987e-04 -1.399406834106657507e-04
-2.389573033022033997e+02 3.904059730543266485e-04 -5.082620192306766147e-04 -5.892802308817498311e-05
-2.379572727827626295e+02 5.356855158730412705e-04 -6.772367462725089639e-04 -7.077561519973384670e-05
-2.369572422633218594e+02 8.805402128148447083e-04 -1.001902352388567372e-03 -6.068106978686133197e-05
-2.359572117438808618e+02 1.130280633525374088e-03 -1.259977681998562023e-03 -6.484852423659396778e-05
-2.349571812244398643e+02 3.632387761123044090e-04 -6.372711779241485228e-04 -1.370162009059220569e-04
-2.339571507049990942e+02 8.637963668422749626e-05 1.144254807692001021e-04 1.004025587267137992e-04
-2.329571201855583240e+02 7.081516469234479336e-04 -1.969182692307365555e-04 2.556166888463556755e-04
-2.319570896661173265e+02 8.261088624822816515e-04 -4.124639423076653937e-05 3.924312341257575696e-04
-2.309570591466763290e+02 2.043562435328318059e-04 -2.787702792877740828e-05 8.823960780202719375e-05
-2.299570286272355588e+02 7.280573385813299909e-05 2.700973557691701047e-04 1.714515448136515587e-04
-2.289569981077947887e+02 5.493466795029816954e-04 1.144254807692034767e-04 3.318860801360925725e-04
-2.279569675883537911e+02 3.631709065982194643e-04 2.834952281826416003e-04 3.233330673904305595e-04
-2.269569370689127936e+02 2.179980158731023750e-04 5.948484802199076023e-04 4.064232480465049886e-04
-2.259569065494720235e+02 2.043077653084889793e-04 3.855186013057909167e-04 2.949131833071399209e-04
-2.249568760300312533e+02 -4.310769303364393062e-04 -4.124639423076653937e-05 -2.361616622836029363e-04
-2.239568455105902558e+02 -2.448235922726708729e-04 -3.794619053550408192e-04 -3.121427488138558189e-04
-2.229568149911492583e+02 -4.448156591255304575e-04 -6.639338942307546716e-04 -5.543747766781425374e-04
-2.219567844717084881e+02 -7.076064178387204929e-04 -8.196057692308327284e-04 -7.636060935347766107e-04
-2.209567539522677180e+02 2.592142022398418052e-04 -9.887420309044477572e-04 -3.647639143323029489e-04
-2.199567234328267205e+02 8.671214403068384013e-04 -9.618037555199494522e-04 -4.734115760655552545e-05
-2.189566929133857229e+02 9.984586457941757587e-04 -6.504505034826840466e-04 1.740040711557458561e-04
-2.179566623939449528e+02 6.669936344257903875e-04 -4.947691264454780495e-04 8.611225399015616901e-05
-2.169566318745041826e+02 -1.272445068638558899e-04 -1.834158744084007529e-04 -1.553301906361283214e-04
-2.159566013550631851e+02 -5.900079411403269438e-04 2.971211494882672137e-04 -1.464433958260298650e-04
-2.149565708356221876e+02 -5.486269288104178750e-04 2.160117601822644155e-04 -1.663075843140767297e-04
-2.139565403161814174e+02 -8.588288582393402296e-05 -5.082620192306766147e-04 -2.970724525273053460e-04
-2.129565097967406473e+02 2.318143098210553399e-04 -6.774742972017904798e-04 -2.228299936903675835e-04
-2.119564792772996498e+02 8.810249950587060053e-04 -6.503839892225106922e-04 1.153205029180976566e-04
-2.109564487578586522e+02 1.488748015872964426e-03 -4.947026121852338967e-04 4.970227018438653187e-04
-2.099564182384178821e+02 1.343749646755621483e-03 -2.104871783133164837e-04 5.666312342211525131e-04
-2.089563877189771119e+02 1.302194112818073467e-03 -3.254333219912722134e-04 4.883803954134006541e-04
-2.079563571995361144e+02 1.012216765872946036e-03 2.836852689260950891e-04 6.479510173995205354e-04
-2.069563266800951169e+02 1.026091233690225616e-03 8.723065038093375033e-05 5.566609420355796969e-04
-2.059562961606543467e+02 1.343788429335124584e-03 -2.105251864620071652e-04 5.666316214365587365e-04
-2.049562656412135766e+02 1.316010406766026080e-03 -5.218784384990939485e-04 3.970659841334660657e-04
-2.039562351217725791e+02 1.502651570624845582e-03 -6.503079729251292750e-04 4.261717988498581536e-04
-2.029562046023315816e+02 1.302077765079419532e-03 -6.912047409164121577e-04 3.054365120815036869e-04
-2.019561740828908114e+02 5.078396237897958056e-04 -1.117304593850811578e-03 -3.047324850305078861e-04
-2.009561435634500413e+02 4.047070492459964677e-04 -4.809531643965780034e-04 -3.812305757529076784e-05
-1.999561130440090437e+02 4.938585038789087720e-04 -1.832543397764299100e-04 1.553020820512394310e-04
-1.989560825245680462e+02 -9.968948412705689818e-05 -5.491982572228127474e-05 -7.730465492466909324e-05
-1.979560520051272761e+02 -9.968948412705689818e-05 -1.969182692307365555e-04 -1.483038766788967336e-04
-1.969560214856865059e+02 -7.174663559511626606e-05 -3.799750153622946680e-04 -2.258608254787054738e-04
-1.959559909662455084e+02 3.628606459621944386e-04 -8.196057692308327284e-04 -2.283725616343191449e-04
-1.949559604468045109e+02 4.516345031722377823e-05 -8.196057692308327284e-04 -3.872211594568044615e-04
-1.939559299273637407e+02 -1.136899953276858193e-04 -9.615567025534504410e-04 -5.376233489405681572e-04
-1.929558994079229706e+02 -4.033667772815271199e-04 -5.082620192306766147e-04 -4.558143982561018402e-04
-1.919558688884819730e+02 5.915426587302274517e-05 -3.388501984790185089e-04 -1.398479663029978683e-04
-1.909558383690409755e+02 5.915426587302274517e-05 -3.525901442307065987e-04 -1.467179391788419403e-04
-1.899558078496002054e+02 5.915426587302274517e-05 -1.969182692307365555e-04 -6.888200167885690514e-05
-1.889557773301594352e+02 -3.006802024019463327e-04 -5.501484609393722747e-05 -1.778475242479417903e-04
-1.879557468107184377e+02 -1.038693299057095098e-03 -6.777118481311429025e-04 -8.582025735941190003e-04
-1.869557162912774402e+02 -4.033086034122002062e-04 -8.196057692308327284e-04 -6.114571863215165215e-04
-1.859556857718366700e+02 -4.173769841269957259e-04 -9.614806862560691322e-04 -6.894288351915324291e-04
-1.849556552523958999e+02 -2.585332341270263324e-04 -5.082620192306766147e-04 -3.833976266788514465e-04
-1.839556247329549024e+02 -4.173769841269957259e-04 -6.639338942307546716e-04 -5.406554391788752530e-04
-1.829555942135139048e+02 1.014757557559284470e-04 -6.777593583170418365e-04 -2.881418012805566677e-04
-1.819555636940731347e+02 5.498023748121795085e-04 -9.891126103542175786e-04 -2.196551177710190351e-04
-1.809555331746323645e+02 6.521496021210668528e-04 -7.919168329096108955e-04 -6.988361539427202134e-05
-1.799555026551913670e+02 5.915426587302274517e-05 -4.805540788351562922e-04 -2.106999064810667600e-04
-1.789554721357503695e+02 7.330021174683431986e-05 1.005620085342352526e-04 8.693111014053479303e-05
-1.779554416163095993e+02 4.499862435437149236e-05 -5.511936850287204817e-05 -5.060372074250277903e-06
-1.769554110968688292e+02 -2.443678969635354014e-04 -5.082620192306766147e-04 -3.763149580971059810e-04
-1.759553805774278317e+02 2.179980158731023750e-04 -5.082620192306766147e-04 -1.451320016787871199e-04
-1.749553500579868341e+02 4.496953741970800161e-05 -3.247871834633886791e-04 -1.399088230218403523e-04
-1.739553195385460640e+02 1.017375381674662710e-04 8.660351592761106906e-05 9.417052704753867002e-05
-1.729552890191052938e+02 5.214813961300571047e-04 -6.917748631466312439e-04 -8.514673350828706961e-05
-1.719552584996642963e+02 5.356855158730412705e-04 -9.474176712405098840e-04 -2.058660776837343068e-04
-1.709552279802232988e+02 3.910652769058798012e-04 -8.335452577630838699e-04 -2.212399904286020344e-04
-1.699551974607825287e+02 6.802960591953629600e-04 -8.196057692308327284e-04 -6.965485501773488420e-05
-1.689551669413417585e+02 3.483559612280872058e-04 -8.196057692308327284e-04 -2.356249040013727613e-04
-1.679551364219007610e+02 5.915426587302274517e-05 -9.752776442308026903e-04 -4.580616891788899590e-04
-1.669551059024597635e+02 -2.727955277393374661e-04 -6.639338942307546716e-04 -4.683647109850460960e-04
-1.659550753830189933e+02 -7.114550561263513126e-05 -9.752776442308026903e-04 -5.232115749217189447e-04
-1.649550448635782232e+02 3.768417658730718227e-04 -8.196057692308327284e-04 -2.213820016788804529e-04
-1.639550143441372256e+02 3.625503853261594924e-04 -8.055997664383000292e-04 -2.215246905560702684e-04
-1.629549838246962281e+02 -8.538840793523268865e-05 -4.942465144009456105e-04 -2.898174611680891699e-04
-1.619549533052554580e+02 2.036872440364385212e-04 1.424754945029364089e-04 1.730813692696874786e-04
-1.609549227858146878e+02 5.915426587302274517e-05 6.235446324812446428e-04 3.413494491771337075e-04
-1.599548922663736903e+02 -1.283498103798679066e-04 1.161996572945555575e-03 5.168233812828438613e-04
-1.589548617469326928e+02 -7.637442016695740639e-04 4.117157177907153722e-04 -1.760142419394293458e-04
-1.579548312274919226e+02 -1.024052875294606231e-03 2.841603707847288650e-04 -3.699462522549386832e-04
-1.569548007080511525e+02 -2.154554839439159499e-04 2.560248387164741342e-04 2.028467738627909214e-05
-1.559547701886101549e+02 -1.284273755387739285e-04 -4.124639423076653937e-05 -8.483688488477023396e-05
-1.549547396691691574e+02 -6.049780168286111436e-04 -4.124639423076653937e-05 -3.231122055296888279e-04
-1.539547091497283873e+02 -1.211595734126949542e-03 2.700973557691701047e-04 -4.707491891788896914e-04
-1.529546786302876171e+02 -8.507141362054546031e-04 1.285360059705901558e-04 -3.610890651174322101e-04
-1.519546481108466196e+02 -2.729409624124380456e-04 5.955611330078232736e-04 1.613100852976926140e-04
-1.509546175914056221e+02 -5.762207341269651737e-04 7.371129807692995955e-04 8.044612332116721090e-05
-1.499545870719648519e+02 -4.029498645518324079e-04 7.229739494563490639e-04 1.600120424522583280e-04
-1.489545565525240818e+02 -4.318137993469987695e-04 4.257692307691367598e-04 -3.022284288931004854e-06
-1.479545260330830843e+02 -4.029304732620808574e-04 4.116111953818513093e-04 4.340361059885225947e-06
-1.469544955136420867e+02 -7.077707110739329250e-05 1.144254807692034767e-04 2.182420483090509211e-05
-1.459544649942013166e+02 5.501514180277076354e-04 2.559203163075390018e-04 4.030358671676233457e-04
-1.449544344747605464e+02 1.026692363672451801e-03 -1.969182692307365555e-04 4.148870472208576092e-04
-1.439544039553195489e+02 9.977314724285283373e-04 -3.809822313026693793e-04 3.083746205629294790e-04
-1.429543734358785514e+02 6.800342767836807609e-04 -6.355228030843757111e-04 2.225573684965252491e-05
-1.419543429164377812e+02 6.945292658730106098e-04 -2.703134662044472786e-05 3.337489596262829274e-04
-1.409543123969970111e+02 5.211711354940319705e-04 -5.547094387822562204e-05 2.328500958079031641e-04
-1.399542818775560136e+02 1.558203780124923634e-05 -1.969182692307365555e-04 -9.066811571474366126e-05
-1.389542513581150160e+02 -5.907545057958032194e-04 -2.111618229526118112e-04 -4.009581643742075288e-04
-1.379542208386742459e+02 -6.914340821859664681e-04 -4.940089634716640947e-04 -5.927215228288152272e-04
-1.369541903192334757e+02 4.460110291451037796e-05 -1.826557114345867710e-04 -6.902730426003819990e-05
-1.359541597997924782e+02 -8.512662552352240873e-05 1.286975406025610529e-04 2.178545753951932211e-05
-1.349541292803514807e+02 5.915426587302274517e-05 5.671595438986524844e-04 3.131569048858376283e-04
-1.339540987609107106e+02 -7.052498434069509917e-05 -2.397914609538561077e-04 -1.551582226472756102e-04
-1.329540682414699404e+02 3.476578747970306810e-04 -6.496333282859041497e-04 -1.509877267444367343e-04
-1.319540377220289429e+02 -4.319786253099231073e-04 -1.682981332666394437e-04 -3.001383792882812620e-04
-1.309540072025879454e+02 -5.616093972991258046e-04 1.144254807692034767e-04 -2.235919582649611775e-04
-1.299539766831471752e+02 -8.506845165436778826e-05 8.576733665641566998e-05 3.494425010239408610e-07
-1.289539461637064051e+02 2.326287439906210054e-04 -5.226005933242176826e-04 -1.449859246667983522e-04
-1.279539156442654075e+02 5.649663633979020187e-04 -8.196057692308327284e-04 -1.273197029164653549e-04
-1.269538851248244100e+02 9.975666464656039994e-04 -4.939044410628274078e-04 2.518311027013882958e-04
-1.259538546053836399e+02 6.798694508208285225e-04 -5.226290994357711810e-04 7.862017569252867074e-05
-1.249538240859428697e+02 1.739894837819167255e-04 -9.752776442308026903e-04 -4.006440802244429960e-04
-1.239537935665018722e+02 -5.908999404688988115e-04 -8.196057692308327284e-04 -7.052528548498657700e-04
-1.229537630470608747e+02 -5.615318321401196024e-04 -8.196057692308327284e-04 -6.905688006854761654e-04
-1.219537325276201045e+02 -2.438346364953410898e-04 -9.752776442308026903e-04 -6.095561403630718900e-04
-1.209537020081793344e+02 5.915426587302274517e-05 -8.196057692308327284e-04 -3.802257516789049781e-04
-1.199536714887383368e+02 4.062777437158453914e-04 -9.897017366589234803e-04 -2.917119964715390174e-04
-1.189536409692973393e+02 6.945292658730106098e-04 -9.175432663694777381e-04 -1.115070002482335641e-04
-1.179536104498565692e+02 7.092666460841990077e-04 1.288685772716691874e-04 4.190676116779340704e-04
-1.169535799304157990e+02 6.797821900169825947e-04 2.411921586899638565e-04 4.604871743534732120e-04
-1.159535494109748015e+02 5.061719728711511820e-04 -3.815143453843393537e-04 6.232881374340591414e-05
-1.149535188915338040e+02 -1.144559512729086988e-04 -8.340773718448521272e-04 -4.742666615588804198e-04
-1.139534883720930338e+02 -4.173769841269957259e-04 -1.130949519230772761e-03 -7.741632516788842433e-04
-1.129534578526522637e+02 -4.173769841269957259e-04 -1.116458912542478725e-03 -7.669179483347372253e-04
-1.119534273332112662e+02 -2.289421259661299603e-04 -3.090898180542983142e-04 -2.690159720102141237e-04
-1.109533968137702686e+02 2.179980158731023750e-04 1.289350915319132859e-04 1.734665537025078304e-04
-1.099533662943294985e+02 2.031830705028975020e-04 2.555782429693230040e-04 2.293806567361102665e-04
-1.089533357748887283e+02 -8.486484311201235385e-05 -4.124639423076653937e-05 -6.305561867138943983e-05
-1.079533052554477308e+02 2.031636792131459514e-04 -5.578451110495929929e-05 7.368958405409332946e-05
-1.069532747360067333e+02 -4.470650487367118400e-04 -1.215115640796519379e-05 -2.296081025723385228e-04
-1.059532442165659631e+02 -8.790545061772614454e-04 2.555402348206323496e-04 -3.117571356783145750e-04
-1.049532136971251930e+02 -4.173769841269957259e-04 -5.581301721644192475e-05 -2.365950006717188186e-04
-1.039531831776841955e+02 -7.350644841269896989e-04 -3.380140192078231369e-04 -5.365392516674064721e-04
-1.029531526582431979e+02 -2.287676043582936077e-04 4.403548578293427760e-04 1.057936267355245841e-04
-1.019531221388024278e+02 2.328905264023032587e-04 2.700973557691701047e-04 2.514939410857366681e-04
-1.009530916193616576e+02 1.881936035249007829e-04 2.847019869035466747e-04 2.364477952142237153e-04
-9.995306109992066013e+01 -2.585332341270263324e-04 5.668269725976334905e-04 1.541468692353035791e-04
-9.895303058047966260e+01 -9.968948412705689818e-05 2.554737205603882511e-04 7.789211821666568321e-05
-9.795300006103889245e+01 2.627918951991145015e-04 2.847304930150892769e-04 2.737611941071018892e-04
-9.695296954159812231e+01 1.012216765872946036e-03 4.257692307691367598e-04 7.189929983210413978e-04
-9.595293902215712478e+01 1.012216765872946036e-03 7.517651220894634809e-04 8.819909439812047584e-04
-9.495290850271612726e+01 1.012216765872946036e-03 7.517746241267724830e-04 8.819956949998593136e-04
-9.395287798327535711e+01 9.972466901847390312e-04 8.634425649800386285e-04 9.303446275823888841e-04
-9.295284746383458696e+01 3.468822232069678998e-04 2.407360609056754619e-04 2.938091420563216944e-04
-9.195281694439358944e+01 5.915426587302274517e-05 2.994776547071923561e-04 1.793159602901075642e-04
-9.095278642495259191e+01 -2.885315593727674722e-04 4.110695792629734347e-04 6.126900994510298126e-05
-8.995275590551182177e+01 -5.612118758592549595e-04 8.500717368260166096e-05 -2.381023510883266425e-04
-8.895272538607105162e+01 -4.023584302144458404e-04 -6.639338942307546716e-04 -5.331461622226002289e-04
-8.795269486663005409e+01 -6.963298501212287909e-05 -1.821901116130902865e-04 -1.259115483126065896e-04
-8.695266434718905657e+01 7.095672110753843079e-04 -1.969182692307365555e-04 2.563244709223238627e-04
-8.595263382774828642e+01 6.794816250257972945e-04 -1.969182692307365555e-04 2.412816778975303560e-04
-8.495260330830751627e+01 2.029406793809391250e-04 -2.648973050163765173e-05 8.822547443965073663e-05
-8.395257278886651875e+01 4.408723373604736935e-05 -7.077872576344045377e-05 -1.334574601369654221e-05
-8.295254226942552123e+01 -6.953602856329278291e-05 -5.230376870342319821e-04 -2.962868577987624028e-04
-8.195251174998475108e+01 2.029115924462756681e-04 -3.082346347087573982e-04 -5.266152113124086505e-05
-8.095248123054398093e+01 8.934650401613505617e-05 -4.124639423076653937e-05 2.405005489268425840e-05
-7.995245071110298340e+01 6.945292658730106098e-04 2.849015296841974384e-04 4.897153977786040512e-04
-7.895242019166198588e+01 6.945292658730106098e-04 2.404700038646989592e-04 4.674996348688547710e-04
-7.795238967222121573e+01 6.945292658730106098e-04 3.223139737362773776e-06 3.488762028051866780e-04
-7.695235915278044558e+01 5.054157125709225675e-04 9.076175357957799164e-04 7.065166241833511877e-04
-7.595232863333944806e+01 4.400966857704105870e-05 7.074286166417408876e-04 3.757191426093909833e-04
-7.495229811389845054e+01 8.946285175479942752e-05 7.668163489710517339e-04 4.281396003629255671e-04
-7.395226759445768039e+01 4.901935501158624642e-04 8.482012973550682273e-04 6.691974237354654000e-04
-7.295223707501691024e+01 -3.870296156658603582e-04 -4.124639423076653937e-05 -2.141380049483134623e-04
-7.195220655557591272e+01 3.768417658730718227e-04 2.700973557691701047e-04 3.234695608211209366e-04
-7.095217603613491519e+01 2.483841669138747970e-04 -7.102577873000079020e-05 8.867919409193700340e-05
-6.995214551669414504e+01 1.171060515873029216e-03 -4.933628249439222114e-04 3.388488454645535025e-04
-6.895211499725337490e+01 1.012216765872946036e-03 -3.525901442307065987e-04 3.298133108211196915e-04
-6.795208447781237737e+01 6.640849409630557440e-04 -1.140999750856734255e-05 3.263374717272441838e-04
-6.695205395837137985e+01 3.920736239729611348e-04 4.257692307691367598e-04 4.089214273710489473e-04
-6.595202343893060970e+01 6.945292658730106098e-04 4.257692307691367598e-04 5.601492483210736848e-04
-6.495199291948983955e+01 3.768417658730718227e-04 2.402039468240057044e-04 3.085228563485387771e-04
-6.395196240004884203e+01 1.874761258040204455e-04 -1.819620627209460892e-04 2.757031541537178121e-06
-6.295193188060784450e+01 8.969554723181826460e-05 1.144254807692034767e-04 1.020605140005108639e-04
-6.195190136116707436e+01 7.098096021972427486e-04 8.447505960093186278e-05 3.971423308990872786e-04
-6.095187084172630421e+01 5.051054519348976502e-04 -3.376054316094334595e-04 8.375001016273209533e-05
-5.995184032228530668e+01 7.445399348700642097e-05 -3.825785735476793024e-04 -1.540622900303364475e-04
-5.895180980284430916e+01 3.768417658730718227e-04 -6.489301775350549443e-04 -1.360442058309915608e-04
-5.795177928340353901e+01 5.356855158730412705e-04 -3.375769254978800695e-04 9.905429518758060046e-05
-5.695174876396276886e+01 2.026692013244172546e-04 -1.969182692307365555e-04 2.875466046840349549e-06
-5.595171824452177134e+01 4.381575567952528886e-05 1.595221491907261200e-04 1.016689524351257112e-04
-5.495168772508077382e+01 8.985067754983083169e-05 7.521547056136794604e-04 4.210026915817551528e-04
-5.395165720564000367e+01 5.510434173562796115e-04 8.777336288877524281e-04 7.143885231220160198e-04
-5.295162668619923352e+01 6.637940716168545851e-04 5.513196479318987651e-04 6.075568597743766751e-04
-5.195159616675823600e+01 2.333753086460923479e-04 1.445659426809390690e-04 1.889706256635157084e-04
-5.095156564731723847e+01 8.841469927087799129e-04 7.371129807692995955e-04 8.106299867390397542e-04
-4.995153512787646832e+01 1.140267147747429238e-03 3.955907607088252217e-04 7.679289542281272571e-04
-4.895150460843569817e+01 5.048727564578682015e-04 1.446229549039043335e-04 3.247478556808862946e-04
-4.795147408899470065e+01 2.334140912254959463e-04 5.361163884555478947e-04 3.847652398405219205e-04
-4.695144356955370313e+01 5.819628288652557236e-04 -2.120360103724978917e-04 1.849634092463789295e-04
-4.595141305011293298e+01 1.140189582588423036e-03 -3.374629010518079980e-04 4.013633407683075190e-04
-4.495138253067216283e+01 5.356855158730412705e-04 -2.120550144467724476e-04 1.618152507131344114e-04
-4.395135201123116531e+01 6.945292658730106098e-04 -1.514795274710050159e-04 2.715248692010028241e-04
-4.295132149179016778e+01 7.254583730268265558e-04 2.700973557691701047e-04 4.977778643979983032e-04
-4.195129097234939763e+01 1.171060515872912123e-03 2.397668531139918115e-04 7.054136844934519399e-04
-4.095126045290862749e+01 1.360872155606181102e-03 -1.969182692307365555e-04 5.819769431877222596e-04
-3.995122993346762996e+01 1.806435515873016946e-03 -3.525901442307065987e-04 7.269226858211551463e-04
-3.895119941402663244e+01 1.678598438185880922e-03 -1.969182692307365555e-04 7.408400844775721696e-04
-3.795116889458586229e+01 2.077583920469302809e-03 -3.829966631832771510e-04 8.472936286430128019e-04
-3.695113837514509214e+01 1.488748015873078267e-03 -4.930492577173567481e-04 4.978493790778607594e-04
-3.595110785570409462e+01 1.314371842781981515e-03 -3.373678806800811994e-04 4.885019810509501305e-04
-3.495107733626309710e+01 9.966746471370320232e-04 4.448902532744323592e-06 5.005617748348881527e-04
-3.395104681682232695e+01 1.043320394634465005e-03 1.048456730769236267e-03 1.045888562701850636e-03
-3.295101629738155680e+01 1.504309525898671947e-03 3.800169217829169792e-04 9.421632238407944091e-04
-3.195098577794055927e+01 1.663162971543552787e-03 -5.650666593008259972e-05 8.033281528067351103e-04
-3.095095525849956175e+01 2.298547667188460906e-03 -5.082620192306766147e-04 8.951428239788920913e-04
-2.995092473905879160e+01 2.282966765873032083e-03 -5.235412950043486207e-04 8.797127354343417310e-04
-2.895089421961802145e+01 2.267366473267923808e-03 -6.333563386091466477e-04 8.170050673293885804e-04
-2.795086370017702393e+01 1.949669277622974751e-03 -3.678884240787133608e-04 7.908904267721306950e-04
-2.695083318073602641e+01 1.806435515873016946e-03 -3.219745804602769487e-04 7.422304677063700255e-04
-2.595080266129525626e+01 1.965279265872982815e-03 -5.656367815311864227e-05 9.543577938599320798e-04
-2.495077214185448611e+01 1.980918341057582698e-03 -3.985705021091853935e-04 7.911739194741986524e-04
-2.395074162241348859e+01 2.298615536702555175e-03 -1.317293970224148398e-03 4.906607832392033885e-04
-2.295071110297249106e+01 2.631971198821931885e-03 -1.738291229196952748e-03 4.468399848124895686e-04
-2.195068058353172091e+01 3.426209340111572525e-03 -1.271266102159700033e-03 1.077471618975936246e-03
-2.095065006409095076e+01 4.267481054693629018e-03 -9.906424383389828611e-04 1.638419308177322970e-03
-1.995061954464995324e+01 5.650060622691088948e-03 -1.597965144230790741e-03 2.026047739230148886e-03
-1.895058902520895572e+01 6.507087760196686790e-03 -1.084798124682973463e-03 2.711144817756856555e-03
-1.795055850576818557e+01 7.889618849969253986e-03 -3.525901442307065987e-04 3.768514352869273883e-03
-1.695052798632741542e+01 9.731229028965535793e-03 -3.371873419738357735e-04 4.697020843495850091e-03
-1.595049746688641790e+01 1.208251986779267095e-02 -3.525901442307065987e-04 5.864964861780981933e-03
-1.495046694744542037e+01 1.505192745874108472e-02 -3.680119505619934952e-04 7.341957754089545665e-03
-1.395043642800465022e+01 1.929360726593406725e-02 -4.928307108622523997e-04 9.400388277535906556e-03
-1.295040590856388008e+01 2.299438643679659403e-02 1.453071015803227494e-04 1.156984676918845767e-02
-1.195037538912288255e+01 2.766405140009755778e-02 4.412195432119173609e-04 1.405263547165473692e-02
-1.095034486968188503e+01 3.431879299962233704e-02 7.525727952492772006e-04 1.753568289743580658e-02
-9.950314350241114880e+00 4.345207108132179141e-02 8.773155392521547963e-04 2.216469331028697240e-02
-8.950283830800344731e+00 5.398345145846457360e-02 5.504834686607030679e-04 2.726696746356263926e-02
-7.950253311359347208e+00 6.584885561406920995e-02 -2.124065898221968063e-04 3.281822451212350333e-02
-6.950222791918349685e+00 7.981099145228741365e-02 -1.025074897343021528e-05 3.990037035165699270e-02
-5.950192272477579536e+00 9.710902056210972411e-02 2.545900311033648519e-04 4.868180529660654648e-02
-4.950161753036809387e+00 1.169170582173749556e-01 -5.676322093370942925e-05 5.843014749822062620e-02
-3.950131233595811864e+00 1.392029439640355692e-01 -2.124445979708875149e-04 6.949524968303233408e-02
-2.950100714154814341e+00 1.661114029268355996e-01 -3.215184826759885000e-04 8.289494222207981211e-02
-1.950070194714044192e+00 1.969277788176183319e-01 4.724052292127512245e-04 9.870009202341553656e-02
-9.500396752732740424e-01 2.305876643506362678e-01 8.305655163627245112e-04 1.157091149334995017e-01
4.999084416772348050e-02 2.675993246215765953e-01 -2.280469430084306793e-04 1.336856388392840822e-01
1.050021363608721003e+00 3.080581356890755296e-01 -6.639338942307546716e-04 1.536971008974223896e-01
2.050051883049491153e+00 3.536160124401232507e-01 -6.483505532675567801e-04 1.764838309434278441e-01
3.050082402490261302e+00 4.016044322312118386e-01 -4.926691762303523009e-04 2.005558815274907369e-01
4.050112921931258825e+00 4.532623918253853024e-01 -1.813159241932041788e-04 2.265405379505960604e-01
5.050143441372256348e+00 5.085739903650366989e-01 -4.124639423076653937e-05 2.542663719854029725e-01
6.050173960813026497e+00 5.672688066189213174e-01 -5.686774334264424994e-05 2.836059694377893181e-01
7.050204480253796646e+00 6.274092629150748168e-01 -1.969182692307365555e-04 3.136061723229220388e-01
8.050234999694794169e+00 6.901232536219119584e-01 -5.395427256032415053e-04 3.447918554481543829e-01
9.050265519135791692e+00 7.541552121192945934e-01 -6.482840390073127358e-04 3.767534640401436485e-01
1.005029603857656184e+01 8.186157859896865396e-01 -3.369307869701381321e-04 4.091394276013581854e-01
1.105032655801733199e+01 8.826317660642994944e-01 -2.282559878261588323e-04 4.412017550382366649e-01
1.205035707745832951e+01 9.455347054984762911e-01 -4.769052965609462259e-04 4.725289001009576606e-01
1.305038759689932704e+01 1.005228561000374832e+00 1.458012075134434223e-04 5.026871811039441695e-01
1.405041811634009719e+01 1.060983124467453242e+00 4.257692307691367598e-04 5.307044468491112221e-01
1.505044863578086733e+01 1.113321640766736786e+00 4.257692307691367598e-04 5.568737049987529941e-01
1.605047915522186486e+01 1.160735709946684624e+00 2.386646168019615336e-04 5.804871872817433109e-01
1.705050967466286238e+01 1.203685816965015976e+00 -3.683160157515191096e-04 6.016587504746322423e-01
1.805054019410363253e+01 1.240836958783131605e+00 -6.639338942307546716e-04 6.200865124444504550e-01
1.905057071354440268e+01 1.271348387251281409e+00 -5.082620192306766147e-04 6.354200626160253496e-01
2.005060123298540020e+01 1.296173223043340483e+00 2.177111629842165327e-05 6.480974970798194512e-01
2.105063175242639772e+01 1.315231098958925537e+00 9.085487354387728311e-04 6.580698238471821560e-01
2.205066227186716787e+01 1.327934837048712069e+00 8.927848557692696658e-04 6.644138109522407243e-01
2.305069279130793802e+01 1.334475489994982444e+00 8.612190882817026766e-04 6.676683545416320920e-01
2.405072331074893555e+01 1.335281304736254393e+00 4.415616165501339008e-04 6.678614331764022305e-01
2.505075383018993307e+01 1.329907968650447581e+00 5.972429935874122141e-04 6.652526058220175065e-01
2.605078434963070322e+01 1.319373107536794265e+00 1.048456730769239736e-03 6.602107821337817040e-01
2.705081486907147337e+01 1.305090317331247585e+00 8.611430719843212594e-04 6.529757302016159226e-01
2.805084538851247089e+01 1.288330464381542306e+00 2.542669618394939103e-04 6.442923656716909031e-01
2.905087590795346841e+01 1.269632064195371335e+00 -5.708629019765116929e-05 6.347874889525868536e-01
3.005090642739423856e+01 1.249808329291052011e+00 -5.558102132428613092e-04 6.246262595389046046e-01
3.105093694683500871e+01 1.230859762075800168e+00 -9.277009441073141892e-04 6.149660305658464221e-01
3.205096746627600623e+01 1.213704113510974958e+00 -1.969182692307365555e-04 6.067535976208721094e-01
3.305099798571700376e+01 1.197520899344612033e+00 -3.684680483462818897e-04 5.985762156481329033e-01
3.405102850515777391e+01 1.185007515850671211e+00 -4.764872069252514496e-04 5.922655143218730212e-01
3.505105902459854406e+01 1.176082888046698249e+00 2.700973557691701047e-04 5.881764927012337330e-01
3.605108954403954158e+01 1.169382227873041913e+00 2.700973557691701047e-04 5.848261626144055647e-01
3.705112006348053910e+01 1.165715994284871160e+00 1.303413930334691782e-04 5.829231678389522608e-01
3.805115058292130925e+01 1.164542685515872922e+00 9.850006646779713626e-05 5.823205927911703217e-01
3.905118110236207940e+01 1.165165553133983067e+00 1.144254807692034767e-04 5.826399893073761493e-01
4.005121162180307692e+01 1.169156852607904584e+00 1.144254807692034767e-04 5.846356390443369078e-01
4.105124214124407445e+01 1.176659206873760466e+00 2.700973557691701047e-04 5.884646521147648413e-01
4.205127266068484460e+01 1.187733756668134522e+00 -5.720981668086055265e-05 5.938382734257268147e-01
4.305130318012561474e+01 1.200523126693463949e+00 -2.128911937179678467e-04 6.001551177498729572e-01
4.405133369956661227e+01 1.214884723100564612e+00 -3.206252911818278364e-04 6.072820489046913961e-01
4.505136421900760979e+01 1.230659673052497904e+00 2.700973557691701047e-04 6.154648852041335605e-01
4.605139473844837994e+01 1.246096235302618371e+00 1.144254807692034767e-04 6.231053303916938013e-01
4.705142525788915009e+01 1.259390515730499205e+00 2.861082884050917792e-04 6.298383120094521725e-01
4.805145577733014761e+01 1.271124369376429808e+00 4.257692307691367598e-04 6.357750693035995049e-01
4.905148629677114513e+01 1.279571360626888366e+00 2.540674190588323588e-04 6.399127140229735611e-01
5.005151681621191528e+01 1.284934700502825988e+00 -5.728583297824194271e-05 6.424387073349239197e-01
5.105154733565268543e+01 1.287394408042653371e+00 -2.129672100153492639e-04 6.435907204163190398e-01
5.205157785509368296e+01 1.287915122346352748e+00 -4.922035764088558436e-04 6.437114593849719846e-01
5.305160837453468048e+01 1.286436313502963058e+00 6.957440346331104445e-06 6.432216354716546736e-01
5.405163889397545063e+01 1.284705379110223866e+00 9.088623026654357642e-04 6.428071207064446346e-01
5.505166941341622078e+01 1.283292151608774523e+00 8.766979068359661946e-04 6.420844247578052499e-01
5.605169993285721830e+01 1.281462709464096683e+00 2.379044538282474338e-04 6.408503069589625012e-01
5.705173045229821582e+01 1.278587000585228006e+00 1.305314337769226669e-04 6.393587660095024772e-01
5.805176097173898597e+01 1.275043009687651718e+00 5.975565608140865313e-04 6.378202831242328896e-01
5.905179149117975612e+01 1.270721195375560608e+00 5.653161486872125595e-04 6.356432557621238821e-01
6.005182201062075364e+01 1.265555733915891379e+00 7.532474398884019288e-04 6.331544906778898696e-01
6.105185253006175117e+01 1.258675840051061368e+00 7.371129807692995955e-04 6.297064765159153810e-01
6.205188304950252132e+01 1.252311366667829606e+00 5.329807161885644637e-04 6.264221736920090322e-01
6.305191356894329147e+01 1.248197785720735364e+00 -5.405879496921654368e-04 6.238285988855215569e-01
6.405194408838428899e+01 1.244533927565558917e+00 -8.034333019629286100e-04 6.218652471317980268e-01
6.505197460782528651e+01 1.244364806431990322e+00 -6.962978328409677583e-04 6.218342542995747291e-01
6.605200512726605666e+01 1.247071568698898014e+00 -5.991680088617906078e-04 6.232362003450181431e-01
6.705203564670682681e+01 1.252429275405163134e+00 1.306264541485786129e-04 6.262799509296558265e-01
6.805206616614782433e+01 1.259994389580299634e+00 4.095587553525535337e-04 6.302019741678260845e-01
6.905209668558882186e+01 1.268889911058357134e+00 6.576554840781733162e-05 6.344778383033824465e-01
7.005212720502959201e+01 1.277401504390621056e+00 -8.196057692308327284e-04 6.382909493106950771e-01
7.105215772447036215e+01 1.284976527514819500e+00 -4.920230377027071285e-04 6.422422522385583532e-01
7.205218824391135968e+01 1.291055580504199440e+00 -3.200931771001580789e-04 6.453677436635496534e-01
7.305221876335235720e+01 1.294351207762637790e+00 1.306834663716854470e-04 6.472409456145047368e-01
7.405224928279312735e+01 1.294109388683790884e+00 2.212948928503116416e-04 6.471653417883206361e-01
7.505227980223389750e+01 1.292530288089806856e+00 -5.082620192306766147e-04 6.460110130352880731e-01
7.605231032167489502e+01 1.287999455065482080e+00 -3.363036525167416302e-04 6.438315757064826395e-01
7.705234084111589254e+01 1.282774074520480978e+00 -1.969182692307365555e-04 6.412885781256251194e-01
7.805237136055666269e+01 1.277674281663556677e+00 -1.969182692307365555e-04 6.387386816971629688e-01
7.905240187999743284e+01 1.272181175276600795e+00 -2.132332670561841426e-04 6.359839710047723305e-01
8.005243239943843037e+01 1.268577614336907189e+00 -6.639338942307546716e-04 6.339568402213382470e-01
8.105246291887942789e+01 1.265768330321082491e+00 -5.082620192306766147e-04 6.326300341509258907e-01
8.205249343832019804e+01 1.263703293701568420e+00 -3.199031363567045902e-04 6.316916952826058251e-01
8.305252395776096819e+01 1.261353941991717020e+00 4.584752427175394981e-04 6.309062086172172457e-01
8.405255447720196571e+01 1.260501006416348879e+00 7.371129807692995955e-04 6.306190596985591368e-01
8.505258499664296323e+01 1.260626448669751820e+00 3.930252106721312958e-04 6.305097369402119512e-01
8.605261551608373338e+01 1.260659869557638757e+00 1.308069928548948372e-04 6.303953382752468526e-01
8.705264603552450353e+01 1.260994291740694662e+00 4.421602448919775006e-04 6.307182259927933687e-01
8.805267655496550105e+01 1.261788529881984200e+00 7.371129807692995955e-04 6.312628214313767971e-01
8.905270707440649858e+01 1.262248336144573546e+00 9.091948739665147144e-04 6.315787655092700570e-01
9.005273759384726873e+01 1.262164575468491590e+00 1.048456730769239736e-03 6.316065160996303662e-01
9.105276811328803888e+01 1.260860259145932138e+00 1.032027708497719942e-03 6.309461434272148894e-01
9.205279863272903640e+01 1.258602841540792605e+00 8.927848557692696658e-04 6.297478131982809924e-01
9.305282915217003392e+01 1.255885637064352967e+00 9.092328821152054772e-04 6.283974349732340814e-01
9.405285967161080407e+01 1.253026362303549135e+00 8.763273273861965900e-04 6.269513448154676594e-01
9.505289019105157422e+01 1.250359536397885218e+00 9.092518861894800060e-04 6.256343941420373644e-01
9.605292071049257174e+01 1.248010436774800169e+00 1.015503665854391004e-03 6.245129702203272570e-01
9.705295122993356927e+01 1.246965769822013570e+00 2.865833902638084967e-04 6.236261766061387268e-01
9.805298174937433942e+01 1.246840579655377645e+00 5.319544961739152778e-04 6.236862670757757909e-01
9.905301226881510956e+01 1.247333961936171187e+00 -2.474135566186544657e-05 6.236546102902547073e-01
1.000530427882561071e+02 1.247459123015872917e+00 1.144254807692034767e-04 6.237867742483210742e-01
1.010530733076971046e+02 1.247793671242312330e+00 9.790143812588626173e-05 6.239457863402191329e-01
1.020531038271378748e+02 1.248094498015872800e+00 -3.525901442307065987e-04 6.238709539358210376e-01
1.030531343465786449e+02 1.247935654265873051e+00 -4.124639423076653937e-05 6.239472039358211486e-01
1.040531648660196424e+02 1.248094498015872800e+00 -1.969182692307365555e-04 6.239487898733210303e-01
1.050531953854606400e+02 1.247726111988817221e+00 -2.134803200227444655e-04 6.237563158343972791e-01
1.060532259049014101e+02 1.246756111197219408e+00 -1.637751635724461524e-04 6.232961680168235263e-01
1.070532564243421803e+02 1.244873439962174588e+00 2.700973557691701047e-04 6.225717686589719024e-01
1.080532869437831778e+02 1.240533756576576163e+00 2.700973557691701047e-04 6.204019269661726899e-01
1.090533174632241753e+02 1.235768298641902518e+00 4.589693486506603065e-04 6.181136339952766345e-01
1.100533479826649454e+02 1.231756851617930026e+00 7.371129807692995955e-04 6.162469822993497104e-01
1.110533785021057156e+02 1.229408033168547076e+00 2.202401667243504362e-04 6.148141366676357356e-01
1.120534090215467131e+02 1.227643726366144827e+00 -2.135468342829178199e-04 6.137150897659309212e-01
1.130534395409877106e+02 1.225612643894985476e+00 -3.193140100519278901e-04 6.126466649424667787e-01
1.140534700604284808e+02 1.223916274476228638e+00 1.643681881487948524e-04 6.120403213321886637e-01
1.150535005798692509e+02 1.223984240946807578e+00 8.594707134419298650e-04 6.124218558301247617e-01
1.160535310993102485e+02 1.224971335160321750e+00 4.257692307691367598e-04 6.126985521955454761e-01
1.170535616187512460e+02 1.226134327763172882e+00 5.814411057692181776e-04 6.133578844344710346e-01
1.180535921381920161e+02 1.228919867144695921e+00 2.367262012187358567e-04 6.145782966729573804e-01
1.190536226576327863e+02 1.232942182986574320e+00 -1.969182692307365555e-04 6.163726323586717903e-01
1.200536531770737838e+02 1.237707640921247965e+00 -1.969182692307365555e-04 6.187553613260086127e-01
1.210536836965147813e+02 1.243017848663267921e+00 -1.969182692307365555e-04 6.214104651970185911e-01
1.220537142159555515e+02 1.249264132135463390e+00 -1.801946838068285467e-04 6.245419687258282337e-01
1.230537447353963216e+02 1.255708643067145358e+00 1.311585682302484246e-04 6.279199008176877816e-01
1.240537752548373192e+02 1.261234181386211350e+00 2.533547662709171211e-04 6.307437680762411070e-01
1.250538057742783167e+02 1.265511027297369528e+00 -7.475057730168940459e-05 6.327181383600338771e-01
1.260538362937190868e+02 1.267434313588799544e+00 -3.358285506581079084e-04 6.335492425190707433e-01
1.270538668131598570e+02 1.269061873015873809e+00 -1.969182692307365555e-04 6.344324773733215350e-01
1.280538973326008545e+02 1.268868784248172510e+00 1.647672737100439586e-04 6.345167757609412318e-01
1.290539278520418520e+02 1.267478089425413845e+00 5.478609064009023078e-04 6.340129751659073776e-01
1.300539583714826222e+02 1.264760516514469746e+00 -2.809162778371952860e-04 6.322398001183162641e-01
1.310539888909233923e+02 1.261248705462236330e+00 -1.269812290472316059e-03 6.299894465858819625e-01
1.320540194103643898e+02 1.257754036310142265e+00 -7.691499518438087461e-04 6.284924431791492072e-01
1.330540499298053874e+02 1.255032110054648875e+00 -2.137463770635793985e-04 6.274091818387926844e-01
1.340540804492461575e+02 1.254817477564033279e+00 -5.250996291006683773e-04 6.271461889674663226e-01
1.350541109686869277e+02 1.256191398921156832e+00 -9.921247561379201163e-04 6.275996370825094317e-01
1.360541414881279252e+02 1.259840849348047520e+00 -1.114092905286447272e-03 6.293633782213805539e-01
1.370541720075689227e+02 1.266087559428619391e+00 -7.858735372677539159e-04 6.326508429456758620e-01
1.380542025270096929e+02 1.272952483217759889e+00 -2.437077621209572678e-05 6.364640562207738439e-01
1.390542330464504630e+02 1.279714070823814165e+00 2.700973557691701047e-04 6.399920840897916907e-01
1.400542635658914605e+02 1.286068005041067552e+00 9.753085867618732001e-05 6.430827679498718474e-01
1.410542940853324581e+02 1.291172044590448431e+00 -3.525901442307065987e-04 6.454097272231088533e-01
1.420543246047732282e+02 1.293927789255268079e+00 -5.816002039812805037e-05 6.469348146174349612e-01
1.430543551242139984e+02 1.295429935515873376e+00 -4.913388910261778800e-04 6.474692983124236134e-01
1.440543856436549959e+02 1.294514773291692844e+00 1.821560017360392863e-04 6.473484646467144721e-01
1.450544161630959934e+02 1.291921343417737900e+00 8.589005912114276936e-04 6.463901220044746543e-01
1.460544466825367635e+02 1.288568230680831039e+00 4.088175964530849603e-04 6.444885241386421049e-01
1.470544772019775337e+02 1.284914717778737892e+00 -5.820753058395603013e-05 6.424282551240769745e-01
1.480545077214185312e+02 1.281807001813636493e+00 -5.821703262116410647e-05 6.408743923905076967e-01
1.490545382408595287e+02 1.279600447561515031e+00 -3.525901442307065987e-04 6.396239287086421532e-01
1.500545687603002989e+02 1.278240138889797484e+00 -5.082620192306766147e-04 6.388659384352833870e-01
1.510545992797410690e+02 1.277798279265873305e+00 -4.912628747287964628e-04 6.386535081955722060e-01
1.520546297991820666e+02 1.278150677174528793e+00 -3.355814976916183297e-04 6.389075478384186324e-01
1.530546603186230641e+02 1.278803436465790977e+00 2.871155043454661111e-04 6.395452759850682734e-01
1.540546908380638342e+02 1.279721778861490966e+00 2.530697051557368881e-04 6.399874242833233362e-01
1.550547213575046044e+02 1.279721788557135920e+00 1.144254807692034767e-04 6.399181070189525755e-01
1.560547518769456019e+02 1.280180935515873530e+00 -4.124639423076653937e-05 6.400698445608213882e-01
1.570547823963865994e+02 1.280374586630977918e+00 -7.134080780780640988e-06 6.401837262750985635e-01
1.580548129158273696e+02 1.280957740887676666e+00 1.099653707055620998e-03 6.410286972973661124e-01
1.590548434352681397e+02 1.280657466765873664e+00 1.325650159170752582e-03 6.409915584625222040e-01
1.600548739547091373e+02 1.280674899535360289e+00 7.029436550962367327e-04 6.406889215952282779e-01
1.610549044741501348e+02 1.281168882946136733e+00 3.915809010217816957e-04 6.407802319235792465e-01
1.620549349935909049e+02 1.281786825176650213e+00 -1.627109354091069084e-04 6.408120571206205041e-01
1.630549655130316751e+02 1.281928216765873874e+00 6.156674436651349844e-04 6.412719421047694546e-01
1.640549960324726726e+02 1.281963159870006086e+00 7.028676387988552071e-04 6.413330137544024367e-01
1.650550265519136701e+02 1.282616035509006602e+00 4.257692307691367598e-04 6.415209023698879021e-01
1.660550570713544403e+02 1.283762952732653284e+00 4.257692307691367598e-04 6.420943609817112430e-01
1.670550875907952104e+02 1.285545283738878775e+00 6.157434599625165100e-04 6.430805135994206445e-01
1.680551181102362079e+02 1.287575299689101671e+00 8.584634975015552078e-04 6.442168815933015935e-01
1.690551486296772055e+02 1.289375189508197961e+00 4.257692307691367598e-04 6.449004793694835813e-01
1.700551791491179756e+02 1.291722863871485938e+00 3.742301811445479021e-04 6.460485470263152008e-01
1.710552096685587458e+02 1.293946734545355026e+00 -3.182117737400392090e-04 6.468142613858074430e-01
1.720552401879997433e+02 1.295888015953674977e+00 2.700973557691701047e-04 6.480790566547220966e-01
1.730552707074407408e+02 1.298253190955964032e+00 -5.845458355051636655e-05 6.490973681862067801e-01
1.740553012268815110e+02 1.299912697532903616e+00 -2.402870287387942746e-05 6.499443344150148683e-01
1.750553317463222811e+02 1.300354091765873576e+00 1.144254807692034767e-04 6.502342586233214039e-01
1.760553622657632786e+02 1.300742130865092383e+00 4.774793170629609016e-04 6.506098050910776864e-01
1.770553927852042762e+02 1.301766087920423587e+00 8.927848557692696658e-04 6.513294363880964832e-01
1.780554233046450463e+02 1.301624841765873342e+00 7.026015817580203012e-04 6.511637216738156431e-01
1.790554538240858164e+02 1.301465998015873593e+00 2.528321542264554264e-04 6.508594150850500748e-01
1.800554843435268140e+02 1.301818938880642040e+00 1.317001843491262720e-04 6.509753195324955444e-01
1.810555148629678115e+02 1.302260216765873668e+00 5.987253113863618293e-04 6.514294710386300258e-01
1.820555453824085816e+02 1.302260216765873668e+00 8.927848557692696658e-04 6.515765008108215239e-01
1.830555759018493518e+02 1.302648527343148510e+00 5.641378960777999971e-04 6.516063326196132044e-01
1.840556064212903493e+02 1.303548632230837168e+00 7.890511159550418242e-04 6.521688416733960603e-01
1.850556369407313468e+02 1.304078198658308096e+00 1.169484178237562878e-03 6.526238414182727876e-01
1.860556674601721170e+02 1.305896258115901043e+00 5.814411057692181776e-04 6.532388496108351150e-01
1.870556979796128871e+02 1.307890526223466354e+00 8.927848557692696658e-04 6.543916555396178669e-01
1.880557284990538847e+02 1.309514411001132750e+00 3.910677910146303582e-04 6.549527393960736799e-01
1.890557590184948822e+02 1.311261750425002148e+00 2.874575776836823800e-04 6.557746040013429090e-01
1.900557895379356523e+02 1.313167933598871517e+00 -1.107252900373812321e-04 6.565286041544170503e-01
1.910558200573764225e+02 1.315056383438262699e+00 -6.465546682419553992e-04 6.572049143850103858e-01
1.920558505768174200e+02 1.316644869416487174e+00 -1.447520851527511418e-04 6.582500586656672148e-01
1.930558810962584175e+02 1.317862409717408756e+00 2.526991257059671750e-04 6.590575544215573345e-01
1.940559116156991877e+02 1.318303435515874256e+00 1.318332128695437250e-04 6.592176343643718628e-01
1.950559421351399578e+02 1.318126819648816728e+00 2.526801216316925921e-04 6.591897498852241633e-01
1.960559726545809553e+02 1.318144591765874063e+00 -4.124639423076653937e-05 6.590516726858216545e-01
1.970560031740219529e+02 1.317438050732485433e+00 1.144254807692034767e-04 6.587762381066273321e-01
1.980560336934627230e+02 1.316714998015874327e+00 -5.869213447979784856e-05 6.583281529406972421e-01
1.990560642129034932e+02 1.316326066917327342e+00 -4.124639423076653937e-05 6.581424102615482941e-01
2.000560947323444907e+02 1.314507464503620993e+00 -1.794535249073598920e-04 6.571640054893568283e-01
2.010561252517854882e+02 1.312319235020315000e+00 1.318997271297878235e-04 6.562255673737223960e-01
2.020561557712262584e+02 1.310589735583017390e+00 2.700973557691701047e-04 6.554299164693933033e-01
2.030561862906670285e+02 1.309195792719225482e+00 4.257692307691367598e-04 6.548107809749973418e-01
2.040562168101080260e+02 1.308419404260152019e+00 4.257692307691367598e-04 6.544225867454606105e-01
2.050562473295490236e+02 1.307801878942368656e+00 6.164656147877815157e-04 6.542091722785782215e-01
2.060562778489897937e+02 1.307325337996723569e+00 1.030934974222826820e-03 6.541781364854731828e-01
2.070563083684305639e+02 1.307573614375057813e+00 7.371129807692995955e-04 6.541553636779136038e-01
2.080563388878715614e+02 1.309197886978518799e+00 9.278663770107853934e-04 6.550628766777647494e-01
2.090563694073125589e+02 1.310945226402388197e+00 1.342250218111207174e-03 6.561437383102497467e-01
2.100563999267533291e+02 1.313046088429718150e+00 1.221688370464309257e-03 6.571338884000912373e-01
2.110564304461940992e+02 1.315764436992252095e+00 1.359800480769172938e-03 6.585621187365106044e-01
2.120564609656350967e+02 1.318659585639096576e+00 1.186549836999757981e-03 6.599230677380482080e-01
2.130564914850760942e+02 1.321959517763860559e+00 9.103731265759260841e-04 6.614349454452181920e-01
2.140565220045168644e+02 1.324624036106044178e+00 1.186530832925412546e-03 6.629052834694847407e-01
2.150565525239576345e+02 1.327237468095377348e+00 1.048456730769239736e-03 6.641429624130732456e-01
2.160565830433986321e+02 1.330519366320672026e+00 1.204128605769206337e-03 6.658617474632205768e-01
2.170566135628396296e+02 1.333114900149565241e+00 1.221754884724553410e-03 6.671683275171449434e-01
2.180566440822803997e+02 1.336573579067879436e+00 1.013185168784266942e-03 6.687933821183318361e-01
2.190566746017211699e+02 1.339061151891079771e+00 7.547582637989216307e-04 6.699079550774393876e-01
2.200567051211621674e+02 1.340736433282232465e+00 1.257092960969708557e-03 6.709967631216010586e-01
2.210567356406031649e+02 1.341407876081170292e+00 1.809151818665264647e-03 6.716085139499178291e-01
2.220567661600439351e+02 1.342483753314811734e+00 2.017835559051623078e-03 6.722507944369316979e-01
2.230567966794847052e+02 1.343277991456101272e+00 2.467186896947492093e-03 6.728725891765243716e-01
2.240568271989257028e+02 1.343895332556632738e+00 2.778540148984760209e-03 6.733369363528087792e-01
2.250568577183667003e+02 1.344231092738680911e+00 2.916519230769305370e-03 6.735738059847251602e-01
2.260568882378074704e+02 1.344689570697922054e+00 2.743135558479348982e-03 6.737163531282006623e-01
2.270569187572482406e+02 1.345324955393567334e+00 2.622896780096165177e-03 6.739739260868317094e-01
2.280569492766892381e+02 1.345270688869196984e+00 3.263324583497668324e-03 6.742670067263473177e-01
2.290569797961302356e+02 1.344635294477907417e+00 3.921511694374923800e-03 6.742784030861411759e-01
2.300570103155710058e+02 1.343981788621990026e+00 5.166924702523445490e-03 6.745743566622567355e-01
2.310570408350117759e+02 1.342851732124782593e+00 6.394578403196273832e-03 6.746231552639894158e-01
2.320570713544527734e+02 1.341776048804038002e+00 7.190735093820866189e-03 6.744833919489294782e-01
2.330571018738937710e+02 1.340591560956498007e+00 8.783048475069842737e-03 6.746873047157839753e-01
2.340571323933345411e+02 1.338757978771458523e+00 1.044213267153101463e-02 6.746000557214947291e-01
2.350571629127753113e+02 1.338403951994464380e+00 1.122052055264238270e-02 6.748122362735533564e-01
2.360571934322163088e+02 1.336779136434890214e+00 1.255495814706206713e-02 6.746670472909761518e-01
2.370572239516573063e+02 1.334695930176878820e+00 1.499233520426326328e-02 6.748441326905710858e-01
2.380572544710980765e+02 1.332508427866938794e+00 1.693174850139268425e-02 6.747200881841657338e-01
2.390572849905388466e+02 1.331255828114146444e+00 1.992527029227314853e-02 6.755905492032098225e-01
2.400573155099798441e+02 1.329948622489413257e+00 2.333231123887213529e-02 6.766404668641426978e-01
2.410573460294208417e+02 1.327901813682265342e+00 2.667293294563420972e-02 6.772873733139497254e-01
2.420573765488616118e+02 1.326313327704041090e+00 3.104974230403877850e-02 6.786815350040399375e-01
2.430574070683023820e+02 1.324334204193772013e+00 3.568429442075226471e-02 6.800092493072621425e-01
2.440574375877433795e+02 1.322042696701248854e+00 3.992332424015396924e-02 6.809830104707014220e-01
2.450574681071843770e+02 1.320240605970765646e+00 4.497653611469683288e-02 6.826085710427312048e-01
2.460574986266251472e+02 1.318157302756305604e+00 5.111952713053564273e-02 6.846384149434205924e-01
2.470575291460659173e+02 1.315792845231738006e+00 5.812498005238982829e-02 6.869589126420638792e-01
2.480575596655069148e+02 1.313196419403515947e+00 6.577104131635332085e-02 6.894837303599345990e-01
2.490575901849479123e+02 1.310410317674589598e+00 7.369830586840533937e-02 6.920543117714974546e-01
2.500576207043886825e+02 1.308662978250720643e+00 8.381728180859369937e-02 6.962401300296571227e-01
2.510576512238294526e+02 1.306738480003681202e+00 9.440914563275445981e-02 7.005738128182178448e-01
2.520576817432704502e+02 1.304691768152982156e+00 1.073123419910236159e-01 7.060020550720028654e-01
2.530577122627114477e+02 1.302254050335732050e+00 1.202215626408603827e-01 7.112378064882962647e-01
2.540577427821522178e+02 1.299785839715348557e+00 1.352682570506509308e-01 7.175270483829997437e-01
2.550577733015929880e+02 1.298001802275624783e+00 1.497164086368968916e-01 7.238591054562608651e-01
2.560578038210339855e+02 1.295991856310294565e+00 1.664457808014520868e-01 7.312188185558733400e-01
2.570578343404749830e+02 1.294702694280675415e+00 1.843009448281892615e-01 7.395018195544322825e-01
2.580578648599157532e+02 1.292918598667082142e+00 2.041799572543681052e-01 7.485492779607251235e-01
2.590578953793565233e+02 1.290749896212556092e+00 2.258910954759595635e-01 7.583204958442578691e-01
2.600579258987975209e+02 1.289711560515873545e+00 2.486739779722997590e-01 7.691927692440866382e-01
2.610579564182385184e+02 1.289815168177016247e+00 2.722894099616359753e-01 7.810522890693261111e-01
2.620579869376792885e+02 1.288544389090081621e+00 2.980843622254127356e-01 7.933143756577472061e-01
2.630580174571200587e+02 1.287572866082238088e+00 3.257113642683044930e-01 8.066421151752712904e-01
2.640580479765610562e+02 1.286246753949997101e+00 3.544281454525001762e-01 8.203374497012486666e-01
2.650580784960020537e+02 1.283900931454880157e+00 3.841985410245141175e-01 8.340497362396971370e-01
2.660581090154428239e+02 1.282349366492343101e+00 4.146459377410002256e-01 8.484976521166716079e-01
2.670581395348835940e+02 1.281928216765873652e+00 4.471352652336718081e-01 8.645317409997727021e-01
2.680581700543245915e+02 1.281872777068473912e+00 4.813008756100947139e-01 8.815868263392843129e-01
2.690582005737655891e+02 1.280919685481539005e+00 5.161724398382619983e-01 8.985460626599004463e-01
2.700582310932063592e+02 1.280162436225450451e+00 5.514641271379741028e-01 9.158132816817122768e-01
2.710582616126471294e+02 1.279667386293737774e+00 5.881856714893937133e-01 9.339265288915656882e-01
2.720582921320881269e+02 1.278976435857309690e+00 6.248059716347468262e-01 9.518912037460283138e-01
2.730583226515291244e+02 1.277443535011158149e+00 6.625704880923597440e-01 9.700070115517589464e-01
2.740583531709698946e+02 1.276966984369868774e+00 7.006567720347424144e-01 9.888118782023056497e-01
2.750583836904106647e+02 1.276368685515873569e+00 7.383305155312360757e-01 1.007349600523554933e+00
2.760584142098516622e+02 1.276331570587288855e+00 7.760224459268867392e-01 1.026177008257087797e+00
2.770584447292926598e+02 1.275518765286061784e+00 8.135688241171260549e-01 1.044543794701593864e+00
2.780584752487334299e+02 1.274761671160291376e+00 8.491823644199513188e-01 1.061972017790121292e+00
2.790585057681742001e+02 1.274406800862192712e+00 8.841367484041078306e-01 1.079271774633150383e+00
2.800585362876151976e+02 1.273668341765873402e+00 9.179368059084607179e-01 1.095802573837167060e+00
2.810585668070561951e+02 1.273864397400906734e+00 9.516092415515472469e-01 1.112736819476227046e+00
2.820585973264969653e+02 1.274200719930357772e+00 9.833952567588085669e-01 1.128797988344583114e+00
2.830586278459377354e+02 1.275097935515873360e+00 1.013001732687550227e+00 1.144049834101711793e+00
2.840586583653787329e+02 1.275135205574775998e+00 1.040291260378223503e+00 1.157713232976499640e+00
2.850586888848197304e+02 1.275415623015873301e+00 1.065813466167001122e+00 1.170614544591437323e+00
2.860587194042605006e+02 1.276181578961059992e+00 1.088066391544104450e+00 1.182123985252582221e+00
2.870587499237012707e+02 1.278564303080573783e+00 1.108002359181096352e+00 1.193283331130835068e+00
2.880587804431422683e+02 1.280610665888057609e+00 1.125657999431281642e+00 1.203134332659669514e+00
2.890588109625832658e+02 1.282516849061927200e+00 1.141024275857303927e+00 1.211770562459615563e+00
2.900588414820240359e+02 1.284581875985796318e+00 1.153350185449181664e+00 1.218966030717488991e+00
2.910588720014648061e+02 1.286132965861734645e+00 1.163148553153127152e+00 1.224640759507430898e+00
2.920589025209058036e+02 1.287600023583534981e+00 1.170574993831918320e+00 1.229087508707726650e+00
2.930589330403468011e+02 1.289646328217149529e+00 1.174338494201013106e+00 1.231992411209081428e+00
2.940589635597875713e+02 1.290842198751773529e+00 1.176197083169951974e+00 1.233519640960862862e+00
2.950589940792283414e+02 1.291159895947418201e+00 1.175500916416495567e+00 1.233330406181956995e+00
2.960590245986693390e+02 1.291477593143063096e+00 1.173577675586633617e+00 1.232527634364848357e+00
2.970590551181103365e+02 1.291972895161542789e+00 1.170317070534902637e+00 1.231144982848222824e+00
2.980590856375511066e+02 1.292449445802832386e+00 1.164602355338510975e+00 1.228525900570671681e+00
2.990591161569918768e+02 1.293421308158246630e+00 1.157752583793694168e+00 1.225586945975970288e+00
3.000591466764328743e+02 1.294019131925642663e+00 1.150499393758672051e+00 1.222259262842157357e+00
3.010591771958738718e+02 1.294374428832116175e+00 1.141900335178511305e+00 1.218137382005313629e+00
3.020592077153146420e+02 1.295486364169050386e+00 1.132889524821549809e+00 1.214187944495300098e+00
3.030592382347554121e+02 1.296224154265873452e+00 1.123997518435357446e+00 1.210110836350615449e+00
3.040592687541964096e+02 1.296121797342919768e+00 1.114775696338899724e+00 1.205448746840909635e+00
3.050592992736374072e+02 1.297589097455842166e+00 1.105683073441878994e+00 1.201636085448860580e+00
3.060593297930781773e+02 1.298447966765873263e+00 1.097587888888913232e+00 1.198017927827393247e+00
3.070593603125189475e+02 1.298625668545156708e+00 1.089722302060150971e+00 1.194173985302653840e+00
3.080593908319599450e+02 1.299121077215730002e+00 1.083606163801360989e+00 1.191363620508545385e+00
3.090594213514009425e+02 1.299419906686446691e+00 1.078798684110140682e+00 1.189109295398293575e+00
3.100594518708417127e+02 1.299680942533437689e+00 1.074395117015057854e+00 1.187038029774247772e+00
3.110594823902824828e+02 1.299064444954010744e+00 1.072500933414870072e+00 1.185782689184440297e+00
3.120595129097234803e+02 1.298568997500857858e+00 1.072300744495715774e+00 1.185434870998286705e+00
3.130595434291644779e+02 1.298111363062720791e+00 1.074105865501484347e+00 1.186108614282102458e+00
3.140595739486052480e+02 1.297952509617076089e+00 1.077679116082306932e+00 1.187815812849691621e+00
3.150596044680460182e+02 1.297457033076989008e+00 1.083009236324134372e+00 1.190233134700561690e+00
3.160596349874870157e+02 1.297196162055961111e+00 1.089466231660383144e+00 1.193331196858172127e+00
3.170596655069280132e+02 1.297158261780141597e+00 1.097554327693619936e+00 1.197356294736880766e+00
3.180596960263687834e+02 1.296840564584496480e+00 1.106857762787351707e+00 1.201849163685924093e+00
3.190597265458095535e+02 1.297018373015873527e+00 1.115905602583175948e+00 1.206461987799524849e+00
3.200597570652505510e+02 1.296878513338540317e+00 1.125943307599428289e+00 1.211410910468984303e+00
3.210597875846915485e+02 1.297018373015873749e+00 1.136180745437050943e+00 1.216599559226462457e+00
3.220598181041323187e+02 1.297374067443786583e+00 1.146181297487955941e+00 1.221777682465871262e+00
3.230598486235730888e+02 1.298028474994677550e+00 1.156904346437323428e+00 1.227466410716000489e+00
3.240598791430140864e+02 1.298606810515873455e+00 1.167216289748416846e+00 1.232911550132145262e+00
3.250599096624550839e+02 1.298746621714982341e+00 1.177690394825898768e+00 1.238218508270440665e+00
3.260599401818958540e+02 1.298130279265873543e+00 1.186140651503933219e+00 1.242135465384903270e+00
3.270599707013366242e+02 1.298625862458054447e+00 1.192934418041654565e+00 1.245780140249854506e+00
3.280600012207776217e+02 1.298587748878047510e+00 1.198794096317154168e+00 1.248690922597600839e+00
3.290600317402186192e+02 1.298505180766285516e+00 1.203819286684074452e+00 1.251162233725179984e+00
3.300600622596593894e+02 1.299299428603219786e+00 1.206914128697327504e+00 1.253106778650273645e+00
3.310600927791001595e+02 1.300373182490633717e+00 1.209678898445313067e+00 1.255026040467973392e+00
3.320601232985411571e+02 1.300729080527089687e+00 1.211746066632229502e+00 1.256237573579659594e+00
3.330601538179821546e+02 1.301364484614024208e+00 1.211577528998897257e+00 1.256471006806460622e+00
3.340601843374229247e+02 1.302654383512653835e+00 1.209011760415419134e+00 1.255833071964036485e+00
3.350602148568636949e+02 1.303925172295233414e+00 1.205605622162352342e+00 1.254765397228792878e+00
3.360602453763046924e+02 1.305373944030798095e+00 1.202417061556464883e+00 1.253895502793631600e+00
3.370602758957456899e+02 1.306765288461763319e+00 1.197223457082695841e+00 1.251994372772229580e+00
3.380603064151864601e+02 1.307896382392972123e+00 1.192241795548064198e+00 1.250069088970518161e+00
3.390603369346272302e+02 1.308950822555793536e+00 1.186774332860942582e+00 1.247862577708368059e+00
3.400603674540682277e+02 1.309326053708131044e+00 1.181188769353799906e+00 1.245257411530965364e+00
3.410603979735092253e+02 1.310596842490710623e+00 1.176051435944167611e+00 1.243324139217439228e+00
3.420604284929499954e+02 1.312007277646435988e+00 1.170951730601740071e+00 1.241479504124088029e+00
3.430604590123907656e+02 1.312782318410871785e+00 1.166319078892461114e+00 1.239550698651666449e+00
3.440604895318317631e+02 1.313595773320305637e+00 1.162445991528653355e+00 1.238020882424479385e+00
3.450605200512727606e+02 1.314332341765873657e+00 1.159058781333633936e+00 1.236695561549753908e+00
3.460605505707135308e+02 1.314173498015873687e+00 1.155827281021763797e+00 1.235000389518818853e+00
3.470605810901543009e+02 1.314351587620952166e+00 1.153510988424254480e+00 1.233931288022603212e+00
3.480606116095952984e+02 1.314866639668043735e+00 1.151892886514118919e+00 1.233379763091081216e+00
3.490606421290362960e+02 1.315622357012242283e+00 1.151289060557906252e+00 1.233455708785074378e+00
3.500606726484770661e+02 1.316315566533926118e+00 1.151171159280667933e+00 1.233743362907297136e+00
3.510607031679178363e+02 1.317051970153531260e+00 1.151675983511577517e+00 1.234363976832554499e+00
3.520607336873588338e+02 1.317369667349176376e+00 1.153327276037557247e+00 1.235348471693366701e+00
3.530607642067998313e+02 1.317528520794821079e+00 1.155662430178854949e+00 1.236595475486838014e+00
3.540607947262406014e+02 1.318005061740465944e+00 1.157997584320152429e+00 1.238001323030309297e+00
3.550608252456813716e+02 1.318144591765873619e+00 1.161012238641704553e+00 1.239578415203788975e+00
3.560608557651223691e+02 1.317985748015873426e+00 1.164281452539114081e+00 1.241133600277493754e+00
3.570608862845633666e+02 1.318144591765873619e+00 1.167687381747363862e+00 1.242915986756618629e+00
3.580609168040041368e+02 1.318125239258701731e+00 1.170975552208931791e+00 1.244550395733816650e+00
3.590609473234449069e+02 1.317788179860239328e+00 1.174206814969872559e+00 1.245997497415055832e+00
3.600609778428859045e+02 1.317389116812797356e+00 1.176815352222665423e+00 1.247102234517731389e+00
3.610610083623269020e+02 1.318005129609980397e+00 1.178432836500384884e+00 1.248218983055182640e+00
3.620610388817676721e+02 1.318303435515873812e+00 1.179074547078804658e+00 1.248688991297339346e+00
3.630610694012084423e+02 1.318105789795080751e+00 1.179970579682150911e+00 1.249038184738615831e+00
3.640610999206494398e+02 1.317846314946914621e+00 1.180088214902348609e+00 1.248967264924631504e+00
3.650611304400904373e+02 1.317985748015873426e+00 1.179951566105768679e+00 1.248968657060820941e+00
3.660611609595312075e+02 1.317966317943542576e+00 1.179951566105768679e+00 1.248958942024655627e+00
3.670611914789719776e+02 1.317648620747897237e+00 1.179621170771237404e+00 1.248634895759567431e+00
3.680612219984129752e+02 1.317489767302252535e+00 1.179271695346063131e+00 1.248380731324157722e+00
3.690612525178539727e+02 1.316993767197341958e+00 1.178687120517162956e+00 1.247840443857252346e+00
3.700612830372947428e+02 1.316734466870784104e+00 1.178239175480768175e+00 1.247486821175776139e+00
3.710613135567355130e+02 1.316478240063652105e+00 1.178181906702728599e+00 1.247330073383190463e+00
3.720613440761765105e+02 1.315603091765873645e+00 1.176936503196617023e+00 1.246269797481245334e+00
3.730613745956175080e+02 1.315603091765873645e+00 1.176196332509014564e+00 1.245899712137444215e+00
3.740614051150582782e+02 1.315048529965913371e+00 1.176272795402143023e+00 1.245660662684028086e+00
3.750614356344990483e+02 1.313599380100199054e+00 1.177400782234911292e+00 1.245500081167555173e+00
3.760614661539400458e+02 1.312387162708314126e+00 1.179326303553694943e+00 1.245856733131004646e+00
3.770614966733810434e+02 1.311969222240298549e+00 1.182011094654798145e+00 1.246990158447548236e+00
3.780615271928218135e+02 1.312465309606012820e+00 1.185706579441810682e+00 1.249085944523911751e+00
3.790615577122625837e+02 1.312565504400159178e+00 1.190300225288495772e+00 1.251432864844327586e+00
3.800615882317035812e+02 1.312663323761311007e+00 1.194230486409970871e+00 1.253446905085640939e+00
3.810616187511445787e+02 1.313696966765873553e+00 1.198570247325440041e+00 1.256133607045656797e+00
3.820616492705853489e+02 1.314232253623820679e+00 1.203044348042456191e+00 1.258638300833138324e+00
3.830616797900261190e+02 1.314987311664167491e+00 1.209096528089035782e+00 1.262041919876601526e+00
3.840617103094671165e+02 1.314948112171934635e+00 1.214331903518216071e+00 1.264640007845075242e+00
3.850617408289081141e+02 1.314630414976289741e+00 1.218671635927573549e+00 1.266651025451931645e+00
3.860617713483488842e+02 1.314887368956787705e+00 1.223186253331093321e+00 1.269036811143940513e+00
3.870618018677896544e+02 1.315742301835000294e+00 1.227662387484064199e+00 1.271702344659532358e+00
3.880618323872306519e+02 1.315226474136318657e+00 1.231048780503886775e+00 1.273137627320102716e+00
3.890618629066716494e+02 1.314669682338036827e+00 1.233793187386211798e+00 1.274231434862124424e+00
3.900618934261124195e+02 1.314789210248065610e+00 1.235272892124926969e+00 1.275031051186496178e+00
3.910619239455531897e+02 1.314094808162061812e+00 1.236537575264461841e+00 1.275316191713261826e+00
3.920619544649941872e+02 1.313002545288580292e+00 1.237569448991229226e+00 1.275285997139904648e+00
3.930619849844351847e+02 1.312069145556388206e+00 1.238230743268262213e+00 1.275149944412325098e+00
3.940620155038759549e+02 1.311790841765873683e+00 1.238620554841234123e+00 1.275205698303553792e+00
3.950620460233167250e+02 1.311592575523808923e+00 1.238095576789480567e+00 1.274844076156644856e+00
3.960620765427577226e+02 1.310778616440841704e+00 1.236869490924941362e+00 1.273824053682891533e+00
3.970621070621987201e+02 1.309805794216584829e+00 1.235779759293829549e+00 1.272792776755207189e+00
3.980621375816394902e+02 1.308376161684005723e+00 1.234418278901616706e+00 1.271397220292811214e+00
3.990621681010802604e+02 1.307125122930038241e+00 1.231654810932723665e+00 1.269389966931381064e+00
4.000621986205212579e+02 1.306013187593103364e+00 1.229669740346978735e+00 1.267841463970041049e+00
4.010622291399622554e+02 1.305000787746463109e+00 1.227529710539021934e+00 1.266265249142742633e+00
4.020622596594030256e+02 1.303114383688140698e+00 1.224279880797446207e+00 1.263697132242793453e+00
4.030622901788437957e+02 1.301545686521108136e+00 1.221574660316421701e+00 1.261560173418764919e+00
4.040623206982847933e+02 1.300255099231692357e+00 1.219998490896328835e+00 1.260126795064010707e+00
4.050623512177257908e+02 1.298626996848504911e+00 1.218324868582993270e+00 1.258475932715749090e+00
4.060623817371665609e+02 1.296085428978991372e+00 1.217118299902806733e+00 1.256601864440899163e+00
4.070624122566073311e+02 1.294199063703247887e+00 1.216845800480768736e+00 1.255522432092008422e+00
4.080624427760483286e+02 1.292292880529378740e+00 1.217040354691879100e+00 1.254666617610628920e+00
4.090624732954893261e+02 1.290545541105509120e+00 1.217526839991046161e+00 1.254036190548277752e+00
4.100625038149300963e+02 1.288321670431640031e+00 1.218947375544287226e+00 1.253634522987963518e+00
4.110625343343708664e+02 1.286772907510471908e+00 1.220076056025769518e+00 1.253424481768120824e+00
4.120625648538116366e+02 1.285303522833901813e+00 1.222313956816603930e+00 1.253808739825252871e+00
4.130625953732528615e+02 1.283734912927672278e+00 1.225466457191421776e+00 1.254600685059547027e+00
4.140626258926936316e+02 1.281987583199448277e+00 1.228735671088829973e+00 1.255361627144139014e+00
4.150626564121344018e+02 1.280756595039084011e+00 1.232121541496607575e+00 1.256439068267845904e+00
4.160626869315756267e+02 1.280002176911299028e+00 1.234748531705590624e+00 1.257375354308444937e+00
4.170627174510163968e+02 1.279505711415434455e+00 1.237239357721887423e+00 1.258372534568660939e+00
4.180627479704571670e+02 1.278691539028280255e+00 1.239515903297903732e+00 1.259103721163091993e+00
4.190627784898979371e+02 1.277957123015873497e+00 1.241111760939017428e+00 1.259534441977445463e+00
4.200628090093387073e+02 1.277937169378719373e+00 1.243252123318275171e+00 1.260594646348497161e+00
4.210628395287799322e+02 1.277619472183074922e+00 1.244477981133923050e+00 1.261048726658498875e+00
4.220628700482207023e+02 1.277122958208985803e+00 1.245859491820495935e+00 1.261491225014740980e+00
4.230629005676614725e+02 1.276328720067696265e+00 1.246637879701607110e+00 1.261483299884651688e+00
4.240629310871026973e+02 1.276031005596140355e+00 1.247532753056418420e+00 1.261781879326279387e+00
4.250629616065434675e+02 1.275554464650495046e+00 1.247649229028081175e+00 1.261601846839288221e+00
4.260629921259842376e+02 1.275236767454850373e+00 1.247162591696319822e+00 1.261199679575585098e+00
4.270630226454250078e+02 1.274561339745868827e+00 1.246910094062530172e+00 1.260735716904199499e+00
4.280630531648657779e+02 1.274164904218187511e+00 1.247221447314567078e+00 1.260693175766377294e+00
4.290630836843070028e+02 1.274522683209748486e+00 1.247513159855768272e+00 1.261017921532758379e+00
4.300631142037477730e+02 1.274858889391460970e+00 1.247182165892895211e+00 1.261020527642178202e+00
4.310631447231885431e+02 1.273767004648130197e+00 1.247396807410589004e+00 1.260581906029359711e+00
4.320631752426297680e+02 1.272634999326302196e+00 1.247844172822716091e+00 1.260239586074509255e+00
4.330632057620705382e+02 1.271742137085336122e+00 1.248194883512722342e+00 1.259968510299029232e+00
4.340632362815113083e+02 1.271384261137326055e+00 1.249323991585877591e+00 1.260354126361601823e+00
4.350632668009520785e+02 1.270471367694046450e+00 1.250685690524945715e+00 1.260578529109495971e+00
4.360632973203928486e+02 1.270272296713456983e+00 1.251795129381152671e+00 1.261033713047304827e+00
4.370633278398340735e+02 1.269160361376522106e+00 1.253255364445701847e+00 1.261207862911112088e+00
4.380633583592748437e+02 1.268605469924636076e+00 1.255785633418303071e+00 1.262195551671469573e+00
4.390633888787156138e+02 1.268703909807060271e+00 1.258217261743014737e+00 1.263460585775037615e+00
4.400634193981568387e+02 1.268247506715822093e+00 1.260260798363483037e+00 1.264254152539652676e+00
4.410634499175976089e+02 1.267591964774480440e+00 1.261894236561615257e+00 1.264743100668047848e+00
4.420634804370383790e+02 1.266996904265873969e+00 1.263023496667364798e+00 1.265010200466619494e+00
4.430635109564791492e+02 1.267294415128887408e+00 1.264560489188194081e+00 1.265927452158540856e+00
4.440635414759199193e+02 1.266260597602717253e+00 1.265766335713556012e+00 1.266013466658136633e+00
4.450635719953611442e+02 1.265229426987597883e+00 1.266604092322922703e+00 1.265916759655260293e+00
4.460636025148019144e+02 1.264573836568031684e+00 1.268316530458108549e+00 1.266445183513070116e+00
4.470636330342426845e+02 1.264276345096308152e+00 1.269111926985759142e+00 1.266694136041033758e+00
4.480636635536839094e+02 1.263600510170240998e+00 1.268548684230311308e+00 1.266074597200276042e+00
4.490636940731246796e+02 1.262647418583306314e+00 1.268860037482348879e+00 1.265753728032827485e+00
4.500637245925654497e+02 1.261893659759373287e+00 1.268625014094919567e+00 1.265259336927146538e+00
4.510637551120062199e+02 1.261575962563728392e+00 1.268373191105769404e+00 1.264974576834748898e+00
4.520637856314469900e+02 1.261079157720293331e+00 1.267846597707696699e+00 1.264462877713995015e+00
4.530638161508882149e+02 1.260443763329003541e+00 1.267263619221041138e+00 1.263853691275022229e+00
4.540638466703289851e+02 1.260126056437713915e+00 1.266346102511647809e+00 1.263236079474680862e+00
4.550638771897697552e+02 1.258814701076973908e+00 1.263914939786757952e+00 1.261364820431865930e+00
4.560639077092109801e+02 1.257902205155134290e+00 1.262378070792411044e+00 1.260140137973772667e+00
4.570639382286517503e+02 1.257445966889859434e+00 1.261503721837892833e+00 1.259474844363876134e+00
4.580639687480925204e+02 1.257466279265874176e+00 1.261367956730769624e+00 1.259417117998321789e+00
4.590639992675332905e+02 1.257307435515873983e+00 1.261192359083818548e+00 1.259249897299846266e+00
4.600640297869740607e+02 1.257287094052924825e+00 1.260881005831781421e+00 1.259084049942353012e+00
4.610640603064152856e+02 1.256989748015873820e+00 1.260589597355769254e+00 1.258789672685821426e+00
4.620640908258560557e+02 1.256949026307395467e+00 1.260549688799643908e+00 1.258749357553519577e+00
4.630641213452968259e+02 1.255975573866222161e+00 1.260142545510869461e+00 1.258059059688545922e+00
4.640641518647380508e+02 1.255360550024815947e+00 1.260453898762906366e+00 1.257907224393861156e+00
4.650641823841788209e+02 1.255104012957047876e+00 1.260549631787420966e+00 1.257826822372234421e+00
4.660642129036195911e+02 1.254863580355418007e+00 1.259946917569558344e+00 1.257405248962488287e+00
4.670642434230603612e+02 1.253930898100946711e+00 1.259811237980769327e+00 1.256871068040858130e+00
4.680642739425011314e+02 1.252916559125332174e+00 1.259595532234912385e+00 1.256256045680122391e+00
4.690643044619423563e+02 1.251527774344614263e+00 1.258641451686477897e+00 1.255084613015545969e+00
4.700643349813831264e+02 1.250933247096475576e+00 1.257436099267049245e+00 1.254184673181762300e+00
4.710643655008238966e+02 1.250256966170744777e+00 1.256813392762974768e+00 1.253535179466859883e+00
4.720643960202651215e+02 1.249324332394497805e+00 1.255954817190162442e+00 1.252639574792330013e+00
4.730644265397058916e+02 1.248888716765873985e+00 1.253931025802939470e+00 1.251409871284406616e+00
4.740644570591466618e+02 1.248868239563896365e+00 1.252394318343225565e+00 1.250631278953560965e+00
4.750644875785874319e+02 1.248371211720628926e+00 1.250486052723948083e+00 1.249428632222288504e+00
4.760645180980282021e+02 1.247694824142804526e+00 1.248678185629437332e+00 1.248186504886120929e+00
4.770645486174694270e+02 1.246823748015874145e+00 1.247101332062667600e+00 1.246962540039270984e+00
4.780645791369101971e+02 1.247003107750431106e+00 1.245876015863139230e+00 1.246439561806785168e+00
4.790646096563509673e+02 1.247541225736682025e+00 1.244650718667685396e+00 1.246095972202183599e+00
4.800646401757921922e+02 1.248591564641721163e+00 1.243716658911573569e+00 1.246154111776647255e+00
4.810646706952329623e+02 1.248868171694382134e+00 1.242822868789000168e+00 1.245845520241691151e+00
4.820647012146737325e+02 1.248371075981600686e+00 1.242843003605769381e+00 1.245607039793684923e+00
4.830647317341145026e+02 1.247956218728655475e+00 1.242707485551612256e+00 1.245331852140133755e+00
4.840647622535552728e+02 1.248273915924300148e+00 1.243194674001529831e+00 1.245734294962915101e+00
4.850647927729964977e+02 1.248371017807731409e+00 1.243641535805686704e+00 1.246006276806709057e+00
4.860648232924372678e+02 1.247535592567009299e+00 1.244304597461633355e+00 1.245920095014321216e+00
4.870648538118780380e+02 1.246706110756595987e+00 1.245198273559760871e+00 1.245952192158178429e+00
4.880648843313192629e+02 1.247300279265873835e+00 1.245218484392827341e+00 1.246259381829350588e+00
4.890649148507600330e+02 1.246782502742572074e+00 1.246172745479968036e+00 1.246477624111270055e+00
4.900649453702008032e+02 1.246726801262760809e+00 1.247127025571182823e+00 1.246926913416971816e+00
4.910649758896415733e+02 1.247417838959992809e+00 1.248548340291472325e+00 1.247983089625732678e+00
4.920650064090823435e+02 1.246485408792288530e+00 1.249360983016591264e+00 1.247923195904439897e+00
4.930650369285235683e+02 1.246388539604334378e+00 1.249401471196984081e+00 1.247895005400659230e+00
4.940650674479643385e+02 1.247320950380748972e+00 1.249536894230768969e+00 1.248428922305758970e+00
4.950650979674051086e+02 1.247100073894833905e+00 1.249536894230768969e+00 1.248318484062801437e+00
4.960651284868463335e+02 1.246823748015874145e+00 1.249205273133442429e+00 1.248014510574658287e+00
4.970651590062871037e+02 1.246644204064064176e+00 1.249205263631405050e+00 1.247924733847734613e+00
4.980651895257278738e+02 1.246547480310783218e+00 1.248677349450165730e+00 1.247612414880474585e+00
4.990652200451686440e+02 1.247120715922773959e+00 1.247513159855768716e+00 1.247316937889271227e+00
5.000652505646094141e+02 1.246443872649640738e+00 1.247472529144818543e+00 1.246958200897229752e+00
5.010652810840506390e+02 1.245891424500263245e+00 1.246849822640744287e+00 1.246370623570503877e+00
5.020653116034914092e+02 1.246188373015873596e+00 1.246247450496219766e+00 1.246217911756046792e+00
5.030653421229321793e+02 1.246430250268589779e+00 1.246267784855769278e+00 1.246349017562179640e+00
5.040653726423734042e+02 1.247617966765873998e+00 1.245739709139897400e+00 1.246678837952885699e+00
5.050654031618141744e+02 1.247859921583749143e+00 1.244981684124446986e+00 1.246420802854097953e+00
5.060654336812549445e+02 1.248909504228487677e+00 1.244027261502674397e+00 1.246468382865581148e+00
5.070654642006957147e+02 1.249047560515873734e+00 1.243560217371563192e+00 1.246303888943718352e+00
5.080654947201364848e+02 1.249227211119777303e+00 1.242687331730769174e+00 1.245957271425273127e+00
5.090655252395777097e+02 1.249724568614970499e+00 1.242335186233149757e+00 1.246029877424060128e+00
5.100655557590184799e+02 1.250159466765873972e+00 1.242240726481616209e+00 1.246200096623744979e+00
5.110655862784592500e+02 1.250000623015873780e+00 1.242199896227885292e+00 1.246100259621879536e+00
5.120656167979004749e+02 1.250159466765873972e+00 1.242044214850847927e+00 1.246101840808361061e+00
5.130656473173412451e+02 1.250180322098001673e+00 1.241753300480769040e+00 1.245966811289385356e+00
5.140656778367820152e+02 1.250297445488101289e+00 1.241929420739764867e+00 1.246113433113932967e+00
5.150657083562227854e+02 1.250339185239291107e+00 1.241888514469736471e+00 1.246113849854513678e+00
5.160657388756635555e+02 1.250477154265873914e+00 1.242302185658048508e+00 1.246389669961961211e+00
5.170657693951047804e+02 1.250498048380580984e+00 1.243154347355769129e+00 1.246826197868175168e+00
5.180657999145455506e+02 1.250456250455521667e+00 1.242998675480769366e+00 1.246727462968145517e+00
5.190658304339863207e+02 1.250000623015874224e+00 1.242781515923224944e+00 1.246391069469549695e+00
5.200658609534275456e+02 1.249979699814232070e+00 1.242023633438332109e+00 1.246001666626282089e+00
5.210658914728683158e+02 1.250021555913160887e+00 1.241224740161001927e+00 1.245623148037081407e+00
5.220659219923090859e+02 1.250339253108805782e+00 1.240290680404890322e+00 1.245314966756847941e+00
5.230659525117498561e+02 1.250477154265873914e+00 1.239336086746448906e+00 1.244906620506161410e+00
5.240659830311906262e+02 1.250414268313209787e+00 1.238484191105769572e+00 1.244449229709489568e+00
5.250660135506318511e+02 1.249482148406141357e+00 1.238131741542960462e+00 1.243806944974550799e+00
5.260660440700726213e+02 1.249068541891384942e+00 1.237664706913886192e+00 1.243366624402635567e+00
5.270660745895133914e+02 1.249503100694717928e+00 1.236689512838853977e+00 1.243096306766785952e+00
5.280661051089546163e+02 1.249227405032675042e+00 1.235599771705705008e+00 1.242413588369190025e+00
5.290661356283953864e+02 1.249883800190765726e+00 1.234571803316216076e+00 1.242227801753490901e+00
5.300661661478361566e+02 1.249979602857782979e+00 1.234281050480769304e+00 1.242130326669276030e+00
5.310661966672769267e+02 1.249682935515873838e+00 1.234260440562141792e+00 1.241971688039007926e+00
5.320662271867176969e+02 1.249524091765873868e+00 1.234145998026433988e+00 1.241835044896153928e+00
5.330662577061589218e+02 1.249661886270848399e+00 1.234436722355769289e+00 1.242049304313308955e+00
5.340662882255996919e+02 1.249365248015873675e+00 1.234477999205247256e+00 1.241921623610560577e+00
5.350663187450404621e+02 1.249407385288503702e+00 1.235277025511098081e+00 1.242342205399801003e+00
5.360663492644816870e+02 1.250201623429793463e+00 1.235661439926955874e+00 1.242931531678374668e+00
5.370663797839224571e+02 1.250635998015873218e+00 1.235702764286620070e+00 1.243169381151246533e+00
5.380664103033632273e+02 1.250678193462372745e+00 1.236211142279432629e+00 1.243444667870902798e+00
5.390664408228039974e+02 1.251313587853662757e+00 1.236927472355769497e+00 1.244120530104716238e+00
5.400664713422447676e+02 1.252086708880413068e+00 1.236771800480769734e+00 1.244429254680591512e+00
5.410665018616859925e+02 1.252266689136242395e+00 1.237145259047767398e+00 1.244705974092005007e+00
5.420665323811267626e+02 1.252700966765873503e+00 1.237882218046805871e+00 1.245291592406339687e+00
5.430665629005675328e+02 1.253060946668821618e+00 1.237861503605769409e+00 1.245461225137295624e+00
5.440665934200087577e+02 1.253516341412992618e+00 1.238037908925880393e+00 1.245777125169436506e+00
5.450666239394495278e+02 1.253812873015873741e+00 1.238681348875065202e+00 1.246247110945469583e+00
5.460666544588902980e+02 1.253791697727464793e+00 1.238774782406584229e+00 1.246283240067024511e+00
5.470666849783310681e+02 1.253495185515873356e+00 1.239034254535658297e+00 1.246264720025765715e+00
5.480667154977718383e+02 1.253495185515873356e+00 1.239885237980768995e+00 1.246690211748321175e+00
5.490667460172130632e+02 1.253473981140529991e+00 1.240238143641362090e+00 1.246856062390945930e+00
5.500667765366538333e+02 1.253357555836861481e+00 1.240393834520436611e+00 1.246875695178649046e+00
5.510668070560946035e+02 1.253696476799139425e+00 1.241151412940140419e+00 1.247423944869639811e+00
5.520668375755358284e+02 1.254511948402707411e+00 1.241639247528585344e+00 1.248075597965646377e+00
5.530668680949765985e+02 1.255263709923796211e+00 1.241867334428878200e+00 1.248565522176337206e+00
5.540668986144173687e+02 1.255401310515873448e+00 1.241639285536733972e+00 1.248520298026303710e+00
5.550669291338581388e+02 1.255581416815086060e+00 1.242106320165808242e+00 1.248843868490447040e+00
5.560669596532989090e+02 1.255761542505588579e+00 1.243258584703552660e+00 1.249510063604570620e+00
5.570669901727401339e+02 1.256937313968385483e+00 1.244617965145550453e+00 1.250777639556968079e+00
5.580670206921809040e+02 1.258101654265873615e+00 1.245593757848924454e+00 1.251847706057398923e+00
5.590670512116216742e+02 1.258303100679457165e+00 1.247150524109110092e+00 1.252726812394283629e+00
5.600670817310628991e+02 1.258895873015873468e+00 1.248530733016590677e+00 1.253713303016231961e+00
5.610671122505036692e+02 1.258800991435119032e+00 1.250087489774739602e+00 1.254444240604929206e+00
5.620671427699444394e+02 1.259732752603326844e+00 1.251000654551108315e+00 1.255366703577217580e+00
5.630671732893852095e+02 1.260389487108988238e+00 1.251934714307219698e+00 1.256162100708103857e+00
5.640672038088259796e+02 1.261321228885906365e+00 1.253201041299185414e+00 1.257261135092545778e+00
5.650672343282672045e+02 1.262020701794180244e+00 1.254269849444443308e+00 1.258145275619311665e+00
5.660672648477079747e+02 1.263004441314567350e+00 1.255203909200554913e+00 1.259104175257561131e+00
5.670672953671487448e+02 1.263089947206726293e+00 1.256158920948631907e+00 1.259624434077679211e+00
5.680673258865899697e+02 1.264180493951065465e+00 1.257206739093774894e+00 1.260693616522420069e+00
5.690673564060307399e+02 1.264476802554114210e+00 1.257631831730768868e+00 1.261054317142441539e+00
5.700673869254715100e+02 1.265335254951416522e+00 1.258182769348078045e+00 1.261759012149747283e+00
5.710674174449122802e+02 1.266786305163526416e+00 1.259053868605882975e+00 1.262920086884704585e+00
5.720674479643530503e+02 1.268151665266224137e+00 1.259230549485071737e+00 1.263691107375648048e+00
5.730674784837942752e+02 1.268606778836693927e+00 1.259634557101579455e+00 1.264120667969136580e+00
5.740675090032350454e+02 1.268967369565269454e+00 1.259302185343316394e+00 1.264134777454292813e+00
5.750675395226758155e+02 1.270057848440093506e+00 1.258502778955979284e+00 1.264280313698036284e+00
5.760675700421170404e+02 1.270534399081383770e+00 1.258140922376369319e+00 1.264337660728876545e+00
5.770676005615578106e+02 1.271710752282872781e+00 1.258368097081093540e+00 1.265039424681983160e+00
5.780676310809985807e+02 1.273118908962052265e+00 1.257943175480768394e+00 1.265531042221410329e+00
5.790676616004393509e+02 1.274230853994631429e+00 1.258119913372180321e+00 1.266175383683405986e+00
5.800676921198801210e+02 1.275278284206208035e+00 1.258473417661115645e+00 1.266875850933661951e+00
5.810677226393213459e+02 1.275819369059791208e+00 1.259323137335282450e+00 1.267571253197536940e+00
5.820677531587621161e+02 1.277249001592370536e+00 1.258898301253291718e+00 1.268073651422831016e+00
5.830677836782028862e+02 1.277957123015873053e+00 1.259563206304449956e+00 1.268760164660161394e+00
5.840678141976441111e+02 1.277978666738787128e+00 1.260476152533964278e+00 1.269227409636375814e+00
5.850678447170848813e+02 1.278296363934432467e+00 1.261077736009403427e+00 1.269687049971917947e+00
5.860678752365256514e+02 1.278974874858484823e+00 1.260879808575096739e+00 1.269927341716790892e+00
5.870679057559664216e+02 1.279588706135571075e+00 1.260900941105768780e+00 1.270244823620669816e+00
5.880679362754071917e+02 1.280202518021366975e+00 1.260745269230768573e+00 1.270473893626067774e+00
5.890679667948484166e+02 1.280498623015873916e+00 1.260922102142552292e+00 1.270710362579213104e+00
5.900679973142891868e+02 1.280361381162656853e+00 1.261056612980768987e+00 1.270708997071712920e+00
5.910680278337299569e+02 1.280657466765873664e+00 1.261014252899053112e+00 1.270835859832463388e+00
5.920680583531711818e+02 1.280635845477800627e+00 1.260257064062873855e+00 1.270446454770337130e+00
5.930680888726119520e+02 1.280520253999591462e+00 1.260476323570633772e+00 1.270498288785112617e+00
5.940681193920527221e+02 1.280794669836510691e+00 1.260589597355768809e+00 1.270692133596139861e+00
5.950681499114934923e+02 1.280296478515858594e+00 1.260568379306762354e+00 1.270432428911310474e+00
5.960681804309342624e+02 1.279841587945221182e+00 1.260101354179725019e+00 1.269971471062472990e+00
5.970682109503754873e+02 1.279661064733279119e+00 1.260143818783850289e+00 1.269902441758564704e+00
5.980682414698162574e+02 1.278866826591989136e+00 1.260433925480768824e+00 1.269650376036378869e+00
5.990682719892570276e+02 1.278231432200699569e+00 1.260412669423613519e+00 1.269322050812156544e+00
6.000683025086982525e+02 1.277639435515874000e+00 1.259924378737384165e+00 1.268781907126629083e+00
6.010683330281390226e+02 1.277415466119243392e+00 1.259719391289457757e+00 1.268567428704350686e+00
6.020683635475797928e+02 1.276664654771352270e+00 1.260632166482302585e+00 1.268648410626827427e+00
6.030683940670205629e+02 1.276281773755207460e+00 1.261077907046072699e+00 1.268679840400640080e+00
6.040684245864613331e+02 1.274490978451005674e+00 1.261587539307792216e+00 1.268039258879398945e+00
6.050684551059025580e+02 1.272967724771504550e+00 1.262478972925147325e+00 1.267723348848325937e+00
6.060684856253433281e+02 1.272195233961671557e+00 1.262832971320015263e+00 1.267514102640843410e+00
6.070685161447840983e+02 1.271220385347635595e+00 1.263944035024579637e+00 1.267582210186107616e+00
6.080685466642253232e+02 1.270130226429091902e+00 1.264991093006748724e+00 1.267560659717920313e+00
6.090685771836660933e+02 1.269385901467622535e+00 1.265259753605769033e+00 1.267322827536695673e+00
6.100686077031068635e+02 1.267249204336831525e+00 1.265415425480769018e+00 1.266332314908800161e+00
6.110686382225476336e+02 1.266613800249897004e+00 1.265238383524167398e+00 1.265926091887032090e+00
6.120686687419884038e+02 1.265140547011021521e+00 1.265366651523961217e+00 1.265253599267491369e+00
6.130686992614296287e+02 1.263935223222642845e+00 1.266816472355768664e+00 1.265375847789205643e+00
6.140687297808703988e+02 1.263075481304572367e+00 1.266660800480768456e+00 1.264868140892670301e+00
6.150687603003111690e+02 1.261465151038442922e+00 1.266639392391018415e+00 1.264052271714730669e+00
6.160687908197523939e+02 1.259717811614573080e+00 1.266172367263981524e+00 1.262945089439277302e+00
6.170688213391931640e+02 1.257855355799094133e+00 1.266215211949593300e+00 1.262035283874343605e+00
6.180688518586339342e+02 1.256403849891674751e+00 1.266548001797491940e+00 1.261475925844583346e+00
6.190688823780747043e+02 1.255357544374904322e+00 1.266816472355768664e+00 1.261087008365336493e+00
6.200689128975154745e+02 1.254360676951355558e+00 1.266795016755832837e+00 1.260577846853594197e+00
6.210689434169566994e+02 1.253270634380550197e+00 1.266682265582741662e+00 1.259976449981645930e+00
6.220689739363974695e+02 1.252295630636196533e+00 1.266794997751758300e+00 1.259545314193977417e+00
6.230690044558382397e+02 1.251068685559745264e+00 1.266837956461815962e+00 1.258953321010780613e+00
6.240690349752794646e+02 1.250592134918455001e+00 1.266773485139599309e+00 1.258682810029027266e+00
6.250690654947202347e+02 1.249573229294103749e+00 1.266327953620647095e+00 1.257950591457375422e+00
6.260690960141610049e+02 1.248187488945877055e+00 1.266038112980768737e+00 1.257112800963323007e+00
6.270691265336017750e+02 1.247639927401517301e+00 1.265839396877376455e+00 1.256739662139446878e+00
6.280691570530425452e+02 1.247574026103296596e+00 1.265458488713235186e+00 1.256516257408265780e+00
6.290691875724837701e+02 1.247141435515873198e+00 1.266392538967309633e+00 1.256766987241591416e+00
6.300692180919245402e+02 1.246982591765873449e+00 1.266660800480768456e+00 1.256821696123320953e+00
6.310692486113653104e+02 1.247344278102319626e+00 1.266505128605768693e+00 1.256924703354044048e+00
6.320692791308065352e+02 1.248001681607477709e+00 1.266461989357004825e+00 1.257231835482241156e+00
6.330693096502473054e+02 1.248593048075386402e+00 1.265705190104349676e+00 1.257149119089868039e+00
6.340693401696880755e+02 1.249612205786504449e+00 1.265904029734224778e+00 1.257758117760364502e+00
6.350693706891288457e+02 1.250384425118281628e+00 1.265527901094781749e+00 1.257956163106531688e+00
6.360694012085696158e+02 1.251315468808768649e+00 1.265393817848238456e+00 1.258354643328503553e+00
6.370694317280108407e+02 1.252312665884243170e+00 1.264905175586632957e+00 1.258608920735438064e+00
6.380694622474516109e+02 1.253627589242297447e+00 1.264105170570953396e+00 1.258866379906625532e+00
6.390694927668923810e+02 1.255873536899548615e+00 1.263525726842126717e+00 1.259699631870837777e+00
6.400695232863336059e+02 1.257488365944900766e+00 1.263612299902806768e+00 1.260550332923853656e+00
6.410695538057743761e+02 1.258393076263905286e+00 1.264126740195335552e+00 1.261259908229620308e+00
6.420695843252151462e+02 1.260480209258091122e+00 1.263724699500522242e+00 1.262102454379306682e+00
6.430696148446559164e+02 1.262183326845681908e+00 1.264036052752559369e+00 1.263109689799120527e+00
6.440696453640966865e+02 1.263590843612299341e+00 1.263992694956940444e+00 1.263791769284619892e+00
6.450696758835379114e+02 1.265382433959382213e+00 1.264036071756633683e+00 1.264709252858007948e+00
6.460697064029786816e+02 1.267107628530354857e+00 1.264170050480768470e+00 1.265638839505561553e+00
6.470697369224194517e+02 1.268718269057120596e+00 1.264126626170889667e+00 1.266422447614005131e+00
6.480697674418606766e+02 1.270602287986803969e+00 1.263214297573791667e+00 1.266908292780297707e+00
6.490697979613014468e+02 1.272168600025197494e+00 1.263036885037740475e+00 1.267602742531468873e+00
6.500698284807422169e+02 1.273598232557776821e+00 1.262613331730768840e+00 1.268105782144272720e+00
6.510698590001829871e+02 1.274776757583718112e+00 1.262790753768856522e+00 1.268783755676287317e+00
6.520698895196237572e+02 1.276594138346169860e+00 1.263123866686018948e+00 1.269859002516094293e+00
6.530699200390649821e+02 1.277728286405515057e+00 1.263547362980768751e+00 1.270637824693142015e+00
6.540699505585057523e+02 1.278818009020039392e+00 1.263547362980768751e+00 1.271182686000404072e+00
6.550699810779465224e+02 1.279793332720673860e+00 1.263525574809531982e+00 1.271659453765102921e+00
6.560700115973877473e+02 1.281200723443908895e+00 1.263214221557494410e+00 1.272207472500701542e+00
6.570700421168285175e+02 1.281994971280843387e+00 1.262569717380145784e+00 1.272282344330494475e+00
6.580700726362692876e+02 1.282722435515873505e+00 1.261903377521374603e+00 1.272312906518624054e+00
6.590701031557100578e+02 1.282766977308432699e+00 1.260857288746997540e+00 1.271812133027715230e+00
6.600701336751508279e+02 1.283380091107797716e+00 1.260234582242923285e+00 1.271807336675360389e+00
6.610701641945920528e+02 1.284037766091012278e+00 1.259590030555388207e+00 1.271813898323200132e+00
6.620701947140328230e+02 1.284333172999087669e+00 1.258677825484774360e+00 1.271505499241931014e+00
6.630702252334735931e+02 1.285035486731310073e+00 1.258232655043234560e+00 1.271634070887272205e+00
6.640702557529148180e+02 1.285899310515873140e+00 1.257877554412053733e+00 1.271888432463963436e+00
6.650702862723555882e+02 1.285943968656171110e+00 1.256610267714333595e+00 1.271277118185252242e+00
6.660703167917963583e+02 1.286715868031667265e+00 1.255408640093476746e+00 1.271062254062572006e+00
6.670703473112371285e+02 1.286852373015873185e+00 1.255452425480768408e+00 1.271152399248320908e+00
6.680703778306778986e+02 1.286807656701706382e+00 1.254742091189887887e+00 1.270774873945797134e+00
6.690704083501191235e+02 1.286331106060416785e+00 1.253895706730768778e+00 1.270113406395592781e+00
6.700704388695598936e+02 1.285921688064247004e+00 1.253496640173590526e+00 1.269709164118918654e+00
6.710704693890006638e+02 1.286080541509891262e+00 1.252295107573105248e+00 1.269187824541498255e+00
6.720704999084418887e+02 1.286194601076210420e+00 1.251784173532292543e+00 1.268989387304251482e+00
6.730705304278826588e+02 1.286239404651181362e+00 1.250383088649144270e+00 1.268311246650162705e+00
6.740705609473234290e+02 1.286194581684920735e+00 1.249359253645825341e+00 1.267776917665373038e+00
6.750705914667641991e+02 1.285740466765873391e+00 1.248826293882846938e+00 1.267283380324360165e+00
6.760706219862049693e+02 1.286351612349328377e+00 1.247159598554611115e+00 1.266755605451969746e+00
6.770706525056461942e+02 1.287986724683760853e+00 1.244401413718384974e+00 1.266194069201072914e+00
6.780706830250869643e+02 1.288145578129405999e+00 1.242954662044584824e+00 1.265550120086995411e+00
6.790707135445277345e+02 1.288689513502582207e+00 1.242198299885639567e+00 1.265443906694110776e+00
6.800707440639689594e+02 1.289937827780339941e+00 1.241864920911436077e+00 1.265901374345888009e+00
6.810707745834097295e+02 1.290913403567741424e+00 1.241064507308158094e+00 1.265988955437949759e+00
6.820708051028504997e+02 1.292184192350320782e+00 1.240330208879528273e+00 1.266257200614924638e+00
6.830708356222912698e+02 1.293432477541143433e+00 1.240330199377490672e+00 1.266881338459317163e+00
6.840708661417320400e+02 1.294634466027683839e+00 1.239841110520138789e+00 1.267237788273911203e+00
6.850708966611732649e+02 1.296428043981966649e+00 1.238862913801360044e+00 1.267645478891663346e+00
6.860709271806140350e+02 1.297426191230638848e+00 1.237817338136989909e+00 1.267621764683814378e+00
6.870709577000548052e+02 1.298855823763217732e+00 1.237216723869342339e+00 1.268036273816280035e+00
6.880709882194960301e+02 1.299967768795798007e+00 1.236905370617305433e+00 1.268436569706551609e+00
6.890710187389368002e+02 1.301601368609629494e+00 1.236793911721270067e+00 1.269197640165449670e+00
6.900710492583775704e+02 1.303348708033498671e+00 1.236905351613231119e+00 1.270127029823364895e+00
6.910710797778183405e+02 1.305050885143536510e+00 1.236771800480769290e+00 1.270911342812152789e+00
6.920711102972591107e+02 1.306162830176115675e+00 1.236549709365932337e+00 1.271356269771024117e+00
6.930711408167003356e+02 1.307547261612284739e+00 1.235971291857119514e+00 1.271759276734702127e+00
6.940711713361411057e+02 1.308182656003574529e+00 1.235326436104395409e+00 1.271754546053984969e+00
6.950712018555818759e+02 1.308681826584359387e+00 1.234925906233492521e+00 1.271803866408925954e+00
6.960712323750231008e+02 1.310020494576714656e+00 1.235059409855768786e+00 1.272539952216241721e+00
6.970712628944638709e+02 1.311722555339013718e+00 1.235415128119365269e+00 1.273568841729189494e+00
6.980712934139046411e+02 1.312948046068733277e+00 1.235837769230768712e+00 1.274392907649751105e+00
6.990713239333454112e+02 1.313447255432097505e+00 1.235837769230768712e+00 1.274642512331433108e+00
7.000713544527861814e+02 1.314400347019032189e+00 1.235659881592859000e+00 1.275030114305945705e+00
7.010713849722274063e+02 1.315534960469331605e+00 1.235348528340821650e+00 1.275441744405076516e+00
7.020714154916681764e+02 1.316556154265873690e+00 1.235748801656720630e+00 1.276152477961297160e+00
7.030714460111089465e+02 1.316420008020527721e+00 1.236126868711747040e+00 1.276273438366137380e+00
7.040714765305501714e+02 1.316760412416472237e+00 1.235637589813651571e+00 1.276199001115061904e+00
7.050715070499909416e+02 1.317554650557761553e+00 1.235081673128864521e+00 1.276318161843313037e+00
7.060715375694317117e+02 1.318371615290639953e+00 1.235526425480768964e+00 1.276949020385704348e+00
7.070715680888724819e+02 1.318984283090340881e+00 1.235326189051429102e+00 1.277155236070885103e+00
7.080715986083132520e+02 1.319483579714509025e+00 1.234770357884975800e+00 1.277126968799742412e+00
7.090716291277544769e+02 1.320686091765873593e+00 1.235526425480768964e+00 1.278106258623321168e+00
7.100716596471952471e+02 1.320731622514210279e+00 1.235037099072487488e+00 1.277884360793348772e+00
7.110716901666360172e+02 1.320799385376247193e+00 1.234836777124812990e+00 1.277818081250530202e+00
7.120717206860772421e+02 1.320527248015873623e+00 1.233947376943412610e+00 1.277237312479643006e+00
7.130717512055180123e+02 1.320527248015873623e+00 1.233658362980768253e+00 1.277092805498321049e+00
7.140717817249587824e+02 1.320708895922621418e+00 1.233836383647198609e+00 1.277272639784909902e+00
7.150718122443995526e+02 1.321185436868266283e+00 1.233924990143834055e+00 1.277555213506050169e+00
7.160718427638403227e+02 1.321525957611948909e+00 1.232990939889759607e+00 1.277258448750854258e+00
7.170718732832815476e+02 1.321593487778508491e+00 1.232701954433226721e+00 1.277147721105867717e+00
7.180719038027223178e+02 1.321344309705201114e+00 1.232257316105768608e+00 1.276800812905484861e+00
7.190719343221630879e+02 1.321616301630901491e+00 1.232012059024304662e+00 1.276814180327602966e+00
7.200719648416043128e+02 1.321298604435256374e+00 1.230989535302115190e+00 1.276144069868685893e+00
7.210719953610450830e+02 1.320844935515873564e+00 1.231011941105768503e+00 1.275928438310820923e+00
7.220720258804858531e+02 1.320640328322059798e+00 1.230833844423040890e+00 1.275737086372550344e+00
7.230720563999266233e+02 1.320391295683425392e+00 1.230700597355768311e+00 1.275545946519596852e+00
7.240720869193673934e+02 1.319959112313087379e+00 1.230522481668966384e+00 1.275240796991026881e+00
7.250721174388086183e+02 1.318870078089348974e+00 1.230211128416929034e+00 1.274540603253139004e+00
7.260721479582493885e+02 1.318167512270359998e+00 1.230077909855768148e+00 1.274122711063064184e+00
7.270721784776901586e+02 1.318098731365610732e+00 1.229365333084114997e+00 1.273732032224862865e+00
7.280722089971313835e+02 1.317803964370096947e+00 1.228855016675718836e+00 1.273329490522908003e+00
7.290722395165721537e+02 1.317486267174452497e+00 1.229166369927755964e+00 1.273326318551104119e+00
7.300722700360129238e+02 1.317145610691741853e+00 1.229277049656743115e+00 1.273211330174242484e+00
7.310723005554536940e+02 1.316328403567741612e+00 1.228787514203644182e+00 1.272557958885693008e+00
7.320723310748944641e+02 1.315375311980806927e+00 1.228187327527668904e+00 1.271781319754238027e+00
7.330723615943356890e+02 1.314785884641873182e+00 1.228054175480768340e+00 1.271420030061320761e+00
7.340723921137764592e+02 1.314081505737292099e+00 1.228076714312941853e+00 1.271079110025116865e+00
7.350724226332172293e+02 1.313015576235293524e+00 1.228297874228135633e+00 1.270656725231714468e+00
7.360724531526584542e+02 1.312198320633068072e+00 1.227587159855768162e+00 1.269892740244418228e+00
7.370724836720992243e+02 1.311767814609293703e+00 1.227208114090912572e+00 1.269487964350103137e+00
7.380725141915399945e+02 1.311109393061423933e+00 1.226474879890445679e+00 1.268792136475934917e+00
7.390725447109807646e+02 1.310450952122264701e+00 1.226364371198127357e+00 1.268407661660196029e+00
7.400725752304215348e+02 1.309269848054786189e+00 1.226497456730768043e+00 1.267883652392777005e+00
7.410726057498627597e+02 1.307773616137554828e+00 1.226452246037900373e+00 1.267112931087727601e+00
7.420726362693035298e+02 1.306774382976656490e+00 1.225874769230767880e+00 1.266324576103712296e+00
7.430726667887443000e+02 1.306072466765873852e+00 1.225897393581276029e+00 1.265984930173575052e+00
7.440726973081855249e+02 1.305867432963685904e+00 1.226163479128222766e+00 1.266015456045954224e+00
7.450727278276262950e+02 1.304709297878918095e+00 1.225852125876185417e+00 1.265280711877551756e+00
7.460727583470670652e+02 1.303597352846338708e+00 1.225741750212387737e+00 1.264669551529363112e+00
7.470727888665078353e+02 1.302736748015873802e+00 1.225696434997111339e+00 1.264216591506492460e+00
7.480728193859486055e+02 1.302485369031179729e+00 1.225206738009380292e+00 1.263846053520280011e+00
7.490728499053898304e+02 1.301102023507237249e+00 1.224940737980767747e+00 1.263021380744002498e+00
7.500728804248306005e+02 1.300807469815911110e+00 1.224584012501231278e+00 1.262695741158571305e+00
7.510729109442713707e+02 1.299966915579049420e+00 1.224363451214379062e+00 1.262165183396714241e+00
7.520729414637125956e+02 1.299377856674620579e+00 1.225119119724610739e+00 1.262248488199615659e+00
7.530729719831533657e+02 1.299083341765874033e+00 1.225252081730768161e+00 1.262167711748320986e+00
7.540730025025941359e+02 1.299265377498416640e+00 1.225362295859934170e+00 1.262313836679175516e+00
7.550730330220349060e+02 1.299331424231310761e+00 1.224428245605859944e+00 1.261879834918585352e+00
7.560730635414756762e+02 1.298219488894376328e+00 1.224340798357759441e+00 1.261280143626067884e+00
7.570730940609169011e+02 1.297494904265874105e+00 1.224295293101739457e+00 1.260895098683806781e+00
7.580731245803576712e+02 1.297425211970506975e+00 1.224052240492899069e+00 1.260738726231703133e+00
7.590731550997984414e+02 1.296700685515874030e+00 1.224405393206459580e+00 1.260553039361166805e+00
7.600731856192396663e+02 1.296677435359461672e+00 1.223672577095628045e+00 1.260175006227544969e+00
7.610732161386804364e+02 1.296518581913816970e+00 1.223429610005122514e+00 1.259974095959469853e+00
7.620732466581212066e+02 1.295813388575066227e+00 1.224006706730767835e+00 1.259910047652917031e+00
7.630732771775619767e+02 1.294953404265873687e+00 1.224029521122019348e+00 1.259491462693946406e+00
7.640733076970027469e+02 1.294930115326882403e+00 1.224295226587479357e+00 1.259612670957180880e+00
7.650733382164439718e+02 1.294089289611964233e+00 1.223851034855768072e+00 1.258970162233866041e+00
7.660733687358847419e+02 1.293318350105311376e+00 1.224006706730767835e+00 1.258662528418039717e+00
7.670733992553255121e+02 1.292888435515874068e+00 1.224185231005168184e+00 1.258536833260521126e+00
7.680734297747667370e+02 1.292295265658018000e+00 1.224295188579330507e+00 1.258295227118674253e+00
7.690734602942075071e+02 1.290888960847009548e+00 1.223805292048818716e+00 1.257347126447914132e+00
7.700734908136482773e+02 1.289823710040152394e+00 1.223429781041791564e+00 1.256626745540971868e+00
7.710735213330890474e+02 1.289188315648862826e+00 1.224340940888317020e+00 1.256764628268590034e+00
7.720735518525298176e+02 1.288552921257573036e+00 1.224139478696181671e+00 1.256346199976877465e+00
7.730735823719710424e+02 1.287894150666487381e+00 1.224006706730767835e+00 1.255950428698627608e+00
7.740736128914118126e+02 1.286987830870433669e+00 1.224185297519428284e+00 1.255586564194930865e+00
7.750736434108525827e+02 1.286282259401533068e+00 1.224295122065070407e+00 1.255288690733301848e+00
7.760736739302938076e+02 1.285170314368953681e+00 1.224208254441237820e+00 1.254689284405095862e+00
7.770737044497345778e+02 1.283946355551124352e+00 1.224606446810996285e+00 1.254276401181060319e+00
7.780737349691753479e+02 1.283652073337854471e+00 1.223983749808958965e+00 1.253817911573406718e+00
7.790737654886161181e+02 1.282993254268544936e+00 1.223782135584229103e+00 1.253387694926387130e+00
7.800737960080568882e+02 1.282310971738636285e+00 1.223072675480768146e+00 1.252691823609702215e+00
7.810738265274981131e+02 1.281428231750920244e+00 1.222871032749926368e+00 1.252149632250423306e+00
7.820738570469388833e+02 1.280493222541678744e+00 1.222582664925810025e+00 1.251537943733744385e+00
7.830738875663796534e+02 1.278339761640897132e+00 1.221959967923772705e+00 1.250149864782335030e+00
7.840739180858208783e+02 1.277251299460206768e+00 1.221827300480767597e+00 1.249539299970487072e+00
7.850739486052616485e+02 1.276639387920806223e+00 1.221648605169698198e+00 1.249143996545252211e+00
7.860739791247024186e+02 1.276186339522695556e+00 1.221671628605767612e+00 1.248928984064231695e+00
7.870740096441431888e+02 1.275527442888226837e+00 1.221469871850480171e+00 1.248498657369353504e+00
7.880740401635839589e+02 1.275074413881406077e+00 1.220916321172948571e+00 1.247995367527177324e+00
7.890740706830251838e+02 1.274391966525533881e+00 1.220979756773113545e+00 1.247685861649323602e+00
7.900741012024659540e+02 1.274009570291632754e+00 1.220449324552022707e+00 1.247229447421827730e+00
7.910741317219067241e+02 1.274097771573068139e+00 1.220403173157475152e+00 1.247250472365271534e+00
7.920741622413479490e+02 1.273556618849971400e+00 1.220068729955108289e+00 1.246812674402539844e+00
7.930741927607887192e+02 1.273962459153181737e+00 1.219624794778401133e+00 1.246793626965791546e+00
7.940742232802294893e+02 1.273668341765874734e+00 1.219313441526363784e+00 1.246490891646119259e+00
7.950742537996702595e+02 1.274056797777823213e+00 1.219048325187208626e+00 1.246552561482515920e+00
7.960742843191110296e+02 1.274438961316247232e+00 1.219313422522289470e+00 1.246876191919268351e+00
7.970743148385522545e+02 1.274280107870602086e+00 1.218823259934736614e+00 1.246551683902669350e+00
7.980743453579930247e+02 1.274533416288627041e+00 1.218558191105767907e+00 1.246545803697197474e+00
7.990743758774337948e+02 1.275280407552437101e+00 1.218604504034947356e+00 1.246942455793692339e+00
8.000744063968750197e+02 1.275439260998081803e+00 1.218823202922513671e+00 1.247131231960297626e+00
8.010744369163157899e+02 1.275963097299431137e+00 1.218068000012103802e+00 1.247015548655767470e+00
8.020744674357565600e+02 1.277122347383359280e+00 1.217958688576469051e+00 1.247540517979914165e+00
8.030744979551973302e+02 1.278504655473300167e+00 1.218402519230767700e+00 1.248453587352033933e+00
8.040745284746381003e+02 1.279227873015874817e+00 1.218200439406216473e+00 1.248714156211045534e+00
8.050745589940793252e+02 1.279434089686738218e+00 1.217375634073516011e+00 1.248404861880127115e+00
8.060745895135200954e+02 1.280093180234104011e+00 1.216713351584617797e+00 1.248403265909360904e+00
8.070746200329608655e+02 1.281387665172759593e+00 1.216892265442542254e+00 1.249139965307650924e+00
8.080746505524020904e+02 1.282475894657973736e+00 1.217422004014918846e+00 1.249948949336446180e+00
8.090746810718428605e+02 1.283428986244908199e+00 1.216487953760844398e+00 1.249958470002876298e+00
8.100747115912836307e+02 1.284564656520498671e+00 1.216378784855767448e+00 1.250471720688133059e+00
8.110747421107244008e+02 1.285700346187378829e+00 1.215841957763659886e+00 1.250771151975519357e+00
8.120747726301651710e+02 1.287217569175766574e+00 1.215491313587913735e+00 1.251354441381840044e+00
8.130748031496063959e+02 1.288035571342647456e+00 1.215732807862657472e+00 1.251884189602652464e+00
8.140748336690471660e+02 1.288806045458346317e+00 1.215374856620325517e+00 1.252090451039336028e+00
8.150748641884879362e+02 1.289512790100276529e+00 1.214510722355767847e+00 1.252011756228022188e+00
8.160748947079291611e+02 1.290712209240925779e+00 1.214689712229989338e+00 1.252700960735457558e+00
8.170749252273699312e+02 1.291506447382215317e+00 1.214619739228250062e+00 1.253063093305232689e+00
8.180749557468107014e+02 1.291776529265875162e+00 1.214534059359063889e+00 1.253155294312469525e+00
8.190749862662514715e+02 1.292141861164795014e+00 1.214868759116434216e+00 1.253505310140614615e+00
8.200750167856922417e+02 1.292983763096293481e+00 1.215265725723397194e+00 1.254124744409845338e+00
8.210750473051334666e+02 1.293889181197374061e+00 1.215335812749582800e+00 1.254612496973478430e+00
8.220750778245742367e+02 1.294659568052269671e+00 1.215623800492212414e+00 1.255141684272241154e+00
8.230751083440150069e+02 1.294429151051796456e+00 1.215958538257731814e+00 1.255193844654764135e+00
8.240751388634562318e+02 1.294024212443559252e+00 1.216152930934210064e+00 1.255088571688884658e+00
8.250751693828970019e+02 1.294659597139204310e+00 1.215421350088211616e+00 1.255040473613707963e+00
8.260751999023377721e+02 1.294770670446901084e+00 1.215086583816580967e+00 1.254928627131741026e+00
8.270752304217785422e+02 1.294476873015875551e+00 1.214845488627398273e+00 1.254661180821636801e+00
8.280752609412193124e+02 1.294476873015875551e+00 1.214642962207100219e+00 1.254559917611487885e+00
8.290752914606605373e+02 1.294270190954058153e+00 1.214463839304357640e+00 1.254367015129207896e+00
8.300753219801013074e+02 1.294024270617428529e+00 1.213996804675283370e+00 1.254010537646355949e+00
8.310753524995420776e+02 1.294365906360271934e+00 1.213288807885547049e+00 1.253827357122909492e+00
8.320753830189833025e+02 1.294881559537345295e+00 1.213600161137584177e+00 1.254240860337464625e+00
8.330754135384240726e+02 1.293841498015874780e+00 1.214043706730767669e+00 1.253942602373321336e+00
8.340754440578648428e+02 1.294024309400007899e+00 1.213817567748094906e+00 1.253920938574051291e+00
8.350754745773056129e+02 1.294111230856319628e+00 1.213109675480767535e+00 1.253610453168543692e+00
8.360755050967463831e+02 1.293730628316720477e+00 1.212977511645732642e+00 1.253354069981226449e+00
8.370755356161876080e+02 1.294366022708010489e+00 1.213265347355767743e+00 1.253815685031889116e+00
8.380755661356283781e+02 1.295001417099300056e+00 1.213397492186728321e+00 1.254199454643014189e+00
8.390755966550691483e+02 1.295016183566446211e+00 1.213312420447921092e+00 1.254164302007183540e+00
8.400756271745103732e+02 1.294159185515875166e+00 1.213755909028881419e+00 1.253957547272378292e+00
8.410756576939511433e+02 1.294207256523169480e+00 1.214020151180616569e+00 1.254113703851893025e+00
8.420756882133919135e+02 1.294587626367291300e+00 1.213708797928579219e+00 1.254148212147935260e+00
8.430757187328326836e+02 1.294183240410812008e+00 1.213397444676542536e+00 1.253790342543677383e+00
8.440757492522734537e+02 1.294500937606457125e+00 1.213312515468292885e+00 1.253906726537374894e+00
8.450757797717146786e+02 1.294794560515875048e+00 1.213732362980767476e+00 1.254263461748321262e+00
8.460758102911554488e+02 1.294866812461489269e+00 1.213708759920430591e+00 1.254287786190960041e+00
8.470758408105962189e+02 1.295795810370907519e+00 1.213241734793393700e+00 1.254518772582150721e+00
8.480758713300374438e+02 1.296431204762197753e+00 1.213241725291356543e+00 1.254836465026777148e+00
8.490759018494782140e+02 1.297225442903487291e+00 1.212595396722870644e+00 1.254910419813179079e+00
8.500759323689189841e+02 1.298409736838129547e+00 1.212354957174253345e+00 1.255382347006191335e+00
8.510759628883597543e+02 1.299449294186066250e+00 1.212463337410244923e+00 1.255956315798155476e+00
8.520759934078005244e+02 1.300243532327356011e+00 1.211996312283208033e+00 1.256119922305281911e+00
8.530760239272417493e+02 1.300854774867260311e+00 1.211864300480767875e+00 1.256359537674013982e+00
8.540760544466825195e+02 1.301220795156966537e+00 1.211661270452499384e+00 1.256441032804732849e+00
8.550760849661232896e+02 1.301990871751225409e+00 1.210835514916082101e+00 1.256413193333653755e+00
8.560761154855645145e+02 1.302626266142515199e+00 1.209613799988641603e+00 1.256120033065578401e+00
8.570761460050052847e+02 1.303627729301735538e+00 1.209444673229005396e+00 1.256536201265370467e+00
8.580761765244460548e+02 1.304325185515875285e+00 1.210175626940550586e+00 1.257250406228212825e+00
8.590762070438868250e+02 1.304532449316384790e+00 1.209877605046666860e+00 1.257205027181525825e+00
8.600762375633275951e+02 1.305350907178574271e+00 1.208595191105767519e+00 1.256973049142170895e+00
8.610762680827688200e+02 1.306303998765509178e+00 1.208523954333083905e+00 1.257413976549296653e+00
8.620762986022095902e+02 1.306890924628064887e+00 1.207816831730767593e+00 1.257353878179416240e+00
8.630763291216503603e+02 1.307415963189378028e+00 1.207816831730767593e+00 1.257616397460072921e+00
8.640763596410915852e+02 1.308344796272833621e+00 1.207996277702773735e+00 1.258170536987803789e+00
8.650763901605323554e+02 1.308797078714999174e+00 1.208307630954810641e+00 1.258552354834904907e+00
8.660764206799731255e+02 1.309688418739719529e+00 1.208236261153606828e+00 1.258962339946663178e+00
8.670764511994138957e+02 1.310727510696702014e+00 1.207613554649532794e+00 1.259170532673117293e+00
8.680764817188546658e+02 1.311131169479816005e+00 1.207038472355767889e+00 1.259084820917792058e+00
8.690765122382958907e+02 1.310972316034170859e+00 1.207325994498575916e+00 1.259149155266373388e+00
8.700765427577366609e+02 1.310520091765874362e+00 1.206703297496538818e+00 1.258611694631206479e+00
8.710765732771774310e+02 1.310886432011860725e+00 1.206368103633235433e+00 1.258627267822548079e+00
8.720766037966186559e+02 1.310740434991321202e+00 1.206104441105767533e+00 1.258422438048544478e+00
8.730766343160594261e+02 1.309836025237308021e+00 1.206128300721108326e+00 1.257982162979208063e+00
8.740766648355001962e+02 1.309567029265874316e+00 1.206236243863390012e+00 1.257901636564632053e+00
8.750766953549409664e+02 1.309176246299155855e+00 1.205901011991937555e+00 1.257538629145546594e+00
8.760767258743817365e+02 1.308247529563439038e+00 1.204943073616411731e+00 1.256595301589925384e+00
8.770767563938229614e+02 1.307612135172149470e+00 1.204056809107278303e+00 1.255834472139713887e+00
8.780767869132637315e+02 1.307135584530859651e+00 1.204260285731294289e+00 1.255697935131077081e+00
8.790768174327045017e+02 1.306548998015874874e+00 1.204368133853204181e+00 1.255458565934539639e+00
8.800768479521457266e+02 1.306683428132077829e+00 1.204032854471565939e+00 1.255358141301821995e+00
8.810768784715864967e+02 1.305791506368663812e+00 1.203254476092491920e+00 1.254522991230577755e+00
8.820769089910272669e+02 1.304410730190613821e+00 1.203038893873118020e+00 1.253724812031865810e+00
8.830769395104680370e+02 1.303665367795142860e+00 1.203685555012904418e+00 1.253675461404023750e+00
8.840769700299088072e+02 1.303372123015875017e+00 1.204344122205268874e+00 1.253858122610572057e+00
8.850770005493500321e+02 1.302822205429810198e+00 1.203362124671621070e+00 1.253092165050715634e+00
8.860770310687908022e+02 1.302027957592875262e+00 1.202164677947120008e+00 1.252096317769997746e+00
8.870770615882315724e+02 1.301025902999318307e+00 1.201925293124628702e+00 1.251475598061973393e+00
8.880770921076727973e+02 1.299095238322136581e+00 1.202392318251665815e+00 1.250743778286901087e+00
8.890771226271135674e+02 1.297555744437470127e+00 1.202499976332831899e+00 1.250027860385150902e+00
8.900771531465543376e+02 1.296492820585382733e+00 1.202212644230767902e+00 1.249352732408075317e+00
8.910771836659951077e+02 1.295698582444092972e+00 1.202188613578758281e+00 1.248943598011425626e+00
8.920772141854358779e+02 1.295222031802803153e+00 1.201493796114580404e+00 1.248357913958691778e+00
8.930772447048771028e+02 1.294244410234332010e+00 1.200272432762515162e+00 1.247258421498423697e+00
8.940772752243178729e+02 1.293609006147397933e+00 1.199410550480767501e+00 1.246509778314082606e+00
8.950773057437586431e+02 1.292472511741993069e+00 1.199949772086242428e+00 1.246211141914117748e+00
8.960773362631998680e+02 1.291385135473528400e+00 1.200811597355767368e+00 1.246098366414647884e+00
8.970773667826406381e+02 1.290114356386593997e+00 1.200811597355767368e+00 1.245462976871180683e+00
8.980773973020814083e+02 1.289478952299659475e+00 1.200655925480767383e+00 1.245067438890213429e+00
8.990774278215221784e+02 1.288367016962724820e+00 1.200452040269153642e+00 1.244409528615939120e+00
9.000774583409629486e+02 1.287756220422484832e+00 1.200164793685423614e+00 1.243960507053954334e+00
9.010774888604041735e+02 1.286545825811836519e+00 1.199517971011004658e+00 1.243031898411420588e+00
9.020775193798449436e+02 1.285190054701920825e+00 1.199099206730767531e+00 1.242144630716344178e+00
9.030775498992857138e+02 1.284127392632244957e+00 1.199327312635134923e+00 1.241727352633689829e+00
9.040775804187269387e+02 1.283735756448776799e+00 1.200548561962753613e+00 1.242142159205765317e+00
9.050776109381677088e+02 1.282306123916197471e+00 1.200451926244707090e+00 1.241379025080452170e+00
9.060776414576084790e+02 1.281035335133618114e+00 1.199829219740633057e+00 1.240432277437125475e+00
9.070776719770492491e+02 1.279764546351038756e+00 1.199818624969185565e+00 1.239791585660112272e+00
9.080777024964900193e+02 1.279044344154020241e+00 1.201039845790692784e+00 1.240042094972356512e+00
9.090777330159312442e+02 1.278017187535879451e+00 1.201206007914731311e+00 1.239611597725305270e+00
9.100777635353720143e+02 1.276771103256443274e+00 1.200271948158619928e+00 1.238521525707531712e+00
9.110777940548127845e+02 1.275609739521932351e+00 1.199337888402508545e+00 1.237473813962220337e+00
9.120778245742540093e+02 1.274204821188140713e+00 1.199196127509929877e+00 1.236700474349035295e+00
9.130778550936947795e+02 1.273509498015874097e+00 1.199649175140285351e+00 1.236579336578079724e+00
9.140778856131355496e+02 1.272933993622982207e+00 1.199459048878497525e+00 1.236196521250739977e+00
9.150779161325763198e+02 1.271687957821770576e+00 1.199697635529866524e+00 1.235692796675818439e+00
9.160779466520170899e+02 1.270943235338861443e+00 1.199434818683707160e+00 1.235189027011284413e+00
9.170779771714583148e+02 1.270734837147901031e+00 1.199721894230768582e+00 1.235228365689334806e+00
9.180780076908990850e+02 1.269781745560966346e+00 1.199926140519795181e+00 1.234853943040380653e+00
9.190780382103398551e+02 1.269012289487979173e+00 1.199984644562667624e+00 1.234498467025323398e+00
9.200780687297810800e+02 1.268352093637096889e+00 1.199877566105768345e+00 1.234114829871432617e+00
9.210780992492218502e+02 1.267081314550162263e+00 1.199746209943893360e+00 1.233413762247027812e+00
9.220781297686626203e+02 1.266495552164991656e+00 1.200033237980768330e+00 1.233264395072879882e+00
9.230781602881033905e+02 1.266361529265873864e+00 1.199828896671369938e+00 1.233095212968621901e+00
9.240781908075441606e+02 1.265994161281530417e+00 1.199386206261531918e+00 1.232690183771531167e+00
9.250782213269853855e+02 1.265333916952424254e+00 1.199099206730767975e+00 1.232216561841596114e+00
9.260782518464261557e+02 1.264564528748951311e+00 1.199508003374011089e+00 1.232036266061481200e+00
9.270782823658669258e+02 1.263353125791236042e+00 1.200368954456115578e+00 1.231861040123675810e+00
9.280783128853081507e+02 1.262256470790625640e+00 1.200475871378382520e+00 1.231366171084504080e+00
9.290783434047489209e+02 1.261973193134289684e+00 1.200164518126345392e+00 1.231068855630317538e+00
9.300783739241896910e+02 1.260384716851710163e+00 1.199853164874308264e+00 1.230118940863009325e+00
9.310784044436304612e+02 1.259431615569130969e+00 1.199721894230767694e+00 1.229576754899949442e+00
9.320784349630712313e+02 1.258135908979220563e+00 1.199697473995233965e+00 1.228916691487227375e+00
9.330784654825124562e+02 1.256497567995044529e+00 1.199386120743196171e+00 1.227941844369120350e+00
9.340784960019532264e+02 1.253956000125530768e+00 1.199303757084983379e+00 1.226629878605256962e+00
9.350785265213939965e+02 1.251473488428955338e+00 1.199902014847412435e+00 1.225687751638183887e+00
9.360785570408352214e+02 1.247894845296591448e+00 1.200033237980767220e+00 1.223964041638679223e+00
9.370785875602759916e+02 1.245353267731432734e+00 1.200033237980767220e+00 1.222693252856100088e+00
9.380786180797167617e+02 1.242786714185074137e+00 1.199853088858010564e+00 1.221319901521542350e+00
9.390786485991575319e+02 1.239618681613201545e+00 1.199926539605355336e+00 1.219772610609278551e+00
9.400786791185983020e+02 1.234878219051018799e+00 1.200500253605767176e+00 1.217689236328392877e+00
9.410787096380395269e+02 1.230037755607584993e+00 1.200369087484635555e+00 1.215203421546110274e+00
9.420787401574802971e+02 1.224820761795402335e+00 1.200860627867577968e+00 1.212840694831490040e+00
9.430787706769210672e+02 1.219687557746235829e+00 1.201278612980767546e+00 1.210483085363501576e+00
9.440788011963622921e+02 1.213601252414487464e+00 1.201049338325827387e+00 1.207325295370157425e+00
9.450788317158030623e+02 1.207406152251590425e+00 1.200164366093750212e+00 1.203785259172670319e+00
9.460788622352438324e+02 1.201027154792334795e+00 1.199853012841713085e+00 1.200440083817023940e+00
9.470788927546846026e+02 1.193962636457781779e+00 1.199541659589675735e+00 1.196752148023728868e+00
9.480789232741253727e+02 1.186337903762305634e+00 1.199254878605766628e+00 1.192796391184036242e+00
9.490789537935665976e+02 1.178345318300238365e+00 1.199541640585601199e+00 1.188943479442919671e+00
9.500789843130073677e+02 1.169901255134534246e+00 1.199123798002969643e+00 1.184512526568751944e+00
9.510790148324481379e+02 1.161641118352123359e+00 1.199435151255006993e+00 1.180538134803565065e+00
9.520790453518893628e+02 1.152854226879252098e+00 1.199336719651934891e+00 1.176095473265593494e+00
9.530790758713301329e+02 1.143666129621424554e+00 1.198763243202452644e+00 1.171214686411938599e+00
9.540791063907709031e+02 1.134402658420333276e+00 1.198320847355766716e+00 1.166361752888049885e+00
9.550791369102116732e+02 1.125106008722476458e+00 1.198140536698378167e+00 1.161623272710427202e+00
9.560791674296524434e+02 1.116578485445681279e+00 1.197984855321341024e+00 1.157281670383511152e+00
9.570791979490936683e+02 1.108585735157651353e+00 1.197853831730766982e+00 1.153219783444209057e+00
9.580792284685344384e+02 1.100058250663435988e+00 1.197648825278766482e+00 1.148853537971101346e+00
9.590792589879752086e+02 1.092325023701799624e+00 1.197280497811841204e+00 1.144802760756820526e+00
9.600792895074164335e+02 1.085411243558127126e+00 1.197853831730766982e+00 1.141632537644447165e+00
9.610793200268572036e+02 1.079216143395230088e+00 1.197853831730766982e+00 1.138534987562998424e+00
9.620793505462979738e+02 1.073121877939041457e+00 1.197698159855766997e+00 1.135410018897404338e+00
9.630793810657387439e+02 1.068381628681046136e+00 1.197829116932080940e+00 1.133105372806563427e+00
9.640794115851795141e+02 1.063457326996373409e+00 1.197567212281490212e+00 1.130512269638931810e+00
9.650794421046207390e+02 1.059503908406980166e+00 1.197443552769724473e+00 1.128473730588352320e+00
9.660794726240615091e+02 1.056752992173308536e+00 1.196198139761576185e+00 1.126475565967442360e+00
9.670795031435022793e+02 1.053417176466860283e+00 1.195338328923932325e+00 1.124377752695396193e+00
9.680795336629435042e+02 1.051395401814780861e+00 1.194641344995278631e+00 1.123018373405029635e+00
9.690795641823842743e+02 1.050575887127300101e+00 1.193806362980766478e+00 1.122191125054033289e+00
9.700795947018250445e+02 1.049597509298529463e+00 1.193756800354873748e+00 1.121677154826701717e+00
9.710796252212658146e+02 1.048536156140911668e+00 1.192928840345832686e+00 1.120732498243372177e+00
9.720796557407065848e+02 1.047741917999622130e+00 1.191527755462684413e+00 1.119634836731153271e+00
9.730796862601478097e+02 1.047131838937102932e+00 1.189896569247361535e+00 1.118514204092232234e+00
9.740797167795885798e+02 1.046972985491458008e+00 1.188127717517481807e+00 1.117550351504470019e+00
9.750797472990293500e+02 1.046604618855693003e+00 1.187094342468841601e+00 1.116849480662267302e+00
9.760797778184705749e+02 1.045308495353052480e+00 1.184784036154749920e+00 1.115046265753901089e+00
9.770798083379113450e+02 1.043828154597772784e+00 1.183096436344733604e+00 1.113462295471253194e+00
9.780798388573521152e+02 1.041553556309913642e+00 1.181178611676060974e+00 1.111366083992987308e+00
9.790798693767928853e+02 1.039011978744754927e+00 1.179360216324362831e+00 1.109186097534558879e+00
9.800798998962336555e+02 1.036051180886457201e+00 1.177056380897587351e+00 1.106553780892022276e+00
9.810799304156748804e+02 1.032423051182647100e+00 1.173942848377214299e+00 1.103182949779930588e+00
9.820799609351156505e+02 1.028693330511830428e+00 1.170984987731843008e+00 1.099839159121836829e+00
9.830799914545564206e+02 1.023692801667144492e+00 1.167871455211471732e+00 1.095782128439308112e+00
9.840800219739976455e+02 1.018215683398586480e+00 1.164683179666698543e+00 1.091449431532642400e+00
9.850800524934384157e+02 1.011677464059180354e+00 1.160479915515215676e+00 1.086078689787198126e+00
9.860800830128791858e+02 1.004980381578484572e+00 1.156071112797650624e+00 1.080525747188067598e+00
9.870801135323199560e+02 9.980164943420971602e-01 1.151737100614672160e+00 1.074876797478384605e+00
9.880801440517607261e+02 9.908998619163368327e-01 1.146836282412305952e+00 1.068868072164321337e+00
9.890801745712019510e+02 9.828495194977446836e-01 1.141698949002672325e+00 1.062274234250208504e+00
9.900802050906427212e+02 9.755934346117356437e-01 1.135888985385661298e+00 1.055741209998698471e+00
9.910802356100834913e+02 9.688394096086843099e-01 1.130440289221955830e+00 1.049639849415320070e+00
9.920802661295247162e+02 9.626443191414295608e-01 1.124163252967718796e+00 1.043403786054574178e+00
9.930802966489654864e+02 9.573709936325188741e-01 1.117057819610733471e+00 1.037214406621626228e+00
9.940803271684062565e+02 9.527643891434911527e-01 1.109043288349289558e+00 1.030903838746390466e+00
9.950803576878470267e+02 9.487109018033370589e-01 1.100350416156125277e+00 1.024530658979731168e+00
9.960803882072877968e+02 9.455849968084493185e-01 1.091713121378384388e+00 1.018649059093416742e+00
9.970804187267290217e+02 9.426179743461398086e-01 1.082347485949316068e+00 1.012482730147727938e+00
9.980804492461697919e+02 9.409472983863035322e-01 1.072695535136164668e+00 1.006821416761234156e+00
9.990804797656105620e+02 9.399376230158739132e-01 1.063043584323013269e+00 1.001490603669443535e+00
1.000080510285051787e+03 9.401220438770561127e-01 1.052618547765488133e+00 9.963702958212721228e-01
1.001080540804492557e+03 9.401220535727010663e-01 1.041254149315113953e+00 9.906881014439075095e-01
1.002080571323933327e+03 9.409930715257621703e-01 1.029708993611603951e+00 9.853510325686830607e-01
1.003080601843374097e+03 9.424739164545754555e-01 1.017746993039365666e+00 9.801104547469705608e-01
1.004080632362814868e+03 9.444313314159679118e-01 1.005790057052941000e+00 9.751106942344545114e-01
1.005080662882256092e+03 9.469472833917209620e-01 9.927383343516226200e-01 9.698428088716717355e-01
1.006080693401696863e+03 9.491455284761832756e-01 9.796915622116775246e-01 9.644185453439304556e-01
1.007080723921137633e+03 9.511030016114450092e-01 9.655752502696125505e-01 9.583391259405287244e-01
1.008080754440578858e+03 9.535932698239221184e-01 9.514889362588954125e-01 9.525411030414088209e-01
1.009080784960019628e+03 9.554737886258050095e-01 9.366996615381499858e-01 9.460867250819775531e-01
1.010080815479460398e+03 9.566932389687671234e-01 9.218097412396716317e-01 9.392514901042193776e-01
1.011080845998901168e+03 9.579897018189775793e-01 9.055438689463665147e-01 9.317667853826721025e-01
1.012080876518341938e+03 9.590759533926361824e-01 8.889116456098685726e-01 9.239937995012523775e-01
1.013080907037783163e+03 9.598702012295711183e-01 8.719978198997136998e-01 9.159340105646424091e-01
1.014080937557223933e+03 9.607975799662950012e-01 8.539141413810147352e-01 9.073558606736549237e-01
1.015080968076664703e+03 9.616175406534401837e-01 8.358052349536224668e-01 8.987113878035313252e-01
1.016080998596105928e+03 9.625963644818755771e-01 8.175110388013551166e-01 8.900537016416153469e-01
1.017081029115546698e+03 9.641848407644549868e-01 7.993768759591576289e-01 8.817808583618063079e-01
1.018081059634987469e+03 9.655071328126144659e-01 7.802833874440069373e-01 8.728952601283106461e-01
1.019081090154428239e+03 9.672029495796136134e-01 7.607943576274687203e-01 8.639986536035411113e-01
1.020081120673869009e+03 9.683148946121930001e-01 7.421425618082531095e-01 8.552287282102231103e-01
1.021081151193310234e+03 9.699807130539471745e-01 7.217236721360250629e-01 8.458521925949861187e-01
1.022081181712751004e+03 9.719941688427219395e-01 7.018223299224903844e-01 8.369082493826061064e-01
1.023081212232191774e+03 9.734238110709461100e-01 6.818957217921136627e-01 8.276597664315299419e-01
1.024081242751632999e+03 9.751969506058305592e-01 6.621247855367278223e-01 8.186608680712792463e-01
1.025081273271073769e+03 9.771031337796994842e-01 6.422234813313419943e-01 8.096633075555207393e-01
1.026081303790514539e+03 9.785883126617722638e-01 6.227892117550302142e-01 8.006887622084012390e-01
1.027081334309955309e+03 9.795117452710314643e-01 6.029929715746624730e-01 7.912523584228470241e-01
1.028081364829396080e+03 9.814733875335904800e-01 5.836890604463229604e-01 7.825812239899567757e-01
1.029081395348837304e+03 9.824523374054091596e-01 5.641244894342534177e-01 7.732884134198312331e-01
1.030081425868278075e+03 9.843289973406312843e-01 5.448495120091044752e-01 7.645892546748678242e-01
1.031081456387718845e+03 9.863717533682210270e-01 5.247637067479365980e-01 7.555677300580787570e-01
1.032081486907160070e+03 9.872177662531478326e-01 5.061078820649508314e-01 7.466628241590493875e-01
1.033081517426600840e+03 9.882520200833374568e-01 4.879444719523362561e-01 7.380982460178369120e-01
1.034081547946041610e+03 9.885179037527659363e-01 4.704037873478700837e-01 7.294608455503179822e-01
1.035081578465482380e+03 9.880672792658741210e-01 4.534604293061900715e-01 7.207638542860320685e-01
1.036081608984923150e+03 9.882001968614765319e-01 4.368538424659840769e-01 7.125270196637303322e-01
1.037081639504364375e+03 9.873022250156603397e-01 4.206380554106086134e-01 7.039701402131344210e-01
1.038081670023805145e+03 9.862681069244989551e-01 4.042126154070624922e-01 6.952403611657806959e-01
1.039081700543245915e+03 9.853700478178794020e-01 3.892137162442505516e-01 6.872918820310649490e-01
1.040081731062687140e+03 9.835677243919193069e-01 3.754857145532781715e-01 6.795267194725986837e-01
1.041081761582127911e+03 9.828803807353850841e-01 3.627456871773411806e-01 6.728130339563631601e-01
1.042081792101568681e+03 9.810810920462715856e-01 3.503170225554785300e-01 6.656990573008750856e-01
1.043081822621009451e+03 9.800471096941383298e-01 3.385620143610099664e-01 6.593045620275741481e-01
1.044081853140450221e+03 9.782217881985332264e-01 3.277920633561582364e-01 6.530069257773457592e-01
1.045081883659891446e+03 9.762635781942599067e-01 3.182702904522682896e-01 6.472669343232640982e-01
1.046081914179332216e+03 9.741437805724876275e-01 3.083834967903942847e-01 6.412636386814409839e-01
1.047081944698772986e+03 9.725032386769251191e-01 2.997676481105516766e-01 6.361354433937383979e-01
1.048081975218214211e+03 9.705449704987826332e-01 2.923717279751574805e-01 6.314583492369700846e-01
1.049082005737654981e+03 9.680294451314050974e-01 2.853662845553405214e-01 6.266978648433727539e-01
1.050082036257095751e+03 9.656467210118911959e-01 2.792669078901241497e-01 6.224568144510076451e-01
1.051082066776536522e+03 9.633706974642354259e-01 2.744130012452792866e-01 6.188918493547573840e-01
1.052082097295977292e+03 9.606963477381476046e-01 2.706512017408392867e-01 6.156737747394934734e-01
1.053082127815418517e+03 9.579959264229876981e-01 2.668871312495131876e-01 6.124415288362504706e-01
1.054082158334859287e+03 9.554804495338347081e-01 2.645263976241473136e-01 6.100034235789910664e-01
1.055082188854300057e+03 9.536003670359712858e-01 2.619566571891308038e-01 6.077785121125510726e-01
1.056082219373741282e+03 9.515353401121012800e-01 2.600885376769072055e-01 6.058119388945042427e-01
1.057082249893182052e+03 9.497880006882321036e-01 2.584529140102255207e-01 6.041204573492288121e-01
1.058082280412622822e+03 9.480406612643630382e-01 2.580883398479842383e-01 6.030645005561736660e-01
1.059082310932063592e+03 9.457906414362640124e-01 2.581927672365119109e-01 6.019917043363879339e-01
1.060082341451504362e+03 9.439106074166248028e-01 2.579070504807667308e-01 6.009088289486957946e-01
1.061082371970945587e+03 9.418194119472350634e-01 2.583466242224122245e-01 6.000830180848236717e-01
1.062082402490386357e+03 9.394105095865565858e-01 2.596964076068654093e-01 5.995534585967110530e-01
1.063082433009827128e+03 9.369213078950168194e-01 2.609674761153801259e-01 5.989443920051984449e-01
1.064082463529268352e+03 9.353328122211469475e-01 2.618245218602073821e-01 5.985786670406771925e-01
1.065082494048709123e+03 9.335052510315758889e-01 2.624199670196333822e-01 5.979626090256046078e-01
1.066082524568149893e+03 9.329222809921295934e-01 2.640553341313114366e-01 5.984888075617205150e-01
1.067082555087590663e+03 9.323670598883178062e-01 2.648080190018707869e-01 5.985875394450943521e-01
1.068082585607031433e+03 9.311225075207721913e-01 2.659234536435343688e-01 5.985229805821532523e-01
1.069082616126472658e+03 9.305920878765525650e-01 2.667275635392726829e-01 5.986598257079126517e-01
1.070082646645913428e+03 9.305133301532264589e-01 2.677401101224304303e-01 5.991267201378284168e-01
1.071082677165354198e+03 9.301155760178421161e-01 2.677143786057668007e-01 5.989149773118044306e-01
1.072082707684795423e+03 9.304069980158736763e-01 2.675329562100287606e-01 5.989699771129511907e-01
1.073082738204236193e+03 9.302481542658735947e-01 2.675587067307668709e-01 5.989034304983202883e-01
1.074082768723676963e+03 9.301692704991643135e-01 2.674813981563299303e-01 5.988253343277470941e-01
1.075082799243117734e+03 9.293477003349694954e-01 2.665731174270679626e-01 5.979604088810187568e-01
1.076082829762558504e+03 9.299304667658735424e-01 2.654833952979935296e-01 5.977069310319335083e-01
1.077082860281999729e+03 9.300893105158735130e-01 2.649389665761475166e-01 5.975141385460105425e-01
1.078082890801440499e+03 9.301946440018039608e-01 2.633822003159617675e-01 5.967884221588828364e-01
1.079082921320881269e+03 9.315979334672559453e-01 2.617737999857798759e-01 5.966858667265179106e-01
1.080082951840322494e+03 9.327098688041909336e-01 2.594386553465189982e-01 5.960742620753549659e-01
1.081082982359763264e+03 9.335304790995426760e-01 2.569220027931864991e-01 5.952262409463645598e-01
1.082083012879204034e+03 9.351453275361842898e-01 2.545610031107797266e-01 5.948531653234819805e-01
1.083083043398644804e+03 9.365485879147015247e-01 2.513957700061518197e-01 5.939721789604266444e-01
1.084083073918085574e+03 9.377929851519289928e-01 2.479450196885592539e-01 5.928690024202440956e-01
1.085083104437526799e+03 9.387724779798608532e-01 2.445459984613332360e-01 5.916592382205970724e-01
1.086083134956967569e+03 9.398051902025152948e-01 2.407838853896663300e-01 5.902945377960908679e-01
1.087083165476408340e+03 9.401757286627329124e-01 2.368142953363340519e-01 5.884950119995334683e-01
1.088083195995849564e+03 9.414465077496680934e-01 2.323514735374404561e-01 5.868989906435542192e-01
1.089083226515290335e+03 9.420025917658737535e-01 2.283557053716976371e-01 5.851791485687857231e-01
1.090083257034731105e+03 9.420554912043159757e-01 2.250864914742890244e-01 5.835709913393024584e-01
1.091083287554171875e+03 9.427173450104716634e-01 2.216875367613247438e-01 5.822024408858982314e-01
1.092083318073612645e+03 9.440410623184276595e-01 2.185221231179907131e-01 5.812815927182092279e-01
1.093083348593053870e+03 9.452324243781852209e-01 2.144485902800247479e-01 5.798405073291049705e-01
1.094083379112494640e+03 9.458678187694748996e-01 2.105826294440977520e-01 5.782252241067863396e-01
1.095083409631935410e+03 9.463443694107646076e-01 2.066907185446520412e-01 5.765175439777083799e-01
1.096083440151376635e+03 9.469797638020545083e-01 2.035254094237254618e-01 5.752525866128900267e-01
1.097083470670817405e+03 9.475886406046090116e-01 2.006712635140937562e-01 5.741299520593513561e-01
1.098083501190258175e+03 9.477209667658736958e-01 1.977394004424267437e-01 5.727301836041501781e-01
1.099083531709698946e+03 9.474825120757985886e-01 1.951449072005756735e-01 5.713137096381871727e-01
1.100083562229139716e+03 9.465294204888641261e-01 1.931211063113156545e-01 5.698252634000898764e-01
1.101083592748580941e+03 9.456028852732439871e-01 1.911233315018707746e-01 5.683631083875573253e-01
1.102083623268021711e+03 9.450997685649946689e-01 1.891255756965011525e-01 5.671126721307478968e-01
1.103083653787462481e+03 9.441998285032692229e-01 1.879582884379861762e-01 5.660790584706276718e-01
1.104083684306903706e+03 9.438555458493745887e-01 1.873355819339116435e-01 5.655955638916431161e-01
1.105083714826344476e+03 9.432201514580850210e-01 1.867650036057667828e-01 5.649925775319258880e-01
1.106083745345785246e+03 9.424259133167953717e-01 1.870242001757630446e-01 5.647250567462791526e-01
1.107083775865226016e+03 9.419227481303217298e-01 1.860901499216888466e-01 5.640064490260052743e-01
1.108083806384666786e+03 9.405987205617294400e-01 1.857013930748429020e-01 5.631500568182861155e-01
1.109083836904108011e+03 9.393545560199783040e-01 1.863501921729935340e-01 5.628523740964859190e-01
1.110083867423548782e+03 9.381370545016363138e-01 1.866354433289172943e-01 5.623862489152767763e-01
1.111083897942989552e+03 9.372895097048196122e-01 1.871024684559543516e-01 5.621959890803869264e-01
1.112083928462430777e+03 9.366019042658736415e-01 1.874138217079917013e-01 5.620078629869327269e-01
1.113083958981871547e+03 9.362041986087136225e-01 1.875956431892909504e-01 5.618999208990023142e-01
1.114083989501312317e+03 9.352244246070809952e-01 1.881922000870659140e-01 5.617083123470734130e-01
1.115084020020753087e+03 9.337414078538156526e-01 1.888672153057758540e-01 5.613043115797957672e-01
1.116084050540193857e+03 9.318886282919223163e-01 1.893590882600197367e-01 5.606238582759710543e-01
1.117084081059635082e+03 9.304322842577094077e-01 1.890229441929990872e-01 5.597276142253542197e-01
1.118084111579075852e+03 9.288170770822077316e-01 1.900864882096625630e-01 5.594517826459350918e-01
1.119084142098516622e+03 9.267520501583385029e-01 1.903716538472517428e-01 5.585618520027950673e-01
1.120084172617957847e+03 9.254561011773060342e-01 1.902668368751998795e-01 5.578614690262529985e-01
1.121084203137398617e+03 9.248993093790243147e-01 1.891246730029695622e-01 5.570119911909969801e-01
1.122084233656839388e+03 9.232840731165876669e-01 1.879841529831701441e-01 5.556341130498788639e-01
1.123084264176280158e+03 9.218812005638654661e-01 1.878284716061330295e-01 5.548548360849991923e-01
1.124084294695720928e+03 9.203980092889921805e-01 1.873614464790958611e-01 5.538797278840440486e-01
1.125084325215162153e+03 9.188898808154979392e-01 1.867894048372260307e-01 5.528396428263619988e-01
1.126084355734602923e+03 9.177779454785633950e-01 1.854145740827856659e-01 5.515962597806745027e-01
1.127084386254043693e+03 9.169568891835473412e-01 1.839609429340722246e-01 5.504589160588098107e-01
1.128084416773484918e+03 9.158985804584202084e-01 1.817814796718485726e-01 5.488400300651343766e-01
1.129084447292925688e+03 9.154488576665016364e-01 1.800953241714826902e-01 5.477720909189921494e-01
1.130084477812366458e+03 9.151579980158730532e-01 1.785122562724029138e-01 5.468351271441379557e-01
1.131084508331807228e+03 9.153436890065339560e-01 1.766441367601801204e-01 5.459939128833570798e-01
1.132084538851247999e+03 9.156613862021790728e-01 1.747760172479573271e-01 5.452187017250682555e-01
1.133084569370689223e+03 9.157665063839224295e-01 1.732982319207502231e-01 5.445323691523362708e-01
1.134084599890129994e+03 9.154488091882773126e-01 1.715834467823828258e-01 5.435161279853301108e-01
1.135084630409570764e+03 9.153437277891135482e-01 1.687812675140485941e-01 5.420624976515810989e-01
1.136084660929011989e+03 9.154756855158729945e-01 1.662138360740642862e-01 5.408447607949686819e-01
1.137084691448452759e+03 9.154756855158729945e-01 1.643193484086872824e-01 5.398975169622801662e-01
1.138084721967893529e+03 9.154487704056977204e-01 1.623483028298100816e-01 5.388985366177538872e-01
1.139084752487334299e+03 9.151579980158730532e-01 1.607915365696243049e-01 5.379747672927486235e-01
1.140084783006775069e+03 9.151579980158730532e-01 1.592083736501730407e-01 5.371831858330230469e-01
1.141084813526216294e+03 9.151849422129829659e-01 1.575487383355551885e-01 5.363668402742690633e-01
1.142084844045657064e+03 9.153437956586277791e-01 1.564854128657466870e-01 5.359146042621871775e-01
1.143084874565097834e+03 9.158203366042728666e-01 1.553692560692580549e-01 5.355947963367654330e-01
1.144084905084539059e+03 9.164826945839622541e-01 1.542795149361089468e-01 5.353811047600356421e-01
1.145084935603979829e+03 9.165606087861839502e-01 1.528784300529603402e-01 5.347195194195721868e-01
1.146084966123420600e+03 9.164827333665417353e-01 1.520766291522555325e-01 5.342796812593986200e-01
1.147084996642861370e+03 9.171181277578315250e-01 1.518151140851891068e-01 5.344666209215103159e-01
1.148085027162302140e+03 9.175676663324972004e-01 1.514804333318927332e-01 5.345240498321949252e-01
1.149085057681743365e+03 9.178313200036045671e-01 1.516593851979658736e-01 5.347453526007852620e-01
1.150085088201184135e+03 9.178853732237870489e-01 1.507518171214918823e-01 5.343185951726394656e-01
1.151085118720624905e+03 9.182030704194320547e-01 1.501026094357430785e-01 5.341528399275875527e-01
1.152085149240066130e+03 9.181219275674664670e-01 1.493507322383430813e-01 5.337363299029047603e-01
1.153085179759506900e+03 9.179124628555701548e-01 1.489367379807667868e-01 5.334246004181684153e-01
1.154085210278947670e+03 9.181218887848870969e-01 1.487545364179806984e-01 5.334382126014338699e-01
1.155085240798388440e+03 9.176994980158732496e-01 1.487545269159435690e-01 5.332270124659084232e-01
1.156085271317829211e+03 9.176724083840903656e-01 1.479496093470459572e-01 5.328110088655682031e-01
1.157085301837270435e+03 9.175406542658732789e-01 1.478470348557667791e-01 5.326938445608200290e-01
1.158085332356711206e+03 9.173818105158733083e-01 1.472471807510927211e-01 5.323144956334829869e-01
1.159085362876151976e+03 9.173275730784383741e-01 1.459258179598228178e-01 5.316266955191305543e-01
1.160085393395593201e+03 9.169324076802358725e-01 1.450942661807298473e-01 5.310133369304828044e-01
1.161085423915033971e+03 9.170641230158732560e-01 1.440577174516741166e-01 5.305609202337736585e-01
1.162085454434474741e+03 9.170369752102209837e-01 1.431995219603493241e-01 5.301182485852851123e-01
1.163085484953915511e+03 9.165061192619821107e-01 1.414870838251636453e-01 5.289966015435728641e-01
1.164085515473356281e+03 9.152081729781057495e-01 1.400859894399779371e-01 5.276470812090418017e-01
1.165085545992797506e+03 9.145226230158733927e-01 1.385292231797914941e-01 5.265259230978324156e-01
1.166085576512238276e+03 9.141505623394098334e-01 1.372080599313024174e-01 5.256793111353561532e-01
1.167085607031679046e+03 9.135151679481199327e-01 1.364787405701508860e-01 5.249969542591353955e-01
1.168085637551120271e+03 9.126937238273086228e-01 1.339879335579272079e-01 5.233408286926178876e-01
1.169085668070561042e+03 9.121399667658731669e-01 1.327691737640480929e-01 5.224545702649606715e-01
1.170085698590001812e+03 9.119266722742508380e-01 1.308743820334814789e-01 5.214005271538662001e-01
1.171085729109442582e+03 9.112912778829609373e-01 1.286682275488407468e-01 5.199797527159008004e-01
1.172085759628883352e+03 9.108692167658729577e-01 1.270091718584910878e-01 5.189391943121820505e-01
1.173085790148324577e+03 9.111869042658731210e-01 1.250876413953198041e-01 5.181372728305964070e-01
1.174085820667765347e+03 9.106558447090916664e-01 1.230638405060597851e-01 5.168598426075756702e-01
1.175085851187206117e+03 9.101792940678021804e-01 1.208576385112332258e-01 5.155184662895176961e-01
1.176085881706647342e+03 9.095984667658730816e-01 1.186294393003509556e-01 5.141139530331120255e-01
1.177085912226088112e+03 9.097846037561984067e-01 1.175396981672023888e-01 5.136621509617004255e-01
1.178085942745528882e+03 9.104199884518433539e-01 1.162942851590538645e-01 5.133571368054485884e-01
1.179085973264969653e+03 9.105515292658731274e-01 1.146304594460437060e-01 5.125909943559584514e-01
1.180086003784410423e+03 9.105515292658731274e-01 1.119839615547465611e-01 5.112677454103098373e-01
1.181086034303851648e+03 9.103380214700634854e-01 1.097291661418176995e-01 5.100335938059405994e-01
1.182086064823292418e+03 9.097846522344227305e-01 1.083816632462859669e-01 5.090831577403543973e-01
1.183086095342733188e+03 9.102611931800678180e-01 1.071847106277181855e-01 5.087229519038930503e-01
1.184086125862174413e+03 9.101517584363546520e-01 1.048495659884572662e-01 5.075006622124059730e-01
1.185086156381615183e+03 9.091986668494200785e-01 1.032980543548283198e-01 5.062483606021241922e-01
1.186086186901055953e+03 9.081414925147439643e-01 1.029061998438643155e-01 5.055238461793041260e-01
1.187086217420496723e+03 9.083551069626472074e-01 1.014514284506901481e-01 5.049032677066687125e-01
1.188086247939937493e+03 9.083277167658730944e-01 9.942763706346730013e-02 5.038776769146702250e-01
1.189086278459378718e+03 9.083277167658730944e-01 9.755951755124368796e-02 5.029436171585583981e-01
1.190086308978819488e+03 9.084865605158730650e-01 9.571826980014520869e-02 5.021024151580091299e-01
1.191086339498260259e+03 9.082454298278124227e-01 9.416150353995941802e-02 5.012034666838859343e-01
1.192086370017701483e+03 9.073472155908745007e-01 9.239528387437563606e-02 4.998712497326250892e-01
1.193086400537142254e+03 9.074569993778032195e-01 9.055405512735147100e-02 4.990055272525773522e-01
1.194086431056583024e+03 9.082237891484495895e-01 8.871284538440171730e-02 4.984683172664256534e-01
1.195086461576023794e+03 9.089905595278063855e-01 8.616236557873477309e-02 4.975764625532705931e-01
1.196086492095464564e+03 9.089081368507174741e-01 8.253383214564115333e-02 4.957209844981793068e-01
1.197086522614905789e+03 9.084865605158730650e-01 7.946822790076736587e-02 4.939773942083202085e-01
1.198086553134346559e+03 9.083002199170053803e-01 7.544758340170623634e-02 4.918739016593557944e-01
1.199086583653787329e+03 9.080863533823355649e-01 7.173830165671953030e-02 4.899123275195275684e-01
1.200086614173228554e+03 9.072158105158730779e-01 6.825948232131719140e-02 4.877376464185951277e-01
1.201086644692669324e+03 9.073471283300706958e-01 6.402924188630111646e-02 4.856881851081858992e-01
1.202086675212110094e+03 9.071120380287676088e-01 5.946065291164041866e-02 4.832863454702039929e-01
1.203086705731550865e+03 9.078787308429651093e-01 5.463467275404627899e-02 4.812567017985057150e-01
1.204086736250991635e+03 9.080375842886101445e-01 4.947034405680732216e-02 4.787539641727087125e-01
1.205086766770432860e+03 9.081413082974912898e-01 4.420435306385549212e-02 4.761728306806733979e-01
1.206086797289873630e+03 9.081964474298999113e-01 3.885730969382316519e-02 4.735268785618615417e-01
1.207086827809314400e+03 9.081964571255447538e-01 3.340862303215467316e-02 4.708025400788496961e-01
1.208086858328755625e+03 9.086729980711898413e-01 2.759450702489666535e-02 4.681337525480432360e-01
1.209086888848196395e+03 9.088594550177961917e-01 2.157721845881521022e-02 4.652183367383057044e-01
1.210086919367637165e+03 9.096536931590856190e-01 1.555326896467556889e-02 4.626034810618805948e-01
1.211086949887077935e+03 9.102890875503752977e-01 8.547825544858613303e-03 4.594184565476169824e-01
1.212086980406518705e+03 9.103926855158731568e-01 2.192150430983589443e-03 4.562924179734283991e-01
1.213087010925959930e+03 9.105515292658731274e-01 -4.447759120840578777e-03 4.530518850725162583e-01
1.214087041445400700e+03 9.109245207242444575e-01 -1.062754202461211293e-02 4.501484893498161610e-01
1.215087071964841471e+03 9.113734096907037951e-01 -1.776155750941265168e-02 4.468059260906455665e-01
1.216087102484282696e+03 9.114215776544464243e-01 -2.455709142605097192e-02 4.434322431141977106e-01
1.217087133003723466e+03 9.105792103319935160e-01 -3.065561290792175736e-02 4.399617987120358897e-01
1.218087163523164236e+03 9.110834420394035016e-01 -3.719403120070167296e-02 4.369447054193509317e-01
1.219087194042605006e+03 9.114768913084630997e-01 -4.373244949348152610e-02 4.338722209074907799e-01
1.220087224562045776e+03 9.113457480158733137e-01 -5.066368200297972912e-02 4.303410330064467715e-01
1.221087255081487001e+03 9.113180281671733329e-01 -5.756047912976754860e-02 4.268787745187028748e-01
1.222087285600927771e+03 9.110280605158729283e-01 -6.397039187182415598e-02 4.235288343220243723e-01
1.223087316120368541e+03 9.107859990459042931e-01 -7.103019644630600982e-02 4.198779012997991278e-01
1.224087346639809766e+03 9.100195001446041987e-01 -7.745985442161035239e-02 4.162798228614968954e-01
1.225087377159250536e+03 9.094118643845937600e-01 -8.374131862516674685e-02 4.128352728797134996e-01
1.226087407678691307e+03 9.090941671889490872e-01 -8.967665212063391511e-02 4.097087575341575860e-01
1.227087438198132077e+03 9.083198923804587377e-01 -9.481397602822806692e-02 4.067529581761153423e-01
1.228087468717572847e+03 9.066281283930176516e-01 -9.945705147228547927e-02 4.035855384603661000e-01
1.229087499237014072e+03 9.052262932742963786e-01 -1.049134917962892821e-01 4.001564007390035482e-01
1.230087529756454842e+03 9.046465034063695398e-01 -1.111872308436241824e-01 3.967296362813726995e-01
1.231087560275895612e+03 9.037410077401303310e-01 -1.163245642532555330e-01 3.937082217434373921e-01
1.232087590795336837e+03 9.019380250103180563e-01 -1.215902986912035660e-01 3.901738631595572659e-01
1.233087621314777607e+03 8.997141446408042365e-01 -1.262060462763522073e-01 3.867540491822260007e-01
1.234087651834218377e+03 8.976491080212901652e-01 -1.309854949579118688e-01 3.833318065316891343e-01
1.235087682353659147e+03 8.948651296385923271e-01 -1.359863411055950433e-01 3.794393942664986419e-01
1.236087712873099917e+03 8.916881576821439337e-01 -1.400066245272436061e-01 3.758407665774501361e-01
1.237087743392541142e+03 8.885390607047118916e-01 -1.437701819085624444e-01 3.723844393980747514e-01
1.238087773911981913e+03 8.852505597452573483e-01 -1.479734460600451995e-01 3.686385568426060466e-01
1.239087804431422683e+03 8.816528161924896967e-01 -1.518380291005822502e-01 3.649073935459536955e-01
1.240087834950863908e+03 8.779434951584895730e-01 -1.557572868630126284e-01 3.610931041477384862e-01
1.241087865470304678e+03 8.740560166498988481e-01 -1.594114662944349226e-01 3.573222751777319628e-01
1.242087895989745448e+03 8.706364305717236851e-01 -1.625249988148062263e-01 3.540557158784587433e-01
1.243087926509186218e+03 8.667210770841149436e-01 -1.658489539483665176e-01 3.504360615678742130e-01
1.244087957028626988e+03 8.626101624393620604e-01 -1.693747513555490247e-01 3.466177055419065178e-01
1.245087987548068213e+03 8.572843059265116139e-01 -1.725156782490906426e-01 3.423843138387104856e-01
1.246088018067508983e+03 8.514628274389032248e-01 -1.761236397717051427e-01 3.376695938335990688e-01
1.247088048586949753e+03 8.456603718065411890e-01 -1.798324654189077110e-01 3.329139531938167251e-01
1.248088079106390978e+03 8.395212349058646106e-01 -1.831016793163177392e-01 3.282097777947734496e-01
1.249088109625831748e+03 8.339615291342574732e-01 -1.864717003260911721e-01 3.237449144040831506e-01
1.250088140145272519e+03 8.279441307506441028e-01 -1.893287633611347720e-01 3.193076836947546515e-01
1.251088170664713289e+03 8.207491381229972127e-01 -1.927536491335433144e-01 3.139977444947269491e-01
1.252088201184154059e+03 8.146848709920543330e-01 -1.959679412560938472e-01 3.093584648679802429e-01
1.253088231703595284e+03 8.080879930011468648e-01 -1.987975909138956221e-01 3.046452010436256352e-01
1.254088262223036054e+03 8.008370371112768504e-01 -2.018836435427636133e-01 2.994766967842565908e-01
1.255088292742476824e+03 7.934178230002327803e-01 -2.048964734731788806e-01 2.942606747635269637e-01
1.256088323261918049e+03 7.853912155202963374e-01 -2.082663614544333908e-01 2.885624270329314456e-01
1.257088353781358819e+03 7.762807125084101312e-01 -2.113067377906124034e-01 2.824869873588988778e-01
1.258088384300799589e+03 7.669647975641853410e-01 -2.152261665897100829e-01 2.758693154872376430e-01
1.259088414820240359e+03 7.580130995197196242e-01 -2.191911766611253365e-01 2.694109614292971577e-01
1.260088445339681130e+03 7.484821836503745551e-01 -2.221765742102230212e-01 2.631528047200757392e-01
1.261088475859122354e+03 7.385492572575402814e-01 -2.253631488903422020e-01 2.565930541835990120e-01
1.262088506378563125e+03 7.277194449311206181e-01 -2.283030981956430949e-01 2.497081733677387616e-01
1.263088536898003895e+03 7.167026423976268212e-01 -2.320847569577743075e-01 2.423089427199262569e-01
1.264088567417445120e+03 7.052092698315483021e-01 -2.343647707773594269e-01 2.354222495270944515e-01
1.265088597936885890e+03 6.929497861899699407e-01 -2.369659249472686469e-01 2.279919306213506469e-01
1.266088628456326660e+03 6.807184393098211217e-01 -2.399414973899298975e-01 2.203884709599456260e-01
1.267088658975767430e+03 6.683000828313082620e-01 -2.418648237381259003e-01 2.132176295465911808e-01
1.268088689495208200e+03 6.554051757115056942e-01 -2.444560957893755215e-01 2.054745399610650725e-01
1.269088720014649425e+03 6.421925617004076159e-01 -2.461409210045382157e-01 1.980258203479347001e-01
1.270088750534090195e+03 6.287364997421290846e-01 -2.475143834656257646e-01 1.906110581382516600e-01
1.271088781053530965e+03 6.142070426352973511e-01 -2.481822151442331925e-01 1.830124137455320654e-01
1.272088811572972190e+03 6.005178488959743710e-01 -2.485488607505783043e-01 1.759844940726980334e-01
1.273088842092412960e+03 5.863238804931345527e-01 -2.491715672546525595e-01 1.685761566192409966e-01
1.274088872611853731e+03 5.714944983077153706e-01 -2.499499456337268277e-01 1.607722763369942576e-01
1.275088903131294501e+03 5.562450329167629715e-01 -2.500225982099491540e-01 1.531112173534069087e-01
1.276088933650735271e+03 5.406213738074748809e-01 -2.496835560215908967e-01 1.454689088929420060e-01
1.277088964170176496e+03 5.247647768300386373e-01 -2.490054526407995961e-01 1.378796620946195206e-01
1.278088994689617266e+03 5.091693417429834501e-01 -2.476043677576510726e-01 1.307824869926662026e-01
1.279089025209058036e+03 4.932561997646389695e-01 -2.463312373070699057e-01 1.234624812287845319e-01
1.280089055728499261e+03 4.770253508949972021e-01 -2.447744710468834350e-01 1.161254399240568835e-01
1.281089086247940031e+03 4.601874092214655043e-01 -2.427954152506694163e-01 1.086959969853980440e-01
1.282089116767380801e+03 4.436388437648965954e-01 -2.402321457029678864e-01 1.017033490309643545e-01
1.283089147286821571e+03 4.268008923957200551e-01 -2.385474535163264187e-01 9.412671943969681820e-02
1.284089177806262342e+03 4.098040972765434886e-01 -2.368072504285221869e-01 8.649842342401065087e-02
1.285089208325703567e+03 3.927222810474434445e-01 -2.351225772459543395e-01 7.879985190074455248e-02
1.286089238845144337e+03 3.753056257225660386e-01 -2.335935949424615687e-01 7.085601539005223493e-02
1.287089269364585107e+03 3.581783369190063571e-01 -2.325038538093129603e-01 6.283724155484669838e-02
1.288089299884026332e+03 3.415275987567287785e-01 -2.310027029726985370e-01 5.526244789201512075e-02
1.289089330403467102e+03 3.248485008331971624e-01 -2.332879334106911784e-01 4.578028371125299201e-02
1.290089360922907872e+03 3.085154792578617133e-01 -2.332874012966092148e-01 3.761403898062624929e-02
1.291089391442348642e+03 2.926874068676570961e-01 -2.297016080267181570e-01 3.149289942046946955e-02
1.292089421961789412e+03 2.771202442810600242e-01 -2.289788925814014164e-01 2.407067584982930386e-02
1.293089452481230637e+03 2.615530816944557913e-01 -2.282283646732800042e-01 1.666235851058789352e-02
1.294089483000671407e+03 2.461731904886343414e-01 -2.281005432692331525e-01 9.036323609700594450e-03
1.295089513520112178e+03 2.309237250976820532e-01 -2.281284127442605725e-01 1.397656176710740383e-03
1.296089544039553402e+03 2.154869689346571859e-01 -2.292018483816213870e-01 -6.857439723482100513e-03
1.297089574558994173e+03 2.003797774366123385e-01 -2.307307356647423369e-01 -1.517547911406499916e-02
1.298089605078434943e+03 1.864011008282394632e-01 -2.324431737999280712e-01 -2.302103648584430395e-02
1.299089635597875713e+03 1.722066282518661950e-01 -2.340836625096421042e-01 -3.093851712888795458e-02
1.300089666117316483e+03 1.578653442207835489e-01 -2.369416662463656731e-01 -3.953816101279106210e-02
1.301089696636757708e+03 1.447378967542740646e-01 -2.395323301672374339e-01 -4.739721670648168461e-02
1.302089727156198478e+03 1.320300089284804912e-01 -2.423903719121098810e-01 -5.518018149181469489e-02
1.303089757675639248e+03 1.196968383858461882e-01 -2.456875217988060967e-01 -6.299534170647995424e-02
1.304089788195080473e+03 1.074655012013367300e-01 -2.489287807028540134e-01 -7.073163975075863474e-02
1.305089818714521243e+03 9.622812274691913692e-02 -2.522539140890238119e-01 -7.801289567105233747e-02
1.306089849233962013e+03 8.600473422490056974e-02 -2.557505592461603583e-01 -8.487291251062989428e-02
1.307089879753402784e+03 7.573667786693907833e-02 -2.585527385144945622e-01 -9.140803032377774195e-02
1.308089910272843554e+03 6.613259866136100840e-02 -2.614546036548075492e-01 -9.766100249672327038e-02
1.309089940792284779e+03 5.717993105240347373e-02 -2.639017583082602370e-01 -1.033609136279283747e-01
1.310089971311725549e+03 4.808103372743357390e-02 -2.672706200694986989e-01 -1.095947931710325590e-01
1.311090001831166319e+03 4.038321526088365504e-02 -2.699731704780772290e-01 -1.147949776085967905e-01
1.312090032350607544e+03 3.272989010866542842e-02 -2.733980562504873535e-01 -1.203340830709109660e-01
1.313090062870048314e+03 2.532122485924625035e-02 -2.765551081011093926e-01 -1.256169416209315659e-01
1.314090093389489084e+03 1.889428243607966032e-02 -2.787345808653693968e-01 -1.299201492146448700e-01
1.315090123908929854e+03 1.291529819746407501e-02 -2.809421131454002407e-01 -1.340134074739680881e-01
1.316090154428370624e+03 7.298320251575785879e-03 -2.834890771973134216e-01 -1.380953784728688183e-01
1.317090184947811849e+03 2.069352317968918987e-03 -2.871257823823767930e-01 -1.425282150322039476e-01
1.318090215467252619e+03 -2.276875627919587673e-03 -2.900708057755277958e-01 -1.461738407017236785e-01
1.319090245986693390e+03 -6.638635996899273570e-03 -2.925464285323484681e-01 -1.495925322646238786e-01
1.320090276506134614e+03 -1.042232262709637952e-02 -2.956599705547585111e-01 -1.530411465909274349e-01
1.321090307025575385e+03 -1.385961295281468511e-02 -2.993962000771670517e-01 -1.566279065149908667e-01
1.322090337545016155e+03 -1.634380199595360933e-02 -3.026091619145132583e-01 -1.594764819552334234e-01
1.323090368064456925e+03 -1.840883861546752792e-02 -3.053832056507792547e-01 -1.618960221331234017e-01
1.324090398583897695e+03 -2.079156273498136698e-02 -3.081141386443925767e-01 -1.644528506896869580e-01
1.325090429103338920e+03 -2.301544310449621378e-02 -3.115108698806599574e-01 -1.672631564925780856e-01
1.326090459622779690e+03 -2.536942933259830890e-02 -3.144124024496717795e-01 -1.698909158911350303e-01
1.327090490142220460e+03 -2.690042983235404334e-02 -3.165637111757519384e-01 -1.717320705040529805e-01
1.328090520661661685e+03 -2.814246133223231167e-02 -3.195349696935382289e-01 -1.738387155128852668e-01
1.329090551181102455e+03 -2.925439666916682460e-02 -3.228189117485641413e-01 -1.760366542088654951e-01
1.330090581700543225e+03 -2.988980075610133888e-02 -3.258613595288468168e-01 -1.778755801424740657e-01
1.331090612219983996e+03 -3.116057984303589184e-02 -3.292298222045239586e-01 -1.801952010237799218e-01
1.332090642739424766e+03 -3.192603161468941103e-02 -3.320320014728582181e-01 -1.819790165437738250e-01
1.333090673258865991e+03 -3.259023176690534207e-02 -3.345228369911937283e-01 -1.835565343790495352e-01
1.334090703778306761e+03 -3.394745722355235057e-02 -3.369289523460963776e-01 -1.854382047848243675e-01
1.335090734297747531e+03 -3.563714634299008227e-02 -3.393488361528622099e-01 -1.874929912479261496e-01
1.336090764817188756e+03 -3.640256902770932362e-02 -3.415992226205429305e-01 -1.890008958241261305e-01
1.337090795336629526e+03 -3.794757003866581352e-02 -3.435947454471769413e-01 -1.907711577429213878e-01
1.338090825856070296e+03 -3.995489817987906561e-02 -3.451515117073626349e-01 -1.925532049436208537e-01
1.339090856375511066e+03 -4.154338415810327617e-02 -3.465243185278852889e-01 -1.940338513429942791e-01
1.340090886894951836e+03 -4.297302638632742589e-02 -3.478971063443336842e-01 -1.954350663653305620e-01
1.341090917414393061e+03 -4.487919986455236182e-02 -3.484915157817080611e-01 -1.966853578231302080e-01
1.342090947933833831e+03 -4.658325792969592039e-02 -3.492698941607824126e-01 -1.979265760452391665e-01
1.343090978453274602e+03 -4.938472725575012573e-02 -3.497086032170449443e-01 -1.995466652363975246e-01
1.344091008972715827e+03 -5.126200771224530967e-02 -3.496802776442332061e-01 -2.004711426782392614e-01
1.345091039492156597e+03 -5.354372260344336665e-02 -3.498642940961193548e-01 -2.017040083497813607e-01
1.346091070011597367e+03 -5.608530016860207440e-02 -3.501472932692333284e-01 -2.031162967189177049e-01
1.347091100531038137e+03 -5.878572148376077361e-02 -3.502746015632728360e-01 -2.045301615235168013e-01
1.348091131050478907e+03 -6.116845529891951072e-02 -3.498643226022307706e-01 -2.055163889505751407e-01
1.349091161569920132e+03 -6.392679839656736918e-02 -3.503597303143028419e-01 -2.071432643554351194e-01
1.350091192089360902e+03 -6.720467292923815172e-02 -3.511948928675210913e-01 -2.091997828983796215e-01
1.351091222608801672e+03 -6.999203509199788953e-02 -3.520437573583423130e-01 -2.110178962251700874e-01
1.352091253128242897e+03 -7.364554799409267494e-02 -3.521426165530868735e-01 -2.128940822735897742e-01
1.353091283647683667e+03 -7.657668687471545776e-02 -3.521710276442333032e-01 -2.143738572594743874e-01
1.354091314167124438e+03 -7.946496130934246893e-02 -3.524404199001158755e-01 -2.159526906047291583e-01
1.355091344686565208e+03 -8.216539232014605232e-02 -3.536858329082644969e-01 -2.179256126142052885e-01
1.356091375206005978e+03 -8.524156835246561592e-02 -3.549312459164130074e-01 -2.200864071344393047e-01
1.357091405725447203e+03 -8.851931684175441684e-02 -3.559356112455654420e-01 -2.222274640436599225e-01
1.358091436244887973e+03 -9.121974785255800022e-02 -3.562754326009719419e-01 -2.237475902267649641e-01
1.359091466764328743e+03 -9.389112101566886304e-02 -3.572664380658591154e-01 -2.255787795407639962e-01
1.360091497283769968e+03 -9.680852116750411629e-02 -3.584131534138957909e-01 -2.276108372906999466e-01
1.361091527803210738e+03 -9.976849489598746401e-02 -3.604369448011186527e-01 -2.301027198485530723e-01
1.362091558322651508e+03 -1.023682463304008833e-01 -3.616955181307514033e-01 -2.320318822305761364e-01
1.363091588842092278e+03 -1.051402408960327578e-01 -3.626164650755643315e-01 -2.338783529857985377e-01
1.364091619361533049e+03 -1.074938586896295456e-01 -3.646687815783793973e-01 -2.360813201340044576e-01
1.365091649880974273e+03 -1.094582739066234794e-01 -3.664513067397515700e-01 -2.379547903231875317e-01
1.366091680400415044e+03 -1.117827562873684732e-01 -3.678809357425669169e-01 -2.398318460149677089e-01
1.367091710919855814e+03 -1.138477832112375354e-01 -3.694662556244563967e-01 -2.416570194178469522e-01
1.368091741439297039e+03 -1.155368324181140910e-01 -3.711215770141979009e-01 -2.433292047161559890e-01
1.369091771958737809e+03 -1.166196226465519292e-01 -3.723669900223463558e-01 -2.444933063344491564e-01
1.370091802478178579e+03 -1.175727142334864334e-01 -3.736124030304948662e-01 -2.455925586319906428e-01
1.371091832997619349e+03 -1.188726675158521678e-01 -3.749848962837908917e-01 -2.469287818998215367e-01
1.372091863517060119e+03 -1.202018240805836219e-01 -3.756362134217920423e-01 -2.479190187511878252e-01
1.373091894036501344e+03 -1.216443518208484148e-01 -3.770086876710141977e-01 -2.493265197459313132e-01
1.374091924555942114e+03 -1.219912522988590986e-01 -3.779999876990537966e-01 -2.499956199989564476e-01
1.375091955075382884e+03 -1.228439163961701913e-01 -3.795281243212382249e-01 -2.511860203587041873e-01
1.376091985594824109e+03 -1.242443262550944200e-01 -3.807162590493102794e-01 -2.524802926522023427e-01
1.377092016114264879e+03 -1.248212656034278500e-01 -3.811832936783845494e-01 -2.530022796409062136e-01
1.378092046633705650e+03 -1.249216349191819425e-01 -3.821746602206844701e-01 -2.535481475699332132e-01
1.379092077153146420e+03 -1.250093805053077989e-01 -3.833217366461328934e-01 -2.541655585757203184e-01
1.380092107672587190e+03 -1.256447748965974776e-01 -3.851898561583557146e-01 -2.554173155274765961e-01
1.381092138192028415e+03 -1.260920543860074294e-01 -3.871562742451306605e-01 -2.566241643155690588e-01
1.382092168711469185e+03 -1.262801886791771466e-01 -3.882173192260178207e-01 -2.572487539525974976e-01
1.383092199230909955e+03 -1.267274487772970804e-01 -3.895775453493235951e-01 -2.581524970633103377e-01
1.384092229750351180e+03 -1.273921337117567276e-01 -3.914864856132410087e-01 -2.594393096624988404e-01
1.385092260269791950e+03 -1.280861479719654639e-01 -3.924492700277255053e-01 -2.602677089998454707e-01
1.386092290789232720e+03 -1.293569367545448490e-01 -3.935390111608740304e-01 -2.614479739577094675e-01
1.387092321308673490e+03 -1.304102231356257802e-01 -3.948419114939171193e-01 -2.626260673147714497e-01
1.388092351828114261e+03 -1.316688438838857500e-01 -3.967794433876866145e-01 -2.642241436357861684e-01
1.389092382347555485e+03 -1.334576418852444490e-01 -3.977710284768419258e-01 -2.656143351810431597e-01
1.390092412866996256e+03 -1.348458546229144850e-01 -3.990164509870276488e-01 -2.669311528049710391e-01
1.391092443386437026e+03 -1.374755268174145117e-01 -4.010690145428092990e-01 -2.692722706801118915e-01
1.392092473905878251e+03 -1.404348994159169139e-01 -4.029083428823996837e-01 -2.716716211491583266e-01
1.393092504425319021e+03 -1.429764769810757119e-01 -4.041249647179148696e-01 -2.735507208494952769e-01
1.394092534944759791e+03 -1.455180545462343711e-01 -4.055548597777710595e-01 -2.755364571620027014e-01
1.395092565464200561e+03 -1.480596321113931135e-01 -4.067138232517226726e-01 -2.773867276815579208e-01
1.396092595983641331e+03 -1.511659906862109770e-01 -4.073941881173606117e-01 -2.792800894017857805e-01
1.397092626503082556e+03 -1.540369971773155877e-01 -4.089509448755097032e-01 -2.814939710264126593e-01
1.398092657022523326e+03 -1.567846071960848076e-01 -4.096716458889458901e-01 -2.832281265425153349e-01
1.399092687541964096e+03 -1.605086462190045693e-01 -4.102943523930201453e-01 -2.854014993060123295e-01
1.400092718061405321e+03 -1.639917387711178898e-01 -4.108881917081639856e-01 -2.874399652396409377e-01
1.401092748580846091e+03 -1.686982665762354616e-01 -4.109861197032655955e-01 -2.898421931397505147e-01
1.402092779100286862e+03 -1.726105368487735325e-01 -4.106747664512283014e-01 -2.916426516500009170e-01
1.403092809619727632e+03 -1.763230186630012353e-01 -4.107614440343174134e-01 -2.935422313486593104e-01
1.404092840139168402e+03 -1.807004084115203801e-01 -4.109860911971540687e-01 -2.958432498043372383e-01
1.405092870658609627e+03 -1.855657120971260232e-01 -4.110439110933498674e-01 -2.983048115952379176e-01
1.406092901178050397e+03 -1.900134728361537184e-01 -4.115398604215406708e-01 -3.007766666288471669e-01
1.407092931697491167e+03 -1.942728665865347815e-01 -4.117933557692333713e-01 -3.030331111778840625e-01
1.408092962216932392e+03 -1.986503726827946459e-01 -4.116087406890052702e-01 -3.051295566858999719e-01
1.409092992736373162e+03 -2.035451414331755637e-01 -4.114820120192332897e-01 -3.075135767262044406e-01
1.410093023255813932e+03 -2.086578391934295618e-01 -4.109570719756286405e-01 -3.098074555845291012e-01
1.411093053775254702e+03 -2.136412746161995280e-01 -4.104900373465544261e-01 -3.120656559813769770e-01
1.412093084294695473e+03 -2.194890961709355104e-01 -4.104212901076098596e-01 -3.149551931392726711e-01
1.413093114814136698e+03 -2.244243539343199756e-01 -4.107616340750610551e-01 -3.175929940046905431e-01
1.414093145333577468e+03 -2.283550847147016172e-01 -4.111416680517823163e-01 -3.197483763832419390e-01
1.415093175853018238e+03 -2.335378819874076028e-01 -4.106746429247450925e-01 -3.221062624560763199e-01
1.416093206372459463e+03 -2.382037074753387829e-01 -4.105189615477078391e-01 -3.243613345115233249e-01
1.417093236891900233e+03 -2.434457063556562384e-01 -4.104213376177958117e-01 -3.269335219867260389e-01
1.418093267411341003e+03 -2.485584913767140969e-01 -4.109174009704326669e-01 -3.297379461735733819e-01
1.419093297930781773e+03 -2.537708603662910956e-01 -4.111416205415964753e-01 -3.324562404539437854e-01
1.420093328450222543e+03 -2.588836647786386669e-01 -4.108883817489071832e-01 -3.348860232637729251e-01
1.421093358969663768e+03 -2.646615225599534549e-01 -4.111416015375219946e-01 -3.379015620487377247e-01
1.422093389489104538e+03 -2.706681006038856308e-01 -4.102469277254912616e-01 -3.404575141646884462e-01
1.423093420008545309e+03 -2.764756852323869141e-01 -4.095164491158042597e-01 -3.429960671740955869e-01
1.424093450527986533e+03 -2.830879502117121249e-01 -4.097696213942331744e-01 -3.464287858029726497e-01
1.425093481047427304e+03 -2.890944991687096066e-01 -4.096823071746533707e-01 -3.493884031716815164e-01
1.426093511566868074e+03 -2.948427561462160784e-01 -4.088355901442332074e-01 -3.518391731452246152e-01
1.427093542086308844e+03 -3.008790028634679703e-01 -4.089621382752989809e-01 -3.549205705693834756e-01
1.428093572605749614e+03 -3.071335470250981525e-01 -4.084659799022904436e-01 -3.577997634636942981e-01
1.429093603125190839e+03 -3.138051881336427762e-01 -4.082129026442331554e-01 -3.610090453889379658e-01
1.430093633644631609e+03 -3.201293955037055605e-01 -4.080572307692331147e-01 -3.640933131364693098e-01
1.431093664164072379e+03 -3.264833394166023472e-01 -4.080572307692331147e-01 -3.672702850929177032e-01
1.432093694683513604e+03 -3.332740333485768591e-01 -4.080280595151128953e-01 -3.706510464318448772e-01
1.433093725202954374e+03 -3.406505963178123597e-01 -4.079307396503903949e-01 -3.742906679841013773e-01
1.434093755722395144e+03 -3.477590650105876202e-01 -4.078723686360385958e-01 -3.778157168233131080e-01
1.435093786241835915e+03 -3.556419054683020997e-01 -4.075610153840014682e-01 -3.816014604261517840e-01
1.436093816761276685e+03 -3.627900972181335448e-01 -4.074345432692331181e-01 -3.851123202436833592e-01
1.437093847280717910e+03 -3.698786607519820024e-01 -4.076194339085391083e-01 -3.887490473302605554e-01
1.438093877800158680e+03 -3.764906542532478473e-01 -4.079307871605762359e-01 -3.922107207069120416e-01
1.439093908319599450e+03 -3.829340889683480187e-01 -4.082421404126134745e-01 -3.955881146904807188e-01
1.440093938839040675e+03 -3.896057397725377069e-01 -4.083393272488156089e-01 -3.989725335106766302e-01
1.441093969358481445e+03 -3.967539218267241430e-01 -4.078723021217783851e-01 -4.023131119742512363e-01
1.442093999877922215e+03 -4.033061222860410133e-01 -4.079308251687250308e-01 -4.056184737273830221e-01
1.443094030397362985e+03 -4.089947995257858793e-01 -4.074731120381172578e-01 -4.082339557819515408e-01
1.444094060916803755e+03 -4.141471621692268679e-01 -4.065683280585348780e-01 -4.103577451138809007e-01
1.445094091436244980e+03 -4.186248145814087107e-01 -4.058778245192332101e-01 -4.122513195503209604e-01
1.446094121955685750e+03 -4.233603711472843645e-01 -4.058485202365926248e-01 -4.146044456919384946e-01
1.447094152475126521e+03 -4.271820453141033647e-01 -4.055664807692330731e-01 -4.163742630416682466e-01
1.448094182994567745e+03 -4.300413200749081954e-01 -4.055371574825181735e-01 -4.177892387787132122e-01
1.449094213514008516e+03 -4.324931159685170279e-01 -4.054401416829852556e-01 -4.189666288257511417e-01
1.450094244033449286e+03 -4.343094786882567560e-01 -4.051671101468654612e-01 -4.197382944175611086e-01
1.451094274552890056e+03 -4.351336763722126189e-01 -4.042917539764068757e-01 -4.197127151743097473e-01
1.452094305072330826e+03 -4.357182171061292908e-01 -4.043211057692331356e-01 -4.200196614376812132e-01
1.453094335591772051e+03 -4.343275610659499963e-01 -4.041360630973324097e-01 -4.192318120816411753e-01
1.454094366111212821e+03 -4.321636385643478628e-01 -4.034546054974194607e-01 -4.178091220308836617e-01
1.455094396630653591e+03 -4.304851866973214980e-01 -4.029200588942331573e-01 -4.167026227957772999e-01
1.456094427150094816e+03 -4.273170862559328431e-01 -4.029200588942331573e-01 -4.151185725750830002e-01
1.457094457669535586e+03 -4.228393271916593421e-01 -4.029875043540848134e-01 -4.129134157728721055e-01
1.458094488188976356e+03 -4.183015133030252852e-01 -4.019566093371466087e-01 -4.101290613200859747e-01
1.459094518708417127e+03 -4.123340474905222153e-01 -4.017715001509857276e-01 -4.070527738207539992e-01
1.460094549227857897e+03 -4.060788731119751582e-01 -4.013633401442331938e-01 -4.037211066281041760e-01
1.461094579747299122e+03 -3.989006442543154285e-01 -4.012371150824314281e-01 -4.000688796683734560e-01
1.462094610266739892e+03 -3.913746520062543199e-01 -4.014895557039978580e-01 -3.964321038551260612e-01
1.463094640786180662e+03 -3.834021559203735219e-01 -4.007784612501434918e-01 -3.920903085852585068e-01
1.464094671305621887e+03 -3.750132609740086664e-01 -4.003325876578526232e-01 -3.876729243159306448e-01
1.465094701825062657e+03 -3.664438719026396618e-01 -4.003408544301926830e-01 -3.833923631664161724e-01
1.466094732344503427e+03 -3.576386168783778352e-01 -3.994362889974651942e-01 -3.785374529379215147e-01
1.467094762863944197e+03 -3.488718438686279066e-01 -3.992134377196543404e-01 -3.740426407941411235e-01
1.468094793383384967e+03 -3.400365517365405710e-01 -3.990953939118584426e-01 -3.695659728241995068e-01
1.469094823902826192e+03 -3.319051440311418522e-01 -3.981908569852420920e-01 -3.650480005081919721e-01
1.470094854422266963e+03 -3.231383419344572849e-01 -3.975976828127004703e-01 -3.603680123735788499e-01
1.471094884941707733e+03 -3.142729642163205050e-01 -3.976567569778029498e-01 -3.559648605970617274e-01
1.472094915461148958e+03 -3.063525919172884193e-01 -3.977533356836260303e-01 -3.520529638004572526e-01
1.473094945980589728e+03 -2.999604471635811676e-01 -3.974124215939447424e-01 -3.486864343787629550e-01
1.474094976500030498e+03 -2.938718536596449105e-01 -3.964488010001891438e-01 -3.451603273299170271e-01
1.475095007019471268e+03 -2.867760862616566819e-01 -3.959148245192331550e-01 -3.413454553904449185e-01
1.476095037538912038e+03 -2.817533059119806671e-01 -3.957295633004775381e-01 -3.387414346062290749e-01
1.477095068058353263e+03 -2.770784537786702417e-01 -3.951737416360614485e-01 -3.361260977073658451e-01
1.478095098577794033e+03 -2.735837749309322220e-01 -3.939283286279129381e-01 -3.337560517794225801e-01
1.479095129097234803e+03 -2.700209163084274500e-01 -3.929274410443659993e-01 -3.314741786763967246e-01
1.480095159616676028e+03 -2.671616415476226192e-01 -3.929274315423286756e-01 -3.300445365449756752e-01
1.481095190136116798e+03 -2.645821734022895111e-01 -3.920305152495251466e-01 -3.283063443259073289e-01
1.482095220655557569e+03 -2.632130319980901523e-01 -3.905626880572756754e-01 -3.268878600276828861e-01
1.483095251174998339e+03 -2.621994201958410819e-01 -3.902513253032013907e-01 -3.262253727495212363e-01
1.484095281694439109e+03 -2.608605873775233785e-01 -3.899326174743922291e-01 -3.253966024259578038e-01
1.485095312213880334e+03 -2.601949134872862390e-01 -3.908370023684137884e-01 -3.255159579278500415e-01
1.486095342733321104e+03 -2.594309548449437175e-01 -3.908442714268509088e-01 -3.251376131358972854e-01
1.487095373252761874e+03 -2.592041446243644187e-01 -3.903106370192331864e-01 -3.247573908217987748e-01
1.488095403772203099e+03 -2.597109941558911061e-01 -3.897545112896275143e-01 -3.247327527227593102e-01
1.489095434291643869e+03 -2.599377462026009611e-01 -3.891317952835162131e-01 -3.245347707430585871e-01
1.490095464811084639e+03 -2.598092207341275994e-01 -3.878269470328525315e-01 -3.238180838834900932e-01
1.491095495330525409e+03 -2.598395584069438935e-01 -3.868858557692332334e-01 -3.233627070880885634e-01
1.492095525849966180e+03 -2.603464467210498401e-01 -3.866707011415323469e-01 -3.235085739312910658e-01
1.493095556369407404e+03 -2.608229973623397702e-01 -3.860479946374578697e-01 -3.234354959998988477e-01
1.494095586888848175e+03 -2.612388144841276127e-01 -3.854550485138083515e-01 -3.233469314989679821e-01
1.495095617408288945e+03 -2.612691909395233880e-01 -3.849284836218472838e-01 -3.230988372806853359e-01
1.496095647927730170e+03 -2.612084283330867174e-01 -3.839944238657354014e-01 -3.226014260994110594e-01
1.497095678447170940e+03 -2.611780227907563590e-01 -3.830305752230876992e-01 -3.221042990069220568e-01
1.498095708966611710e+03 -2.605730339417971497e-01 -3.816294903399390925e-01 -3.211012621408680934e-01
1.499095739486052480e+03 -2.602249215081769429e-01 -3.807252289724012972e-01 -3.204750752402891201e-01
1.500095770005493250e+03 -2.596503769841275733e-01 -3.800064758765854811e-01 -3.198284264303565272e-01
1.501095800524934475e+03 -2.596503769841275733e-01 -3.791386263154928327e-01 -3.193945016498102030e-01
1.502095831044375245e+03 -2.594306445843075903e-01 -3.786352463942331825e-01 -3.190329454892704142e-01
1.503095861563816015e+03 -2.588257042135727048e-01 -3.784198827217145622e-01 -3.186227934676436613e-01
1.504095892083257240e+03 -2.584470795855281500e-01 -3.776713597434365743e-01 -3.180592196644823622e-01
1.505095922602698010e+03 -2.569260365130596746e-01 -3.773301415885657040e-01 -3.171280890508126893e-01
1.506095953122138781e+03 -2.549588871242117749e-01 -3.764920143997496083e-01 -3.157254507619806638e-01
1.507095983641579551e+03 -2.524782951653217200e-01 -3.756475968623251838e-01 -3.140629460138234519e-01
1.508096014161020321e+03 -2.505416094926734560e-01 -3.751506783263428568e-01 -3.128461439095081564e-01
1.509096044680461546e+03 -2.486964410120068025e-01 -3.745578747332507508e-01 -3.116271578726287905e-01
1.510096075199902316e+03 -2.469185893937136944e-01 -3.742166090681940394e-01 -3.105675992309538946e-01
1.511096105719343086e+03 -2.447619677127031990e-01 -3.738094182692331957e-01 -3.092856929909681973e-01
1.512096136238784311e+03 -2.421226192646158681e-01 -3.735938835600453034e-01 -3.078582514123305858e-01
1.513096166758225081e+03 -2.398681879180984411e-01 -3.731567898501020886e-01 -3.065124888841002648e-01
1.514096197277665851e+03 -2.366972757396973159e-01 -3.728753870192333397e-01 -3.047863313794653140e-01
1.515096227797106621e+03 -2.325977825646077524e-01 -3.726597952978224493e-01 -3.026287889312150869e-01
1.516096258316547392e+03 -2.293842677226222981e-01 -3.726239821197184221e-01 -3.010041249211703462e-01
1.517096288835988616e+03 -2.266532566478792476e-01 -3.727854502373938450e-01 -2.997193534426365602e-01
1.518096319355429387e+03 -2.233844960213917930e-01 -3.719413557692332617e-01 -2.976629258953125134e-01
1.519096349874870157e+03 -2.196027388245264944e-01 -3.713543484188168153e-01 -2.954785436216716410e-01
1.520096380394311382e+03 -2.164563760189494868e-01 -3.706359659024505704e-01 -2.935461709607000147e-01
1.521096410913752152e+03 -2.127109871860132229e-01 -3.700732932692333832e-01 -2.913921402276232753e-01
1.522096441433192922e+03 -2.085196471670153207e-01 -3.697018966443020860e-01 -2.891107719056587033e-01
1.523096471952633692e+03 -2.035953454823427322e-01 -3.695762417047305237e-01 -2.865857935935366418e-01
1.524096502472074462e+03 -1.990807041849616266e-01 -3.684919737449936505e-01 -2.837863389649776247e-01
1.525096532991515687e+03 -1.952683378372217782e-01 -3.672411445756560977e-01 -2.812547412064389518e-01
1.526096563510956457e+03 -1.916148152394837045e-01 -3.669899202148476092e-01 -2.793023677271656569e-01
1.527096594030397227e+03 -1.880840395058729075e-01 -3.673012734668848478e-01 -2.776926564863788638e-01
1.528096624549838452e+03 -1.857013056907130810e-01 -3.673667044948557558e-01 -2.765340050927844184e-01
1.529096655069279223e+03 -1.833185718755543370e-01 -3.667740909425074025e-01 -2.750463314090308975e-01
1.530096685588719993e+03 -1.804285910074291122e-01 -3.664928401442333339e-01 -2.734607155758312369e-01
1.531096716108160763e+03 -1.775693162466255581e-01 -3.665882881076329425e-01 -2.720788021771292642e-01
1.532096746627601533e+03 -1.747407766800781748e-01 -3.658099097285587020e-01 -2.702753432043184523e-01
1.533096777147042758e+03 -1.723272979750171408e-01 -3.650014003896094872e-01 -2.686643491823133001e-01
1.534096807666483528e+03 -1.693706886353055774e-01 -3.640673406334981044e-01 -2.667190146344018409e-01
1.535096838185924298e+03 -1.674337314846009173e-01 -3.631935808052844106e-01 -2.653136561449426778e-01
1.536096868705365523e+03 -1.649537018731126181e-01 -3.632538902352193677e-01 -2.641037960541660068e-01
1.537096899224806293e+03 -1.632987134666855633e-01 -3.633190647081867009e-01 -2.633088890874361043e-01
1.538096929744247063e+03 -1.625044656297509882e-01 -3.625708647991728872e-01 -2.625376652144619238e-01
1.539096960263687834e+03 -1.615821771065868440e-01 -3.623849954500382164e-01 -2.619835862783125302e-01
1.540096990783128604e+03 -1.613260957341275115e-01 -3.617320914718292202e-01 -2.615290936029783797e-01
1.541097021302569829e+03 -1.606954522088267223e-01 -3.610443245192332395e-01 -2.608698883640299671e-01
1.542097051822010599e+03 -1.595788144841274458e-01 -3.610141080410241288e-01 -2.602964612625757734e-01
1.543097082341451369e+03 -1.587892302523782884e-01 -3.604261789930019999e-01 -2.596077046226901164e-01
1.544097112860892594e+03 -1.580212285261222982e-01 -3.590205901442332093e-01 -2.585209093351777399e-01
1.545097143380333364e+03 -1.583389257217671098e-01 -3.591460170349125569e-01 -2.587424713783398333e-01
1.546097173899774134e+03 -1.588154666674120030e-01 -3.584930655465175531e-01 -2.586542661069647919e-01
1.547097204419214904e+03 -1.589743201130568162e-01 -3.582119667808382757e-01 -2.585931434469475598e-01
1.548097234938655674e+03 -1.594508610587016262e-01 -3.573427774325049766e-01 -2.583968192456033153e-01
1.549097265458096899e+03 -1.594817707745657953e-01 -3.566855120192333750e-01 -2.580836413968995990e-01
1.550097295977537669e+03 -1.604348526658554708e-01 -3.566552195247268409e-01 -2.585450360952911697e-01
1.551097326496978440e+03 -1.604391187496009841e-01 -3.563438662726896022e-01 -2.583914925111452932e-01
1.552097357016419664e+03 -1.596758000198198191e-01 -3.562184963942331972e-01 -2.579471482070265220e-01
1.553097387535860435e+03 -1.593230045897248148e-01 -3.555998757661429366e-01 -2.574614401779338757e-01
1.554097418055301205e+03 -1.598655534856839588e-01 -3.540431095059572986e-01 -2.569543314958206426e-01
1.555097448574741975e+03 -1.591682524018624423e-01 -3.523306713707715088e-01 -2.557494618863169755e-01
1.556097479094182745e+03 -1.586257519841275387e-01 -3.512066468875035818e-01 -2.549161994358155603e-01
1.557097509613623970e+03 -1.588465509048838376e-01 -3.506485447341660677e-01 -2.547475478195249665e-01
1.558097540133064740e+03 -1.596098017651504941e-01 -3.491563543186060325e-01 -2.543830780418782633e-01
1.559097570652505510e+03 -1.597996521874631703e-01 -3.470072595671870319e-01 -2.534034558773251011e-01
1.560097601171946735e+03 -1.605628836564403361e-01 -3.455720338644764911e-01 -2.530674587604584413e-01
1.561097631691387505e+03 -1.602799841302544881e-01 -3.452910681273176352e-01 -2.527855261287860755e-01
1.562097662210828275e+03 -1.591680487933199162e-01 -3.446379646063280067e-01 -2.519030066998239614e-01
1.563097692730269046e+03 -1.583738009563854521e-01 -3.437987541852742801e-01 -2.510862775708298522e-01
1.564097723249709816e+03 -1.572618656194509079e-01 -3.427394385751525996e-01 -2.500006520973017676e-01
1.565097753769151041e+03 -1.564365626319788039e-01 -3.414940350690407467e-01 -2.489652988505097753e-01
1.566097784288591811e+03 -1.545649832146713809e-01 -3.410269909379293751e-01 -2.477959870763003780e-01
1.567097814808032581e+03 -1.527174586923006339e-01 -3.395650074985411271e-01 -2.461412330954208805e-01
1.568097845327473806e+03 -1.524964367717119296e-01 -3.378525693633546712e-01 -2.451745030675333004e-01
1.569097875846914576e+03 -1.512256576847774425e-01 -3.364210019449561662e-01 -2.438233298148668182e-01
1.570097906366355346e+03 -1.498615677115583689e-01 -3.347695193782332934e-01 -2.423155435448958173e-01
1.571097936885796116e+03 -1.481764549365020556e-01 -3.335241063700847275e-01 -2.408502806532933915e-01
1.572097967405236886e+03 -1.467156993838715229e-01 -3.322786933619361061e-01 -2.394971963729038145e-01
1.573097997924678111e+03 -1.458871192684312867e-01 -3.310332803537870405e-01 -2.384601998111091636e-01
1.574098028444118881e+03 -1.449683211774223934e-01 -3.295711543838412139e-01 -2.372697377806318175e-01
1.575098058963559652e+03 -1.436321352701557530e-01 -3.279502968829256515e-01 -2.357912160765406884e-01
1.576098089483000876e+03 -1.433767519841274984e-01 -3.269856975793408727e-01 -2.351812247817341994e-01
1.577098120002441647e+03 -1.433455804858518035e-01 -3.255235145971718813e-01 -2.344345475415118285e-01
1.578098150521882417e+03 -1.430902456780479559e-01 -3.241500901442330163e-01 -2.336201679111404861e-01
1.579098181041323187e+03 -1.435355957341274691e-01 -3.238415780013106371e-01 -2.336885868677190392e-01
1.580098211560763957e+03 -1.435979969045478588e-01 -3.225016387273682561e-01 -2.330498178159580713e-01
1.581098242080205182e+03 -1.437908626724170857e-01 -3.214424941539152925e-01 -2.326166784131661891e-01
1.582098272599645952e+03 -1.433455320076274520e-01 -3.205723260957529241e-01 -2.319589290516901881e-01
1.583098303119086722e+03 -1.431866785619826110e-01 -3.188292818988341382e-01 -2.310079802304083607e-01
1.584098333638527947e+03 -1.431215432197071868e-01 -3.173643528279216919e-01 -2.302429480238144532e-01
1.585098364157968717e+03 -1.435355957341274691e-01 -3.164302930718103646e-01 -2.299829444029689030e-01
1.586098394677409487e+03 -1.433142344659684431e-01 -3.154349641800094362e-01 -2.293745993229889257e-01
1.587098425196850258e+03 -1.427101085294031624e-01 -3.139394860595874359e-01 -2.283247972944952853e-01
1.588098455716291028e+03 -1.425825332341275065e-01 -3.129747727315571604e-01 -2.277786529828423334e-01
1.589098486235732253e+03 -1.428352405221700316e-01 -3.115736878484079986e-01 -2.272044641852890012e-01
1.590098516755173023e+03 -1.436294883591045513e-01 -3.106702911662528321e-01 -2.271498897626786917e-01
1.591098547274613793e+03 -1.445512727087352456e-01 -3.093635235040803622e-01 -2.269573981064078039e-01
1.592098577794055018e+03 -1.449651894841275379e-01 -3.078374488239617457e-01 -2.264013191540446557e-01
1.593098608313495788e+03 -1.449651894841275379e-01 -3.069340806479181616e-01 -2.259496350660228359e-01
1.594098638832936558e+03 -1.449651894841275379e-01 -3.056272559735225269e-01 -2.252962227288250463e-01
1.595098669352377328e+03 -1.448063457341275118e-01 -3.042568816745160887e-01 -2.245316137043217863e-01
1.596098699871818098e+03 -1.454082998462403742e-01 -3.030114686663676338e-01 -2.242098842563040040e-01
1.597098730391259323e+03 -1.458555211617811043e-01 -3.017967947484720970e-01 -2.238261579551266145e-01
1.598098760910700094e+03 -1.454417207341274776e-01 -3.008319864000699728e-01 -2.231368535670987252e-01
1.599098791430140864e+03 -1.454103359316646082e-01 -2.997730033612492906e-01 -2.225916696464569355e-01
1.600098821949582089e+03 -1.455045097303432067e-01 -2.982488575946766196e-01 -2.218766836625098993e-01
1.601098852469022859e+03 -1.455377560966220618e-01 -2.964730598756236679e-01 -2.210054079861228649e-01
1.602098882988463629e+03 -1.454417207341274776e-01 -2.952276468674751575e-01 -2.203346838008013175e-01
1.603098913507904399e+03 -1.448394951439579692e-01 -2.938265619843266063e-01 -2.193330285641422739e-01
1.604098944027345169e+03 -1.440121269841274643e-01 -2.925811489761780404e-01 -2.182966379801527523e-01
1.605098974546786394e+03 -1.439492410314630599e-01 -2.916778948245799530e-01 -2.178135679280215065e-01
1.606099005066227164e+03 -1.431235502181963382e-01 -2.907438350684684591e-01 -2.169336926433323987e-01
1.607099035585667934e+03 -1.420430772488837090e-01 -2.893750951198558741e-01 -2.157090861843697915e-01
1.608099066105109159e+03 -1.415350545443268548e-01 -2.872573095809201060e-01 -2.143961820626234804e-01
1.609099096624549929e+03 -1.407722884663040186e-01 -2.858253620810347062e-01 -2.132988252736693624e-01
1.610099127143990700e+03 -1.401054026204578140e-01 -2.838015706938118998e-01 -2.119534866571348708e-01
1.611099157663431470e+03 -1.391838121837247477e-01 -2.823374112879110664e-01 -2.107606117358178932e-01
1.612099188182872240e+03 -1.383580631965887764e-01 -2.811859164151773172e-01 -2.097719898058830468e-01
1.613099218702313465e+03 -1.370242430266714606e-01 -2.795043694028394032e-01 -2.082643062147554458e-01
1.614099249221754235e+03 -1.361014697212635238e-01 -2.786012007695763959e-01 -2.073513352454199599e-01
1.615099279741195005e+03 -1.357533960702230758e-01 -2.778228128884649428e-01 -2.067881044793440093e-01
1.616099310260636230e+03 -1.345772464772757582e-01 -2.765774093823530899e-01 -2.055773279298144240e-01
1.617099340780077000e+03 -1.336557239100567840e-01 -2.756124204952445922e-01 -2.046340722026506742e-01
1.618099371299517770e+03 -1.334337324249808276e-01 -2.740556637370960003e-01 -2.037446980810384001e-01
1.619099401818958540e+03 -1.327026420187670808e-01 -2.730906463438760867e-01 -2.028966441813215837e-01
1.620099432338399311e+03 -1.318452367511118439e-01 -2.714719648094733873e-01 -2.016586007802926295e-01
1.621099462857840535e+03 -1.314318726274772975e-01 -2.691677873093582529e-01 -2.002998299684177752e-01
1.622099493377281306e+03 -1.313046269841275371e-01 -2.678905899868671003e-01 -1.995976084854973187e-01
1.623099523896722076e+03 -1.308604694923679035e-01 -2.668635813031327020e-01 -1.988620253977503027e-01
1.624099554416163301e+03 -1.298117788469577150e-01 -2.653688063334609382e-01 -1.975902925902093266e-01
1.625099584935604071e+03 -1.290175407056680379e-01 -2.644037414300550171e-01 -1.967106410678615136e-01
1.626099615455044841e+03 -1.285726366492529471e-01 -2.635627161199013413e-01 -1.960676763845771442e-01
1.627099645974485611e+03 -1.280644394230886773e-01 -2.632203387164955277e-01 -1.956423890697920887e-01
1.628099676493926381e+03 -1.278417304602916527e-01 -2.623798930306093791e-01 -1.951108117454505297e-01
1.629099707013367606e+03 -1.280960763123182578e-01 -2.611344800224603135e-01 -1.946152781673892718e-01
1.630099737532808376e+03 -1.273656355143111818e-01 -2.599201196717920159e-01 -1.936428775930515989e-01
1.631099768052249146e+03 -1.267298532972263858e-01 -2.587993258811631114e-01 -1.927645895891947347e-01
1.632099798571690371e+03 -1.268252972253836042e-01 -2.577095847480140312e-01 -1.922674409866988177e-01
1.633099829091131141e+03 -1.260630547121838474e-01 -2.565263340670492775e-01 -1.912946943896165486e-01
1.634099859610571912e+03 -1.244745687339596091e-01 -2.557168650223460848e-01 -1.900957168781528539e-01
1.635099890130012682e+03 -1.229495504470922707e-01 -2.550006774765667950e-01 -1.889751139618295328e-01
1.636099920649453452e+03 -1.221870461514809880e-01 -2.546271048851231344e-01 -1.884070755183020474e-01
1.637099951168894677e+03 -1.212339642601910489e-01 -2.535684924257519124e-01 -1.874012283429714876e-01
1.638099981688335447e+03 -1.206938877536752608e-01 -2.529146572478999655e-01 -1.868042725007876270e-01
1.639100012207776217e+03 -1.196137153493537636e-01 -2.522296838942330588e-01 -1.859216996217934181e-01
1.640100042727217442e+03 -1.186924060863217278e-01 -2.519805689856767783e-01 -1.853364875359992392e-01
1.641100073246658212e+03 -1.181205957341275176e-01 -2.516069963942330623e-01 -1.848637960641802969e-01
1.642100103766098982e+03 -1.175168576233572154e-01 -2.515758297123066867e-01 -1.845463436678319580e-01
1.643100134285539752e+03 -1.165955677516152394e-01 -2.509843088942330658e-01 -1.837899383229241457e-01
1.644100164804980523e+03 -1.154199902017162549e-01 -2.512956526442330918e-01 -1.833578214229746872e-01
1.645100195324421748e+03 -1.136408296713641158e-01 -2.509843088942330658e-01 -1.823125692827985977e-01
1.646100225843862518e+03 -1.119253307452671570e-01 -2.513268573343081513e-01 -1.816260940397876611e-01
1.647100256363303288e+03 -1.106863824604598229e-01 -2.510151240007841844e-01 -1.808507532306219967e-01
1.648100286882744513e+03 -1.087797629825703605e-01 -2.500502776442329878e-01 -1.794150203134016741e-01
1.649100317402185283e+03 -1.065563673953005275e-01 -2.502371827154197259e-01 -1.783967750553601128e-01
1.650100347921626053e+03 -1.050948555823695840e-01 -2.505485359674569090e-01 -1.778216957749132465e-01
1.651100378441066823e+03 -1.034744806281489571e-01 -2.510155610944939664e-01 -1.772450208613214617e-01
1.652100408960507593e+03 -1.013775550326386776e-01 -2.509530471919350636e-01 -1.761653011122868706e-01
1.653100439479948818e+03 -9.956708726498254836e-02 -2.508599082235683508e-01 -1.752134977442754427e-01
1.654100469999389588e+03 -9.804170054360994424e-02 -2.509843088942330658e-01 -1.745130047189215050e-01
1.655100500518830358e+03 -9.550013267409608597e-02 -2.510155991026426503e-01 -1.732578658883693612e-01
1.656100531038271583e+03 -9.324431485036026312e-02 -2.516382961046799149e-01 -1.724413054775200960e-01
1.657100561557712354e+03 -9.073468443506728376e-02 -2.521366304442010930e-01 -1.714356574396341815e-01
1.658100592077153124e+03 -8.895631894759578606e-02 -2.525723463587541406e-01 -1.707643326531749772e-01
1.659100622596593894e+03 -8.793929427835038559e-02 -2.531333561354661699e-01 -1.705363252069082847e-01
1.660100653116034664e+03 -8.657360452372672710e-02 -2.543474314250192547e-01 -1.704605179743730048e-01
1.661100683635475889e+03 -8.542968325434646681e-02 -2.548761057692328635e-01 -1.701528945117896652e-01
1.662100714154916659e+03 -8.358637633749685381e-02 -2.553128764099123482e-01 -1.694496263737045871e-01
1.663100744674357429e+03 -8.155334504171793397e-02 -2.565896556427678665e-01 -1.690715003422428864e-01
1.664100775193798654e+03 -7.967917688722794822e-02 -2.583020937779541559e-01 -1.689906353325910660e-01
1.665100805713239424e+03 -7.844040312402848769e-02 -2.598588600381398495e-01 -1.691496315810841755e-01
1.666100836232680194e+03 -7.704280500211871385e-02 -2.613842315675071193e-01 -1.692135182848129027e-01
1.667100866752120965e+03 -7.647148912781305541e-02 -2.626924530413669578e-01 -1.695819710845899997e-01
1.668100897271561735e+03 -7.589878677629045833e-02 -2.647790718983754066e-01 -1.703389293373329394e-01
1.669100927791002960e+03 -7.431031049371043806e-02 -2.671142260396736079e-01 -1.707122682666920299e-01
1.670100958310443730e+03 -7.338928240438021000e-02 -2.699478285449379289e-01 -1.716685554746590625e-01
1.671100988829884500e+03 -7.237202503965783906e-02 -2.728128922952808288e-01 -1.725924586674693340e-01
1.672101019349325725e+03 -7.097447539597183386e-02 -2.756135037274827781e-01 -1.732939895617273129e-01
1.673101049868766495e+03 -6.976789117375994942e-02 -2.778873507249418617e-01 -1.738276209493508917e-01
1.674101080388207265e+03 -6.890942908081307272e-02 -2.808766726153920090e-01 -1.748930508481025270e-01
1.675101110907648035e+03 -6.779748404823376928e-02 -2.839902051357635071e-01 -1.758938445919986382e-01
1.676101141427088805e+03 -6.614474503141784534e-02 -2.872908992823249297e-01 -1.767178221568713736e-01
1.677101171946530030e+03 -6.477937523307450429e-02 -2.907157850547349986e-01 -1.777475801439047376e-01
1.678101202465970800e+03 -6.354073720890317245e-02 -2.939534901968790526e-01 -1.787471137028911194e-01
1.679101232985411571e+03 -6.220563721386280359e-02 -2.972857311068538011e-01 -1.797456841603582989e-01
1.680101263504852795e+03 -6.099917903503374733e-02 -3.012722252843181292e-01 -1.811357021596759487e-01
1.681101294024293566e+03 -5.931417291207093101e-02 -3.055365685307467327e-01 -1.824253707214088249e-01
1.682101324543734336e+03 -5.817212290215231785e-02 -3.098029167070190937e-01 -1.839875198045857196e-01
1.683101355063175106e+03 -5.741008399749506635e-02 -3.139430778296380953e-01 -1.856765809135665912e-01
1.684101385582615876e+03 -5.683691625501837569e-02 -3.177108826215713777e-01 -1.872738994382948663e-01
1.685101416102057101e+03 -5.524843997243846644e-02 -3.217900501675807767e-01 -1.885192450700096112e-01
1.686101446621497871e+03 -5.410426661629199468e-02 -3.264919242176627101e-01 -1.902980954169773420e-01
1.687101477140938641e+03 -5.331234573412748506e-02 -3.304763469510215157e-01 -1.918943463425744900e-01
1.688101507660379866e+03 -5.270682362469981258e-02 -3.348984905287789027e-01 -1.938026570767393542e-01
1.689101538179820636e+03 -5.130944850262222218e-02 -3.401622580450301414e-01 -1.957358532738261714e-01
1.690101568699261406e+03 -5.029182270339444677e-02 -3.458274296196037212e-01 -1.980596261614990805e-01
1.691101599218702177e+03 -4.911785463054462592e-02 -3.504028410569544616e-01 -1.997603478437495472e-01
1.692101629738142947e+03 -4.829132999181864200e-02 -3.542947614584373017e-01 -2.012930457251279615e-01
1.693101660257584172e+03 -4.708250607563987944e-02 -3.587486513423886469e-01 -2.029155787090142771e-01
1.694101690777024942e+03 -4.539977842922306855e-02 -3.636986425871234774e-01 -2.045492105081732626e-01
1.695101721296465712e+03 -4.428783339664368879e-02 -3.684006116575769818e-01 -2.063442225271103214e-01
1.696101751815906937e+03 -4.327286420411151358e-02 -3.731632322313058192e-01 -2.082180482177086733e-01
1.697101782335347707e+03 -4.254047458148441790e-02 -3.775221777598257722e-01 -2.100313261706550916e-01
1.698101812854788477e+03 -4.146087422021067087e-02 -3.820684939593538831e-01 -2.117646840897822735e-01
1.699101843374229247e+03 -4.095488760107798137e-02 -3.867070844418657449e-01 -2.138309860214718527e-01
1.700101873893670017e+03 -4.104901292153224912e-02 -3.909103580953856016e-01 -2.159796855084589184e-01
1.701101904413111242e+03 -4.073131572588722243e-02 -3.952693036239074975e-01 -2.180003096748973634e-01
1.702101934932552012e+03 -4.015762441858700821e-02 -3.996599859565841961e-01 -2.199088051875855987e-01
1.703101965451992783e+03 -3.888683563600767862e-02 -4.044224639997535120e-01 -2.216546498178806057e-01
1.704101995971434008e+03 -3.783969629377763322e-02 -4.081269567180069724e-01 -2.229833265058923097e-01
1.705102026490874778e+03 -3.720430190248796148e-02 -4.118314304321843422e-01 -2.245178661673361553e-01
1.706102057010315548e+03 -3.615395330180443123e-02 -4.144747546430656571e-01 -2.253143539724350441e-01
1.707102087529756318e+03 -3.463033118779913072e-02 -4.167177865339735110e-01 -2.256740588608863174e-01
1.708102118049197088e+03 -3.361235634535597594e-02 -4.191450249175112108e-01 -2.263786906314335934e-01
1.709102148568638313e+03 -3.192992926392965169e-02 -4.210767510665688884e-01 -2.265033401652492562e-01
1.710102179088079083e+03 -3.116814244603929515e-02 -4.233800923874118105e-01 -2.272741174167255407e-01
1.711102209607519853e+03 -3.094784769881650174e-02 -4.253720709541805034e-01 -2.281599593264984904e-01
1.712102240126961078e+03 -3.075297493245774533e-02 -4.269890231178186113e-01 -2.288709990251381887e-01
1.713102270646401848e+03 -2.903813531021234504e-02 -4.280469134223642835e-01 -2.285425243662883021e-01
1.714102301165842619e+03 -2.792619027763298609e-02 -4.283264253478357708e-01 -2.281263078127343802e-01
1.715102331685283389e+03 -2.675292998685904061e-02 -4.284183860635930041e-01 -2.275856580252260120e-01
1.716102362204724159e+03 -2.652903815538757565e-02 -4.280432931462017643e-01 -2.272861656507946804e-01
1.717102392724165384e+03 -2.541710281845260821e-02 -4.269535615150900076e-01 -2.261853321667713079e-01
1.718102423243606154e+03 -2.404870797890873782e-02 -4.261432847972269622e-01 -2.250959963880678483e-01
1.719102453763046924e+03 -2.271670089458360450e-02 -4.244908330227125659e-01 -2.236037669586480869e-01
1.720102484282488149e+03 -2.153964960666274187e-02 -4.219362008267997233e-01 -2.217379252167312464e-01
1.721102514801928919e+03 -2.033398647071409104e-02 -4.193535281191916320e-01 -2.198437572949528684e-01
1.722102545321369689e+03 -1.903063001699692447e-02 -4.171102016651312971e-01 -2.180704158410641247e-01
1.723102575840810459e+03 -1.766208004713516744e-02 -4.138689332590477221e-01 -2.157655066530914378e-01
1.724102606360251229e+03 -1.553598995183822114e-02 -4.096337232585904875e-01 -2.125848566052143673e-01
1.725102636879692454e+03 -1.464810157669289500e-02 -4.054304496050685769e-01 -2.100392755908807307e-01
1.726102667399133225e+03 -1.356455508795469285e-02 -4.009477970545974879e-01 -2.072561760712760826e-01
1.727102697918573995e+03 -1.169099775909260633e-02 -3.970239022980286414e-01 -2.043574500285606221e-01
1.728102728438015220e+03 -1.032662661217161396e-02 -3.922576614481368407e-01 -2.012921440301542186e-01
1.729102758957455990e+03 -9.182046038940298166e-03 -3.869326628043450733e-01 -1.980573544216426840e-01
1.730102789476896760e+03 -7.752413506360935486e-03 -3.809849576564791063e-01 -1.943686855814200087e-01
1.731102819996337530e+03 -6.290116346195097005e-03 -3.750372335045387140e-01 -1.906636749253668994e-01
1.732102850515778300e+03 -5.276184587664854882e-03 -3.688742121943396346e-01 -1.870751983910022564e-01
1.733102881035219525e+03 -4.290418677498596123e-03 -3.634575568999777184e-01 -1.838739877887381469e-01
1.734102911554660295e+03 -3.687708305085183724e-03 -3.581325107460002211e-01 -1.809101095255427061e-01
1.735102942074101065e+03 -2.926173573961531309e-03 -3.526838240843317429e-01 -1.778049988291466321e-01
1.736102972593542290e+03 -2.893450772505525362e-03 -3.467360619242400022e-01 -1.748147563483727629e-01
1.737103003112983060e+03 -1.491790175392653092e-03 -3.410401607614499953e-01 -1.712659754684213165e-01
1.738103033632423831e+03 -1.930682399262415418e-04 -3.354631680918387926e-01 -1.678281181658825283e-01
1.739103064151864601e+03 6.339120941089610058e-04 -3.292408635717194998e-01 -1.643034757388052713e-01
1.740103094671305371e+03 1.236564292653056195e-03 -3.244790791772636518e-01 -1.616212574423052939e-01
1.741103125190746596e+03 2.030802433943094520e-03 -3.200880262651352171e-01 -1.590286119155960576e-01
1.742103155710187366e+03 2.474581795552740875e-03 -3.151657049526471743e-01 -1.563455615785472042e-01
1.743103186229628136e+03 2.951122741197484932e-03 -3.098133974540211444e-01 -1.534311373564118397e-01
1.744103216749069361e+03 3.558826370722395233e-03 -3.054273141073342024e-01 -1.509342438683058951e-01
1.745103247268510131e+03 5.114511982331790101e-03 -3.019702829431705204e-01 -1.484278854804193526e-01
1.746103277787950901e+03 5.553065391353216584e-03 -2.985453876687247932e-01 -1.464961611386857987e-01
1.747103308307391671e+03 5.591120797490412020e-03 -2.949056418317675954e-01 -1.446572605171385917e-01
1.748103338826832442e+03 6.796250672971206747e-03 -2.919156167905667676e-01 -1.425596830587977926e-01
1.749103369346273666e+03 7.081118415066892276e-03 -2.892421616198095347e-01 -1.410805216023713338e-01
1.750103399865714437e+03 7.557659360711637200e-03 -2.877819645634098200e-01 -1.401121526013490992e-01
1.751103430385155207e+03 8.067058846840505920e-03 -2.864399538453638594e-01 -1.391864474992616785e-01
1.752103460904596432e+03 8.702453238130437863e-03 -2.849153899891556097e-01 -1.381064683755125755e-01
1.753103491424037202e+03 9.304969697646313723e-03 -2.834230665450751530e-01 -1.370590484237144135e-01
1.754103521943477972e+03 9.688442148128509693e-03 -2.828003505389637406e-01 -1.365559541954176059e-01
1.755103552462918742e+03 1.099211855812649158e-02 -2.817750997321060713e-01 -1.353914905869897933e-01
1.756103582982359512e+03 1.187940580328919991e-02 -2.814637464800689437e-01 -1.347921703383898606e-01
1.757103613501800737e+03 1.248188348022586346e-02 -2.811523932280315385e-01 -1.343352548739028263e-01
1.758103644021241507e+03 1.260781051587260559e-02 -2.810289807692327724e-01 -1.342105851266800765e-01
1.759103674540682277e+03 1.324902229408750527e-02 -2.810289807692327724e-01 -1.338899792375726205e-01
1.760103705060123502e+03 1.483750827231245135e-02 -2.810612686915456293e-01 -1.331118802096165898e-01
1.761103735579564272e+03 1.600944025973816826e-02 -2.811523552198828546e-01 -1.325714574800723466e-01
1.762103766099005043e+03 1.699548734360554342e-02 -2.812492664970070444e-01 -1.321268895767007401e-01
1.763103796618445813e+03 1.769081051587249875e-02 -2.816193518408086072e-01 -1.319642706624680473e-01
1.764103827137886583e+03 1.714831009813778256e-02 -2.810876748528486346e-01 -1.319696823773554295e-01
1.765103857657327808e+03 1.722040691343416571e-02 -2.799656077892382355e-01 -1.313726004379020262e-01
1.766103888176768578e+03 1.877588891650120231e-02 -2.791285733346970943e-01 -1.301763422090979339e-01
1.767103918696209348e+03 1.985482027827856211e-02 -2.788495745192329789e-01 -1.294973771204772084e-01
1.768103949215650573e+03 2.084093523166053938e-02 -2.786291747670124885e-01 -1.288941197676759798e-01
1.769103979735091343e+03 2.204565789005619864e-02 -2.774099588753488610e-01 -1.276821504926463346e-01
1.770104010254532113e+03 2.245612301587245063e-02 -2.758855660558105494e-01 -1.267147215199690424e-01
1.771104040773972883e+03 2.229727926587248693e-02 -2.741731279206248706e-01 -1.259379243273761884e-01
1.772104071293413654e+03 2.306490286197786579e-02 -2.727720335354391623e-01 -1.248535653367306431e-01
1.773104101812854879e+03 2.379301670521510523e-02 -2.707742777300686243e-01 -1.234906305124267578e-01
1.774104132332295649e+03 2.436224801587252506e-02 -2.680369403634007552e-01 -1.218373461737641134e-01
1.775104162851736419e+03 2.484539169567752045e-02 -2.658250371462704265e-01 -1.204898227252964582e-01
1.776104193371177644e+03 2.633457487908449218e-02 -2.628931075603418988e-01 -1.182792663406286998e-01
1.777104223890618414e+03 2.687734677487585086e-02 -2.593774393247856858e-01 -1.162500462749549157e-01
1.778104254410059184e+03 2.849894338035090235e-02 -2.560433170114506107e-01 -1.137721868155498472e-01
1.779104284929499954e+03 2.970348182149405367e-02 -2.527158271200619089e-01 -1.115061726492839328e-01
1.780104315448940724e+03 3.059029398005791087e-02 -2.494399142864469898e-01 -1.094248101531945377e-01
1.781104345968381949e+03 3.109998433553322339e-02 -2.452109186182987455e-01 -1.070554671413827541e-01
1.782104376487822719e+03 3.173537872682292288e-02 -2.416235575122746559e-01 -1.049440893927258700e-01
1.783104407007263490e+03 3.217876056699257858e-02 -2.373946283583883432e-01 -1.026079338956978892e-01
1.784104437526704714e+03 3.291368075293256423e-02 -2.342810863359782725e-01 -1.006837027915228611e-01
1.785104468046145485e+03 3.380040565069217240e-02 -2.305123313403276697e-01 -9.835596284481774865e-02
1.786104498565586255e+03 3.450219581809130937e-02 -2.270293691167197259e-01 -9.626358664931421172e-02
1.787104529085027025e+03 3.551451809957209549e-02 -2.241295564164363652e-01 -9.430751915843213484e-02
1.788104559604467795e+03 3.644161566259433715e-02 -2.204258713713442286e-01 -9.199212785437493878e-02
1.789104590123909020e+03 3.783803091582988581e-02 -2.168778772053249759e-01 -8.951992314474754853e-02
1.790104620643349790e+03 3.865818551587263396e-02 -2.139200165599536296e-01 -8.763091552204049783e-02
1.791104651162790560e+03 3.914210484726768358e-02 -2.108064840395822148e-01 -8.583218959615726562e-02
1.792104681682231785e+03 4.008777926587256402e-02 -2.081020712317165344e-01 -8.400714598292198521e-02
1.793104712201672555e+03 4.015431078101025508e-02 -2.054808487592986177e-01 -8.266326898914418131e-02
1.794104742721113325e+03 4.114066812551357005e-02 -2.024977507031965607e-01 -8.067854128884149878e-02
1.795104773240554096e+03 4.209375971244812970e-02 -2.001299855703228547e-01 -7.901811292893735905e-02
1.796104803759994866e+03 4.346442333289272930e-02 -1.983019551529310864e-01 -7.741876591001917163e-02
1.797104834279436091e+03 4.495300538631760018e-02 -1.974582977784802573e-01 -7.625264619608132510e-02
1.798104864798876861e+03 4.548846676587252336e-02 -1.963685566453317044e-01 -7.544004493972958358e-02
1.799104895318317631e+03 4.613161767306269562e-02 -1.949021547586581860e-01 -7.438526854279774170e-02
1.800104925837758856e+03 4.746125902003852509e-02 -1.929436993790339949e-01 -7.274122017949773145e-02
1.801104956357199626e+03 4.790446633860046682e-02 -1.919769526150486016e-01 -7.203624313822407088e-02
1.802104986876640396e+03 4.834765426587252224e-02 -1.904855603706109013e-01 -7.106895305236918259e-02
1.803105017396081166e+03 4.841437969390757767e-02 -1.895841971244106305e-01 -7.058490871525152643e-02
1.804105047915521936e+03 4.940083399485957483e-02 -1.887731127333880932e-01 -6.968613936926426611e-02
1.805105078434963161e+03 5.038730768710190933e-02 -1.880601558802474094e-01 -6.883642409657275696e-02
1.806105108954403931e+03 5.127362536777693020e-02 -1.879699245352556558e-01 -6.834814958373935934e-02
1.807105139473844702e+03 5.210126500566370639e-02 -1.882812777872928667e-01 -6.809000639081458361e-02
1.808105169993285926e+03 5.302094540035653947e-02 -1.885598870192329579e-01 -6.776947080943820922e-02
1.809105200512726697e+03 5.362291890375939230e-02 -1.881502827028301572e-01 -6.726368189953538246e-02
1.810105231032167467e+03 5.343065426587254030e-02 -1.874374208700615441e-01 -6.700338330209450188e-02
1.811105261551608237e+03 5.381522232422566998e-02 -1.871260676180244165e-01 -6.665542264689937324e-02
1.812105292071049007e+03 5.448406669033672989e-02 -1.869130604507242832e-01 -6.621449688019377666e-02
1.813105322590490232e+03 5.501909176587255895e-02 -1.878143191745158536e-01 -6.639761370432165077e-02
1.814105353109931002e+03 5.524487424809493979e-02 -1.877815276442329206e-01 -6.626832669806899390e-02
1.815105383629371772e+03 5.588026863938470173e-02 -1.881256819285902215e-01 -6.612270664460276337e-02
1.816105414148812997e+03 5.670799553807555349e-02 -1.878715594464439587e-01 -6.558178195418420953e-02
1.817105444668253767e+03 5.756059176587251247e-02 -1.876586853076645245e-01 -6.504904677089601295e-02
1.818105475187694537e+03 5.727641241456327831e-02 -1.877486886037641189e-01 -6.523613809460042379e-02
1.819105505707135308e+03 5.759410961020806907e-02 -1.876258557692328799e-01 -6.501587307951239847e-02
1.820105536226576078e+03 5.822949430585298847e-02 -1.878472437333190137e-01 -6.480887471373300568e-02
1.821105566746017303e+03 5.842188498712330008e-02 -1.882485432692330152e-01 -6.491332914105485408e-02
1.822105597265458073e+03 5.902373244714266554e-02 -1.884042151442330004e-01 -6.469024134854517438e-02
1.823105627784898843e+03 5.950027339278761429e-02 -1.886914332218513901e-01 -6.459557991453188097e-02
1.824105658304340068e+03 5.959199419331250719e-02 -1.893623340584654757e-01 -6.488516993257648080e-02
1.825105688823780838e+03 5.969271255228227741e-02 -1.880270602847749495e-01 -6.416717386624633257e-02
1.826105719343221608e+03 6.016926319357199932e-02 -1.877815276442329206e-01 -6.380613222533046414e-02
1.827105749862662378e+03 6.096350133486160700e-02 -1.876258557692328799e-01 -6.333117721718563298e-02
1.828105780382103148e+03 6.111318270045427992e-02 -1.874372498333924941e-01 -6.316203356646910017e-02
1.829105810901544373e+03 6.061223781665694282e-02 -1.869372811434775461e-01 -6.316252166341029817e-02
1.830105841420985143e+03 6.077109126230175601e-02 -1.867247775841478219e-01 -6.297684316092302947e-02
1.831105871940425914e+03 6.115605684209465820e-02 -1.865270116844730264e-01 -6.268547742118918409e-02
1.832105902459867139e+03 6.204186065359155317e-02 -1.849702454242866390e-01 -6.146419238534754637e-02
1.833105932979307909e+03 6.220071409923638023e-02 -1.830361722720481865e-01 -6.041772908640589967e-02
1.834105963498748679e+03 6.293708863190745906e-02 -1.811113446019788353e-01 -5.908712798503568814e-02
1.835105994018189449e+03 6.391434176587258709e-02 -1.800216034688302547e-01 -5.805363085147883379e-02
1.836106024537630219e+03 6.401538977676775322e-02 -1.789978824899573495e-01 -5.749124635659479815e-02
1.837106055057071444e+03 6.451602439992906723e-02 -1.780874257941824357e-01 -5.678570069712668422e-02
1.838106085576512214e+03 6.439087301587248513e-02 -1.762523353631718637e-01 -5.593073117364968927e-02
1.839106116095952984e+03 6.426574102310557424e-02 -1.746955691029861701e-01 -5.521491403994029795e-02
1.840106146615394209e+03 6.477600342162850855e-02 -1.730161790530864163e-01 -5.412008781572895388e-02
1.841106177134834979e+03 6.518509176587253262e-02 -1.721151673822615968e-01 -5.346503780819453211e-02
1.842106207654275750e+03 6.521883261004025878e-02 -1.707374955187065391e-01 -5.275933145433314014e-02
1.843106238173716520e+03 6.592171838531020456e-02 -1.688129244036407073e-01 -5.144560300916525136e-02
1.844106268693157290e+03 6.645584176587249203e-02 -1.675675113954921969e-01 -5.055583481480985242e-02
1.845106299212598515e+03 6.642207183477009946e-02 -1.659445634463981856e-01 -4.976124580581404305e-02
1.846106329732039285e+03 6.655718064611416962e-02 -1.643314311017041729e-01 -4.888712522779500164e-02
1.847106360251480055e+03 6.747648291065665160e-02 -1.635530432205927198e-01 -4.803828015496803411e-02
1.848106390770921280e+03 6.807807828390956273e-02 -1.625858593628968229e-01 -4.725389053949363011e-02
1.849106421290362050e+03 6.862223665691816188e-02 -1.615292518333694693e-01 -4.645350758822565373e-02
1.850106451809802820e+03 6.938266608452592354e-02 -1.606614782885746329e-01 -4.563940610202435466e-02
1.851106482329243590e+03 6.956506055592932836e-02 -1.603501250365375053e-01 -4.539253224030408845e-02
1.852106512848684361e+03 6.954154861710525048e-02 -1.600056096747678180e-01 -4.523203052883128378e-02
1.853106543368125585e+03 7.014309551213387950e-02 -1.593829031706932298e-01 -4.461990382927967513e-02
1.854106573887566356e+03 7.046079270777867720e-02 -1.589490496554260002e-01 -4.424412847382366148e-02
1.855106604407007126e+03 7.068737992852570928e-02 -1.585484057600770880e-01 -4.393051291577568934e-02
1.856106634926448351e+03 7.183319184865664953e-02 -1.587269585405887418e-01 -4.344688334596604612e-02
1.857106665445889121e+03 7.268463429471341830e-02 -1.579257372641514889e-01 -4.262055148471903532e-02
1.858106695965329891e+03 7.342170691381534608e-02 -1.581706522722772512e-01 -4.237447267923095257e-02
1.859106726484770661e+03 7.423918551587244119e-02 -1.576703985212472847e-01 -4.171560650268742176e-02
1.860106757004211431e+03 7.408034176587247055e-02 -1.573922738932029830e-01 -4.165596606366525623e-02
1.861106787523652656e+03 7.446587938871318535e-02 -1.570476730130985210e-01 -4.129089681219266783e-02
1.862106818043093426e+03 7.474965152293759629e-02 -1.558914366238154936e-01 -4.057089255043894865e-02
1.863106848562534196e+03 7.490850496858249274e-02 -1.548016954906669129e-01 -3.994659526104221009e-02
1.864106879081975421e+03 7.573668756258250534e-02 -1.535895586166966253e-01 -3.892643552705706000e-02
1.865106909601416191e+03 7.621323820387229664e-02 -1.528777420080170701e-01 -3.833225190207238675e-02
1.866106940120856962e+03 7.662184176587238937e-02 -1.527220606309799278e-01 -3.805010943255376921e-02
1.867106970640297732e+03 7.678068551587236001e-02 -1.524107073789427169e-01 -3.781501093153517845e-02
1.868107001159738502e+03 7.704150805867561458e-02 -1.517213820922509449e-01 -3.733993701678766514e-02
1.869107031679179727e+03 7.792659439245176733e-02 -1.507873223361391457e-01 -3.643036397184368919e-02
1.870107062198620497e+03 7.831231623254517049e-02 -1.499756013086259721e-01 -3.583164253804040078e-02
1.871107092718061267e+03 7.923138580161052935e-02 -1.487301883004773784e-01 -3.474940124943342451e-02
1.872107123237502492e+03 7.963987301587246992e-02 -1.473624555678044734e-01 -3.386129127596600175e-02
1.873107153756943262e+03 7.979871676587242668e-02 -1.461059156741265075e-01 -3.315359945412704040e-02
1.874107184276384032e+03 7.960582191106868599e-02 -1.439042461510311732e-01 -3.214921211998124362e-02
1.875107214795824802e+03 7.948102926587238826e-02 -1.426922137994701967e-01 -3.160559226679890421e-02
1.876107245315265573e+03 7.954917025805925690e-02 -1.416579835674846854e-01 -3.105440665471271428e-02
1.877107275834706797e+03 8.034340839934928091e-02 -1.398566633765849498e-01 -2.975662748861783446e-02
1.878107306354147568e+03 8.059293551587248805e-02 -1.387669222434364524e-01 -2.908699336378198219e-02
1.879107336873588338e+03 8.104702134798479063e-02 -1.369542376160791386e-01 -2.795360813404717398e-02
1.880107367393029563e+03 8.205663854454550710e-02 -1.351195367685917026e-01 -2.653144911202309775e-02
1.881107397912470333e+03 8.163660381723653048e-02 -1.331291830501795670e-01 -2.574628961647151826e-02
1.882107428431911103e+03 8.138715426587234125e-02 -1.315055224482982177e-01 -2.505918409121293822e-02
1.883107458951351873e+03 8.138715426587234125e-02 -1.293595063569231984e-01 -2.398617604552542859e-02
1.884107489470792643e+03 8.138715426587234125e-02 -1.274913868447003495e-01 -2.305211628941400415e-02
1.885107519990233868e+03 8.115999500207754513e-02 -1.260015624363954867e-01 -2.242078371715897078e-02
1.886107550509674638e+03 8.091062301587244321e-02 -1.241886782662573879e-01 -2.163902762519247236e-02
1.887107581029115408e+03 8.094480016405952716e-02 -1.223875386140647059e-01 -2.072136922500258938e-02
1.888107611548556633e+03 8.164855854736870200e-02 -1.207972681708073814e-01 -1.957435481171933972e-02
1.889107642067997404e+03 8.179529243691852081e-02 -1.189961760288007209e-01 -1.860044179594110003e-02
1.890107672587438174e+03 8.135294803075060477e-02 -1.174945215842165686e-01 -1.807078677673298189e-02
1.891107703106878944e+03 8.126252644663900515e-02 -1.151929096341389042e-01 -1.696519159374994951e-02
1.892107733626319714e+03 8.173906739228387064e-02 -1.134804619969161099e-01 -1.587069730231611964e-02
1.893107764145760939e+03 8.170484176587240743e-02 -1.117680143596924414e-01 -1.503158629691001696e-02
1.894107794665201709e+03 8.182944049817120202e-02 -1.091429625662940356e-01 -1.365676103406141678e-02
1.895107825184642479e+03 8.177335119256462503e-02 -1.064750565852467939e-01 -1.235085269634108446e-02
1.896107855704083704e+03 8.227168794789019302e-02 -1.049518610223914156e-01 -1.134008653725061128e-02
1.897107886223524474e+03 8.177338997514427277e-02 -1.030501613108003034e-01 -1.063838566782801531e-02
1.898107916742965244e+03 8.211280541531086608e-02 -1.013041144701348623e-01 -9.595654527411998092e-03
1.899107947262406014e+03 8.128427377809556431e-02 -9.912464170587495516e-02 -8.920183963889695422e-03
1.900107977781846785e+03 8.078608245744295369e-02 -9.694516894161497866e-02 -8.079543242086012489e-03
1.901108008301288010e+03 8.110377965308784853e-02 -9.479932388690813505e-02 -6.847772116910143259e-03
1.902108038820728780e+03 8.106946676587242773e-02 -9.270825807650276418e-02 -5.819395655315168225e-03
1.903108069340169550e+03 8.129697507288263791e-02 -9.028472548746251103e-02 -4.493875207289936557e-03
1.904108099859610775e+03 8.186368551587248910e-02 -8.860593406590450138e-02 -3.371124275016006144e-03
1.905108130379051545e+03 8.193238885546234862e-02 -8.694817065261034594e-02 -2.507890898573998661e-03
1.906108160898492315e+03 8.249906051587234390e-02 -8.433534798105320196e-02 -9.181437325904290292e-04
1.907108191417933085e+03 8.234021676587238714e-02 -8.234523181357036870e-02 -2.507523848990778070e-06
1.908108221937373855e+03 8.256782202933127257e-02 -8.085584449897599557e-02 8.559887651776384998e-04
1.909108252456815080e+03 8.285113846824683492e-02 -7.904230468827232181e-02 1.904416889987256556e-03
1.910108282976255850e+03 8.371416720993020422e-02 -7.724160212978971318e-02 3.236282540070245517e-03
1.911108313495696621e+03 8.428075160953658884e-02 -7.530604665975240697e-02 4.487352474892090937e-03
1.912108344015137845e+03 8.475729255518146821e-02 -7.331597800245448493e-02 5.720657276363491639e-03
1.913108374534578616e+03 8.504056051587230436e-02 -7.179294397423188756e-02 6.623808270820208399e-03
1.914108405054019386e+03 8.523384319647117624e-02 -6.956665467282213688e-02 7.833594261824519678e-03
1.915108435573460156e+03 8.539269664211605881e-02 -6.608737923963706185e-02 9.652658701239498484e-03
1.916108466092900926e+03 8.571039383776084264e-02 -6.375222509833995688e-02 1.097908436971044288e-02
1.917108496612342151e+03 8.634577853340583142e-02 -6.129517882419067282e-02 1.252529985460757930e-02
1.918108527131782921e+03 8.647015426587244258e-02 -5.927137793493066770e-02 1.359938816547088744e-02
1.919108557651223691e+03 8.627682310704933022e-02 -5.697003204189391573e-02 1.465339553257770724e-02
1.920108588170664916e+03 8.660814268374476821e-02 -5.529139265293070427e-02 1.565837501540703197e-02
1.921108618690105686e+03 8.745772356598534303e-02 -5.347750126685218985e-02 1.699011114956657659e-02
1.922108649209546456e+03 8.816214125314583705e-02 -5.121000163022458584e-02 1.847606981146062560e-02
1.923108679728987227e+03 8.872849295727508467e-02 -4.915237348862989269e-02 1.978805973432259599e-02
1.924108710248427997e+03 8.881827462882496693e-02 -4.700674698077893926e-02 2.090576382402301384e-02
1.925108740767869222e+03 8.872851234856489466e-02 -4.526044358510898646e-02 2.173403438172795410e-02
1.926108771287309992e+03 8.904620954420967849e-02 -4.266803128939875706e-02 2.318908912740546072e-02
1.927108801806750762e+03 8.929477679189019856e-02 -3.984566969410960335e-02 2.472455354889029761e-02
1.928108832326191987e+03 8.908080360512660167e-02 -3.813322205688592786e-02 2.547379077412033690e-02
1.929108862845632757e+03 8.945360115060034534e-02 -3.588597126147316518e-02 2.678381494456359008e-02
1.930108893365073527e+03 8.917049801587234592e-02 -3.377429553244027521e-02 2.769810124171603535e-02
1.931108923884514297e+03 8.881820675931079156e-02 -3.225143254088672778e-02 2.828338710921203189e-02
1.932108954403955067e+03 8.892203742028535751e-02 -3.031547798528825416e-02 2.930327971749855168e-02
1.933108984923396292e+03 8.929471861802086574e-02 -2.813600522102728888e-02 3.057935669849679017e-02
1.934109015442837062e+03 8.904628710936866864e-02 -2.588864990320572171e-02 3.157881860308147520e-02
1.935109045962277833e+03 8.932934176587231656e-02 -2.315437219250737061e-02 3.308748478668246951e-02
1.936109076481719057e+03 8.929468953108619933e-02 -2.100885970910168488e-02 3.414291491099225723e-02
1.937109107001159828e+03 8.936400369630327634e-02 -1.933038185477115034e-02 3.501681092076606300e-02
1.938109137520600598e+03 8.948818551587228720e-02 -1.758396443465601311e-02 3.595211054060813705e-02
1.939109168040041368e+03 8.903177272898978034e-02 -1.545820668653334271e-02 3.678678302122821708e-02
1.940109198559482138e+03 8.841097028323789686e-02 -1.287969587120651668e-02 3.776563720601568835e-02
1.941109229078923363e+03 8.872866747888290273e-02 -1.051054344090454444e-02 3.910906201898917828e-02
1.942109259598364133e+03 8.878338969856180984e-02 -7.951682838451122615e-03 4.041585343005534015e-02
1.943109290117804903e+03 8.818271541157220172e-02 -4.682478443079737297e-03 4.175011848424622918e-02
1.944109320637246128e+03 8.786501821592727912e-02 -2.084507455622555943e-03 4.289025538015236311e-02
1.945109351156686898e+03 8.777564376146240743e-02 -7.029112507149818355e-04 4.353636625537371518e-02
1.946109381676127668e+03 8.812809014834199761e-02 1.753859464355197496e-03 4.494097480634860059e-02
1.947109412195568439e+03 8.820248483147417884e-02 4.278740781879108827e-03 4.624061280667664253e-02
1.948109442715009209e+03 8.668353601829893729e-02 6.803641103477429779e-03 4.674358856088818570e-02
1.949109473234450434e+03 8.573044443136393356e-02 9.192225199797688859e-03 4.746133481558081207e-02
1.950109503753891204e+03 8.500577254205800293e-02 1.150806169952268976e-02 4.825691712079034634e-02
1.951109534273331974e+03 8.468807534641321910e-02 1.477726609489407594e-02 4.973267072065364752e-02
1.952109564792773199e+03 8.398307592055996584e-02 1.754534255181686153e-02 5.076420923618841369e-02
1.953109595312213969e+03 8.348694007662135763e-02 2.079535283209952429e-02 5.214114645436043749e-02
1.954109625831654739e+03 8.357614000947855004e-02 2.484294510858239130e-02 5.420954255903047414e-02
1.955109656351095509e+03 8.306476261179503162e-02 2.840848953725822953e-02 5.573662607452663231e-02
1.956109686870536279e+03 8.255336582282186975e-02 3.093346587515382121e-02 5.674341584898784374e-02
1.957109717389977504e+03 8.128258673588704963e-02 3.380396479076103883e-02 5.754327576332404770e-02
1.958109747909418275e+03 8.052320443792577997e-02 3.754019431316946848e-02 5.903169937554762770e-02
1.959109778428859045e+03 7.995756051587245283e-02 4.093090125786785771e-02 6.044423088687015527e-02
1.960109808948300270e+03 7.976383183560924184e-02 4.449253084723010787e-02 6.212818134141967485e-02
1.961109839467741040e+03 7.969403288814853881e-02 4.828186725539655721e-02 6.398795007177254801e-02
1.962109869987181810e+03 7.854719322966120798e-02 5.186242490280509876e-02 6.520480906623316031e-02
1.963109900506622580e+03 7.785767774867476121e-02 5.570130493278997036e-02 6.677949134073236925e-02
1.964109931026063350e+03 7.711752191450245431e-02 5.971468037341393087e-02 6.841610114395818565e-02
1.965109961545504575e+03 7.588166654041002268e-02 6.410785223983167525e-02 6.999475939012084202e-02
1.966109992064945345e+03 7.496351805760777254e-02 6.789704611744060148e-02 7.143028208752419395e-02
1.967110022584386115e+03 7.436307646609530142e-02 7.135618673385669963e-02 7.285963159997599359e-02
1.968110053103827340e+03 7.371172304333954706e-02 7.505816141225933602e-02 7.438494222779944154e-02
1.969110083623268110e+03 7.206930019267147880e-02 7.893148632699538425e-02 7.550039325983343153e-02
1.970110114142708881e+03 7.092238296902513006e-02 8.353321840731435521e-02 7.722780068816974264e-02
1.971110144662149651e+03 6.965159418644580047e-02 8.739084595664090016e-02 7.852122007154335726e-02
1.972110175181590421e+03 6.880349673787093667e-02 9.135136156447323796e-02 8.007742915117208038e-02
1.973110205701031646e+03 6.822192287128658883e-02 9.558894707422564696e-02 8.190543497275612483e-02
1.974110236220472416e+03 6.679229033870717758e-02 1.003119536549795937e-01 8.355212199684339258e-02
1.975110266739913186e+03 6.555653192106401794e-02 1.039268516647300494e-01 8.474169179289703369e-02
1.976110297259354411e+03 6.425071277354793553e-02 1.079744439412147483e-01 8.611257835738134192e-02
1.977110327778795181e+03 6.352655475342047775e-02 1.118663643426975052e-01 8.769645954805899146e-02
1.978110358298235951e+03 6.273231661213088395e-02 1.158795972527639079e-01 8.930595693244738897e-02
1.979110388817676721e+03 6.209692222084121915e-02 1.203416303825701472e-01 9.121927630170567625e-02
1.980110419337117492e+03 6.116236870690941463e-02 1.245974503016551854e-01 9.287990950428229309e-02
1.981110449856558716e+03 5.902716470542849342e-02 1.280223455761025642e-01 9.352475514076552532e-02
1.982110480375999487e+03 5.678482382807114454e-02 1.321043257251131586e-01 9.444457477659215505e-02
1.983110510895440257e+03 5.554914297558698200e-02 1.357373536217893750e-01 9.564324829868817157e-02
1.984110541414881482e+03 5.433185476143153475e-02 1.392998954067201922e-01 9.681587508407586695e-02
1.985110571934322252e+03 5.281361373033249124e-02 1.436588409352401452e-01 9.823622733278632169e-02
1.986110602453763022e+03 5.157796196478299511e-02 1.478276792060461975e-01 9.970282058541460324e-02
1.987110632973203792e+03 5.048428352714971062e-02 1.516851547227781039e-01 1.010847191249639038e-01
1.988110663492644562e+03 4.817187222427491561e-02 1.553869393604357108e-01 1.017794057923553097e-01
1.989110694012085787e+03 4.651305403812095590e-02 1.588118251328457242e-01 1.026624395854833366e-01
1.990110724531526557e+03 4.432434946821640215e-02 1.623579093893918468e-01 1.033411294288041210e-01
1.991110755050967327e+03 4.234779530383905866e-02 1.653847358205624007e-01 1.038662655622007297e-01
1.992110785570408552e+03 3.987660812047746223e-02 1.696224828649465777e-01 1.047495454927120234e-01
1.993110816089849322e+03 3.800562983315255994e-02 1.729093800535333181e-01 1.054575049433429390e-01
1.994110846609290093e+03 3.638192927273940086e-02 1.760574144708786648e-01 1.062196718718090294e-01
1.995110877128730863e+03 3.451097037670410039e-02 1.790843169183465866e-01 1.067976436475253366e-01
1.996110907648171633e+03 3.304609417500130319e-02 1.827514951366214502e-01 1.078987946558113697e-01
1.997110938167612858e+03 3.101631092025499900e-02 1.858304877518715537e-01 1.084233993360632781e-01
1.998110968687053628e+03 2.900437734772578699e-02 1.880620031737261499e-01 1.085331902607259702e-01
1.999110999206494398e+03 2.685101340339342973e-02 1.905699328569339379e-01 1.087104731301636873e-01
2.000111029725935623e+03 2.468016821134898578e-02 1.939602502181097532e-01 1.093202092147293747e-01
2.001111060245376393e+03 2.208558455565453119e-02 1.970046269119383464e-01 1.095451057337964440e-01
2.002111090764817163e+03 1.982642173443752501e-02 1.997202996338525161e-01 1.097733606841450188e-01
2.003111121284257933e+03 1.783198880090909252e-02 2.028684290715695171e-01 1.103502089362392996e-01
2.004111151803698704e+03 1.620819128404725473e-02 2.056186607026811164e-01 1.109134259933641786e-01
2.005111182323139928e+03 1.407252189161237697e-02 2.070543710092876133e-01 1.105634464504499925e-01
2.006111212842580699e+03 1.211346836623577831e-02 2.093030851184249364e-01 1.107082767423303582e-01
2.007111243362021469e+03 1.052498238801158510e-02 2.119149480842276723e-01 1.112199652361196278e-01
2.008111273881462694e+03 8.548108267352333423e-03 2.139733934010203398e-01 1.112607508341863366e-01
2.009111304400903464e+03 6.130024130976351703e-03 2.158585880740422069e-01 1.109943061025092798e-01
2.010111334920344234e+03 4.171086953338263431e-03 2.173289998204026574e-01 1.107500433868704587e-01
2.011111365439785004e+03 2.547221566962351753e-03 2.194737901489824117e-01 1.110105058579723830e-01
2.012111395959225774e+03 6.764274968897967307e-04 2.209442494055284534e-01 1.108103384512091200e-01
2.013111426478666999e+03 -8.766596818935748188e-04 2.228639744816370005e-01 1.109936573998717146e-01
2.014111456998107769e+03 -2.218265454645625915e-03 2.244901341192947208e-01 1.111359343323245485e-01
2.015111487517548539e+03 -3.965604878514667440e-03 2.262372926983093890e-01 1.111358439098973638e-01
2.016111518036989764e+03 -6.419175075136968750e-03 2.279318194934251141e-01 1.107563222091440674e-01
2.017111548556430535e+03 -8.960752640295636604e-03 2.291951913518302519e-01 1.101172193557673068e-01
2.018111579075871305e+03 -1.127259190012264677e-02 2.311147738973802213e-01 1.099210909986287898e-01
2.019111609595312075e+03 -1.314331810068100626e-02 2.323949358554692202e-01 1.096258088773941070e-01
2.020111640114752845e+03 -1.453749365994965077e-02 2.339517021156549970e-01 1.097071042278526670e-01
2.021111670634194070e+03 -1.616144630713009164e-02 2.355432363298562148e-01 1.096908950113630599e-01
2.022111701153634840e+03 -1.759108853535434197e-02 2.374113558420790637e-01 1.099101336533623574e-01
2.023111731673075610e+03 -1.953275776946875736e-02 2.388289837719453634e-01 1.096481130012383065e-01
2.024111762192516835e+03 -2.092690424180341721e-02 2.399022198665255456e-01 1.094876578123610694e-01
2.025111792711957605e+03 -2.267423397002766433e-02 2.417355334165848524e-01 1.095306497232785975e-01
2.026111823231398375e+03 -2.406835135542698470e-02 2.431366278017705329e-01 1.095341382231717758e-01
2.027111853750839146e+03 -2.510922731106687150e-02 2.444680722544806117e-01 1.096794224717068666e-01
2.028111884270279916e+03 -2.590346545235656592e-02 2.454369664788670358e-01 1.097667505132552401e-01
2.029111914789721141e+03 -2.657441377340605260e-02 2.472190830526406480e-01 1.103223346396172977e-01
2.030111945309161911e+03 -2.768634911034063145e-02 2.485504799951646637e-01 1.104320654424120196e-01
2.031111975828602681e+03 -2.835732651832434739e-02 2.502118256764726545e-01 1.109272495790741553e-01
2.032112006348043906e+03 -2.975137603421007526e-02 2.520961366600384945e-01 1.111723803129142096e-01
2.033112036867484676e+03 -3.100568222050070766e-02 2.528396425626890376e-01 1.109169801710941650e-01
2.034112067386925446e+03 -3.250381448412743152e-02 2.538783672582575202e-01 1.106872763870650478e-01
2.035112097906366216e+03 -3.241619494138488905e-02 2.554700345009783824e-01 1.115269197797967432e-01
2.036112128425806986e+03 -3.359936418122170393e-02 2.572683330440566629e-01 1.118344844314174830e-01
2.037112158945248211e+03 -3.440993948412750247e-02 2.581325623289864035e-01 1.118613114224294436e-01
2.038112189464688981e+03 -3.451686305581764397e-02 2.590506586626478147e-01 1.122668978034150888e-01
2.039112219984129752e+03 -3.578764214275213795e-02 2.609696330778189521e-01 1.125909954675334002e-01
2.040112250503570976e+03 -3.658188997968710165e-02 2.613667802234884152e-01 1.123924451219006637e-01
2.041112281023011747e+03 -3.737613781662162821e-02 2.620943512098005135e-01 1.123591066965894392e-01
2.042112311542452517e+03 -3.845239318041322740e-02 2.630442223557672432e-01 1.122959145876770148e-01
2.043112342061893287e+03 -3.928232099049067116e-02 2.632698482284323571e-01 1.119937636189708430e-01
2.044112372581334057e+03 -4.023541257742512672e-02 2.639975142351158599e-01 1.118810508288453631e-01
2.045112403100775282e+03 -4.095824229420505502e-02 2.654492924865811676e-01 1.122455250961880563e-01
2.046112433620216052e+03 -4.147050199557229117e-02 2.659163271156554931e-01 1.122229125600416044e-01
2.047112464139656822e+03 -4.210589638686195596e-02 2.665390336197298593e-01 1.122165686164339482e-01
2.048112494659098047e+03 -4.231638883711528326e-02 2.671967646328229362e-01 1.124401878978538299e-01
2.049112525178538817e+03 -4.242362266944155191e-02 2.683565642860458733e-01 1.129664708083021607e-01
2.050112555697979587e+03 -4.290017331073124607e-02 2.696525281319529510e-01 1.133761774106108455e-01
2.051112586217420358e+03 -4.388902243596762981e-02 2.704659595261572069e-01 1.132884685450947920e-01
2.052112616736861128e+03 -4.448864959331062102e-02 2.712443474072687155e-01 1.133778489069790507e-01
2.053112647256302353e+03 -4.531867435983710779e-02 2.727857108651981499e-01 1.137335182526805211e-01
2.054112677775743123e+03 -4.588248580500887269e-02 2.743227603982504315e-01 1.142201372966207829e-01
2.055112708295183893e+03 -4.620018300065366346e-02 2.749805579256032750e-01 1.143901874624748127e-01
2.056112738814625118e+03 -4.697883054498355054e-02 2.761404906073470777e-01 1.145808300311817601e-01
2.057112769334065888e+03 -4.830099654975957002e-02 2.780788206722387135e-01 1.148889120612395787e-01
2.058112799853506658e+03 -4.881338229451016864e-02 2.798415910983280686e-01 1.155141044019089569e-01
2.059112830372947428e+03 -4.950009573412748887e-02 2.814334768879040993e-01 1.159666905768882983e-01
2.060112860892388198e+03 -4.973064847362867330e-02 2.824880889896251857e-01 1.163787202579982527e-01
2.061112891411829423e+03 -5.056075080531414329e-02 2.841151418187778388e-01 1.167771955067318512e-01
2.062112921931270193e+03 -5.116028100620827190e-02 2.855664449683840145e-01 1.172030819810878643e-01
2.063112952450710964e+03 -5.237985739255369977e-02 2.871433555473756338e-01 1.173817490774109740e-01
2.064112982970152188e+03 -5.386066353878787155e-02 2.894081566054472754e-01 1.177737465333296984e-01
2.065113013489592959e+03 -5.430131120710251363e-02 2.910854181990195078e-01 1.183920534959584936e-01
2.066113044009033729e+03 -5.465492107136729616e-02 2.927125755505804450e-01 1.190288272396065744e-01
2.067113074528474499e+03 -5.571577005545118311e-02 2.952385971125651709e-01 1.197614135285569870e-01
2.068113105047915269e+03 -5.726832397376582090e-02 2.976589940293384862e-01 1.201953350277863292e-01
2.069113135567356494e+03 -5.896462552300943405e-02 2.993714416665622657e-01 1.202034080717764158e-01
2.070113166086797264e+03 -6.095775924012448305e-02 3.014657001614575171e-01 1.202539704606665205e-01
2.071113196606238034e+03 -6.235144032150447685e-02 3.035746963160078638e-01 1.206116279972516969e-01
2.072113227125679259e+03 -6.339144366910590134e-02 3.059803365690529353e-01 1.212944464499735170e-01
2.073113257645120029e+03 -6.445246717479781451e-02 3.082449665904544167e-01 1.218962497078283080e-01
2.074113288164560799e+03 -6.568727541924308799e-02 3.099574142276771416e-01 1.221350694042170337e-01
2.075113318684001570e+03 -6.715290788124619881e-02 3.116698618648999775e-01 1.222584769918268893e-01
2.076113349203442340e+03 -6.835168710933323122e-02 3.134674002450043573e-01 1.225578565678355630e-01
2.077113379722883565e+03 -6.976654347912246423e-02 3.149037851962500079e-01 1.225686208585637649e-01
2.078113410242324335e+03 -7.191836581591952438e-02 3.164605514564355904e-01 1.222710928202580261e-01
2.079113440761765105e+03 -7.315312558214050187e-02 3.180173177166212284e-01 1.224320960672403702e-01
2.080113471281206330e+03 -7.481369868001686019e-02 3.193830835275995872e-01 1.222846924237913635e-01
2.081113501800647100e+03 -7.645286379400667576e-02 3.204728246607481679e-01 1.220099804333707461e-01
2.082113532320087870e+03 -7.740595538094122152e-02 3.220295814188967043e-01 1.223118130189777414e-01
2.083113562839528640e+03 -7.823628071245847249e-02 3.229990077573648422e-01 1.223813635224531848e-01
2.084113593358969410e+03 -7.931213855481025754e-02 3.246760793101938769e-01 1.226819703776918097e-01
2.085113623878410635e+03 -8.065511141349036850e-02 3.252775962713733704e-01 1.223112424289415079e-01
2.086113654397851406e+03 -8.204864706019712739e-02 3.258366296243535576e-01 1.218939912820782151e-01
2.087113684917292176e+03 -8.305224326128966827e-02 3.272518250327036693e-01 1.220997908857069936e-01
2.088113715436733401e+03 -8.379600587535643297e-02 3.279099361272838076e-01 1.220569651259636873e-01
2.089113745956174171e+03 -8.483567957103162194e-02 3.291199255408525093e-01 1.221421229849104506e-01
2.090113776475614941e+03 -8.596948828280590038e-02 3.293958647003469853e-01 1.217131882087705425e-01
2.091113806995055711e+03 -8.788990466335271090e-02 3.295515460773841832e-01 1.208308207070157292e-01
2.092113837514496481e+03 -8.907416951106049419e-02 3.298274567307674654e-01 1.203766436098534787e-01
2.093113868033937706e+03 -9.039528838619065310e-02 3.302451567828412760e-01 1.199249341983253114e-01
2.094113898553378476e+03 -9.103068277748031789e-02 3.306905647753105582e-01 1.198299409989151132e-01
2.095113929072819246e+03 -9.182492091877000884e-02 3.301742715855329191e-01 1.191746753333814551e-01
2.096113959592260471e+03 -9.230147156005993891e-02 3.304501442307672399e-01 1.190743363353536505e-01
2.097113990111701241e+03 -9.313192293496072582e-02 3.304856343396072593e-01 1.186768557023232668e-01
2.098114020631142012e+03 -9.369488116338337003e-02 3.307259883698901448e-01 1.185155536032533874e-01
2.099114051150582782e+03 -9.401257835902820936e-02 3.304501442307672399e-01 1.182187829358695152e-01
2.100114081670023552e+03 -9.440276019576429589e-02 3.304146256158158601e-01 1.180059327100257821e-01
2.101114112189464777e+03 -9.531959976650863919e-02 3.299476004887786362e-01 1.173140003611349985e-01
2.102114142708905547e+03 -9.599125586963373757e-02 3.298629943497931594e-01 1.169358692400797040e-01
2.103114173228346317e+03 -9.664041807664724981e-02 3.302589252347042925e-01 1.168092535790285214e-01
2.104114203747787542e+03 -9.662668904350325827e-02 3.296362282326669724e-01 1.165047695945818640e-01
2.105114234267228312e+03 -9.731206448412749177e-02 3.294805468556297190e-01 1.160842411857511136e-01
2.106114264786669082e+03 -9.715322073412746562e-02 3.289779461014181727e-01 1.159123626836453536e-01
2.107114295306109852e+03 -9.738468486424704806e-02 3.281639825931322862e-01 1.153896488644426122e-01
2.108114325825550623e+03 -9.814260311983205587e-02 3.276480504807672278e-01 1.147527236804675860e-01
2.109114356344991847e+03 -9.830145656547702171e-02 3.278393264890531733e-01 1.147689349617880827e-01
2.110114386864432618e+03 -9.838763145713300129e-02 3.279593942307671428e-01 1.147858813868170708e-01
2.111114417383873388e+03 -9.822877801148816035e-02 3.279593942307671428e-01 1.148653081096394912e-01
2.112114447903314613e+03 -9.794743948412749923e-02 3.279950268701647409e-01 1.150237936930186278e-01
2.113114478422755383e+03 -9.794743948412749923e-02 3.282707379807670023e-01 1.151616492483197585e-01
2.114114508942196153e+03 -9.802019560327537850e-02 3.283907582122951863e-01 1.151852813045099039e-01
2.115114539461636923e+03 -9.874165823412743570e-02 3.279237330852580734e-01 1.145910374255653119e-01
2.116114569981077693e+03 -9.851001958240022949e-02 3.276480504807671168e-01 1.145690154491834367e-01
2.117114600500518918e+03 -9.856959932016184922e-02 3.272653464316001570e-01 1.143478735557191539e-01
2.118114631019959688e+03 -9.914535579982057534e-02 3.272167245073875352e-01 1.140356843537834730e-01
2.119114661539400458e+03 -9.861924102192574926e-02 3.275637769130824162e-01 1.144722679455783265e-01
2.120114692058841683e+03 -9.905934573412743249e-02 3.282221920728519149e-01 1.145814231693622343e-01
2.121114722578282453e+03 -9.886405605503929828e-02 3.288577073230348757e-01 1.149968256339977957e-01
2.122114753097723224e+03 -9.900986885832631368e-02 3.283906821959977074e-01 1.146904066688357038e-01
2.123114783617163994e+03 -9.949941166374971779e-02 3.283064751425733285e-01 1.144035317394118123e-01
2.124114814136604764e+03 -9.898639570208218885e-02 3.284264098557669320e-01 1.147200070768423785e-01
2.125114844656045989e+03 -9.799682909912463269e-02 3.287735097716478205e-01 1.153883403362615939e-01
2.126114875175486759e+03 -9.747090823412747629e-02 3.290848630236848926e-01 1.158069773947787151e-01
2.127114905694927529e+03 -9.766625608708474904e-02 3.294319914456770304e-01 1.158828676792961476e-01
2.128114936214368754e+03 -9.794743948412749923e-02 3.297558873867821871e-01 1.159042239513273509e-01
2.129114966733809524e+03 -9.778859573412747308e-02 3.290490973557669285e-01 1.156302508108197347e-01
2.130114997253250294e+03 -9.802050586391139464e-02 3.294678521339667876e-01 1.157236731350276965e-01
2.131115027772691064e+03 -9.799665457751707831e-02 3.303660987119745318e-01 1.161847220672287267e-01
2.132115058292131835e+03 -9.766630456530908666e-02 3.311802997711897345e-01 1.167569976029403239e-01
2.133115088811573060e+03 -9.755662743047426033e-02 3.318870232879452264e-01 1.171651979287354761e-01
2.134115119331013830e+03 -9.727549251165604205e-02 3.320427046649824243e-01 1.173836060766631911e-01
2.135115149850454600e+03 -9.692121364789485494e-02 3.322823555445144628e-01 1.176805709483098039e-01
2.136115180369895825e+03 -9.635900198412747364e-02 3.321983955440567238e-01 1.179196967799646251e-01
2.137115210889336595e+03 -9.609035505590907134e-02 3.325097487960937959e-01 1.182096968700923623e-01
2.138115241408777365e+03 -9.529610721897456560e-02 3.328569817404949394e-01 1.187804372607601799e-01
2.139115271928218135e+03 -9.422079233273587817e-02 3.336712493139704083e-01 1.197252284906172581e-01
2.140115302447658905e+03 -9.378087183778677227e-02 3.345694103736435165e-01 1.203942692679283721e-01
2.141115332967100130e+03 -9.342653480015623846e-02 3.352639332746692458e-01 1.209186992372565106e-01
2.142115363486540900e+03 -9.259564712123606600e-02 3.362100036057669716e-01 1.218071782422654459e-01
2.143115394005981670e+03 -9.148371178430154960e-02 3.360902589333167323e-01 1.223032735745075983e-01
2.144115424525422895e+03 -9.104382037628687419e-02 3.364375488899412625e-01 1.226968642568271872e-01
2.145115455044863666e+03 -8.985853748586693224e-02 3.372159272690153364e-01 1.236786948915742090e-01
2.146115485564304436e+03 -8.897881284370752486e-02 3.378745894817511419e-01 1.244478883190218155e-01
2.147115516083745206e+03 -8.779349117070822661e-02 3.385810469414655133e-01 1.253937778853786433e-01
2.148115546603185976e+03 -8.671825384962855710e-02 3.390480720685025706e-01 1.261649091094370068e-01
2.149115577122627201e+03 -8.580187966983821024e-02 3.390120973557669282e-01 1.266051088429643590e-01
2.150115607642067971e+03 -8.525187482296958663e-02 3.390120973557669282e-01 1.268801112663986708e-01
2.151115638161508741e+03 -8.343108119352159180e-02 3.397787977311558238e-01 1.281738582688171091e-01
2.152115668680949966e+03 -8.175723475781029870e-02 3.406768542684203704e-01 1.294598097553050220e-01
2.153115699200390736e+03 -8.071880210467920203e-02 3.415748918016102142e-01 1.304280448484655131e-01
2.154115729719831506e+03 -8.008340771338952335e-02 3.421615665807257178e-01 1.310390794336681042e-01
2.155115760239272277e+03 -7.941123774108604927e-02 3.423172479577628602e-01 1.314530051083384055e-01
2.156115790758713047e+03 -7.799331754751689938e-02 3.427482223557668517e-01 1.323774524041249623e-01
2.157115821278154272e+03 -7.616071462260926017e-02 3.420894746246965212e-01 1.329643800010436305e-01
2.158115851797595042e+03 -7.480468173028202716e-02 3.427007596800892841e-01 1.339480389749036215e-01
2.159115882317035812e+03 -7.361911766616091590e-02 3.434430683260562556e-01 1.349119753299476698e-01
2.160115912836477037e+03 -7.206745574717428326e-02 3.438740142179488313e-01 1.359032792353872809e-01
2.161115943355917807e+03 -7.060098945971178541e-02 3.444132358234240354e-01 1.369061231818561319e-01
2.162115973875358577e+03 -6.901250348148756097e-02 3.454668597132791730e-01 1.382271781158957991e-01
2.163116004394799347e+03 -6.777855814943621604e-02 3.458977770990601663e-01 1.390596094748119682e-01
2.164116034914240117e+03 -6.647090652503916119e-02 3.461730036057669158e-01 1.398510485403638703e-01
2.165116065433681342e+03 -6.449098797188894394e-02 3.456698517333991472e-01 1.405894318807550947e-01
2.166116095953122112e+03 -6.230398983548255526e-02 3.454780246069571459e-01 1.415870173857372849e-01
2.167116126472562883e+03 -6.055665041161356621e-02 3.451194557322087575e-01 1.422814026602975956e-01
2.168116156992004107e+03 -5.845472186334633308e-02 3.456226456127253766e-01 1.435839618746895252e-01
2.169116187511444878e+03 -5.626775281387462468e-02 3.460535059862831497e-01 1.448928765862042556e-01
2.170116218030885648e+03 -5.459425542137952281e-02 3.464481635982132879e-01 1.459269540884168825e-01
2.171116248550326418e+03 -5.336039735013201057e-02 3.458254665961760232e-01 1.462325346230219925e-01
2.172116279069767188e+03 -5.217458119924416049e-02 3.457421907423945395e-01 1.467838047715751826e-01
2.173116309589208413e+03 -5.031640116315425765e-02 3.461730036057667492e-01 1.479283012213062354e-01
2.174116340108649183e+03 -4.784874319452856600e-02 3.460173317307666530e-01 1.490842942681190331e-01
2.175116370628089953e+03 -4.617534275848218100e-02 3.460173317307666530e-01 1.499209944861422394e-01
2.176116401147531178e+03 -4.529619985501483204e-02 3.457891783162133637e-01 1.502464892305992727e-01
2.177116431666971948e+03 -4.423215130812171991e-02 3.455865663775805063e-01 1.506772075347294071e-01
2.178116462186412718e+03 -4.264366532989751629e-02 3.457422477546176487e-01 1.515492912123600766e-01
2.179116492705853489e+03 -4.085932732518247207e-02 3.464374833084309380e-01 1.527890779916242225e-01
2.180116523225294259e+03 -3.895314415131343605e-02 3.466868547719910709e-01 1.538668553103388070e-01
2.181116553744735484e+03 -3.708398864522421956e-02 3.457890832958416816e-01 1.543525473253087310e-01
2.182116584264176254e+03 -3.604610864385099367e-02 3.458874768907648223e-01 1.549206841234569143e-01
2.183116614783617024e+03 -3.509301705691646178e-02 3.471796494238402753e-01 1.560433161834618998e-01
2.184116645303058249e+03 -3.347811044640491146e-02 3.475740504807668385e-01 1.570479700171809601e-01
2.185116675822499019e+03 -3.132835328196650199e-02 3.477660486438780008e-01 1.582188476809557598e-01
2.186116706341939789e+03 -2.945924625410249395e-02 3.477297223557668238e-01 1.591352380508321562e-01
2.187116736861380559e+03 -2.810377570917796733e-02 3.481501019823231013e-01 1.600231631365725549e-01
2.188116767380821329e+03 -2.688055376035936722e-02 3.490114521499894096e-01 1.610654491948150246e-01
2.189116797900262554e+03 -2.536626855236882513e-02 3.493228054020265927e-01 1.619782684248288751e-01
2.190116828419703324e+03 -2.350760373403596240e-02 3.494421129807666615e-01 1.629672546233653374e-01
2.191116858939144095e+03 -2.151681636298078543e-02 3.494057296804325419e-01 1.639444566587258678e-01
2.192116889458585320e+03 -1.969521799500716791e-02 3.491671620331381898e-01 1.647359720190655075e-01
2.193116919978026090e+03 -1.774161342205079692e-02 3.500183355189924184e-01 1.661383610484708229e-01
2.194116950497466860e+03 -1.670397581179944302e-02 3.503397324243210376e-01 1.668178783062607973e-01
2.195116981016907630e+03 -1.587257426370096078e-02 3.502933149727324724e-01 1.672103703545157471e-01
2.196117011536348400e+03 -1.461194651695165748e-02 3.507239187912867262e-01 1.680559861371675456e-01
2.197117042055789625e+03 -1.265845829173278640e-02 3.509988317307668471e-01 1.691701867195170295e-01
2.198117072575230395e+03 -1.119163326540991744e-02 3.508431598557668063e-01 1.698257632951784557e-01
2.199117103094671165e+03 -9.603147287185693007e-03 3.511545036057668323e-01 1.707756781592905670e-01
