# time[us], force_in1[N], force_in2[N], force_out1[N], force_out2[N]
-9.994555026551913670e+02 -5.131667846863493532e-01 -2.030450319598735565e+00 1.691545740920359364e+01 1.620942588940731843e+00
-9.984554721357503695e+02 -7.871471009721051182e+00 9.683877484375472022e+00 -1.131659863669721844e+01 6.080726454075601417e+00
-9.974554416163095993e+02 -2.019556181469487122e+00 -3.357483259159233513e-01 7.146994993894703718e+00 8.397460474859146373e+00
-9.964554110968688292e+02 -6.924579484970894150e+00 6.483120384851411844e-01 -1.494146518281113778e+01 2.419290705128172903e+00
-9.954553805774278317e+02 4.607464270751964186e+00 -4.098695428095004978e+00 -9.304173706893090312e+00 1.073733126388201287e+00
-9.944553500579868341e+02 5.181870060670028977e+00 -8.813863005001975282e+00 4.767970707403587083e-01 -9.927691131989949014e+00
-9.934553195385460640e+02 -4.627274643823821698e+00 7.351198442075014050e+00 -1.183131774644592937e+01 -5.076195155977858420e+00
-9.924552890191052938e+02 -5.821605773655017302e+00 -7.944695787459272296e+00 4.935630246899534335e+00 2.576018342007448947e+00
-9.914552584996642963e+02 8.318740028397394681e+00 -1.758566837718885978e+01 1.045613910364271959e+01 3.936713777825722183e+00
-9.904552279802232988e+02 1.599912955412454529e+01 -6.710240241315426069e+00 -8.886612458063511966e-01 -1.648513595823213995e+00
-9.894551974607825287e+02 1.093966870980514017e+01 2.377066182333608113e-01 -8.187290663494058762e+00 7.912888576397326013e+00
-9.884551669413417585e+02 6.437848879417481740e+00 -3.949828501251277046e+00 3.504616740522475737e+00 1.014917264296078692e+01
-9.874551364219007610e+02 -1.942098672161435502e+00 8.092781480895585133e+00 -1.057012431485090165e+00 5.767378161638025524e+00
-9.864551059024597635e+02 2.559827264404577640e+00 1.479213011896525032e+01 -1.910157592413009198e+01 1.947182130690150892e+00
-9.854550753830189933e+02 2.960537242353879162e+00 -4.237993788368089598e-01 -1.098035111487669546e+01 -6.186607788737640057e+00
-9.844550448635782232e+02 3.068042621753948318e-02 -7.711596348257105049e+00 -9.441822548677741622e+00 -2.838734294871636976e+00
-9.834550143441372256e+02 2.881912565097344281e+00 -3.359807829670170332e+00 -2.520321192333637583e+01 -2.917579529260916349e+00
-9.824549838246962281e+02 -2.576507505249969299e+00 -8.125402603979187788e+00 -1.165921405206572636e+01 -6.580780470023263717e+00
-9.814549533052554580e+02 -4.714845471024271123e-02 -4.031140953182293707e+00 -1.571958966002165337e+00 -1.072577179487154631e+01
-9.804549227858146878e+02 7.219745298722295423e+00 -1.768655671181833533e+00 -3.442868832939228962e+00 -8.736079675755004104e+00
-9.794548922663736903e+02 1.244170775332574941e+01 -4.618803114416677680e+00 -9.770726249783728834e-01 -2.601556703771185752e+00
-9.784548617469326928e+02 5.958885595830243354e+00 3.418719370017399672e+00 3.614358563778706235e-01 2.656628768212410119e+00
-9.774548312274919226e+02 5.801901506759110205e+00 -4.784235768692413515e+00 2.104082901696764196e+01 3.934467170061576535e+00
-9.764548007080511525e+02 6.828160452006887482e+00 5.756901603126451050e+00 -3.272868817680365527e+00 2.894608719226869020e+00
-9.754547701886101549e+02 8.487926327838959395e+00 -1.013260721851819390e+01 2.484962534547891622e+01 1.102411938577296446e+01
-9.744547396691691574e+02 7.477990243823723349e-01 1.906352688093772896e+00 -1.063534773942634892e+01 4.572343303094607236e+00
-9.734547091497283873e+02 -7.553895221556991224e+00 2.413432412501851587e+00 6.974891299516343679e+00 -3.873832076871155827e+00
-9.724546786302876171e+02 -1.230497595205926498e+00 -2.359125582831669288e+00 1.732466079781439072e+00 -7.458722689853858334e+00
-9.714546481108466196e+02 -3.680436172160858277e+00 1.361927661685999880e+01 -2.401622519471539619e+01 -1.056679755022776135e+01
-9.704546175914056221e+02 -4.628494864861104396e+00 -8.503528214303784916e-01 -3.185253425196323374e+00 -8.017218681888692799e+00
-9.694545870719648519e+02 -5.497716667949728908e+00 -1.493476383977385830e-02 2.828880893913550576e+00 -6.184896087584005109e+00
-9.684545565525240818e+02 -5.102789476654376877e+00 1.428718428486895142e+01 -7.417969524203847698e+00 -6.423731889176486298e+00
-9.674545260330830843e+02 6.654075778386634443e-01 1.094163735894009015e+01 3.421094993895114289e+00 -6.078527850748262074e-01
-9.664544955136420867e+02 -2.969471732269720832e+00 6.091248522189236958e+00 2.404847411034337856e+00 7.040241932010155246e+00
-9.654544649942013166e+02 -3.522125755875737951e+00 1.244754621491880897e+01 -7.503765518526257061e+00 1.102304957255194218e+01
-9.644544344747605464e+02 -1.245529109303110255e-01 1.386843638842256610e+01 -1.385249852988081365e+01 4.409410749535798146e+00
-9.634544039553195489e+02 1.772360270797687543e+00 5.420589258775466490e+00 -3.019053402932801999e-01 -8.813266699651101987e+00
-9.624543734358785514e+02 7.539443210430209596e+00 -3.479901177119693045e-01 1.053289496337491116e+01 -9.261222183287276533e-01
-9.614543429164377812e+02 6.828956248335595447e+00 6.844062562657324378e+00 5.198988130072645042e+00 3.615716320857724320e+00
-9.604543123969970111e+02 7.698178051423869128e+00 4.415695386317390891e+00 1.045210231398133871e+01 8.713804244314820480e+00
-9.594542818775560136e+02 8.408452801164610690e+00 -1.099231817950789614e+00 9.260055384238611964e+00 1.014607018461942545e+01
-9.584542513581150160e+02 1.212365448736445828e+01 5.840067170330041080e+00 6.266699938950082149e-01 8.633835706044067138e+00
-9.574542208386742459e+02 8.249187429285626649e+00 8.852727207410994836e+00 -1.072825075779867277e+01 7.516843721975122072e+00
-9.564541903192334757e+02 6.749588827838765681e+00 3.824326994540935942e+00 -9.178294096937023028e+00 9.429990705128179940e+00
-9.554541597997924782e+02 -5.176407341512841154e-02 -5.858930316394280524e+00 2.068422697826907353e+01 4.807274286432108745e+00
-9.544541292803514807e+02 -1.332103121427799763e+01 1.871989217033005204e+01 -6.141491148751740070e+00 -1.246852221991749277e+00
-9.534540987609107106e+02 -1.261149920777755185e+01 4.666708273149983377e+00 1.679463800036510079e+01 -4.117321565975633924e+00
-9.524540682414699404e+02 -1.734760147727965673e+01 1.663603596954072117e+01 -6.996267145212166305e+00 -9.527420515344953600e+00
-9.514540377220289429e+02 -1.047399026939620903e+01 1.419424774623188590e+01 2.157522974118181835e+00 -2.435949617157032510e+00
-9.504540072025879454e+02 -8.735546663218519470e+00 8.187795754839310547e+00 2.821319020323593829e+00 4.252576131332532761e+00
-9.494539766831471752e+02 -5.178761499482487096e+00 1.051317464606707830e+01 -2.156099486664315279e+00 6.881642121993095884e+00
-9.484539461637064051e+02 2.804030631078934910e+00 -8.129221144538687938e+00 1.841049098821827101e+01 5.682488482550573927e+00
-9.474539156442654075e+02 7.378427086628350118e+00 -5.023040803570869572e-01 1.077413578770590874e+01 6.570807890625580683e+00
-9.464538851248244100e+02 3.513403478315763717e+00 1.687991717032984695e+01 -9.031718832938668839e+00 1.635986631628016852e+01
-9.454538546053836399e+02 7.618757577838669803e+00 1.177054143557452015e+01 -5.707564688397881447e+00 1.452625994610954763e+01
-9.444538240859428697e+02 5.238265493820566832e+00 4.170017225264373018e+00 8.407781060245824278e+00 8.068064984107772730e+00
-9.434537935665018722e+02 -6.448587174343428430e+00 7.765060852805566682e+00 -3.185310281390361098e+00 -2.367321099028380615e+00
-9.424537630470608747e+02 -7.302901059542808326e+00 9.520017170330044465e+00 -6.333200857595854272e-01 -6.896268388901605206e+00
-9.414537325276201045e+02 1.149757498917959708e+01 9.945672132791026243e+00 7.475112080204120879e+00 -2.043488637025157928e+00
-9.404537020081793344e+02 1.544127632783858139e+01 1.418807069532755172e+01 3.179626744793276227e+00 -3.877362460500128449e+00
-9.394536714887383368e+02 1.424996922405739141e+01 6.611153803645475335e-01 5.179827593235820871e+00 -5.386547971396173473e+00
-9.384536409692973393e+02 5.558069511702515619e+00 7.338844340261326593e+00 -1.189579266862005902e+01 -3.390062538324396524e+00
-9.374536104498565692e+02 3.272913827838762391e+00 -2.269109104619749129e+00 1.011426281877419875e+01 3.295628205128465549e+00
-9.364535799304157990e+02 3.434301323260432248e+00 7.016289972929520502e+00 1.385188456631150311e+00 2.582009296045523428e+00
-9.354535494109748015e+02 2.949926624640398121e+00 1.227997967032994531e+01 3.095365867666267867e+00 6.719565419008349139e+00
-9.344535188915338040e+02 -2.265298087714473940e+00 -3.640504500706758240e-01 1.739321999389522944e+01 3.214161928347484931e+00
-9.334534883720930338e+02 -9.522058701230774247e+00 3.272660193585591237e+00 2.966188598546488198e+00 4.335005240012034911e+00
-9.324534578526522637e+02 1.636279098620197159e+00 1.099543385683768548e+01 -5.675668364469725446e+00 6.006213963230861097e+00
-9.314534273332112662e+02 1.566277297260798385e+01 -6.354217489073164415e+00 2.116005645241949296e+01 7.432435458836177844e+00
-9.304533968137702686e+02 -3.657853046461244095e-01 8.685778367912982745e+00 -7.819885948238407103e+00 2.419290705128562369e+00
-9.294533662943294985e+02 2.890135793824848864e+00 -3.726893118536274141e+00 1.782760130378911256e+01 -4.549229851296853200e-01
-9.284533357748887283e+02 8.082335465742106706e+00 -1.101418469288595503e+01 3.806181984987176747e+00 -1.880609574124844308e+00
-9.274533052554477308e+02 6.654075778386634443e-01 1.185039385729212746e+01 -8.836645236832262995e+00 -2.126078217688012195e+00
-9.264532747360067333e+02 5.029590206448907308e-01 -2.375110013421135105e-02 5.196998163338663268e+00 -1.798608390732953977e+00
-9.254532442165659631e+02 2.026254862650756494e-01 -3.445837302294203042e+00 -3.038791873589507198e+00 -1.004111602141588344e+00
-9.244532136971251930e+02 3.816761038744126644e+00 -2.181563446773858050e+00 -2.469747609198634208e+01 -1.332062845045109967e+00
-9.234531831776841955e+02 -1.942098672161049588e+00 -9.444124602321560813e-01 -1.110571901910677894e+01 -5.549801468924116854e+00
-9.224531526582431979e+02 -3.666341540635527640e-01 -1.080590576731913899e+01 1.087289499389512137e+01 -7.302529959585525532e+00
-9.214531221388024278e+02 -5.255794584082001286e+00 -2.583520995756948935e+00 -1.593100097671757143e-01 -9.137420105620631006e+00
-9.204530916193616576e+02 3.925254604861998065e+00 8.427409174999873187e+00 -1.188965219984399191e+01 -1.119103356469492461e+01
-9.194530610999206601e+02 1.663682767870555068e+01 2.073750767656360239e+00 4.702349289506236651e+00 -5.879089978354512525e+00
-9.184530305804796626e+02 2.041134271792246579e+01 8.717112862513237914e+00 1.702104873036099253e+00 -1.151978716751365184e+01
-9.174530000610388925e+02 1.321272828947596345e+01 2.599331345764008461e+01 -6.562454397242241555e+00 -8.478843086759802361e+00
-9.164529695415981223e+02 3.272913827838762391e+00 1.811414809644389479e+01 -1.323895398584968852e+00 3.161152683243800166e+00
-9.154529390221571248e+02 1.125537014984266948e+00 5.580294102210698881e+00 -5.893655006105101180e+00 1.756447600315073387e+01
-9.144529085027161273e+02 -5.828078250459601151e+00 5.526609914334205342e+00 -6.595487845025028051e+00 1.961589634512014158e+01
-9.134528779832753571e+02 -1.481580198466499354e+01 1.500619301037776410e+01 -1.208228097967567649e+01 1.356390946313952206e+01
-9.124528474638345870e+02 -2.237498269305838505e+00 -8.792973341939209320e+00 3.398408435939593630e+01 7.346743419833511091e+00
-9.114528169443935894e+02 1.206496028138118515e+00 9.815448668681616695e+00 7.076152178171714269e+00 3.543717891083335125e+00
-9.104527864249525919e+02 2.886775959229698207e-01 1.522935301312080014e+01 -4.626216765241157880e+00 7.760065757774226469e+00
-9.094527559055118218e+02 2.615904379020013160e+00 -3.895863538331875375e+00 2.073039420649384468e+01 1.118266570512837532e+01
-9.084527253860710516e+02 -5.007877501207494753e+00 1.224314198492695205e+01 5.812466446008496490e+00 9.181419603224799886e+00
-9.074526948666300541e+02 -1.648555933117466843e+00 -5.945689804125337652e+00 1.052038660104854273e+01 2.004738081982332165e+00
-9.064526643471890566e+02 -8.648592651056352665e+00 3.254297505891568409e+00 4.881673720319501086e+00 -6.592976340742910502e+00
-9.054526338277482864e+02 -4.055574561421450674e+00 -1.209913339191983850e+00 1.832469499389512890e+01 -1.009848681272546855e+01
-9.044526033083075163e+02 5.011251327838956549e+00 -6.429296735091834414e+00 1.211776132637531767e+01 -1.406497980164767370e+01
-9.034525727888665187e+02 5.797975578205122105e+00 4.745549904719284839e+00 3.509449516875809749e+00 -9.516936345778146844e+00
-9.024525422694255212e+02 1.534576327838953702e+00 3.201421703298326094e-01 4.175747235547166980e+00 -2.672378339002406289e+00
-9.014525117499847511e+02 4.389734395271673861e+00 -4.541926908135482499e+00 1.912017935358537812e+00 -1.169290763467297101e+00
-9.004524812305439809e+02 7.453550260040182174e+00 -9.077993948611030595e-01 5.284044993894909226e+00 -4.841264172640827645e+00
-8.994524507111029834e+02 2.073118229886787400e+00 8.949987681683094110e+00 5.595446359639916878e+00 -9.139773694706878615e+00
-8.984524201916619859e+02 -7.239820937238021337e+00 1.258714756540268986e+01 -1.370005770615376317e+00 -1.135193347313498968e+01
-8.974523896722212157e+02 -3.845961808491181522e+00 -1.695036455379502094e+00 1.442140367362375741e+01 -2.087725413714871081e+00
-8.964523591527804456e+02 -7.695016437147062405e+00 2.598407009644027266e+00 7.058242477567458373e+00 1.134966354892942242e+01
-8.954523286333394481e+02 1.866052025208102760e+00 6.321484055973704663e+00 4.174951248854441133e+00 1.389523061768985990e+01
-8.944522981138984505e+02 7.618757577838669803e+00 -3.272037551790277554e+00 -8.380023783825730765e-01 1.147376188256707330e+01
-8.934522675944576804e+02 5.880420077838861559e+00 -5.998453296700659854e-01 -4.517564581579477156e+00 4.422943886779997058e+00
-8.924522370750169102e+02 5.011251327838956549e+00 8.910398400870487734e+00 -7.892889299271963921e+00 9.848555127851891910e+00
-8.914522065555759127e+02 9.689419624625092098e+00 1.411321606934154538e+01 -6.462160073858879805e+00 1.714949545471648307e+01
-8.904521760361349152e+02 1.266750169826824290e+01 -1.019173844219401559e+01 1.951543423121056264e+01 1.101502597339391798e+01
-8.894521455166941450e+02 9.107533349217780128e+00 9.392489146616146201e+00 -1.689305398675584868e+01 1.135041241818453628e+01
-8.884521149972533749e+02 8.571166623801012463e+00 7.807064798971457442e+00 3.421094993894700398e+00 1.397953189950598585e+01
-8.874520844778123774e+02 5.880420077838861559e+00 5.272733122078623325e+00 -1.250324422816463255e+01 1.426811401587739248e+01
-8.864520539583713798e+02 1.064299583853671649e+01 4.461540088193418074e-01 2.311214634073189556e-01 4.628134062571072072e+00
-8.854520234389306097e+02 1.320254209647102250e+01 -3.963923408319051322e+00 -6.749738694989618537e+00 -4.154715652732032805e-02
-8.844519929194898396e+02 5.963872586155183342e+00 1.450995120255974946e+01 -2.792844293719576498e+01 3.548050634627874622e+00
-8.834519624000488420e+02 3.641049209408108389e+00 -3.235312176401245576e+00 1.521586462185086752e+00 8.806236106611473602e+00
-8.824519318806078445e+02 -6.705735494630291171e+00 -1.063126369169140162e+01 5.320034963678664575e+00 1.339043924934986407e+01
-8.814519013611670744e+02 -1.419407283974347678e+01 -1.054270724369695245e+01 -5.804049646891312086e+00 -2.636807049403717684e+00
-8.804518708417263042e+02 -1.290663353947894620e+01 -9.499627965632669202e+00 -6.983067136692904242e-01 -6.714293160007462902e+00
-8.794518403222853067e+02 -8.728013124642306053e+00 -1.369075700564523146e+01 3.062218707500762083e+00 1.711769731405488715e+00
-8.784518098028443092e+02 -2.559954941616589430e+00 -4.933776555635351002e+00 -4.300032789478485995e+00 4.171965705128369173e+00
-8.774517792834035390e+02 -2.875850520977322189e-01 1.240129670329935596e+00 -3.401875518221243233e+00 4.794757471746155630e+00
-8.764517487639627689e+02 2.655375876913478539e+00 -5.643688169808184441e+00 9.549282834948252585e+00 -2.923303029993181479e+00
-8.754517182445217713e+02 3.188983841725136159e+00 -5.586746991453747313e+00 1.201627302294958710e+01 -3.545827343305949952e+00
-8.744516877250807738e+02 3.440879906243930364e+00 3.080104670329936845e+00 1.738151699016470708e+00 4.595344287348281931e+00
-8.734516572056400037e+02 8.655998512420518765e+00 -2.795618461880204908e+00 1.021160062015406034e+01 8.384194790918444440e+00
-8.724516266861992335e+02 7.450579287080757673e+00 -3.003785077427704842e+00 8.649476734114360355e+00 2.871714716299293535e+00
-8.714515961667582360e+02 5.375566887031449248e+00 8.570660601020190228e+00 2.789877545930520508e+00 -7.467145411637946539e-01
-8.704515656473172385e+02 -4.465409670604487680e+00 2.112338267802009639e+01 -1.169213378746199261e+01 6.179309742392963045e+00
-8.694515351278764683e+02 3.778403655708982622e+00 1.268375639475085803e+00 1.525940709332741108e+01 5.414981686633881353e+00
-8.684515046084356982e+02 7.281552146905031719e+00 2.338577786517090917e+00 -8.868768985534659421e+00 -2.132390115691639831e+00
-8.674514740889947007e+02 3.525977060305295563e+00 -9.861883923791713968e+00 1.156864422022663597e+01 -6.769335050227733852e+00
-8.664514435695537031e+02 1.559670438729479969e+00 -9.495472495019871673e+00 1.299744033509701424e+01 -1.117659108620949482e+01
-8.654514130501129330e+02 -8.473146087164519002e+00 1.369896057355301267e+01 -7.537708665386526619e+00 -1.706925397691815949e+00
-8.644513825306721628e+02 -1.326470632424192164e+00 -1.992545689037641399e+00 1.732840393456788064e+01 -9.156380487634767640e-01
-8.634513520112311653e+02 -6.118809175808435974e+00 1.014659475227440666e+01 -4.962180006105203489e+00 4.427758046274631099e+00
-8.624513214917901678e+02 -1.603619967100212484e+00 1.302083269404327481e+01 3.330409367025617406e+00 1.389699580950513180e+01
-8.614512909723493976e+02 3.188241098485541158e+00 9.812640918270012946e+00 2.396498922652292585e-01 8.382911015053217341e+00
-8.604512604529086275e+02 -2.450453366813109657e+00 1.598847862967728517e+00 9.578222636879319296e+00 9.771689047921665150e+00
-8.594512299334676300e+02 -1.071856500769195542e+01 9.968695686169338543e+00 7.175261893414769387e-01 1.853527801056647917e+01
-8.584511994140266324e+02 -1.071861806078037205e+01 1.652074973762466215e+01 8.533035252090058975e+00 1.742358160194015326e+01
-8.574511688945858623e+02 -1.290175265532995574e+01 4.380991591223669879e+00 1.766612971738900484e+01 3.038873032082895609e+00
-8.564511383751450921e+02 -5.633019533838156123e-01 -3.629520334247203550e+00 1.618866470182459949e+01 1.628591753470873815e+00
-8.554511078557040946e+02 3.887109434184092382e+00 -1.990018713665764771e+00 7.987386373678927676e+00 4.514733861143673366e+00
-8.544510773362630971e+02 -2.037611721612409277e-01 1.600195583167167479e+00 1.757550094671216456e+01 8.382162145798105257e+00
-8.534510468168223269e+02 -2.037611721612409277e-01 1.246012493676462363e+01 1.041690833089089985e+01 7.934712766106167159e+00
-8.524510162973815568e+02 -3.346075786024582666e-02 1.209972209387920472e+01 3.805044861136818390e+00 7.076348128220902645e+00
-8.514509857779405593e+02 3.272913827839148304e+00 3.458982510927122611e+00 -5.893655006105101180e+00 -1.086059294871829950e+00
-8.504509552584995618e+02 -7.152990521289828152e-01 1.510852965056732167e+00 6.066659860766322049e-02 -6.945800741036614490e+00
-8.494509247390587916e+02 -1.019116425424327588e+01 1.152357170933354347e+01 -7.447875881402303833e+00 -1.046773284596152820e+01
-8.484508942196180215e+02 -1.559271141364678037e+01 2.187417513819665871e+01 -1.312098675853919261e+01 -5.123480900347798794e+00
-8.474508637001770239e+02 -8.724617726974029708e+00 -6.949348266403383434e+00 3.092374294756661968e+01 7.527356694205913357e-01
-8.464508331807360264e+02 -7.855342870796557797e+00 4.271489325155719996e+00 -8.764153591531295362e+00 -4.682421597323527251e-01
-8.454508026612952563e+02 3.093683004630713440e-01 5.011859168963544997e-01 -8.138166913264798907e+00 -4.591409294871443336e+00
-8.444507721418544861e+02 2.930615300402652945e+00 1.329054519862114603e+01 -9.436136929440714027e+00 -6.344084294871639607e+00
-8.434507416224134886e+02 5.781900492369079103e+00 2.173762837332522846e+00 8.523483411766960671e+00 -4.591409294871443336e+00
-8.424507111029724911e+02 1.119347468550957103e+01 -3.282201608279979865e+00 1.444164447811218643e+01 -5.640521630067134140e+00
-8.414506805835317209e+02 -1.158663713286062880e+00 1.063402022380006606e+01 -1.642819775773803670e+01 -6.084761570096007155e+00
-8.404506500640909508e+02 -3.218748373466606694e-02 -7.130560477994415614e+00 6.111473161810769383e+00 -1.875902395952349977e+00
-8.394506195446499532e+02 -4.612808640673983218e-01 -3.087231419671869315e+00 1.218388507812867694e+01 -2.962696844525601336e-01
-8.384505890252089557e+02 -3.508650271379223362e+00 1.240129670329935596e+00 3.505194674336971072e-01 -7.036895336806788137e+00
-8.374505585057681856e+02 3.702643845234736553e+00 -2.156630623114438539e+00 1.834466088932351413e+00 -1.546386756945529051e+01
-8.364505279863274154e+02 9.271096021271308274e+00 -9.162529451169586281e+00 5.846864442409440699e+00 -4.417992571744619568e+00
-8.354504974668864179e+02 2.670549060244431505e+00 2.524450863792487176e+00 -6.078096494232975822e+00 -4.678171147096670701e+00
-8.344504669474454204e+02 -7.243216334906334986e+00 8.235471356833491186e+00 -4.408514404565899270e+00 -5.554562137757863560e+00
-8.334504364280046502e+02 -7.767805274660743109e+00 -4.089373696727320429e+00 6.400188906792300791e+00 -5.554615628418676287e+00
-8.324504059085638801e+02 -2.983689960004645592e+00 -1.329716655288972760e+01 6.777429743331438772e+00 -8.712329822248324973e+00
-8.314503753891228826e+02 -3.421643206129431292e+00 -7.411897069278325922e+00 -3.048050061048891979e-01 2.064808094342561962e+00
-8.304503448696818850e+02 -9.002951719623936144e-01 1.148765471922871928e+00 6.116590219130089601e+00 9.952166538310011745e+00
-8.294503143502411149e+02 1.620946756026680147e+00 -1.428412476254870001e+00 1.106387494414849648e+01 1.915678600131942844e+01
-8.284502838308003447e+02 4.751980884010629680e+00 -1.428356321247023164e+00 3.050620044252708940e+00 1.872115805772026320e+01
-8.274502533113593472e+02 -3.070697025255961776e+00 3.725494180035274105e+00 -2.733246695661827097e+00 1.074671681756210262e+01
-8.264502227919183497e+02 -2.205560309985878931e+00 -9.154499284990269103e+00 3.061933489348643533e+01 3.208384936953969202e+00
-8.254501922724775795e+02 5.447506875128842907e+00 1.419881851706825016e+00 8.924319568148957771e+00 4.084668946292981495e+00
-8.244501617530368094e+02 -2.811267422160953711e+00 4.281147986576387510e+00 1.923502886216935659e+00 -1.173409544368030355e+00
-8.234501312335958119e+02 -5.938906152475914801e+00 -1.311505586116653355e+01 9.855851424341752320e+00 7.540194452858169916e-01
-8.224501007141548143e+02 -7.158861924082077444e+00 2.070156847126996436e+00 -2.275504113501763115e+01 2.769119628403016620e+00
-8.214500701947140442e+02 1.074703294521640196e+01 -1.734335951663213393e+01 -7.477554813832884228e+00 6.800978205128079601e+00
-8.204500396752732740e+02 1.352924301586950229e+01 -1.090428934175761277e+01 -1.027107011475269438e+01 5.837076492987772092e+00
-8.194500091558322765e+02 1.318137391413250903e+01 -3.911699250655008786e+00 -1.111015380211354220e+01 7.063831313533083467e+00
-8.184499786363912790e+02 1.943930402919017197e+01 -1.219153059564614772e+01 7.146994993895117609e+00 9.955643431276811839e+00
-8.174499481169505088e+02 9.791228501586054733e+00 1.241084305469912552e+00 3.886349216259774142e+00 -5.606205313666051682e-01
-8.164499175975097387e+02 3.011733472822394564e+00 1.384350356476388022e+01 6.839904077204031485e-02 -1.086059294871829950e+00
-8.154498870780687412e+02 9.267470921220982705e-01 2.619072052677607232e+00 8.265185729718671936e+00 -7.747411787546776729e+00
-8.144498565586277437e+02 4.316415026871923466e+00 3.082743955719212892e+00 1.049923609747692765e+01 -1.107479835822910275e+01
-8.134498260391869735e+02 2.749598162209894170e+00 2.111378017161174725e+01 -2.635112907588226250e+00 -2.050335441639694611e+00
-8.124497955197462034e+02 -6.365682686952333080e-01 2.699601728478026530e+01 -4.880525141947159584e-01 -6.784044982015784875e+00
-8.114497650003052058e+02 5.880420077838861559e+00 3.260643021822608567e+00 8.542018530487837324e+00 -1.221430991060151250e+01
-8.104497344808642083e+02 2.141609767226705152e+00 -1.884896538238797437e+00 -4.405273601600985245e+00 -7.832461938617854891e+00
-8.094497039614234382e+02 -3.942730642038505984e+00 8.785116577489761269e+00 -2.068540950376760446e+00 -1.874244185459567724e+00
-8.084496734419826680e+02 -3.417982543018872832e+00 7.309643735978281320e+00 1.478630671641150940e+01 -3.330959472585200143e-02
-8.074496429225416705e+02 -2.117173864433468111e+00 3.636039251908276260e+00 1.282300553683586841e+01 1.101655251456851392e+00
-8.064496124031006730e+02 -8.201461220611140135e+00 1.946158751916876639e+01 -1.111424744796663155e+01 -7.308734876267450886e+00
-8.054495818836599028e+02 -2.022474101341166008e+00 1.180075283000817699e+01 5.581402880117746435e+00 -7.132055222815561812e+00
-8.044495513642191327e+02 8.487926327838573926e+00 -1.429857881484015181e+01 1.876953784319566054e+01 -4.149308981285645181e+00
-8.034495208447781351e+02 5.011251327838571079e+00 8.600029670329941922e+00 -1.901941872611965323e+01 2.684711365263979133e+00
-8.024494903253371376e+02 1.118323543941795606e+01 -5.385655906945568283e+00 1.454553011349817515e+00 5.482005484929524108e+00
-8.014494598058963675e+02 9.357095077838865294e+00 4.093084863975860799e+00 -2.452315500610511734e+01 9.323573092301287168e-01
-8.004494292864555973e+02 1.214041926335093002e+01 -1.426783981016296110e+00 -1.576303716291503498e+01 6.279176806573920189e+00
-7.994493987670145998e+02 1.170071526530468020e+01 1.165036971793998610e+01 -2.090272324299689188e+01 7.932840592969461646e+00
-7.984493682475736023e+02 1.222864654963915676e+01 2.128190826628071619e+01 -2.375679038881576588e+01 -2.927475301555563902e+00
-7.974493377281328321e+02 1.343873444677308271e+01 -3.185558839100405937e+00 2.961526390769495087e+00 -4.857792786906208526e+00
-7.964493072086920620e+02 8.487926327838573926e+00 -6.293570080175586945e+00 5.460014909357820301e+00 -7.830215330854905176e+00
-7.954492766892510645e+02 7.177886411843540593e+00 5.933396794025120435e+00 -4.773190022585723113e+00 -2.051298273538614048e+00
-7.944492461698100669e+02 -1.337611781024533597e+00 2.613175776811315743e+00 1.005001532137057652e+01 -5.523294789026143015e-01
-7.934492156503692968e+02 -5.507054011537591443e+00 -3.359807829670170332e+00 1.794626017731663836e+01 2.494552065227150894e+00
-7.924491851309285266e+02 -2.369600459838687723e+00 -2.439820329670067789e+00 5.174198830191122589e+00 -9.582248442922098874e+00
-7.914491546114875291e+02 3.626459610051952609e+00 -3.640470560854861315e+00 -6.351517923458469994e+00 -9.078284122492704666e-01
-7.904491240920465316e+02 7.618757577838669803e+00 -7.678914133460033931e+00 2.300061448450953616e+00 -1.264397158816500832e+00
-7.894490935726057614e+02 7.618757577838669803e+00 1.802128992798220697e+00 -7.299310650675884915e+00 -6.611751562771241097e+00
-7.884490630531649913e+02 9.534186287476488886e+00 8.881197796588187643e+00 -1.007656508057361400e+01 -8.007483381577795711e+00
-7.874490325337239938e+02 1.301096739365398314e+01 1.089109785152406218e+01 -3.099230006105408997e+00 -8.275418102782415630e+00
-7.864490020142829962e+02 1.457210757783867727e+01 -1.256690461057563990e+00 -3.099230006105408997e+00 -1.265721258410486172e+01
-7.854489714948422261e+02 1.116625845107627057e+01 -3.059210070560302697e+00 -1.178685620399317990e+01 -1.677069790959425788e+01
-7.844489409754014559e+02 -8.066564706419203645e-01 7.922912580972846897e+00 -1.488358557896037304e+01 -5.180715907674706244e+00
-7.834489104559604584e+02 5.969230948100688217e+00 -1.871758487828762441e+01 1.326631326893660656e+01 1.443848177132497135e+01
-7.824488799365194609e+02 4.319810424539889837e+00 -3.715437496854438582e+00 -2.098772325062723354e+01 2.160911884786725068e+01
-7.814488494170786907e+02 1.492777548359494766e+01 -8.430324298723242293e+00 8.386867353341487252e-01 1.898005285720669022e+01
-7.804488188976379206e+02 1.430519748925702750e+01 4.115996107335265108e+00 -1.808367013977836946e+00 1.828306954371083037e+01
-7.794487883781969231e+02 1.013724074522267138e+01 4.072026735885900806e+00 7.551185665627418331e+00 1.810360837588468286e+01
-7.784487578587559256e+02 1.109543257783905901e+01 -3.808374035492250176e+00 1.464797560031258605e+01 1.396952914588871053e+01
-7.774487273393151554e+02 1.109543257783905901e+01 5.745726756486250864e+00 -1.193638798999106498e+01 2.509155015693973034e+00
-7.764486968198743853e+02 1.223214805348376721e+01 -2.086212242779733383e+00 3.445372588044965045e+00 7.767233506355023742e+00
-7.754486663004333877e+02 1.717961382783877511e+01 -4.727519210369591107e+00 1.392937018464177079e+01 6.621035621352274525e+00
-7.744486357809923902e+02 1.517341128366118674e+01 -6.943542085385824292e-01 -2.359132949705529558e+00 4.171965705128369173e+00
-7.734486052615516201e+02 9.089070874396323774e+00 -3.738067965176198104e+00 3.708332477872310573e+00 1.272718385498216476e+00
-7.724485747421108499e+02 6.749588827838765681e+00 -7.675881763016315418e+00 4.448372678079222098e+00 1.813348496740878391e+00
-7.714485442226698524e+02 5.100698835163592015e+00 8.882062336880632847e-01 3.681553211254611213e+00 5.048303205128272353e+00
-7.704485137032288549e+02 6.749588827838765681e+00 7.585308671428361293e+00 -9.331805816395679187e+00 3.056607243548986608e-01
-7.694484831837880847e+02 6.839142441340535505e+00 1.780958554691962847e+00 4.092907763228995854e+00 2.417393843995462310e-01
-7.684484526643473146e+02 8.308712994658295159e+00 1.268600259505536565e+00 1.058480466703222866e+01 3.114936752097955619e+00
-7.674484221449063170e+02 6.239058956554521806e+00 1.871989217033005204e+01 6.119433028748411552e+00 2.509689922304873200e+00
-7.664483916254653195e+02 1.511038421444512281e+01 1.355020595672325356e+01 9.682951743270605149e+00 6.710525497290907637e+00
-7.654483611060245494e+02 2.185603137270230434e+01 5.840067170330041080e+00 1.543406931636346613e+01 1.633459403626682516e+00
-7.644483305865837792e+02 8.218469691005690692e+00 8.345535172983609584e+00 9.332774454315144297e+00 3.900286637650534960e+00
-7.634483000671427817e+02 7.019204623938329668e+00 1.897399358261723989e+01 -1.498410732710895488e+01 -2.929347474692151732e+00
-7.624482695477017842e+02 1.055588266710734047e+01 -2.186112002441843227e+00 1.411693876335032982e+01 2.436115575373301312e-01
-7.614482390282610140e+02 -4.999495113212736541e+00 -9.483994658175241010e-01 -2.076643894982665373e+01 9.792871349698687666e+00
-7.604482085088202439e+02 -1.311881033070213753e+00 -4.851565623570900598e+00 -2.150238550418498917e+01 7.736690338896972996e+00
-7.594481779893792464e+02 3.543166261001135187e+00 4.128967914241081338e+00 -2.256366319141898913e+01 -3.624244652406821032e+00
-7.584481474699382488e+02 1.283377007783886725e+01 2.950611221325951661e+00 1.047576386194270404e+00 -3.111376194249586113e+00
-7.574481169504974787e+02 4.289729323322243104e+00 6.411803524391671560e-01 3.640901033692600208e+00 -9.940368418658854566e+00
-7.564480864310567085e+02 -1.581125457549213520e+00 1.050031514918214093e+01 -9.293769023687620034e+00 -6.947458951528872717e+00
-7.554480559116157110e+02 3.453506541322576506e+00 2.446844642404491399e+00 4.255800754439468037e+00 2.180240940890816326e+00
-7.544480253921747135e+02 8.578275737669439849e+00 1.395061338063385392e+00 6.602824376487276936e+00 1.233228699243880122e+01
-7.534479948727339433e+02 7.437952652000972442e+00 -3.035849587132364746e+00 5.519609570887961114e-01 1.459686761869696348e+01
-7.524479643532931732e+02 4.142082577839052426e+00 1.732118322508299002e+01 -1.924621807758538594e+01 1.362927505094432945e+01
-7.514479338338521757e+02 7.890283285127047463e+00 6.653270059828766403e-01 1.370581163614583176e+01 1.224151334063453511e+01
-7.504479033144111781e+02 8.994848589099829539e+00 -1.481254339007141763e+00 1.397741366721188960e+01 1.653199926354256277e+01
-7.494478727949704080e+02 3.272913827839148304e+00 2.151899471107329020e+01 -7.950825759324674280e+00 1.256989250882722153e+01
-7.484478422755296378e+02 6.333758719646342072e+00 2.483219635225943733e+01 -5.950624910886828545e+00 9.795652864072547317e+00
-7.474478117560886403e+02 1.178315976493841788e+01 4.535979413966722440e+00 5.729399548921849217e+00 1.510700805314157869e+01
-7.464477812366476428e+02 3.506665736065498695e+00 3.560510765826215618e+00 -8.534852567603500972e+00 2.838015599835123304e+00
-7.454477507172068727e+02 -2.447959871651361752e+00 9.039330299793611800e+00 -1.217740138955162799e+01 -4.591409294871833247e+00
-7.444477201977661025e+02 5.283891149986230218e+00 -2.920787975246634804e+00 5.186650336323280541e+00 -5.834264804392921278e+00
-7.434476896783251050e+02 8.396993334034052126e+00 -9.318471909051259772e+00 -3.087858767625880851e+00 -1.215220725312113892e+01
-7.424476591588841075e+02 4.920265280945669062e+00 5.936373009462062811e+00 -4.060714641640736033e+01 -1.585103297414126011e+01
-7.414476286394433373e+02 9.034160927728946078e+00 -9.019727265212784673e+00 1.841629969173485648e+00 3.846368051309990044e+00
-7.404475981200025672e+02 1.402555465941846968e+01 -8.598508548408091201e+00 3.286857523658670122e+00 3.253531054883342044e+00
-7.394475676005615696e+02 4.233227783997844718e+00 2.143509912876259094e+01 -2.311033548129324089e+01 -5.700805605071372462e+00
-7.384475370811205721e+02 4.646458290848686445e+00 4.772335843651238640e+00 1.112021943080999620e+01 7.861216597822354935e+00
-7.374475065616798020e+02 -1.125098598253137100e-01 1.683403852859788330e+01 -1.678791751512000108e+00 5.556624957096762962e+00
-7.364474760422390318e+02 1.443271962414270693e+00 -1.423190060488920716e+00 4.305549922786929606e+00 5.745582774592822295e-01
-7.354474455227980343e+02 -1.124037536481789085e-01 6.033465018709414984e+00 -1.697344864280172061e+01 -2.238729549861609769e+00
-7.344474150033570368e+02 4.599134935847883021e+00 5.628441159429702356e-01 -3.982547811145097594e+00 -4.038422840924578594e+00
-7.334473844839162666e+02 8.304999278458526035e+00 -2.972562892845501015e+00 6.950954842518712873e+00 6.985414004432563218e+00
-7.324473539644754965e+02 5.331320611167421397e+00 -5.998453296700659854e-01 -4.079999324909127090e+00 2.649728472937742385e+00
-7.314473234450344989e+02 -3.863575433895562128e+00 1.337053214552594183e+00 -1.192331106574031985e+01 -8.743033461690574271e+00
-7.304472929255935014e+02 -8.117902606117249675e+00 1.143149971098827544e+00 -3.834323717574111168e+00 -1.473794580833020085e+01
-7.294472624061527313e+02 -3.907874762849802508e+00 4.291199733047231568e+00 -4.423695007935969592e+00 -1.054090807027904297e+01
-7.284472318867119611e+02 5.194708908104630041e+00 5.840067170330041080e+00 -9.226337579505296205e+00 -2.376307530086426922e+00
-7.274472013672709636e+02 6.841370671060366782e+00 5.840067170330041080e+00 2.784703632422859343e+00 3.295628205128465549e+00
-7.264471708478299661e+02 8.487926327838573926e+00 4.822875351065869509e+00 4.647824201000102740e+00 -3.023141291511823869e-01
-7.254471403283891959e+02 9.265207128440129836e+00 5.406382041690395823e+00 1.190284491912235509e+01 4.542549004889844255e+00
-7.244471098089484258e+02 4.919310325351850643e+00 1.319996717033004785e+01 1.097142677531427069e+01 5.739242073925560739e+00
-7.234470792895074283e+02 6.657594772262894978e+00 6.998432680310043175e+00 1.852187226911937756e+01 5.233808817653388346e+00
-7.224470487700664307e+02 4.050035469174376068e+00 -1.714690708264207331e+00 1.454381505584761491e+01 8.553653205128275872e+00
-7.214470182506256606e+02 -1.165030083914150749e+00 2.842512830465196760e+00 -1.158120735610185825e+01 8.739372780297637533e+00
-7.204469877311848904e+02 6.617645796569946448e+00 2.007150927886032221e+00 1.687025673624421884e+01 9.058337592146090245e+00
-7.194469572117438929e+02 7.565863648537473729e+00 -2.815834264847097312e+00 2.188053812244340079e+01 6.017607474034938342e+00
-7.184469266923028954e+02 -2.257711496047480448e+00 1.469043339904019518e+01 -1.249721747176724840e+01 8.739693724264341768e+00
-7.174468961728621252e+02 8.764863450160826019e+00 -1.032886897231813172e+01 1.600820314716378334e+01 1.049247570558619991e+01
-7.164468656534213551e+02 1.214933218223025335e+01 3.080104670329936845e+00 -1.118554511322887279e+01 1.090328398245918429e+01
-7.154468351339803576e+02 1.841845649897636150e+01 -3.848917951442618168e+00 2.053362429651403254e+00 5.365556315822336053e+00
-7.144468046145393600e+02 2.019393116097286267e+01 -3.496769894766540432e+00 -2.227283439543801702e+00 -3.715071794871540156e+00
-7.134467740950985899e+02 1.118795716430021869e+01 2.296629995362160059e+00 -9.559458010744160461e+00 -2.745446581998567837e+00
-7.124467435756578197e+02 1.544127632783858139e+01 -1.052372685091196658e+01 9.208373105351419952e+00 -2.303938780404400297e-02
-7.114467130562168222e+02 1.072490980728391463e+01 4.550804336141715645e+00 5.520623610448697427e+00 2.512685399323733026e+00
-7.104466825367758247e+02 7.618757577838669803e+00 2.292741847274634637e+01 -6.626474469878435691e+00 4.358862074841211687e+00
-7.094466520173350546e+02 1.146637977310197165e+01 1.159286698950242389e+01 5.681583491117550011e+00 7.303309003058849669e+00
-7.084466214978942844e+02 1.447931772593449296e+01 -2.930895876729899374e+00 6.749229071903745769e+00 -5.339850624296913928e+00
-7.074465909784532869e+02 1.255524136285997905e+01 -6.941486565249748608e+00 -1.335778342795638673e+00 -1.326117563803261845e+01
-7.064465604590122894e+02 7.525861619756955889e+00 -3.359807829669966051e+00 3.684282308491884095e+00 -7.253799967365734958e+00
-7.054465299395715192e+02 9.542993100179073096e+00 -5.923003180796282408e+00 2.494463204297046488e+01 1.036714708674303509e+01
-7.044464994201307491e+02 8.892084756546513091e+00 8.123408175546513732e-01 1.310376141488379709e+01 2.169871570512799508e+01
-7.034464689006897515e+02 8.515178125331422931e-01 4.033616710249579462e+00 -3.631801960265196527e+00 1.850676748822676743e+01
-7.024464383812487540e+02 8.767250839146953467e+00 -1.203390348751737093e+01 6.814215699810631577e+00 1.196512709498344940e+01
-7.014464078618079839e+02 1.100227135431466330e+01 -1.269080477391123729e+01 9.142704203136691632e+00 8.177934801905507811e+00
-7.004463773423672137e+02 6.283517444775107208e+00 4.690742616675231069e+00 -1.145009697643802937e+01 2.419290705128562369e+00
-6.994463468229262162e+02 1.907645646644948956e+00 1.401856094062245539e+00 4.156927835864674847e+00 4.548112033639545970e+00
-6.984463163034852187e+02 3.488839898306809850e+00 -1.689428791573255850e+01 1.542440376365098942e+01 9.241810559550458493e+00
-6.974462857840444485e+02 -7.063737736282583057e+00 8.204698412318679246e+00 -2.292208462827480275e+01 3.889535014778670252e+00
-6.964462552646036784e+02 -3.867289150094885830e+00 -8.187510043094052392e+00 8.940182445829426783e+00 -4.923129572041393121e-01
-6.954462247451626808e+02 -9.764617422161347093e+00 1.849252054196503536e+01 -1.873394378410692696e+01 -5.467746794871736427e+00
-6.944461942257216833e+02 -9.132401255711717347e-01 1.342694571363571399e+01 1.729282133004666377e+00 -4.874321401171200385e+00
-6.934461637062809132e+02 9.758335586674263595e+00 1.724767631929505640e+01 2.948449466518999973e+00 -9.849434294871642237e+00
-6.924461331868401430e+02 1.440937626517649450e+00 2.765039159580426187e+01 -1.067969556949565479e+01 -1.295050187864649338e+01
-6.914461026673991455e+02 2.684820341068982152e+00 5.145878958464229491e+00 4.352569993895011535e+00 -1.638781175779064370e+01
-6.904460721479581480e+02 2.710444982845964912e+00 -1.943690831866522695e+00 -3.300159790027754170e+00 -9.943952292949086669e+00
-6.894460416285173778e+02 -1.660705090399562378e+00 9.096439943173619369e+00 9.728198650890139410e-02 -8.405667862441930538e+00
-6.884460111090766077e+02 1.440725414163035678e+00 1.362326362244611389e+01 7.020148828660677687e+00 1.732203163926604006e+00
-6.874459805896356102e+02 9.471194781315966926e-01 9.693367680767330796e+00 1.402073808581953962e+01 -2.625146085294593146e+00
-6.864459500701946126e+02 7.313330946957179890e+00 2.416529947439327586e+01 -6.648989522064518098e+00 -7.812563412706853505e+00
-6.854459195507538425e+02 1.755565411960454369e+01 1.364063773516243971e+00 1.553026999389460805e+01 -6.628440649019178288e+00
-6.844458890313130723e+02 1.941086757371962790e+01 -4.701968681621512047e+00 6.743770877433456157e+00 -1.013395112100173634e+01
-6.834458585118720748e+02 1.717961382783877511e+01 3.201421703300368904e-01 1.034487153512648305e+01 -1.325989186216704496e+01
-6.824458279924310773e+02 1.447793834563134574e+01 8.278093008089815186e+00 4.880366027892811154e+00 -1.529735114160354392e+01
-6.814457974729903071e+02 1.765072525431732586e+01 5.463547840079352902e+00 1.218559076389993656e+01 -1.560379913876489155e+01
-6.804457669535495370e+02 1.903291737076621715e+01 -1.104097063181393068e+01 2.332951818562187540e+01 -8.286865104246988523e+00
-6.794457364341085395e+02 6.372275261947378588e+00 1.021892240288783249e+01 -1.415417748672508047e+01 -1.228823400417408962e+01
-6.784457059146675419e+02 3.650439606085210009e+00 -9.576650421810355418e-01 6.455509981998176272e+00 -6.744622364821223570e+00
-6.774456753952267718e+02 8.790488091938994941e+00 -1.966048362164995922e+01 2.709413725263920725e+01 -2.152823548213547600e+00
-6.764456448757860016e+02 -2.338829668469207146e+00 2.197991501870822262e+01 -2.444202121956030993e+01 -6.725151764198718851e+00
-6.754456143563450041e+02 1.128451378549292627e+01 9.639458872857133542e+00 9.212580463589040036e+00 -9.372832504906552842e+00
-6.744455838369040066e+02 9.640876048586477509e+00 1.054012905002248246e+01 -2.167755006105097859e+00 -1.676275248908911886e+00
-6.734455533174632365e+02 1.631044507783887099e+01 2.579201996827040322e+00 6.722677230054113551e+00 3.486482883758688534e+00
-6.724455227980224663e+02 1.245497102546838342e+01 5.922446567416065122e+00 4.269161959654466543e+00 2.228329045176246304e+00
-6.714454922785814688e+02 9.546600710201657236e+00 1.423759941259355344e+01 -1.773809070536639526e-02 4.554102987677265624e+00
-6.704454617591404713e+02 1.100062670856891778e+01 -2.740867328846612772e+00 1.275290185161149203e+01 8.266889771232840189e+00
-6.694454312396997011e+02 7.239321888404972150e+00 -1.319022520203084081e+00 -4.064638781063649731e-01 2.036725497290867715e+00
-6.684454007202589310e+02 3.178001852392226212e+00 2.662423719037713354e+00 -2.692367093330910066e+00 -3.619377002251372488e+00
-6.674453702008179334e+02 2.308780049303212678e+00 1.125947470558001129e+01 5.182272409508689393e+00 -1.181807578153247773e+00
-6.664453396813769359e+02 -1.942098672161049588e+00 -5.850204074964081569e-01 -2.982390530735796297e+00 -3.715071794871540156e+00
-6.654453091619361658e+02 -2.906338556874120016e+00 -2.554769631537938235e+00 -1.117684611579224097e+01 -7.984935010612269624e-01
-6.644452786424953956e+02 -2.906391609962103662e+00 1.455315661908285652e+00 -5.791711853141910282e+00 3.199719449864051324e+00
-6.634452481230543981e+02 -4.739959403941020000e+00 -1.204266366880201033e+01 -1.861754978637659041e+00 1.638915451053934547e+00
-6.624452176036134006e+02 -3.204284702267802931e+00 -1.153889708987863116e+01 2.489619993894803152e+00 2.825527587808332464e-01
-6.614451870841726304e+02 2.010993063173900364e+00 -1.327796154007114815e+01 -3.507684892267388221e+00 -6.248015067623915009e+00
-6.604451565647318603e+02 1.205993772799438268e+01 -6.333383981017512099e+00 -4.860009428372434215e+00 -1.674028641145962171e+00
-6.594451260452908627e+02 1.196460132783896313e+01 3.899125465513901823e+00 -3.405912307881168832e+00 4.075789496558500424e+00
-6.584450955258498652e+02 1.071366255250721800e+01 7.366191829276306002e+00 -1.944572645669527589e+01 -4.984108925651570265e-01
-6.574450650064090951e+02 1.108572386263072573e+01 -2.657791856481704906e-01 -1.472176348350907382e+00 -7.990687314007058006e+00
-6.564450344869683249e+02 1.419914436521288437e+01 -2.545904977254177126e+01 1.690101593634038579e+01 -1.977815683653013323e+01
-6.554450039675273274e+02 -2.811267422160953711e+00 1.186594879457456386e+01 -1.697828141915537614e+01 -2.367805395244359090e+01
-6.544449734480863299e+02 -1.081064534740219241e-01 4.101339650187202146e+00 1.056535984923198157e+01 -1.550157848549525497e+01
-6.534449429286455597e+02 -3.098390737488148527e+00 2.188506920979149939e+01 -1.075616714826490217e+01 -8.490611032191031526e+00
-6.524449124092047896e+02 -5.418773672161439237e+00 1.372226490197561155e+01 4.857850975702215024e+00 -1.962396794871733352e+00
-6.514448818897637921e+02 -6.000500788303130051e+00 -2.034156550142600217e+00 1.119561074192679584e+01 -4.784617562588345585e+00
-6.504448513703227945e+02 1.726310189921973492e+00 1.551284570987937039e+00 -9.003120168162228154e+00 -4.494751670352304274e+00
-6.494448208508820244e+02 3.464753796098865024e+00 -6.633644810076783749e+00 9.935108956538895697e+00 -5.467746794871736427e+00
-6.484447903314412542e+02 6.941534902275264152e+00 4.711183039674494921e+00 1.357026647347957926e+01 -1.575338371506934010e+00
-6.474447598120002567e+02 9.261068987531828611e+00 1.606157023524476557e+01 -3.048050061048891979e-01 2.709744994635880477e+00
-6.464447292925592592e+02 8.199688897651299158e+00 1.197488951056012496e+01 4.244827509308939817e+00 7.580444117964292516e+00
-6.454446987731184890e+02 3.770109883866227807e-01 7.374783545536106821e+00 1.656903262894352835e+01 5.048303205128272353e+00
-6.444446682536777189e+02 -1.845913422588551622e+00 9.007265790087298996e+00 -8.062093327838121937e+00 6.021619273613569412e+00
-6.434446377342367214e+02 1.823291235822784850e+00 7.170716245590906368e+00 -2.224765647409011038e+01 8.359589086834986915e+00
-6.424446072147957238e+02 3.080331116338663744e+00 1.240129670329935596e+00 -9.931866070927187096e+00 4.724446055125350874e-01
-6.414445766953549537e+02 3.561947054353997721e+00 4.917889625008450949e+00 -5.271932542270636013e+00 -1.377476416278067495e+00
-6.404445461759141836e+02 5.591227692058516219e+00 2.485201907016365297e+01 -2.169460691878960290e+00 -6.732854419390073453e+00
-6.394445156564731860e+02 -3.966622021923056907e-01 2.597888162052246130e+01 8.698657340534660776e+00 -1.481459792561672373e+01
-6.384444851370321885e+02 -4.742612058369785721e+00 4.511495830373141835e+00 2.308549140786053400e+01 -2.172896124506341309e+01
-6.374444546175914184e+02 -7.157111172161247481e+00 1.156422793529948656e+01 5.180907860891828420e+00 -1.384170978242009653e+01
-6.364444240981506482e+02 2.500673070649065632e+00 9.621264650193156243e+00 6.423613658052353514e+00 -4.980714326002683379e+00
-6.354443935787096507e+02 1.061211894099000652e+01 -1.961179722950555515e+01 3.105286336049475793e+01 -1.475899232612082335e+00
-6.344443630592686532e+02 1.534576327838953702e+00 6.249549490418680797e+00 -7.342009651163044381e+00 -5.175206369582785015e+00
-6.334443325398278830e+02 7.136664162026942648e+00 -1.724686299730346706e+00 1.728951429896718395e+01 -2.157530726386041930e+00
-6.324443020203871129e+02 9.453916964474171181e+00 1.013491451055937631e+01 -2.582805210584410371e+00 -4.396168382035431144e+00
-6.314442715009461153e+02 1.379981376756284206e+01 7.882256355003230297e+00 4.147830845082120632e+00 8.330004636588654587e-02
-6.304442409815051178e+02 1.263991409221319451e+01 2.775688370660559734e+00 2.482797250803885802e+00 6.413277893830754195e+00
-6.294442104620643477e+02 1.128939466964147265e+01 1.002939925007733635e+01 -1.706743192883000759e+01 1.361611634832536843e+01
-6.284441799426235775e+02 1.350887062985962039e+01 1.851994640116296553e+00 -2.995240030215600147e+00 9.527825124190778538e+00
-6.274441494231825800e+02 8.293752023682234409e+00 5.027728821126363989e+00 -8.380885998597362274e+00 1.108477779540491426e+01
-6.264441189037415825e+02 5.297578846836180411e+00 1.861707235024195839e+01 -1.520840500610490231e+01 8.455711804743520688e+00
-6.254440883843008123e+02 -5.030000639139105445e+00 1.074273631975316334e+01 -1.064922065037048426e+01 7.873305487219152354e+00
-6.244440578648600422e+02 3.078421205151413709e+00 4.308888560642278875e+00 2.079231997189816994e+00 9.135845560008890587e+00
-6.234440273454190447e+02 8.600063067039280806e-01 1.064598124055513040e+01 9.732871480191651159e+00 8.069723194599076166e+00
-6.224439968259780471e+02 1.437223910317534825e+00 9.924782469724718226e+00 1.253468778520436366e+01 1.156822638998365882e+01
-6.214439663065372770e+02 3.467724769058297074e+00 5.184255044264297618e-01 1.987448108618581699e+01 1.731828729299714986e+00
-6.204439357870965068e+02 2.980538256744373005e+00 -8.776576079532876662e+00 5.171071739609569562e+00 -9.071359139222359147e+00
-6.194439052676555093e+02 -4.167994056095689182e+00 -3.660517898796742831e+00 -9.001585050968726520e+00 -8.874780959859871032e+00
-6.184438747482145118e+02 -8.123844552036796784e+00 7.237843695599280869e-01 1.842244766010419157e-02 -7.023683143525649264e+00
-6.174438442287737416e+02 -7.538191507341031716e+00 -1.209857184183871670e+00 4.133275659829404702e+00 -2.543465845869722131e+00
-6.164438137093329715e+02 -2.811267422160953711e+00 9.023999982540706455e+00 -2.173930525788841805e+01 3.689533433107413884e+00
-6.154437831898919740e+02 1.925471484403597167e+00 1.522491676747380573e+01 -8.246989665508953848e+00 8.553653205128275872e+00
-6.144437526704509764e+02 6.749588827838765681e+00 -8.063239009857049666e+00 1.168798536806135679e+01 8.652236493445643717e+00
-6.134437221510102063e+02 3.652933101247585412e+00 -2.232720659280075903e+00 -7.966290643656358306e+00 9.232717147172174066e+00
-6.124436916315694361e+02 -5.614539568974405981e+00 1.459808062563139108e+00 -7.349628380943582506e+00 3.875894896211242280e+00
-6.114436611121284386e+02 -2.994884161693220470e+00 1.493628002511856145e+01 -1.343727775682240377e+01 2.518034465428494961e+00
-6.104436305926874411e+02 8.304680959928434802e+00 1.318648996835062626e+01 5.402703867424304640e+00 2.320493454166990155e+00
-6.094436000732466709e+02 1.678744539714890038e+01 -8.971860983022243996e-01 1.033338658426343848e+01 -3.431838744606350744e+00
-6.084435695538059008e+02 1.012816866707818697e+01 1.668674394198185240e+01 -1.355570920557972592e+01 -1.052796333030508258e+01
-6.074435390343649033e+02 1.042256025553819043e+01 1.133000539592997313e+01 -1.311102755296646549e+00 -6.146168848983020183e+00
-6.064435085149239058e+02 1.206280259477741801e+01 -9.383948648658526182e+00 1.344114606054713690e+01 -2.061408008477465970e+00
-6.054434779954831356e+02 1.244075279773152864e+01 3.808098197156372766e+00 -9.741056689251742284e+00 -4.591409294871443336e+00
-6.044434474760423655e+02 8.782848447184585794e+00 6.031668058447287706e+00 -1.601780976103633591e+01 -5.665983184726652411e+00
-6.034434169566013679e+02 1.206296175404292192e+01 -9.400289756057153667e+00 2.700442755294156782e+00 -7.898415923694419583e+00
-6.024433864371603704e+02 1.070177866066773475e+01 -1.030303766852658320e+01 -4.259380611917975124e+00 -1.267820561122131151e+00
-6.014433559177196003e+02 8.209556772125319313e+00 -3.913979390823088544e-01 -1.550672944759956629e+01 5.428247370574188935e+00
-6.004433253982788301e+02 1.931202966971686763e+01 -1.002681118299098983e+01 3.439857537382873254e+00 -1.185391452443470328e+00
-5.994432948788378326e+02 2.306664980072237725e+01 -1.385894125532505150e+01 3.084904328266293128e+00 -5.964675036036234168e+00
-5.984432643593968351e+02 1.968849438619188064e+01 8.410787292561510142e+00 -1.366254199109011758e+01 -1.052689351708326448e+01
-5.974432338399560649e+02 1.824614006730979199e+01 1.133994483238837780e+01 -1.332515734542074348e+01 -7.319914424426926303e+00
-5.964432033205152948e+02 2.286886788654389946e+01 -3.359807829670170332e+00 -8.186250381205528032e-03 -1.062622567465570178e+01
-5.954431728010742972e+02 1.147067707327604325e+01 1.169473217444978452e+01 -2.672502476896866952e+01 -7.598761240486316737e+00
-5.944431422816332997e+02 1.411866282985541865e+01 1.100301478294269764e+01 -1.067554506744267151e+01 2.518943806666562590e+00
-5.934431117621925296e+02 2.895241249948001894e+01 -1.385422423463287167e+01 2.075649119880302607e+01 8.450070597338003031e-01
-5.924430812427517594e+02 1.899556799641476701e+01 1.779990467032994772e+01 -9.172551621502451624e+00 -9.649914129151545339e+00
-5.914430507233107619e+02 6.056609384971348042e+00 2.975319424953644099e+00 1.675665806384590795e+01 -5.168306074307793985e+00
-5.904430202038697644e+02 -3.779486288516434644e+00 1.227997967032994531e+01 -9.178284725027207047e-01 2.042288526041062813e+00
-5.894429896844289942e+02 -2.315751574941740110e+00 3.685399504151562589e+00 1.294825972868090247e+01 9.729752369658427824e+00
-5.884429591649882241e+02 8.404827701129607975e-01 8.624625563937163619e+00 7.044586370229639904e-02 1.263541856861537838e+01
-5.874429286455472266e+02 -4.823518018434786114e+00 1.172982905460045622e+01 -5.442955968993683058e+00 6.901005741293626983e+00
-5.864428981261062290e+02 4.439869563968117383e+00 -1.011491839092313505e+01 1.169799205792462971e+01 1.148290878560863781e+01
-5.854428676066654589e+02 5.582473932444301568e+00 -8.354121952541369467e+00 2.782486240919589626e+00 1.243466811769010860e+01
-5.844428370872246887e+02 4.539556317384877637e+00 -5.732278557663763596e-01 -3.817721709395749841e+00 3.095252188831161710e+00
-5.834428065677836912e+02 1.246170876771519964e+01 1.072858525767682991e+01 3.953837516631964810e+00 2.218807707509101501e+00
-5.824427760483426937e+02 1.601202145464661442e+01 1.240129670329935596e+00 4.111386025755129126e+00 -2.838734294871636976e+00
-5.814427455289019235e+02 1.390199401614365371e+01 6.050760761247407693e+00 -1.252064222303735974e+01 7.669641852601762899e-01
-5.804427150094611534e+02 1.660918701956135024e+01 3.367674467529753635e+00 -7.300732055488741601e+00 -2.665210590420411307e+00
-5.794426844900201559e+02 2.065628882783877884e+01 -4.777946407769312565e+00 1.760677185252874111e+01 -1.325432883341773405e+01
-5.784426539705791583e+02 1.911732483467569921e+01 1.068068503564977689e+01 1.334682163736613170e+01 -4.663675177950346473e+00
-5.774426234511383882e+02 2.423270363434587793e+01 1.550748876893848305e+01 8.078469993895014412e+00 8.180127919008489457e+00
-5.764425929316976180e+02 2.490233971824399362e+01 -4.174167759170405390e+00 8.689105500213132771e+00 1.175715540481763632e+01
-5.754425624122566205e+02 2.413296382783916627e+01 2.371484621346083621e+00 1.205579744856456248e+00 7.375307432833633214e+00
-5.744425318928156230e+02 2.209492943052109482e+01 8.314481453429284130e+00 -2.516551626777990336e+01 2.637240460908539808e-01
-5.734425013733748528e+02 2.095614488442176437e+01 8.144668708509984256e+00 -1.098887954373613596e+01 -5.669299605712218693e+00
-5.724424708539340827e+02 1.888707443029458588e+01 -4.743691852745810955e+00 -4.022801995356195981e+00 -8.771437002709554065e+00
-5.714424403344930852e+02 9.557211327915140942e+00 1.900442959708343693e+01 -2.993757020783907663e+01 -2.233433974417667223e+00
-5.704424098150520877e+02 1.273365889971198861e+01 -1.519832829670168861e+00 3.601556548554005754e+00 3.566344440706897156e+00
-5.694423792956113175e+02 1.022626382783915489e+01 1.005012044811768313e+01 -1.800283000610500750e+01 -6.546065031000530610e+00
-5.684423487761705474e+02 1.246568774935710877e+01 1.104176173863324273e+01 -9.297350963805854462e+00 -8.197803153597110537e+00
-5.674423182567295498e+02 1.356940420391507729e+01 9.944549032626026630e+00 -1.169742141335629348e+01 -8.973096794871739945e+00
-5.664422877372885523e+02 4.543376139763312338e+00 8.670504205669871567e+00 -3.671999288285704655e+00 -9.950585134919418095e+00
-5.654422572178477822e+02 1.139656190854727846e+01 1.076516191487783686e-01 1.065775116187378302e+01 -1.247844679487174169e+01
-5.644422266984070120e+02 1.253248158786515454e+01 1.442646845198529704e-01 3.098208677287130897e+00 -8.365549866654820477e+00
-5.634421961789660145e+02 4.307873479611943779e+00 1.486445776957898879e+01 -1.971193777096377497e-01 6.666157051283662094e-01
-5.624421656595250170e+02 -5.702519079840018268e-01 1.694859474540629307e+01 4.568054963070775187e+00 -8.833296894878254202e-01
-5.614421351400842468e+02 8.487926327838959395e+00 5.840067170329836799e+00 6.607998289994819530e+00 1.441534911775393057e+00
-5.604421046206434767e+02 2.303103368826698638e+00 1.302566202475058965e+01 -1.037454838491071563e+01 1.745896773155681370e+00
-5.594420741012024791e+02 3.272913827839148304e+00 1.624042393649024163e+01 -1.653178974028091375e+01 3.397153479803399101e+00
-5.584420435817614816e+02 5.212746958218335891e+00 6.333501227736268113e+00 -4.804906406030529098e-01 7.575736939792188096e+00
-5.574420130623207115e+02 4.708848723004734893e+00 7.933694342550867695e+00 5.891439697246315887e+00 -1.464423428480107203e-01
-5.564419825428799413e+02 1.433722406472138777e+00 2.413306649966538586e+01 1.944585912056303115e-02 -7.588330561582353084e+00
-5.554419520234389438e+02 -2.609453473250907152e+00 1.623907621629247444e+01 1.321019620704246300e+01 -1.289537769510105791e+00
-5.544419215039979463e+02 5.964741257520601164e-02 1.037492101578107651e+01 2.974238498198952740e+01 -4.286031110930278665e+00
-5.534418909845571761e+02 -7.925266841528822326e+00 3.078664880601935749e+01 -1.234853852865898460e+01 1.644799423769554902e+00
-5.524418604651164060e+02 -2.002738352395661892e+00 1.003349856568369525e+01 3.507743831099978227e+00 5.557801751638778320e+00
-5.514418299456754085e+02 6.345112080600866733e+00 -3.166185361258061715e+00 8.380433231703156238e+00 1.097875930520164545e+01
-5.504417994262344109e+02 4.082291747024680895e+00 2.111479096175777315e+01 -1.293148506927622599e+01 8.553653205128275872e+00
-5.494417689067936408e+02 1.728083912082541929e+01 -8.769702953359436171e-01 1.225705899774059482e+01 4.333881936130116408e+00
-5.484417383873528706e+02 1.544127632783896686e+01 1.855030404544277545e+01 -8.036849178419412709e+00 -6.139856950979047490e+00
-5.474417078679118731e+02 1.590511948118389363e+01 1.910359934163568241e+01 6.495423029053271513e+00 -2.940901457479183634e+00
-5.464416773484708756e+02 5.938513209819076266e+00 2.471488854004487479e+01 -2.116960621009940624e+01 -2.532072335065200797e+00
-5.454416468290301054e+02 -2.608392411479218076e+00 3.215127166126608671e+01 -1.916661940822962507e+01 3.967417417269026192e+00
-5.444416163095893353e+02 2.143519678414469887e+00 1.461024404727659665e+01 1.884442682046513218e+00 -1.757741525690686757e+00
-5.434415857901483378e+02 1.410911327391121439e+01 9.842459227645468545e+00 -8.489187673210620844e-01 3.193247079876669670e+00
-5.424415552707073402e+02 1.493329300480503896e+01 1.514747901111011785e+01 -4.744420789233657842e+00 -2.097217948719264369e-01
-5.414415247512665701e+02 9.865343666314641879e+00 1.379717568296505448e+01 2.200438777890455569e-02 1.747929418276020996e+00
-5.404414942318257999e+02 1.988882284862238237e+01 1.044000467032994273e+01 6.820015031434362385e+00 3.398169802363170788e+00
-5.394414637123848024e+02 1.472898556073296916e+01 1.114458155872029543e+01 -1.345330183117555256e+00 3.864180441440458136e+00
-5.384414331929438049e+02 3.633038193033435004e+00 7.572280709516627795e+00 -1.404005773667714063e+00 -4.424637757469974259e-03
-5.374414026735030347e+02 1.276579158135537240e+00 5.027897286151180367e+00 1.344899221509979448e+01 3.295628205128465549e+00
-5.364413721540622646e+02 8.487926327838573926e+00 1.054787844115923967e+01 -1.378752252329338013e-01 5.008234585482044393e-02
-5.354413416346212671e+02 7.822693650291799194e+00 5.516277392816826719e+00 -4.962180006105203489e+00 -5.262128693791371603e+00
-5.344413111151802696e+02 1.370293882783877137e+01 5.624095008637470805e+00 -5.784320548130196471e+00 -1.756671712468913960e+00
-5.334412805957394994e+02 1.176045304303156591e+01 2.808370585455121748e+00 -1.126042471861161154e+01 -6.213859223210183025e-01
-5.324412500762987293e+02 2.864405045870531019e+00 1.233518004343187791e+01 -3.153949342856036608e+01 -5.932206204779529202e+00
-5.314412195568577317e+02 3.588668320962288272e-01 -1.764564192598920656e+01 2.380267541872535375e+01 1.336907178759542347e+00
-5.304411890374167342e+02 -3.578202870491281384e+00 -1.764715811120795763e+01 1.607887539430463164e+01 -5.776976306408624140e+00
-5.294411585179759641e+02 1.381412061144764447e+00 1.173864539089407799e+01 -3.372424010561498431e+00 -7.993629300365370227e+00
-5.284411279985351939e+02 5.164044222914557558e+00 3.946688757491590760e+00 1.739168487670440655e+01 -8.096759294871835877e+00
-5.274410974790941964e+02 4.961222265319793046e+00 1.449804634081175791e+01 -2.922304156905183511e-02 -4.075224415728900595e+00
-5.264410669596531989e+02 1.314110661991045248e+01 6.760054670329940230e+00 1.322816276383893452e+01 2.006128839169242895e+00
-5.254410364402124287e+02 1.405961474227789054e+01 1.282243704993063993e+01 -1.785510824636103333e+00 -8.096759294871446855e+00
-5.244410059207716586e+02 1.073902192884178852e+01 1.357721651568909493e+01 5.341697172980584440e+00 -6.724695036253071079e-01
-5.234409754013306610e+02 1.902055600112831968e+01 7.571438384393234244e+00 1.415895548953094440e+01 2.833094459019697364e+00
-5.224409448818896635e+02 2.065628882783877884e+01 4.811419729384859956e+00 2.871011332476820055e+00 9.015972988592432458e+00
-5.214409143624488934e+02 1.881524054837248272e+01 4.485215286517548527e+00 -4.962180006105203489e+00 1.646511124923143887e+00
-5.204408838430081232e+02 1.804878257783906648e+01 -6.554859333514585273e+00 -8.454411676924451780e-02 5.255526026039725629e+00
-5.194408533235671257e+02 1.676834628526463433e+01 -7.415603299822169703e+00 -6.504802218153954207e+00 8.449988304011299078e+00
-5.184408228041261282e+02 7.767836756712171109e+00 -1.410948268691949448e+00 -2.386169006378571567e+01 7.008414988684579683e+00
-5.174407922846853580e+02 2.357960262405085938e+00 -1.156206936144012071e-01 -6.432992847159948013e+00 9.118675057811286067e+00
-5.164407617652445879e+02 1.078650444311163881e+01 -3.734810974699609876e+00 9.009944993894912102e+00 6.236116824428013850e+00
-5.154407312458035904e+02 3.523907989851281730e+00 5.356291774340093959e+00 3.910911091374206006e+00 9.014475250083799907e+00
-5.144407007263625928e+02 -4.544370156411698947e-01 6.323617946285986946e+00 2.821034739363238675e+00 3.607425268395759055e+00
-5.134406702069218227e+02 9.106737552889200060e+00 8.034683262538578896e-01 8.741640621984934967e+00 6.028626550211505730e+00
-5.124406396874810525e+02 1.871157481331213646e+01 -3.998346428372424377e+00 8.440018521336918766e+00 1.107862636938419421e+01
-5.114406091680400550e+02 8.074961086430276325e+00 1.979492364808136173e+01 -1.896267624611053648e+01 4.631931899506685824e+00
-5.104405786485990575e+02 8.487926327838959395e+00 -7.258425431757868473e+00 3.367109102026468292e+01 6.666157051279770762e-01
-5.094405481291582873e+02 1.680313162133705962e+00 8.400904011109632918e+00 1.495659101263428248e+01 1.855552628310777719e+00
-5.084405176097175172e+02 2.712761828686715004e-01 1.398989967124974321e+01 9.474062092406521529e+00 1.793770914798092475e+00
-5.074404870902765197e+02 1.815223610054549397e+01 -7.533169671909309972e-01 1.435522306567710871e+01 -5.259133216772557518e+00
-5.064404565708355221e+02 1.707610725204358104e+01 1.721883486022397491e+00 -8.244374280657350340e+00 -1.190419574582669782e+00
-5.054404260513947520e+02 1.738673308560628783e+01 -9.165505666604438773e+00 1.313616944454478208e+01 3.045773327358368476e+00
-5.044403955319539818e+02 1.947628203192302720e+01 -1.345524290108953736e+01 1.304423298144648413e+01 1.149606748822566260e+01
-5.034403650125129843e+02 1.575227353302072331e+01 1.411995467032994611e+01 1.028358993161928581e+00 7.717487191577833805e+00
-5.024403344930719868e+02 2.152545757783868297e+01 1.611201964780670348e+00 2.000758143257942123e+01 -3.257031264291859518e+00
-5.014403039736312166e+02 2.142168573660084974e+01 4.439448954801444636e+00 -2.612597855399997560e+00 -1.005868976090343381e+01
-5.004402734541904465e+02 1.891795132783897060e+01 3.128080794468151432e-02 -5.226049595009679472e+00 -1.268780924222528483e+01
-4.994402429347494490e+02 1.666022409076389010e+01 -8.000120780594908609e+00 -2.238199828481814979e+00 -1.304058015185760588e+01
-4.984402124153084515e+02 1.109543257783905901e+01 -1.198884742412916204e-01 -1.021688616340162881e+01 -9.744646089872395223e+00
-4.974401818958676813e+02 1.175663322065471128e+01 -1.669373616614037381e+00 -3.473514320638388941e+00 -1.114513857751238213e+01
-4.964401513764269112e+02 3.725934151116728543e+00 1.088048455496551981e+01 3.867074967036644662e+00 -1.521235448119279354e+01
-4.954401208569859136e+02 1.742756647377475820e+00 1.205962741799525695e+01 8.898393144416832712e+00 -1.545905340996068666e+01
-4.944400903375449161e+02 3.481200253555154056e+00 1.010930782680257778e+01 7.146994993895117609e+00 -4.732731621367475050e+00
-4.934400598181041460e+02 7.931346375677834182e+00 6.318900925594642892e+00 4.725717184580514818e+00 5.153358863432576875e+00
-4.924400292986633758e+02 1.380718814687351248e+01 -4.610829103245646543e+00 2.340201920280317704e+00 6.800978205128079601e+00
-4.914399987792223783e+02 8.522676100850713254e+00 -1.482995144264979803e+00 4.911409508941294355e+00 3.856477786249103090e+00
-4.904399682597813808e+02 4.316468079961626181e+00 2.497522315824251748e+01 -1.718171287553857240e+01 1.753385465703630297e+00
-4.894399377403406106e+02 1.923117676274089760e+01 2.491656338980381413e+00 1.791345415430509647e+01 4.277235326076877620e+00
-4.884399072208998405e+02 1.644838310811564241e+01 2.192213151522921777e+01 -1.438887984893004912e+01 5.924640705128176421e+00
-4.874398767014588429e+02 1.401648258127248958e+01 6.684413874230460628e+00 1.139750708111903066e+01 5.713887500586954715e+00
-4.864398461820178454e+02 9.285155089739797418e+00 1.349747640398879689e+01 6.138422997006021120e+00 4.593686076855860279e+00
-4.854398156625770753e+02 3.659193365697939626e+00 1.360035237908315864e+01 1.452977157632751926e+01 1.030632820512847125e+01
-4.844397851431363051e+02 1.710671888414905339e+01 -2.805838673381093162e+00 2.584460871238740154e+01 9.324453630874957710e+00
-4.834397546236953076e+02 3.272913827838762391e+00 1.419761704672589353e+01 -2.392223253678726458e+00 5.607869010383731201e+00
-4.824397241042543101e+02 4.351642277680675797e+00 2.140168689885796027e+01 7.450720773668946251e+00 -1.719923628327927334e+00
-4.814396935848135399e+02 8.487926327838573926e+00 6.760054670329940230e+00 1.832469499389471324e+01 -6.480538971213417376e+00
-4.804396630653727698e+02 7.828529490033819371e+00 1.088407847549289542e+01 1.451862776262043297e+01 5.924640705128176421e+00
-4.794396325459317723e+02 9.701568781907139893e+00 1.492886756403066961e+01 3.870941188120319953e+00 3.854552122451263774e+00
-4.784396020264907747e+02 4.037090515563924953e+00 1.032887390902229363e+01 1.157933318439702042e+01 2.178101314449982340e+00
-4.774395715070500046e+02 1.534576327838567789e+00 1.456470233559261729e+01 1.589017906365664201e+00 1.009450518736618108e+01
-4.764395409876092344e+02 5.603094093868425940e-01 1.941739352768255245e+01 -1.021313365470490986e+01 3.642140707418454859e+00
-4.754395104681682369e+02 5.602563562980774625e-01 3.836681096351166609e+00 3.278442807176697560e+00 -3.050771275278131522e+00
-4.744394799487272394e+02 -6.521128236436948278e-01 -1.730012016028598509e+01 9.490436675820452805e+00 -7.326493775736406810e+00
-4.734394494292864692e+02 5.011251327838956549e+00 8.771998520731687510e-01 -7.021681863212799080e+00 -7.990633823346510844e+00
-4.724394189098456991e+02 7.829378339451237068e+00 3.888624478973187859e+00 -1.232971912897852462e+01 -8.202938257058013605e+00
-4.714393883904047016e+02 9.778548813418332486e+00 2.086183239649151699e-01 6.667185586277051712e+00 -8.866864342024310730e+00
-4.704393578709637040e+02 1.620502859085524960e+01 8.545334692306878921e+00 -9.423514854732866652e+00 -5.255174907854332389e+00
-4.694393273515229339e+02 1.715420139841488734e+01 1.799223557355329461e+01 -1.207079602881259817e+01 -1.962396794871733352e+00
-4.684392968320821637e+02 2.523816576887676888e+01 -1.063446452716349988e+01 2.676152852713429908e+01 -1.643218020380540434e+00
-4.674392663126411662e+02 1.565242762033721746e+01 9.520017170329840184e+00 -5.441079714644543763e+00 3.508521036111730051e+00
-4.664392357932001687e+02 2.002251663181138852e+01 -4.142440179515795684e+00 1.911709974729894768e+01 4.941803298975389502e+00
-4.654392052737593986e+02 3.719355568133966283e+00 1.550610710890082622e+00 1.798492238814533195e+01 2.206183911500656958e+00
-4.644391747543186284e+02 6.409094105412056486e+00 5.864719218949285384e+00 2.284379573398950924e+01 4.598393255026372195e+00
-4.634391442348776309e+02 8.064774893425335378e+00 3.503794207502208824e+00 1.919180878410463009e+01 4.621661692584878800e+00
-4.624391137154366334e+02 7.172952474607452444e+00 1.609571248025349277e+01 1.671573097722217183e+00 -1.192773163668916947e+00
-4.614390831959958632e+02 1.293966404261939651e+01 3.888006773882516143e+00 7.941389714031677372e+00 -7.657572164979663532e-01
-4.604390526765550931e+02 1.251592902423212195e+01 5.256504324696579467e+00 7.988068647989670090e+00 3.188807355009675160e+00
-4.594390221571140955e+02 5.562419864965868044e+00 1.409754882204198623e+01 -6.007253678509384187e+00 5.368926227468395318e+00
-4.584389916376730980e+02 5.223357575931815155e+00 2.298306808591261685e+01 8.317502798637440575e-01 9.857702030893390699e+00
-4.574389611182323279e+02 5.880420077838861559e+00 1.768759465384949081e+01 1.066724614600414434e+01 1.272137806092389667e+01
-4.564389305987915577e+02 7.937235268508223029e+00 1.721701568479554822e+01 -2.757922283161179600e+00 6.821037203024318707e+00
-4.554389000793505602e+02 1.217702589446283135e+01 2.354467432332386068e+01 1.309626576938226927e+00 -1.319866974326215026e+00
-4.544388695599095627e+02 1.934301267344142872e+01 2.356494628129743774e+01 1.157660408716166955e+01 8.339369616957284848e+00
-4.534388390404687925e+02 2.099386563039329090e+01 1.618499894335681333e+01 2.281696898308458010e+00 1.114172066142833151e+00
-4.524388085210280224e+02 1.359656738526133424e+01 1.746213229576556714e+01 -6.730635014347659428e+00 -2.731485519464437406e+00
-4.514387780015870248e+02 1.304661906917127467e+01 1.205468577727011592e+01 1.212748373527305823e+01 4.882737265020050017e-03
-4.504387474821460273e+02 1.847469277285859945e+01 7.680042170330042772e+00 2.568097659067010596e+01 3.445484349392193280e-01
-4.494387169627052572e+02 1.893487526309207425e+01 1.697476297924748678e+01 -4.126735115059154246e+00 -4.806227789652983695e+00
-4.484386864432644870e+02 1.184151816236072463e+01 1.186364643924143536e+01 1.222590180430328921e+01 -3.715071794871929622e+00
-4.474386559238234895e+02 1.632652016367489622e+01 -1.796620865286819191e+00 1.430763443264298651e+01 -9.080613023584392707e+00
-4.464386254043824920e+02 8.914685372275959807e+00 2.806582634676000154e+01 -1.199017394799227176e+01 -6.021375136749879786e+00
-4.454385948849417218e+02 1.034823287845532214e+01 1.562964812702934525e+00 1.415753408472118835e+01 -3.269227135010707830e+00
-4.444385643655009517e+02 1.166264296967394754e-01 2.607979217032985275e+01 -3.229544399075278349e+00 -7.989082594176228902e+00
-4.434385338460599542e+02 8.808473088963236108e+00 2.136675848373412734e+01 8.078469993895014412e+00 -3.837297955373731195e+00
-4.424385033266189566e+02 1.098853060437555129e+01 2.251299451193432688e+01 -1.794152965882669371e+00 4.510483410921017344e-01
-4.414384728071781865e+02 1.163020771059849423e+01 1.678102820081911517e+01 -8.946320831961461550e+00 2.527127877807181289e+00
-4.404384422877374163e+02 2.076329690747902745e+01 3.886827518709680351e+00 1.075821605383513813e+01 2.311400041788702620e+00
-4.394384117682964188e+02 1.740641578146455970e+01 5.373362896845126357e+00 5.412369420129486741e+00 3.403572359129186875e+00
-4.384383812488554213e+02 1.033337801365693309e+01 1.101986128541811638e+01 -4.503009396326032032e+00 1.434955560465909219e+00
-4.374383507294146511e+02 9.142760600026523576e+00 5.499767820394197315e+00 5.858292537079774931e+00 3.424622991584838072e-01
-4.364383202099738810e+02 4.475149867865939157e+00 1.580597485289873427e+00 4.836643615944904440e+00 -7.988654668887430255e+00
-4.354382896905328835e+02 8.799542680052748755e-01 6.987145523653455648e+00 -9.159702122018044790e+00 5.037230638290597362e+00
-4.344382591710918859e+02 8.477368763215526570e+00 9.179212425319411395e+00 2.478305611609874948e+00 6.151708561289271238e+00
-4.334382286516511158e+02 1.598830672405757269e+01 5.147395143686415153e+00 1.028665079411448424e+01 -4.262519908066638163e-01
-4.324381981322103456e+02 1.088056756914143897e+01 6.873768562016222106e+00 2.274139773148716159e+01 -5.792702560756445962e+00
-4.314381676127693481e+02 6.319646598088512590e+00 1.078131481041408612e+01 1.729792901544215766e+01 -1.192722553274029984e+01
-4.304381370933283506e+02 4.894852851522977666e+00 1.596930755670450175e+01 3.517352527622083169e+00 -1.193631894511804070e+01
-4.294381065738875805e+02 1.588007842338007869e+01 -1.187114405846863230e+00 1.777529360678736481e+01 -3.498113673648394428e+00
-4.284380760544468103e+02 7.503101844760253769e+00 2.746401312345313883e+01 -2.745011179058069573e+01 -1.194591846144254843e+00
-4.274380455350058128e+02 2.044089328825508645e+01 -5.639701164223560603e+00 2.599107026399153497e+01 -3.715071794871540156e+00
-4.264380150155648153e+02 1.327193553631638068e+01 -6.834398964530715936e+00 9.394747704014669409e+00 -5.025967425251582910e+00
-4.254379844961240451e+02 1.065747933171464013e+01 1.448367065870267467e+01 -1.011778582005984894e+01 -8.864403771615961602e+00
-4.244379539766832750e+02 1.511770554066660566e+01 -1.417801401214816615e+01 2.300236765458528865e+01 -8.755603767038433460e+00
-4.234379234572422774e+02 1.369704993500768886e+01 5.840067170329836799e+00 -1.101992302478331531e+01 -3.497471785715781323e+00
-4.224378929378012799e+02 2.413296382783916627e+01 6.639995262713480173e+00 1.789549696941142631e+00 -4.259339271067626775e+00
-4.214378624183605098e+02 2.293974681286915285e+01 1.963987967032995030e+01 -2.983470798389719736e+00 -7.770038337171842890e+00
-4.204378318989197396e+02 1.870181304501573294e+01 1.309046490426356257e+01 6.326389569062137674e+00 -1.417594412067518128e+00
-4.194378013794787421e+02 1.261752568883814796e+01 -2.210932516082864563e+00 1.727734707379475054e+01 3.735909836239986070e+00
-4.184377708600377446e+02 1.228912707060638709e+01 1.077951785015241448e+01 1.565023655984611928e+01 -2.620599379104968651e+00
-4.174377403405969744e+02 1.620221677716132902e+01 2.481613601989969808e+01 2.141660096440241912e+00 2.637532602216593247e+00
-4.164377098211562043e+02 1.359465747407290870e+01 1.665069242669362026e+01 -2.283798494782185884e+00 4.499489022743531130e+00
-4.154376793017152067e+02 1.381127323469340240e+01 1.481060511667672053e+01 -1.236280006105200391e+00 8.883851055797030938e+00
-4.144376487822742092e+02 1.022833289829141812e+01 1.044000467032994273e+01 -3.215387207167658357e+00 -4.589323159092333348e+00
-4.134376182628334391e+02 1.534576327838567789e+00 8.831332149271581500e+00 -4.264895662578509494e+00 -1.247844679487174169e+01
-4.124375877433926689e+02 2.512238643959040729e+00 -2.210146345967919146e+00 1.029023273423506879e+01 -1.324539589302274400e+01
-4.114375572239516714e+02 2.403745077838857824e+00 1.055405549206556515e+01 6.216372836780832856e+00 -1.434056368738209031e+01
-4.104375267045106739e+02 5.119851000136621089e+00 2.055986717033005462e+01 3.420697000549524525e+00 -8.097133729497700827e+00
-4.094374961850699037e+02 6.097725528610929757e+00 1.676485555844589825e+01 1.192081147591866674e+01 -2.400592290202159695e+00
-4.084374656656291336e+02 9.357095077838865294e+00 3.080610065402114905e+00 4.584031553138566473e+00 -6.672891388352367947e+00
-4.074374351461883634e+02 9.683371572527235571e+00 1.572778486627275818e+01 -1.904796053471206818e+01 -1.116348587425420824e+01
-4.064374046267471385e+02 1.761486136644656142e+01 -1.738856429826457983e+01 1.529562448788071194e+01 -6.344084294871639607e+00
-4.054373741073063684e+02 1.978712007783887472e+01 8.488505823964427321e+00 -1.311399344686679136e+01 -6.234321458394840754e+00
-4.044373435878655982e+02 2.337271306866755083e+01 1.043539995965800848e+01 6.105787542568156923e+00 -3.824888122009190372e+00
-4.034373130684243733e+02 1.739495631433162970e+01 5.730227974217982911e+00 1.773799594457040740e+01 -2.509124841473738599e+00
-4.024372825489836032e+02 1.685556556286993768e+01 1.411355299938763075e+01 1.728286212445956949e+01 2.749060630508675551e+00
-4.014372520295428330e+02 1.619791947698751855e+01 -8.187004648018620045e+00 2.076103969419461137e+01 4.061988906007366396e+00
-4.004372215101020629e+02 3.272913827838762391e+00 1.136409148592959895e+01 -4.260460879573004789e+00 7.241099364255936699e+00
-3.994371909906612927e+02 1.109972987800937005e+01 1.020432210074996249e+01 1.949479543337055176e+01 1.140283326601378810e+01
-3.984371604712200678e+02 1.598273614975740387e+01 4.462584818197258940e+00 1.866577529206746178e+01 1.381167820512808575e+01
-3.974371299517792977e+02 1.457210757783867727e+01 1.124975988915416281e+01 -4.153343813099799497e+00 1.370148744336287727e+01
-3.964370994323385275e+02 1.609733082106233937e+01 1.698975636644951237e+01 -7.516273880855831813e+00 1.183851470027616060e+01
-3.954370689128973027e+02 2.576190585921255405e+01 6.412679789354596593e+00 6.332757462612815580e+00 6.028894003514415623e+00
-3.944370383934565325e+02 2.032794326269454999e+01 4.006886926328470544e+00 4.228396069703493687e+00 -4.922462996117561218e+00
-3.934370078740157624e+02 1.522227317823269388e+01 2.044396323332219367e+01 -1.415957882500304343e+01 -8.096759294871835877e+00
-3.924369773545749922e+02 1.381249345573025522e+01 1.239593976234583650e+01 -2.394781782337910947e+00 -9.525387870223104514e+00
-3.914369468351342221e+02 1.435289221587897224e+01 1.791592091735384429e+01 3.303630100408012638e+00 -1.729442497194704131e+01
-3.904369163156929972e+02 9.137773609700792221e+00 2.286413177846096190e+01 -4.383270255144099181e+00 -5.791258312907770822e+00
-3.894368857962522270e+02 1.055540518931096372e+01 1.801407987175862857e+01 -1.109547553257886454e+00 -1.307296668979061494e+00
-3.884368552768114569e+02 1.403223934857607702e+01 1.472499094427615063e+00 1.576554091802282720e+01 -4.591409294871443336e+00
-3.874368247573702320e+02 1.456271718115957192e+01 1.425607441031098510e+01 9.495563104954714007e-01 -2.949459963247802463e+00
-3.864367942379294618e+02 1.023607864922521848e+01 2.121609459662085584e+01 -2.627314237269975927e-01 -5.900967658724106002e+00
-3.854367637184886917e+02 1.662998383028046945e+01 -1.012710402771108420e+01 2.492990628914060025e+01 5.380801154221781957e+00
-3.844367331990479215e+02 9.357095077838865294e+00 2.298188883073886757e+01 -1.194252845877051250e+01 3.950193424411025056e+00
-3.834367026796071514e+02 1.305383428921565070e+01 1.216351418324009970e+01 8.892025250869068032e+00 2.308351074108989209e+00
-3.824366721601659265e+02 9.896008351506065281e+00 2.746586623872475386e+01 -6.011631605324027738e+00 1.653946326809491607e+00
-3.814366416407251563e+02 1.153598542530240856e+01 1.824094610504918279e+01 1.216837270949984617e+00 2.308244092786488899e+00
-3.804366111212843862e+02 1.108307120820414937e+01 5.619883383018508205e+00 -4.057199991757143742e+00 -1.419359603880458565e+00
-3.794365806018431613e+02 1.865309281968971389e+00 1.169652913471181144e+01 -1.623062248916080819e+01 -5.356593201207211941e+00
-3.784365500824023911e+02 9.357095077838865294e+00 2.846612146066616056e+00 8.551286089848463945e+00 2.351065424300196882e-01
-3.774365195629616210e+02 5.770069653618670635e+00 5.971301424587149853e+00 3.051700311907506347e+00 9.866503301970767081e-01
-3.764364890435208508e+02 5.452865237073249993e+00 1.963987967032995030e+01 -2.152688115122347146e+00 -1.948221769694894023e+00
-3.754364585240800807e+02 1.806326607101431847e+01 1.514152658023968634e+01 9.483443364154968691e+00 1.019496064882048891e+01
-3.744364280046388558e+02 2.293226632738055670e+01 1.575262759506918409e+00 1.109378130134673057e+01 6.036061752097807265e+00
-3.734363974851980856e+02 2.054572619126431832e+01 -3.928714218152098425e+00 -2.404731616005524319e+00 7.454366629867457128e+00
-3.724363669657573155e+02 1.477758218986188510e+01 4.351341746872077643e+00 2.269415960749334715e+00 5.367000563671702196e+00
-3.714363364463160906e+02 7.397420092334688668e+00 5.605788475950734373e+00 1.111009902856561204e+01 -2.503989738012786237e+00
-3.704363059268753204e+02 4.031360781998691856e+00 5.271666176922698455e+00 1.180436999389501906e+01 2.196020685900942127e+00
-3.694362754074345503e+02 5.565125572482656935e+00 9.520017170330044465e+00 1.132950707501579934e+01 -1.739019794322409274e+00
-3.684362448879937801e+02 1.305542588187306841e+01 8.013490609261705089e+00 1.112914585301507131e+01 8.571251632612383986e+00
-3.674362143685530100e+02 1.533039537273310948e+01 1.259053908103236807e+00 2.026815336233215348e+01 1.446442474193564642e+01
-3.664361838491117851e+02 7.822322278671130391e+00 2.449403089263538646e+01 -1.172027760269968688e+01 6.894372899322344317e+00
-3.654361533296710149e+02 7.193537072971199819e+00 1.554803268488835499e+01 1.208239677470367468e+01 2.754998093884747590e+00
-3.644361228102302448e+02 6.194388255982205216e+00 -1.195174871046421927e+01 1.045431970549258338e+01 4.060009751548675716e+00
-3.634360922907890199e+02 2.312228500062375680e+00 1.249443564679700280e+01 -1.667222453548762928e+01 3.947946816645635071e+00
-3.624360617713482497e+02 1.544127632783896686e+01 -1.948070922508119196e+00 6.410877870959732050e+00 -1.758436904285043623e+00
-3.614360312519074796e+02 1.446090830420140882e+01 2.423981717032985372e+01 -1.029079921351531546e+01 -1.061365536930849984e+01
-3.604360007324667095e+02 8.042917020936354078e+00 1.595992967032994869e+01 6.908540122992443244e+00 -7.332591711095829190e+00
-3.594359702130259393e+02 5.233862087466974344e+00 2.541794924320582538e+01 -1.081239792253839660e+01 -1.369145451552594395e+01
-3.584359396935847144e+02 1.383599597396754000e+01 3.445458163425461606e+01 -5.608464345050867550e+00 -1.036706342186130847e+01
-3.574359091741439443e+02 2.368731788387296078e+01 2.065437604919846493e+01 9.225031969723548997e+00 4.171965705128369173e+00
-3.564358786547031741e+02 1.488395363243932223e+01 1.067596801495499825e+01 3.874750553011710341e+00 1.318185447392015819e+00
-3.554358481352619492e+02 1.033778142000788769e+01 1.444975303372288344e+01 -1.450684707622560188e+00 -2.412146272990786322e+00
-3.544358176158211791e+02 7.930073101551665893e+00 1.215365311694629025e+00 1.159030642953070256e+01 -6.569066015253234525e+00
-3.534357870963804089e+02 4.054279716259522104e+00 -7.368994642982799270e+00 1.316328984831730153e+01 -7.534037540614513695e+00
-3.524357565769396388e+02 1.501881458357543941e+01 2.751148632057288435e+00 -6.013337291095387727e+00 8.918113881530287390e-01
-3.514357260574988686e+02 2.197237679592892690e+01 7.088729933562433416e+00 -1.586277354628682357e-01 2.531942037301720294e+00
-3.504356955380576437e+02 2.727429025500361348e+01 -1.638151432032542987e+00 1.517088200176811164e+01 4.059260882293561856e+00
-3.494356650186168736e+02 1.945161234573863851e+01 6.458951516145361005e+00 -5.588792102484974045e+00 5.386578145615248836e+00
-3.484356344991761034e+02 1.827256050541596366e+01 1.593246987130225101e+01 -9.923678779226856150e+00 7.790127509284543450e+00
-3.474356039797348785e+02 1.586267701032838850e+01 9.520017170329840184e+00 1.020961065342396701e+01 8.327922615491907266e+00
-3.464355734602941084e+02 1.151662104797500064e+01 1.429521445105087452e+01 1.544413286241253225e+01 6.575140634170057119e+00
-3.454355429408533382e+02 8.178998193110459169e+00 4.017778776408602681e+01 -1.653269943935984543e+01 2.419290705128562369e+00
-3.444355124214125681e+02 1.774011970855246290e+01 7.086764508272801244e+00 2.706838139748341732e+01 3.295628205128465549e+00
-3.434354819019717979e+02 2.545074949476347115e+01 1.498064248162165235e+01 7.176958207297094994e+00 2.871607734974879200e+00
-3.424354513825305730e+02 3.293685861015923422e+01 2.302198350662039061e+01 -2.917915608555842422e+00 1.008006270888198941e+01
-3.414354208630898029e+02 2.550560638834393856e+01 1.050121362931138336e+01 -3.401818662028506690e+00 3.945593227560234784e+00
-3.404353903436490327e+02 1.577821649332997822e+01 2.361436268855314324e+01 -7.332628379423434595e+00 7.502750990137354581e-01
-3.394353598242078078e+02 1.978712007783887472e+01 1.059044393740918188e+01 6.633413007990241361e+00 -1.182869573508502548e+01
-3.384353293047670377e+02 1.759910459914094716e+01 2.320083720786869819e+01 -9.258120191052402248e+00 -1.137541587333694970e+01
-3.374352987853262675e+02 9.888846184550057927e+00 1.349231014322912436e+01 4.988051656288330804e+00 -1.015877078773013942e+01
-3.364352682658854974e+02 6.862114428690021306e+00 -4.160690557192723738e+00 1.735995912134622543e+01 -3.065641679049883717e+00
-3.354352377464447272e+02 8.600504981778250624e+00 -4.806844021847161419e-01 -1.269995728191253281e+00 -2.915090156215640049e-01
-3.344352072270035023e+02 1.011363212081031726e+01 3.201421703298326094e-01 -8.653909434474501339e+00 5.470398011481630185e+00
-3.334351767075627322e+02 1.339719387842474951e+01 -5.676875779679219747e+00 1.099365754654111527e+01 1.315724876983317859e+00
-3.324351461881219620e+02 1.729235164104468581e+01 -3.563818974608311319e+00 4.707703143512007582e-01 -3.601404140138213084e+00
-3.314351156686807371e+02 1.956153834524945268e+01 7.799427717849012787e+00 -9.498678741073897314e+00 2.451627867080300727e-01
-3.304350851492399670e+02 2.057702751352037041e+01 -1.794262354941984272e+00 -5.106812787648056240e-01 1.850417524848980921e+00
-3.294350546297991968e+02 2.794832974525311187e+01 -8.162745684458634798e+00 -1.272724825429993656e+00 -4.591409294871833247e+00
-3.284350241103584267e+02 3.172958252671943669e+01 3.116549270676069572e+00 -1.253502683971296605e+01 -3.715071794871540156e+00
-3.274349935909176565e+02 3.206848565648690652e+01 1.400034450277864728e+01 -1.040467279505827403e+00 -1.620591470756531427e+00
-3.264349630714764317e+02 2.912186406436428143e+01 9.041351880089228743e+00 2.322439108588060463e+01 -2.097217948715372760e-01
-3.254349325520356615e+02 2.628803333853604585e+01 9.475879333852608610e+00 4.805600134895559705e+00 6.266766973211218783e+00
-3.244349020325948914e+02 2.099577554158102544e+01 2.496354291653429058e+01 -7.116631704520811397e+00 6.915073785149865593e+00
-3.234348715131536665e+02 2.541844016382602334e+01 5.677779196520993388e+00 2.926354212963541102e+01 6.001934710344672297e+00
-3.224348409937128963e+02 1.544127632783896686e+01 3.171960811292298743e+01 -1.298129109381741486e+01 -1.619789110838972146e+00
-3.214348104742721262e+02 2.054296743065881614e+01 1.716057990151515611e+01 7.146994993895117609e+00 1.085928997107864280e+00
-3.204347799548313560e+02 1.347618992730243725e+01 1.220001493859408725e+01 -4.840678322957877810e+00 -6.687012922869511655e+00
-3.194347494353905859e+02 1.555470383119567224e+01 1.651973894747841953e+01 7.674222465964104067e+00 -7.296218061584188064e+00
-3.184347189159493610e+02 1.139719854560919998e+01 1.544122585921678059e+01 1.184308906091272817e+01 3.753294301082281237e+00
-3.174346883965085908e+02 9.055594375510185756e+00 3.019904279979353845e+01 -1.412297405863261190e-01 9.201050675829932857e+00
-3.164346578770678207e+02 1.532768966521597598e+01 2.295914605240352913e+01 1.273584499389491675e+01 4.933779699818128250e+00
-3.154346273576265958e+02 1.336201968070342616e+01 1.859960814267885709e+01 9.898607281018438897e+00 5.048303205128272353e+00
-3.144345968381858256e+02 9.357095077838865294e+00 1.143759839171668169e+01 -4.962180006105203489e+00 1.731507785332198512e+00
-3.134345663187450555e+02 1.200539915294681137e+01 7.585443196616687977e-01 7.922920823398289514e-01 -3.141651908404341054e+00
-3.124345357993042853e+02 2.488833370286181079e+01 -5.878865344319875064e+00 1.658370152658098817e+01 1.313478269219520378e+00
-3.114345052798635152e+02 1.880409939977372602e+01 2.401134465696091791e+00 1.119430304950370925e+01 -2.077187753486934074e+00
-3.104344747604222903e+02 2.163936255899347216e+01 7.121749078405942512e+00 4.673693768538396576e+00 -5.697435693425487280e+00
-3.094344442409815201e+02 2.250858436208174851e+01 4.754478551029779787e+00 -8.698987023147551900e-01 -4.246715475058677747e+00
-3.084344137215407500e+02 2.228061524050744424e+01 -5.637061878837836382e+00 -2.412122921016390364e+00 -6.262535724775653012e-01
-3.074343832020995251e+02 1.967305593741857095e+01 2.884516776631392609e+00 4.597051621192363768e+00 9.775005468908835482e+00
-3.064343526826587549e+02 2.077040602134745484e+01 1.528152101577975763e+01 2.414228682781027313e+00 8.093419557444008205e+00
-3.054343221632179848e+02 1.944460933804769098e+01 1.019831351486396542e+01 2.205059499389513178e+01 3.065404399964602788e+00
-3.044342916437772146e+02 1.203420698004092237e+01 2.004981123048107960e+01 2.196981171642705455e+00 3.871455171341967372e+00
-3.034342611243364445e+02 5.925462150029325414e+00 2.174737712959228375e+01 1.003796180857333553e+01 8.207996553417396868e+00
-3.024342306048952196e+02 1.793445317197607380e+01 9.447127969635383593e+00 1.656061791246472126e+01 1.081863706867185249e+00
-3.014342000854544494e+02 1.884945979049797415e+01 1.806596709937259604e+01 -7.976809039249712185e+00 -3.715071794871540156e+00
-3.004341695660136793e+02 2.431551950560053399e+01 -1.664038890834442563e+00 1.736695243301413427e+01 -2.607975583097712935e+00
-2.994341390465724544e+02 1.729410239296800711e+01 2.431152711585002990e+01 -9.837371079160400100e+00 1.542953205128269722e+00
-2.984341085271316842e+02 1.914703456427339390e+01 2.352672693584660468e+00 2.800770255203497427e+01 1.542953205128269722e+00
-2.974340780076909141e+02 2.447674784175558216e+01 5.334335166118041371e+00 1.121113248245057825e+01 -1.317138950612458670e+00
-2.964340474882501439e+02 2.905204619980850467e+01 1.927582675190913974e+01 -6.159343993168141296e+00 -2.723140976340470587e+00
-2.954340169688093738e+02 3.474395291294470667e+01 8.357215414699995293e+00 1.702445073002548526e+01 -3.185674722447742191e+00
-2.944339864493681489e+02 2.159134951383849099e+01 1.288729608444913310e+01 5.477640328997136265e+00 -5.120645895310683926e+00
-2.934339559299273787e+02 1.184979444417911054e+01 1.939684079466620759e+01 -4.100922403712661257e+00 -9.703055043573112215e-01
-2.924339254104866086e+02 1.306348995133531155e+01 8.912139206130341051e+00 1.651501924616680128e+01 8.982302674787694396e-01
-2.914338948910453837e+02 1.729452681767621058e+01 5.163343166027479114e+00 1.951816332844380142e+01 4.171965705128369173e+00
-2.904338643716046136e+02 1.671974965613609854e+01 1.485008208747075464e+01 -2.044547637185926359e+00 3.940137180132575523e+00
-2.894338338521638434e+02 1.045630201986739927e+01 1.915290343887062008e+01 1.681755104589936423e+01 -3.256895480306493673e-01
-2.884338033327230733e+02 1.624678137155651214e+01 5.542052541601306004e+00 3.118693026216324782e+01 8.986581927675673098e-01
-2.874337728132823031e+02 2.882418318441170868e+01 1.106143820662456312e+00 1.174882149392904829e+01 1.426878470647791497e+00
-2.864337422938410782e+02 3.305500783839902823e+01 2.007221707877100414e+01 8.325339581272155343e+00 2.651547155412375734e+00
-2.854337117744003081e+02 3.051015728599677601e+01 8.666236425045477532e+00 9.256928293656777385e+00 5.048303205128272353e+00
-2.844336812549595379e+02 2.893994502366616928e+01 -4.216093335177364398e-01 3.250355848139711235e+00 2.946922585737076883e+00
-2.834336507355183130e+02 3.120165124238470966e+01 2.074736874284180033e+01 -3.279169420984668903e+01 1.391442965044090152e-01
-2.824336202160775429e+02 3.467837929547308562e+01 -4.214767830129042103e+00 7.765306086186453349e+00 4.404650080700928783e+00
-2.814335896966367727e+02 3.311660247422553027e+01 6.868004342964958986e-02 -9.670668723067072037e+00 2.713649812892367397e+00
-2.804335591771960026e+02 3.015645234451629975e+01 1.173297373506462549e+01 -1.720775301166662175e+01 8.995140433443845618e-01
-2.794335286577552324e+02 3.450776056264377445e+01 1.112433181585362751e+00 6.344810975406583786e+00 2.186285385590839958e+00
-2.784334981383140075e+02 2.882561561780480730e+01 2.123513114441858463e+01 3.228352501681310383e+00 -2.838734294871636976e+00
-2.774334676188732374e+02 3.131762529399303219e+01 1.657201926014850812e+01 2.894651200085380438e+01 -9.311215378059060910e-02
-2.764334370994324672e+02 3.236181618317773001e+01 2.583484402438635996e+01 2.117609927057933383e+00 -2.545712453632723360e+00
-2.754334065799912423e+02 2.784116250634776080e+01 1.878216807446566605e+01 1.099490838277995586e+01 -7.980042672457999586e+00
-2.744333760605504722e+02 2.934797632783897825e+01 1.068517743630723338e+01 2.695739810992736807e+01 -9.206637021021116141e+00
-2.734333455411097020e+02 2.998540918697643320e+01 1.608257220832661005e+01 5.035697145515519502e+00 -1.072577179487154631e+01
-2.724333150216689319e+02 3.201368181599545437e+01 1.074649870530631901e+01 7.085135456567864587e+00 -8.622465511682511519e+00
-2.714332845022281617e+02 4.105244262140698197e+01 3.754582474304563711e+00 1.900759472074696177e+01 -3.715071794871540156e+00
-2.704332539827869368e+02 3.183945547314159086e+01 7.496920688459575821e+00 8.263878037292428758e+00 -2.253813916277121798e+00
-2.694332234633461667e+02 3.456298882783879378e+01 1.227997967032994531e+01 1.309342295976415382e+00 4.171965705128369173e+00
-2.684331929439053965e+02 2.830277742997431289e+01 1.191120973121692650e+01 4.416760635106647293e+00 1.833835419925140098e+00
-2.674331624244641716e+02 1.619425881387581967e+01 8.171960042515982181e+00 1.130630974851713333e+01 -6.344084294871639607e+00
-2.664331319050234015e+02 1.607796644373613049e+01 1.988595091643908574e+01 6.464663828968500781e+00 -2.656730263297105155e-01
-2.654331013855826313e+02 1.318264718825813908e+01 1.350449578001696871e+01 1.112215254135240805e+01 8.201898618056430834e+00
-2.644330708661418612e+02 2.123801594397976444e+01 6.513758804188682028e+00 1.528089873405295407e+01 -3.659869432665344924e+00
-2.634330403467010910e+02 2.697326703047183827e+01 8.665674874959323759e+00 -2.799654728369354029e+00 -1.072577179487154631e+01
-2.624330098272598661e+02 3.166857147486708968e+01 1.190127029475444509e+01 -1.053294973691800429e+01 -5.639612288827780873e+00
-2.614329793078190960e+02 3.461662550038091268e+01 -1.015989855252336760e+01 2.340422722242523079e+01 1.660418696796474913e+00
-2.604329487883783258e+02 2.314723744225650037e+01 1.829339488274430892e+01 -2.011560611548643962e+01 1.307915240470207907e+00
-2.594329182689371009e+02 2.622113339385359509e+01 6.569183797317909246e+00 4.670794102731006703e+00 -2.315114213843746160e+00
-2.584328877494963308e+02 2.615715136903928340e+01 6.087036896570815259e+00 1.683171760970702424e+00 -3.244567940265855377e+00
-2.574328572300555606e+02 2.013727046238376417e+01 7.459655978158559186e-01 1.889422347311073835e+01 3.766346022377558000e+00
-2.564328267106147905e+02 2.453505318609242636e+01 2.174099767378110393e+00 2.178615684307194300e+01 4.106439645342495837e+00
-2.554327961911740204e+02 1.926842003091407562e+01 2.386885718589629946e+01 5.354148679113882814e+00 -7.338208230505993690e+00
-2.544327656717327955e+02 2.448359169018170434e+01 1.270512923771604363e+01 1.844994918574050402e+01 -5.754884663393038835e+00
-2.534327351522920253e+02 3.068486110664913369e+01 1.369502972297576804e+01 1.452778160959445053e+01 4.643539372954278655e+00
-2.524327046328512552e+02 3.508121139696594071e+01 1.951605787716045270e+01 -5.839755335713497253e+00 5.688746889893349312e+00
-2.514326741134100303e+02 2.923094121445884852e+01 1.829541646304346969e+01 -1.160792976652808228e+01 7.169504171747294041e-01
-2.504326435939692601e+02 2.836171941137024533e+01 1.994019665439798672e+01 -6.197721923030177216e+00 -4.473355405931918938e+00
-2.494326130745284900e+02 2.575416010828215718e+01 1.854384621949660072e+01 -9.441310842948077209e+00 -8.687296192875717082e+00
-2.484325825550877198e+02 2.627169298725807778e+01 2.699977967032995707e+01 -9.368364348106467787e+00 -1.721461690565655189e+01
-2.474325520356469497e+02 1.816602990357262470e+01 1.894653378359330986e+01 -2.397226598615565862e+00 -2.223637365579431702e+01
-2.464325215162057248e+02 1.809684867607984060e+01 6.926183399881381542e-01 8.432911497280681346e+00 -2.164508788853532195e+01
-2.454324909967649546e+02 1.191690660121639134e+01 8.227385035647746037e+00 -9.922200518221375276e+00 -1.423112179487193885e+01
-2.444324604773241845e+02 2.286425226783685360e+01 2.781472336507193610e+00 -2.922691528718589726e+00 -1.598379679487174521e+01
-2.434324299578829596e+02 3.550266513254783973e+01 7.729739352619843906e+00 2.251609351423355249e-02 -1.335478429487164576e+01
-2.424323994384421894e+02 3.883790059842298348e+01 1.267890484887193026e+01 -3.301183201492193575e+00 -1.550986953795840151e+01
-2.414323689190014193e+02 2.587130132783897807e+01 2.291989370164341011e+01 3.398523085513713848e+00 -6.107013685093238387e+00
-2.404323383995606491e+02 2.777309539371627523e+01 -3.034838796986121690e+00 2.745778945920176639e+01 -4.591409294871443336e+00
-2.394323078801198790e+02 1.678113207960731401e+01 2.595524036205361895e+01 -2.889966041568376909e+01 -2.838734294871636976e+00
-2.384322773606786541e+02 2.587130132783897807e+01 3.798608000762310422e+00 8.000633866505300062e+00 -3.715071794871540156e+00
-2.374322468412378839e+02 2.338157293445850371e+01 4.997405116676636894e+00 -1.279264224745246281e+01 -4.591409294871443336e+00
-2.364322163217971138e+02 2.685830098754687967e+01 1.153165803052181104e+01 -8.735611782948620174e+00 -1.249580245706297665e+00
-2.354321858023558889e+02 2.587130132783897807e+01 2.534446455260694897e+00 -4.536042844109280381e+00 7.439603207416613628e+00
-2.344321552829151187e+02 2.563542729606792037e+01 1.173448992028461824e+01 -5.940390796252082772e+00 5.477059656115821351e-01
-2.334321247634743486e+02 2.476615243989122916e+01 9.270239693677474691e+00 7.652787681436553413e+00 -1.442948985404578943e+00
-2.324320942440335784e+02 2.025929256608799278e+01 1.081483935033288013e+01 8.250914825429068955e+00 -3.719589698407790301e-01
-2.314320637245928083e+02 2.452974787723609040e+01 1.921989636369923815e+01 7.488064670460858885e-02 5.048303205128272353e+00
-2.304320332051515834e+02 2.199805449079792297e+01 1.754979026362752137e+01 7.400232474820805706e+00 6.920101907289015308e+00
-2.294320026857108132e+02 2.871521214049507265e+01 1.951476631197071754e+01 1.281777476713534192e+01 8.034847283593396838e+00
-2.284319721662700431e+02 2.812404157458941611e+01 1.725542571043186868e+01 2.315315027681161553e+01 1.170131115468030814e+01
-2.274319416468288182e+02 2.796456399035593066e+01 2.553548167545840641e+01 8.800316212532901972e+00 6.800978205128079601e+00
-2.264319111273880480e+02 3.317973564962117905e+01 2.348812623002499933e+01 -8.557415104078781587e-01 8.314977875517996608e+00
-2.254318806079472779e+02 3.408933085310899713e+01 1.934658206229107691e+01 -2.616511560773371325e-01 1.065388583264250455e+00
-2.244318500885065077e+02 3.231088521815116366e+01 2.440743986992852399e+01 -9.916230618021366183e+00 -3.476182502617853221e+00
-2.234318195690657376e+02 3.677540872727573884e+01 1.503994217032984437e+01 2.447262130557753324e+00 1.662451341916017844e+00
-2.224317890496245127e+02 3.993572816014882676e+01 1.604399371766694316e+01 8.289463323868638156e+00 3.415179832577809549e+00
-2.214317585301837426e+02 2.836018087180231717e+01 3.607409207190481482e+01 -1.198858197460943131e+01 5.407118559458913509e+00
-2.204317280107429724e+02 2.950506652308838085e+01 1.993177340316404411e+01 2.382752157480420152e+01 7.557657096357271342e+00
-2.194316974913017475e+02 1.583551382898187754e+01 2.629087884630857275e+01 -3.567440750478617417e+00 6.800978205128079601e+00
-2.184316669718609774e+02 1.812990075025972203e+01 2.615953228202868530e+01 1.732011230240588340e+00 9.789287475408876560e+00
-2.174316364524202072e+02 2.278843940427492498e+01 1.968671294720187603e+01 4.518940584744015609e-01 9.946870962864830190e+00
-2.164316059329794371e+02 1.891795132783897060e+01 3.167788494180361170e+01 -9.727515543619040805e-01 8.433780633713023889e+00
-2.154315754135386669e+02 1.879900630327125555e+01 1.132130136964929612e+01 2.890421099371734925e+01 5.804714643052071743e+00
-2.144315448940974420e+02 1.631044507783887099e+01 2.607979217033005881e+01 7.274523433436273834e+00 3.535587310603971023e+00
-2.134315143746566719e+02 1.975130924305573288e+01 2.097580731636558937e+01 1.282505235976184466e+01 8.313587118331067671e+00
-2.124314838552159017e+02 3.231279512933959097e+01 1.332603516382915387e+01 2.793270923426716124e+01 8.277748375425705518e+00
-2.114314533357746768e+02 3.282465132783898554e+01 2.131661206137778564e+01 1.341192197765765215e+01 1.006604815568587341e+01
-2.104314228163339067e+02 3.025184179776067239e+01 3.030118875978191539e+01 1.112840672251623353e+01 9.550184220510525179e+00
-2.094313922968931365e+02 2.251388967093815552e+01 1.942373904361357617e+01 1.489120639138037916e+01 9.945587186999992113e+00
-2.084313617774523664e+02 2.239462632783897433e+01 1.002518762445816947e+01 -2.770714926446157023e+00 2.298990208424512627e+00
-2.074313312580115962e+02 2.658751802349655335e+01 1.947798478157053026e+01 -1.550024784166833136e+01 6.406056654586278931e+00
-2.064313007385703713e+02 3.776760758966601372e+01 2.310217285838903578e+01 5.596810908260656525e+00 1.169778077104974123e+01
-2.054312702191296012e+02 4.091896105056982691e+01 6.472372563115087907e+00 2.327334426753239072e+01 3.569660861693250808e+00
-2.044312396996888310e+02 2.961950203512806468e+01 2.265287663745993996e+01 7.857071980712695414e+00 -3.079763213567419999e+00
-2.034312091802476061e+02 2.389380050457610238e+01 1.875386595031258707e+01 -7.236645754738975089e-01 -4.109137494833724702e+00
-2.024311786608068360e+02 2.425259854255851977e+01 3.240314908838387353e+00 1.536805927699452567e+01 1.784196086469054254e+00
-2.014311481413660658e+02 2.104670650660680309e+01 1.062700084776951215e+01 1.787218593053255811e+00 8.189036171408587972e-01
-2.004311176219252957e+02 2.470068492859611453e+01 1.894501759836986921e+01 -1.915597792842700597e+00 -3.867038762919310813e+00
-1.994310871024845255e+02 3.890883257783908533e+01 -9.578525752215670153e+00 3.133538178051303902e+01 3.930401879822473354e+00
-1.984310565830433006e+02 3.827935768198708644e+01 1.726047966117456767e+01 -1.096875245162738111e+01 7.874511084426003560e-01
-1.974310260636025305e+02 4.499301382783880143e+01 3.238630258592435585e+00 9.427440014648146516e+00 7.888978250907371148e+00
-1.964309955441617603e+02 3.830906741158518258e+01 4.000092170330040275e+00 -6.568026304097686285e+00 1.719608582049220402e+01
-1.954309650247205354e+02 2.961711464613956579e+01 1.906071913050372491e+00 8.433082065863874988e+00 1.532236145453238230e+01
-1.944309345052797653e+02 2.437308210669561248e+01 3.430905006808677715e+00 1.199466766983703003e+01 8.945793241293030107e+00
-1.934309039858389951e+02 2.907936854042170438e+01 1.506998509973866796e+01 -5.121320488617607580e+00 4.684994635269341678e+00
-1.924308734663982250e+02 3.803966382783879396e+01 -3.995763297989786800e+00 1.614414630317624955e+01 -1.962396794871733352e+00
-1.914308429469574548e+02 3.543215757783869435e+01 -1.803584086310295875e+00 2.754023093817036383e+01 6.666157051279770762e-01
-1.904308124275162299e+02 3.777185183675145908e+01 7.651178496095729642e+00 7.434005053101774507e+00 9.091423623339874860e-01
-1.894307819080754598e+02 4.301402751809721536e+01 1.963987967032995030e+01 8.594269371297890814e+00 5.412253662919817465e+00
-1.884307513886346896e+02 4.361580870171674462e+01 2.065920537990504613e+01 1.193337669443765314e+01 1.130403601505305744e+01
-1.874307208691934648e+02 4.463172229469357433e+01 3.277464840774147348e+01 7.590245869798512679e+00 1.342103590747355923e+01
-1.864306903497526946e+02 4.214454044956518430e+01 3.070702100433354786e+01 -7.498364180248488609e+00 1.943413507886988612e+01
-1.854306598303119245e+02 3.444245221061399320e+01 2.188950545544258475e+01 -2.970052736984965414e+00 2.196739929558800597e+01
-1.844306293108711543e+02 3.519097823721169505e+01 1.621521033778964593e+01 1.014372369832714949e+00 1.244900361485258244e+01
-1.834305987914303842e+02 3.096567110443691462e+01 1.951218318159208565e+01 9.242088827437537901e+00 4.683389915439057916e+00
-1.824305682719891593e+02 2.973436197187470498e+01 1.649665923908979792e+01 1.780730364310394265e+01 6.666157051283662094e-01
-1.814305377525483891e+02 2.698196773699768514e+01 9.111264865349053110e+00 1.185565427943549643e+01 4.293710449680608221e+00
-1.804305072331076190e+02 2.734447949117778975e+01 2.490407476280433841e+01 -2.108142225569421768e+01 -6.417370615028510084e-02
-1.794304767136663941e+02 4.335234706389425696e+01 1.545051365069816773e+00 1.335859086919690064e+01 -7.585976972496149884e+00
-1.784304461942256239e+02 4.540136345054018818e+01 4.335730654584880384e+00 3.105713694677829206e+00 -1.284416244447857025e+01
-1.774304156747848538e+02 2.898509320203791617e+01 1.444728221336299789e+01 -1.157870568363772534e+01 -1.437570705169313001e+01
-1.764303851553440836e+02 2.872083576788315540e+01 -6.294580870325049204e+00 1.958650447171170939e+01 -2.472697701300087481e+00
-1.754303546359033135e+02 3.058034652217017069e+01 1.767175894152613580e+01 -9.642809188797588860e+00 3.029619147718960459e+00
-1.744303241164620886e+02 2.961154407184097792e+01 8.856433437955280041e+00 9.319877470513765472e-01 5.436163988408940106e+00
-1.734302935970213184e+02 2.785198533641466767e+01 2.355416451971616354e+01 -2.131669317982165524e+01 5.444430352873297352e-01
-1.724302630775805483e+02 3.132876644259146204e+01 2.193016168141290123e+01 -1.765720121254276975e+01 2.791828471341241680e-01
-1.714302325581393234e+02 3.591727501970101599e+01 -1.797968585482088821e+00 1.033133976133822252e+01 7.290096809780725273e+00
-1.704302020386985532e+02 4.052583766428505641e+01 1.330739170109498026e+01 6.908198985835842798e+00 1.020400057053626952e+01
-1.694301715192577831e+02 4.014215772776562119e+01 2.267741637606166449e+01 -2.318708196912687480e+00 -1.595236897417124267e+00
-1.684301409998170129e+02 3.917080872918565149e+01 6.651731659436509680e+00 1.059213911584968848e+01 7.045858451419875657e+00
-1.674301104803762428e+02 3.308636221374408137e+01 5.009029203375764183e+00 5.193984785148924033e+00 4.435835136095442444e+00
-1.664300799609350179e+02 2.635747983147147266e+01 2.832515017481559383e+01 -4.219979270582827624e+00 -7.184179814671634023e-01
-1.654300494414942477e+02 3.604014597282153431e+01 1.217030893923686996e+01 2.525523742202155830e+01 4.680501419741051272e+00
-1.644300189220534776e+02 3.941304913158438694e+01 1.421143117874975026e+01 4.520693754808658760e+00 -3.329350638031322251e+00
-1.634299884026122527e+02 3.605791875749057596e+01 2.530687463690893324e+01 -4.352331114583787297e-01 -7.605928989065555257e+00
-1.624299578831714825e+02 3.442436110741321897e+01 2.751528264597616413e+01 -1.056911027528513536e+01 -9.632982277594216436e-01
-1.614299273637307124e+02 4.572387317594341027e+01 2.111052318113422999e+01 1.920312316639022399e+01 2.664919820674747974e+00
-1.604298968442899422e+02 4.812022813344774619e+01 1.879766685673744675e+01 2.467024405848316349e+01 2.050686559825782851e+00
-1.594298663248491721e+02 4.186633005311394840e+01 4.348054457374589532e+01 -1.356054198194940419e+01 -1.208980833966793789e+00
-1.584298358054079472e+02 5.777122158092230109e+01 -4.544600133370379491e-01 4.720041999389484744e+01 -6.205596973411521056e+00
-1.574298052859671770e+02 5.681032404078860765e+01 1.198988289776046479e+01 2.115130059879072988e+01 -1.298569873361958749e+01
-1.564297747665264069e+02 4.636512585745877146e+01 1.111706560468475935e+01 2.430602328999383133e+01 -7.097339783793616519e+00
-1.554297442470851820e+02 3.866457615807393466e+01 1.436338663105483882e+01 1.074201203900206103e+01 -9.773127809519033260e-01
-1.544297137276444118e+02 3.617914506486767579e+01 1.689462978248762326e+01 1.752415980497964298e+01 4.939128765921531716e+00
-1.534296832082036417e+02 3.221347974754248611e+01 8.844472421199393253e+00 9.038941652016376338e+00 -8.589729227118565902e+00
-1.524296526887628715e+02 2.809878830442946906e+01 2.699977967032995707e+01 -4.583119771413044496e+00 -1.310819234742693951e+01
-1.514296221693221014e+02 3.753751634454702923e+01 1.558498268031438627e+01 1.778655113287900491e+01 -1.097247072363834697e+01
-1.504295916498808765e+02 3.617893285251374635e+01 7.796451502413415113e+00 6.097657107059747617e+00 -1.410771883982686425e+01
-1.494295611304401064e+02 3.964351174832015801e+01 3.026541801953306177e+01 -9.738318220120214530e-01 -8.355814566342321115e+00
-1.484295306109993362e+02 4.834718924633688175e+01 3.253205877214440278e+01 1.166058068332745634e+01 -1.086059294871829950e+00
-1.474295000915581113e+02 4.586218257783909280e+01 3.014889637743613804e+01 1.713054438503115406e+01 -2.209523648928535700e+00
-1.464294695721173412e+02 4.487040814015967527e+01 3.540944139437326754e+01 4.232887708902913992e+00 -6.344084294872028629e+00
-1.454294390526765710e+02 4.412384507783889376e+01 2.833160800076435848e+01 2.741208645240588826e+00 -6.467754703222106549e+00
-1.444294085332358009e+02 4.325467632783860950e+01 1.818956427250833841e+01 1.473030336690347575e+01 -6.849250097839091111e+00
-1.434293780137950307e+02 4.127080913394966188e+01 2.055986717033005462e+01 5.436647014288013224e+00 -3.433949568410895048e-01
-1.424293474943538058e+02 3.803966382783879396e+01 1.635992179402462554e+01 -7.199120667757882286e-01 7.172470846128423894e+00
-1.414293169749130357e+02 4.052429912471679785e+01 1.201986967216116931e+01 1.207745028596612791e+01 1.293534070512818168e+01
-1.404292864554722655e+02 3.753926709647029014e+01 1.083033813260718325e+01 5.020573398339052140e+00 9.686638896852359792e+00
-1.394292559360310406e+02 4.052419301853926470e+01 2.699096333403887371e+01 -1.108712704419202488e+01 1.790935909761834255e+00
-1.384292254165902705e+02 4.275459791500274775e+01 1.020482749581573856e+01 2.933643176829994204e+01 1.043037304810577126e+01
-1.374291948971495003e+02 4.474684749688601215e+01 -5.614712185557803714e+00 3.565952263687933055e+01 9.181794037851540580e+00
-1.364291643777087302e+02 4.151633882783880125e+01 2.135715597732681559e+01 -6.312742000249795815e+00 6.172944353726906641e+00
-1.354291338582679600e+02 4.201593976287938403e+01 -2.048644542269822288e+00 3.363902412775817652e+01 9.554196020088758345e+00
-1.344291033388267351e+02 3.605484167835439990e+01 1.333041525447231024e+01 7.411148863760200989e+00 1.143118331637205287e+01
-1.334290728193859650e+02 3.555545295566933106e+01 8.600029670329941922e+00 1.220730982939524800e+01 1.693793989025900260e+01
-1.324290422999451948e+02 3.555550600875776013e+01 1.884438782359667286e+01 1.696476109992590908e+00 2.069801241818455040e+01
-1.314290117805039699e+02 4.126417749787978551e+01 2.201366417865787284e+01 1.149917532506134599e+00 1.732243076189193687e+01
-1.304289812610631998e+02 4.970922118912876186e+01 7.941387578680316750e+00 1.446649063419282655e+01 7.801788473394081436e+00
-1.294289507416224296e+02 4.884482721709941444e+01 1.490432782542956680e+01 1.393204242568418749e+01 1.418525698190915740e+01
-1.284289202221816595e+02 4.511657447111246455e+01 1.819675211356464217e+01 1.832469499389471324e+01 5.679760458838252646e+00
-1.274288897027408893e+02 4.884052991692379919e+01 1.241492015513384928e+01 2.829766913324135658e+01 1.641779258739231029e-01
-1.264288591832996644e+02 4.785135508058505138e+01 9.647208263995542765e+00 3.177044536470392089e+01 2.796881281487422655e+00
-1.254288286638588943e+02 4.176690856514277073e+01 2.187271510797866014e+01 1.566621314991050973e+01 -4.591409294871833247e+00
-1.244287981444181241e+02 3.580347614472138673e+01 1.885382186498437918e+01 6.082874497038566197e+00 -3.715071794871540156e+00
-1.234287676249768992e+02 4.114247371270577247e+01 1.490634940572872580e+01 1.339679823048644636e+01 4.145142195965150211e-01
-1.224287371055361291e+02 4.561442465422888404e+01 2.634203605881237920e+01 2.471442131996338887e+01 9.679792092237136103e+00
-1.214287065860953589e+02 4.672970668209293166e+01 2.542390167408408530e+01 1.579590212476229283e+01 8.053836468267007831e+00
-1.204286760666545888e+02 5.604423744187509016e+01 1.569746116181550200e+01 2.125062836690159429e+01 1.542953205128269722e+00
-1.194286455472138186e+02 4.784949822248815821e+01 2.305438494636969082e+01 2.737551854880645763e+01 2.670322377443321571e+00
-1.184286150277725937e+02 4.275778110031679802e+01 5.499400591323360032e+01 1.689994504060410963e+00 -6.093854982474661952e+00
-1.174285845083318236e+02 4.921471335059099061e+01 3.028568997750853597e+01 3.868410150369172129e+01 2.043625792566354349e+00
-1.164285539888910535e+02 4.524140838851097612e+01 3.790862003610234154e+01 6.880112026800730973e+00 1.292509930087495817e+00
-1.154285234694498286e+02 5.678979249551667152e+01 3.120331896715271824e+01 1.825710235310183061e+00 3.922003846038227604e+00
-1.144284929500090584e+02 6.498294012224340577e+01 1.438511861924327206e+01 2.088954406088836979e+00 9.429990705128568962e+00
-1.134284624305682883e+02 5.455387007783890851e+01 3.094158047375430343e+01 6.351633718486725755e+00 1.243514953363941267e+01
-1.124284319111275181e+02 5.989329207052913517e+01 1.832484168736060326e+01 2.683947836690501632e+01 1.330993580446977553e+01
-1.114284013916867480e+02 5.579435739472415889e+01 2.673849041698574780e+01 1.047495850332391676e+01 5.673662523477346120e+00
-1.104283708722455231e+02 5.132622627557466899e+01 2.344904234428979350e+01 2.631026092809594630e+01 6.050183286615240519e+00
-1.094283403528047529e+02 5.579393297001364260e+01 1.609178162967801029e+01 2.604047829518306045e+01 6.637807000927470336e-01
-1.084283098333639828e+02 4.933885757783870929e+01 2.213939524211049559e+01 1.126673783861470746e+01 -6.344084294872028629e+00
-1.074282793139227579e+02 5.194991838477550772e+01 2.502407801541026799e+01 2.894265515170860059e+00 -4.465706241401360188e+00
-1.064282487944819877e+02 6.349501320028341667e+01 1.070404551907595270e+01 1.672487545229592598e+01 -5.094435471396573156e+00
-1.054282182750412176e+02 6.498389507783892327e+01 1.832821098785409220e+01 9.941419993894809792e+00 -1.047415172528730665e+01
-1.044281877556004474e+02 6.510872899523786828e+01 2.752831060788622608e+01 6.215519993894806916e+00 -8.721369743965739829e+00
-1.034281572361596773e+02 6.672223257783910810e+01 2.896660883394747543e+01 8.479988424584018247e+00 -5.593663810985615825e+00
-1.024281267167184524e+02 6.212109736565113138e+01 2.108884734795391580e+01 1.472689199535883553e+01 -3.463130781320928442e+00
-1.014280961972776822e+02 4.821970267450921455e+01 3.107663326857193553e+01 -2.435661384668152074e+00 -5.819633051264763157e-01
-1.004280656778369121e+02 4.859473495759196737e+01 2.962087083495373818e+01 1.162710175789907208e+00 4.171965705128369173e+00
-9.942803515839568718e+01 4.797581762636593083e+01 1.608543611374447124e+01 1.034362069889544244e+01 1.662504832575110392e+00
-9.842800463895491703e+01 5.231492363411626911e+01 2.255421228798633848e+01 -3.382260131848199514e+00 -5.089193386612650194e+00
-9.742797411951414688e+01 4.835175181195333494e+01 3.946664073973170161e+01 7.722663941888505690e+00 -2.097217948719264369e-01
-9.642794360007337673e+01 5.902497216994630236e+01 1.465028256814990293e+01 4.824157058902878958e+01 -2.838734294871636976e+00
-9.542791308063260658e+01 5.442855868264305741e+01 3.173235529979307046e+01 6.215519993894806916e+00 2.048332970737255287e+00
-9.442788256119138168e+01 6.300321106926374881e+01 1.713643324797052614e+01 2.444196644600926405e+01 4.795506341000510098e+00
-9.342785204175061153e+01 6.324555757783910792e+01 2.477081892824973153e+01 5.552861071536336013e+00 1.922308973302468527e+00
-9.242782152230984138e+01 6.771687188230072252e+01 2.069267376481798948e+01 1.831491572880484142e+01 8.806664031899501310e+00
-9.142779100286861649e+01 6.249241593253382376e+01 3.542258166630450233e+01 1.837365754748192526e+00 9.176872897033655718e+00
-9.042776048342784634e+01 5.616663091719947687e+01 3.500338452978634507e+01 2.551791303088533880e+01 7.424090915711811789e+00
-8.942772996398707619e+01 5.753826546902186578e+01 1.885286722984291785e+01 2.270182582158239271e+01 3.295628205128465549e+00
-8.842769944454630604e+01 6.287911989510276101e+01 2.883975467032995965e+01 1.500287195324210288e+01 5.428461333217696527e+00
-8.742766892510553589e+01 6.336031140841285492e+01 2.990445362656149086e+01 6.730978234148625283e+00 1.369597790527247305e+01
-8.642763840566431099e+01 6.450344630777389909e+01 3.222938327772501310e+01 1.570157770158366795e+01 2.007286706248047992e+01
-8.542760788622354085e+01 7.503639429959325469e+01 1.439876428624242344e+01 3.239398722669784547e+01 2.282881290115462747e+01
-8.442757736678277070e+01 7.256671997369019778e+01 2.910626633943770258e+01 1.166348972103157910e+00 2.381999485043245457e+01
-8.342754684734154580e+01 8.026355595687648758e+01 3.133309319120458625e+01 1.515206260209056843e+01 1.166547241177159044e+01
-8.242751632790077565e+01 8.707827823644760201e+01 2.357297644747619003e+01 3.202675308002029908e+01 -2.597598394854260029e+00
-8.142748580846000550e+01 7.179798072034958523e+01 2.214697616822397563e+01 2.203643780198862956e+01 -4.705183930927548275e+00
-8.042745528901923535e+01 6.324555757783872423e+01 3.186667807950372833e+01 1.220981150185981967e+01 3.168480903810211746e+00
-7.942742476957846520e+01 7.232967877396761480e+01 2.263737785519169066e+01 2.899148524903294089e+01 -3.220336670809174517e+00
-7.842739425013724031e+01 7.999786608932885201e+01 1.098953758097107603e+01 3.265654912317199177e+01 -4.591409294871443336e+00
-7.742736373069647016e+01 6.857214072309662356e+01 3.830692750955348913e+01 -1.537381029131120180e-01 -2.456810974966986638e+00
-7.642733321125570001e+01 6.748014900111152770e+01 1.696577817793408016e+01 4.406445984617462130e+01 2.419290705128172903e+00
-7.542730269181447511e+01 6.831875917209556803e+01 1.326533159993235600e+01 4.472956358479989092e+01 -2.097217948719264369e-01
-7.442727217237370496e+01 5.915256484795182956e+01 4.233846401614279387e+01 1.558109942989943697e+01 4.187905922122507896e+00
-7.342724165293293481e+01 5.938944688840462049e+01 2.097861506677718424e+01 4.184797804187176951e+01 1.481553744107413095e+01
-7.242721113349216466e+01 6.127070940900399165e+01 4.187102972755189967e+01 2.005204297503416555e+01 1.443286525191477665e+01
-7.142718061405139451e+01 6.922007809376749776e+01 4.775753462134753136e+01 2.337090949368310788e+01 1.079977955332594419e+01
-7.042715009461016962e+01 6.905916807614339348e+01 4.710546266566030482e+01 4.724191439270286619e-01 4.044283497199262278e+00
-6.942711957516939947e+01 6.214067395533371752e+01 3.867272123323082411e+01 1.118230639290559125e+01 6.307847800898108481e+00
-6.842708905572862932e+01 6.884080156360093383e+01 2.897390898501565815e+01 2.643631110663430306e+01 1.068969577288090278e+01
-6.742705853628740442e+01 7.441795444616253974e+01 3.186813810971902683e+01 2.137116349477783217e+01 1.556435320512828113e+01
-6.642702801684663427e+01 7.492530113213356913e+01 3.238543804562736028e+01 1.153248368186386230e+01 1.129162618168835586e+01
-6.542699749740586412e+01 7.702535458998551121e+01 3.449400245004059684e+01 1.194037000610239474e+01 7.696625833767722469e+00
-6.442696697796509397e+01 7.342167049595555284e+01 3.041097180089261087e+01 1.553026999389502194e+01 1.706102190133839258e+01
-6.342693645852432383e+01 7.306043201589913849e+01 3.054529458060326874e+01 1.700619989226336415e+01 7.785313349793018922e+00
-6.242690593908309893e+01 8.126424331343439178e+01 2.713427091506551747e+01 2.404971557468005017e+01 2.547400838346077556e+00
-6.142687541964232878e+01 8.696734422825387867e+01 3.081427707007358308e+01 2.457256511994014758e+01 3.787474833493210014e+00
-6.042684490020155863e+01 8.658594557454298979e+01 3.411270994408823753e+01 1.325846711438633996e+01 -1.834179680332514328e+00
-5.942681438076033373e+01 8.707339735229899702e+01 3.763565054104846297e+01 1.807492574070789715e+01 4.681941552986640387e-02
-5.842678386131956358e+01 7.988703818731261208e+01 3.065670611695029635e+01 2.952570603277787598e+01 1.029656821681333767e+00
-5.742675334187879344e+01 8.111611909015370259e+01 2.980657544720179430e+01 2.050217345022233317e+01 -2.967111881394208339e+00
-5.642672282243802329e+01 8.077880755303996807e+01 3.888818799985342167e+01 2.449536378250100288e+00 -1.063379254587712541e+00
-5.542669230299725314e+01 8.957548711531599395e+01 6.760054670329940230e+00 3.531537210431952190e+01 1.143963484081659310e+01
-5.442666178355602824e+01 9.254232193418356189e+01 2.220374888155837922e+01 5.395767411949052850e+00 1.004925208811656745e+01
-5.342663126411525809e+01 9.754936632699940446e+01 3.682465991204422551e+01 2.423751157815881285e+01 8.296470106794725297e+00
-5.242660074467448794e+01 1.071903857938259961e+02 3.860522291332320322e+01 2.120446113868236893e+01 3.681563324611405896e+00
-5.142657022523326305e+01 1.038655487333067953e+02 3.839340622223928534e+01 2.155560498291188054e+01 1.030632820512847125e+01
-5.042653970579249290e+01 1.079315374411110042e+02 3.019140571867453815e+01 2.320278573276831580e+01 7.162307620527801788e+00
-4.942650918635172275e+01 1.072150024269202078e+02 4.815949217033007557e+01 1.021523941646689693e+01 4.687187752372346417e+00
-4.842647866691095260e+01 1.080589179067627015e+02 3.944681802182487473e+01 1.996829380363360684e+01 1.144038371007203914e+01
-4.742644814747018245e+01 1.080845956016270719e+02 2.911042181004706109e+01 3.161170287554272917e+01 1.254860322573007458e+01
-4.642641762802895755e+01 1.120469185743750273e+02 3.081511939519736032e+01 2.095395275498708898e+01 6.182572672716898587e+00
-4.542638710858818740e+01 1.157795747267128661e+02 3.698419629045442747e+01 1.410721635445131028e+01 1.345141860294897640e+01
-4.442635658914741725e+01 1.186163233724129071e+02 2.883975467032995965e+01 3.350268297839074449e+01 1.579532587954794742e+01
-4.342632606970619236e+01 1.121478255488285214e+02 3.793299130968416222e+01 3.015936829701336563e+01 8.037147382017478137e+00
-4.242629555026542221e+01 1.085704557867296245e+02 4.567075836013073342e+01 2.122674876609691097e+01 1.155413365812601567e+00
-4.142626503082465206e+01 1.104370226017966417e+02 3.719590067152071100e+01 2.487509691967144576e+01 -2.580267420672859302e+00
-4.042623451138388191e+01 1.161650584682421226e+02 1.936842636049706812e+01 2.388307007477302690e+01 1.672240132888567654e+00
-3.942620399194311176e+01 1.233464836959946354e+02 2.137456402987668724e+01 1.084202208142794355e+01 3.554309041970650451e+00
-3.842617347250188686e+01 1.254698805128178805e+02 2.642553855606312396e+01 1.293592193493387299e+01 5.048303205128272353e+00
-3.742614295306111671e+01 1.350309489751714693e+02 1.139127050991953105e+01 3.254033506592077885e+01 5.665745905640990010e+00
-3.642611243362034656e+01 1.376087454955745102e+02 3.350303501962149966e+01 9.877286208877331219e+00 6.666157051283662094e-01
-3.542608191417912167e+01 1.401481846329454299e+02 3.412747871124791033e+01 2.021226372521482162e+01 6.701966991525184270e+00
-3.442605139473835152e+01 1.492625991426460246e+02 1.353700952979066940e+01 4.493049336872937971e+01 1.608278469203612104e+01
-3.342602087529758137e+01 1.403754110112757303e+02 4.209508821043253590e+01 1.083485820118201914e+01 1.793404298035278543e+01
-3.242599035585681122e+01 1.484240950778389845e+02 2.873682254022403981e+01 3.836985732832933138e+01 1.429887114598237297e+01
-3.142595983641604107e+01 1.503229181707519615e+02 3.800599282039711824e+01 2.274026060763879897e+01 1.218877154883777969e+01
-3.042592931697481617e+01 1.638437630576053436e+02 2.553463935033300558e+01 3.602271999389483170e+01 1.280551887075703377e+01
-2.942589879753404603e+01 1.714089212749638307e+02 2.904494507043935059e+01 1.635718645608210764e+01 1.043620353016047275e+01
-2.842586827809327588e+01 1.837720947161794243e+02 3.967357194510010743e+01 8.046118820417545336e+00 1.267548307374247507e+01
-2.742583775865205098e+01 2.130336848748116552e+02 2.243505136049928694e+01 3.081270280381828286e+01 7.677315705128371803e+00
-2.642580723921128083e+01 2.224324108861464993e+02 3.899521944555554853e+01 1.815043076420426971e+01 9.429990705128568962e+00
-2.542577671977051068e+01 2.265542644962145573e+02 4.880634171024946966e+01 5.422319253798421279e+00 9.299901417452304031e+00
-2.442574620032974053e+01 2.422339987161347494e+02 3.629989136004034833e+01 1.556711280656469576e+01 7.547172926790924663e+00
-2.342571568088897038e+01 2.647039446887111467e+02 3.238302338027363447e+01 2.470663202160694638e+01 5.048303205128272353e+00
-2.242568516144774549e+01 2.877256427823992340e+02 3.251970467032996481e+01 1.511493550845223943e+01 5.178552964787831669e+00
-2.142565464200697534e+01 3.249363363603414996e+02 2.699977967032995707e+01 2.288160510193373298e+01 1.069723795608937067e+01
-2.042562412256620519e+01 3.535620852524805287e+02 2.737236815000487056e+01 2.777800353476026274e+01 1.407239168709066846e+01
-1.942559360312498029e+01 4.034941667256706523e+02 3.034571968132123487e+01 1.987158142037032604e+01 1.670151116841439531e+01
-1.842556308368421014e+01 4.586415790173701907e+02 4.397044086562438991e+01 6.037616967890697239e+00 1.994604070512818694e+01
-1.742553256424343999e+01 5.189118505942267348e+02 4.334425636873733367e+01 1.196288505828974280e+01 1.627289050141105520e+01
-1.642550204480266984e+01 5.938842471279741630e+02 2.289013154727156873e+01 4.345319892175349707e+01 6.316352816004632942e+00
-1.542547152536189969e+01 6.575405259764617085e+02 6.113652148959655364e+01 2.136372470533378198e+00 1.232025159370091494e+01
-1.442544100592067480e+01 7.610124581046909498e+02 2.126202939336337394e+01 6.271687289171395463e+01 1.341964515028418603e+01
-1.342541048647990465e+01 8.578438412430695053e+02 3.070533635408665774e+01 2.057858817280064301e+01 9.691453056346205130e+00
-1.242537996703913450e+01 9.620040841423248139e+02 5.396799775768094776e+01 1.276330653481493016e+01 1.508036970393744802e+01
-1.142534944759790960e+01 1.092123786861650160e+03 4.106144297376276597e+01 2.533028759597087287e+01 1.718619004819715812e+01
-1.042531892815713945e+01 1.229964464719404305e+03 6.302843987221272215e+01 3.965720460846366979e+00 1.705524490994407927e+01
-9.425288408716369304e+00 1.396330461972635931e+03 3.173718463050214211e+01 3.639745915796737563e+01 8.644319875609983939e+00
-8.425257889275599155e+00 1.556912027926272913e+03 4.240719774623062932e+01 1.665380521180644280e+01 4.433962962956118581e+00
-7.425227369834829005e+00 1.734438962580690941e+03 4.048136173863650811e+01 1.189158739302171774e+01 7.939419944277884333e+00
-6.425196850393604109e+00 1.929268737646755881e+03 2.925266244592105735e+01 3.025050877342104982e+01 5.006901433473821328e+00
-5.425166330952833960e+00 2.126576038895741021e+03 4.084344923176536923e+01 8.312888075137838229e+00 -4.722568395769060068e+00
-4.425135811512063810e+00 2.323404589073494662e+03 4.894173143511689972e+01 3.560563233838699659e+00 -3.452646611755382011e+00
-3.425105292070838914e+00 2.529055337349216188e+03 3.693719454855429518e+01 1.878847095526109356e+01 -5.609949659928598065e-01
-2.425074772630068765e+00 2.735663375554954200e+03 3.343969217033006203e+01 1.972330047060671632e+01 7.939954850889590077e+00
-1.425044253189298615e+00 2.940184888840424719e+03 3.836089247247223710e+01 2.583262142769105374e+00 9.561363768669998819e+00
-4.250137337485284661e-01 3.156787916719908935e+03 4.231779897311552219e+01 6.587700629305461852e+00 1.105123915092609188e+01
5.750167856922416831e-01 3.370783703614840306e+03 3.146168816007596192e+01 2.843116747298947899e+01 8.422173160265082004e+00
1.575047305133466580e+00 3.574305802817971198e+03 3.574053132295946966e+01 2.000064497710768663e+01 5.793107169603391782e+00
2.575077824574236729e+00 3.775220501877186052e+03 4.599623278789115943e+01 1.967866835957814686e+01 8.203663809870974433e+00
3.575108344015006878e+00 3.985218685495470709e+03 3.109432209616698017e+01 5.344089881492940464e+01 1.648583682305381259e+01
4.575138863456231775e+00 4.192258257523707471e+03 4.577161275493605075e+01 3.145176640632450571e+01 2.292461467509558659e+01
5.575169382897001924e+00 4.382265559891995508e+03 6.158632310559541168e+01 1.358237684246199528e+01 1.832511320329737003e+01
6.575199902337772073e+00 4.585134204203148329e+03 2.897812061063391198e+01 4.761325280687237438e+01 1.854249924980886632e+01
7.575230421778542222e+00 4.768142318702914963e+03 5.004843433751377546e+01 7.427296022399406006e+00 1.333090414360031772e+01
8.575260941219312372e+00 4.956626785216963071e+03 4.300564166904995744e+01 3.057407736433953716e+01 2.082237820512848003e+01
9.575291460660537268e+00 5.131372199490966523e+03 5.294771741296085565e+01 1.618121654061978987e+01 1.946558758756792074e+01
1.057532198010130742e+01 5.293911689678184302e+03 5.574642686864547869e+01 2.303284257370284749e+01 2.169871570512838588e+01
1.157535249954207757e+01 5.457975288993767208e+03 5.188998167774450110e+01 2.353044796954410600e+01 2.520406570512838584e+01
1.257538301898330246e+01 5.633600694847837076e+03 5.900970670749956071e+01 1.382202569340850395e+01 2.257505320512828817e+01
1.357541353842407261e+01 5.811868462831015677e+03 4.286575954352081652e+01 4.398452003967340573e+01 2.002932566438398254e+01
1.457544405786484276e+01 5.979443274707255114e+03 4.191011361328898488e+01 3.038150544069975822e+01 1.179454537689178117e+01
1.557547457730561291e+01 6.137161247152376745e+03 6.067481501184157366e+01 2.060946108526941245e+01 9.959120324245029465e+00
1.657550509674638306e+01 6.304309140824914721e+03 5.371333479531302402e+01 3.407226831379716003e+01 1.692002051880856328e+01
1.757553561618760796e+01 6.465404419835223962e+03 3.541865081572467489e+01 3.918574368918802264e+01 1.534996263563644270e+01
1.857556613562837811e+01 6.610691470045027927e+03 4.213669907153843042e+01 2.558176253494393748e+01 2.209604433541580093e+01
1.957559665506914826e+01 6.767854188865204378e+03 4.194408739327560198e+01 2.345892287950544741e+01 2.608040320512829169e+01
2.057562717451037315e+01 6.932555963783237530e+03 3.196309622865106803e+01 3.994426215192773810e+01 2.507151584704343605e+01
2.157565769395114330e+01 7.087535707168131012e+03 3.538860788631863841e+01 4.443664048159322988e+01 2.191203646139914341e+01
2.257568821339191345e+01 7.247387793153967323e+03 5.340088832945850328e+01 3.020741177958710111e+01 1.582966688394165544e+01
2.357571873283268360e+01 7.409348739410360395e+03 4.682154294399850158e+01 3.593760627387879225e+01 1.652076622472330669e+01
2.457574925227345375e+01 7.551580992780457564e+03 4.241646332258922314e+01 5.072885843771209835e+01 5.393585422214673741e+00
2.557577977171467865e+01 7.676692377832840975e+03 7.076957622316207619e+01 1.855030036531573856e+01 -1.086059294871829950e+00
2.657581029115544879e+01 7.806123716727945066e+03 6.491199115861140001e+01 3.986290094060761646e+01 2.680032989753922679e-01
2.757584081059621894e+01 7.926624788383765917e+03 4.551318740700486387e+01 3.514366640328908886e+01 -3.316298916736400315e+00
2.857587133003744384e+01 8.041622344844007785e+03 6.714280501595926864e+01 3.819656902587003966e+00 2.685246271874956570e+00
2.957590184947821399e+01 8.157380417328809926e+03 4.743677721427928873e+01 2.873705378806976896e+01 7.333103301265384566e+00
3.057593236891898414e+01 8.254785092142248686e+03 6.586067386782136168e+01 8.420118853993695751e+00 9.507819616957958075e+00
3.157596288835975429e+01 8.370311004311477518e+03 4.216185651523257860e+01 3.243833505676462181e+01 -4.759983055837617161e-01
3.257599340780052444e+01 8.485726459950315984e+03 4.735709325757875376e+01 2.083597615577087581e+01 -9.528675488550603090e-01
3.357602392724174933e+01 8.594167397406865348e+03 5.757994404269677347e+01 3.055372284746503198e+01 1.900139151633877532e-01
3.457605444668251948e+01 8.706766211520565776e+03 4.773967732872588243e+01 4.750482804797548653e+01 3.428926932467736055e+00
3.557608496612328963e+01 8.813545048765334286e+03 4.815949217033007557e+01 2.120014006805880413e+01 8.077372359128796475e+00
3.657611548556451453e+01 8.922798971751088175e+03 4.475964335143320483e+01 1.753501933772721344e+01 1.118266570512837532e+01
3.757614600500528468e+01 9.027234772392364903e+03 4.935969316144917229e+01 2.476468219404252835e+01 1.003940980648316739e+01
3.857617652444605483e+01 9.134278185389819555e+03 5.445924176976233611e+01 2.842900693767806430e+01 4.380739755210841579e+00
3.957620704388682498e+01 9.239790167932689656e+03 4.985924811475423013e+01 2.735550516907697727e+01 1.067314247061404098e+00
4.057623756332759513e+01 9.341146926472778432e+03 4.759839132799530859e+01 2.820755206829950268e+01 8.746273075569915179e+00
4.157626808276882002e+01 9.449398570509314595e+03 4.115825420795972889e+01 3.337037861868888200e+01 1.630701754316135776e+01
4.257629860220959017e+01 9.550888439248623399e+03 3.860117975273232815e+01 2.879169258896295958e+01 1.489571994198976945e+01
4.357632912165036032e+01 9.663485714822758382e+03 4.369999834593858168e+01 2.555600667978750096e+01 9.965111278282360985e+00
4.457635964109158522e+01 9.766860029268025755e+03 4.235856750909488966e+01 3.817017838063780033e+01 1.482184933907822710e+01
4.557639016053235537e+01 9.852053474685897527e+03 4.552733846908726179e+01 2.758764900262000452e+01 1.704925395590635517e+01
4.657642067997312552e+01 9.927130598016477961e+03 7.441729324842916071e+01 2.969656826281615647e+00 1.280140008985629940e+01
4.757645119941389567e+01 1.001552266719717227e+04 4.859278421391424985e+01 5.507949427973957057e+01 1.320332891699365163e+01
4.857648171885466581e+01 1.009121435750571800e+04 5.685099588072380072e+01 3.052114424922907787e+01 1.165686041534751993e+01
4.957651223829589071e+01 1.016997378960761489e+04 5.744449816281882448e+01 2.884604710889492907e+01 5.862270594341700836e+00
5.057654275773666086e+01 1.024339417108841189e+04 4.496792227699509681e+01 2.993939168863984079e+01 -2.704579716955549440e+00
5.157657327717743101e+01 1.031352462444096091e+04 4.738876468223544691e+01 2.971213748763639018e+01 -4.150189519870747801e-01
5.257660379661865591e+01 1.039422664843384882e+04 3.704534909443043489e+01 3.838901786516274939e+01 1.414369473827565393e+01
5.357663431605942606e+01 1.047118545870973321e+04 5.006651625017008911e+01 2.907409729658598607e+01 2.224255525603344097e+01
5.457666483550019620e+01 1.054921010553493943e+04 5.488770448263575474e+01 3.071326132332120551e+01 8.711105023267520231e-01
5.557669535494096635e+01 1.062984793529062517e+04 3.251970467032996481e+01 5.924091271348412846e+01 2.080641330012902745e+00
5.657672587438173650e+01 1.069183224605292162e+04 4.857829622177844442e+01 2.291776564030559626e+01 5.048303205128272353e+00
5.757675639382296140e+01 1.074966403851997893e+04 5.877963963873942532e+01 2.469395309070701927e+01 9.699048730215526604e+00
5.857678691326373155e+01 1.080576470870705634e+04 4.072732067472457373e+01 4.096949301318357328e+01 1.084465821794651497e+01
5.957681743270450170e+01 1.085370135741302329e+04 4.511684535884904079e+01 2.964550203015197383e+01 1.758630019285917356e+01
6.057684795214572659e+01 1.091648470074225770e+04 4.370095298107931825e+01 3.344395053164564757e+01 1.738522879796634157e+01
6.157687847158649674e+01 1.097097674823088164e+04 5.346670199911678623e+01 1.968583223982123442e+01 6.531492254752712334e+00
6.257690899102726689e+01 1.101757937702482559e+04 4.929191406650291185e+01 3.745549604223768370e+01 7.812112170977071557e+00
6.357693951046803704e+01 1.105074265047595873e+04 5.113200137651749344e+01 4.383265714978901428e+01 7.677315705127982781e+00
6.457697002990880719e+01 1.109400208584073516e+04 6.210092760111142951e+01 3.745549604223918294e+01 8.688556652298739635e+00
6.557700054935003209e+01 1.114240926238923203e+04 5.905766308453956981e+01 4.017896451412978109e+01 9.901457391632254357e+00
6.657703106879080224e+01 1.117871359700208632e+04 7.158696852310386305e+01 2.018241422419550091e+01 3.700659490607239199e+00
6.757706158823157239e+01 1.121823209993271121e+04 7.907961896258930778e+01 1.482252411095946165e+01 1.044139212428222763e+01
6.857709210767279728e+01 1.126991302341743540e+04 5.162869242440623907e+01 5.164032005798275549e+01 1.246435543457455530e+01
6.957712262711356743e+01 1.131330790331732715e+04 6.726876069944634651e+01 3.760315157388827600e+01 2.048672430703366487e+01
7.057715314655433758e+01 1.136077582798580625e+04 5.771151522700471048e+01 6.317365554141412787e+01 2.203415564057979381e+01
7.157718366599510773e+01 1.139721783536349176e+04 7.080725623368748245e+01 3.057765930446061020e+01 1.225895129613864754e+01
7.257721418543587788e+01 1.144328515849379073e+04 5.657448862016142499e+01 5.236478166147256985e+01 6.936309577586952102e+00
7.357724470487710278e+01 1.148420097367112430e+04 5.354498208060505249e+01 4.124012848897754679e+01 9.565375568249029570e+00
7.457727522431787293e+01 1.152111011349365072e+04 7.130136415119426374e+01 2.485354842275377152e+01 1.448886997403509902e+01
7.557730574375864308e+01 1.156537607205472705e+04 6.358134208335141579e+01 5.172304581791692613e+01 1.899759779403291304e+01
7.657733626319986797e+01 1.161578939809431358e+04 5.594628254297342806e+01 5.406591893791536307e+01 5.653550034920549194e+00
7.757736678264063812e+01 1.166205360123628270e+04 6.210165761621917824e+01 2.907000365073357884e+01 4.036366879363703752e+00
7.857739730208140827e+01 1.170578239727561959e+04 5.777525116135748817e+01 3.266303072910801575e+01 3.953110722772713581e-01
7.957742782152217842e+01 1.174361200818478937e+04 4.668171697347742111e+01 4.382901835347618658e+01 -8.146476806990313735e-01
8.057745834096294857e+01 1.175638077248810805e+04 6.861940095763635838e+01 3.279539194500435428e+01 5.862858991611658688e+00
8.157748886040417347e+01 1.177269974337218446e+04 7.547396203848538221e+01 3.051290010132483843e+01 1.381167820512808575e+01
8.257751937984494361e+01 1.179804108165729485e+04 6.966865728660928880e+01 5.237046728071660340e+01 1.205900320512827939e+01
8.357754989928571376e+01 1.182010098030833433e+04 6.621001417408291445e+01 5.707787573002598691e+01 1.455209593539780677e+01
8.457758041872693866e+01 1.184043697189947306e+04 7.314190070127708054e+01 4.297663031709701187e+01 8.553653205128275872e+00
8.557761093816770881e+01 1.187319656439969913e+04 6.803398499673383526e+01 5.796102296649036134e+01 1.205900320512827939e+01
8.657764145760847896e+01 1.190020106395830771e+04 6.077078392092487036e+01 7.154601415247427099e+01 7.601091513130674215e+00
8.757767197704924911e+01 1.191812510298389498e+04 8.581647914615743389e+01 3.279419796496301842e+01 -2.234664259621288451e+00
8.857770249649001926e+01 1.195397323408816010e+04 6.971082969780788119e+01 5.941028731061626900e+01 -8.728990105865763738e-01
8.957773301593124415e+01 1.198524622599365102e+04 5.604904620805606186e+01 6.334848833302135063e+01 1.017008749143113278e+01
9.057776353537201430e+01 1.200591353412288299e+04 8.571579321638429860e+01 3.405560944942737933e+01 1.098779922691885425e+01
9.157779405481278445e+01 1.202468812026438718e+04 6.416754421436728251e+01 6.301440134651978298e+01 1.772607129018542338e+01
9.257782457425400935e+01 1.204469969221893371e+04 7.631033473121269139e+01 4.792533644692736061e+01 1.866049964808639317e+01
9.357785509369477950e+01 1.207430957590400067e+04 6.132582002237198537e+01 5.471345411310264240e+01 1.758993755781144230e+01
9.457788561313554965e+01 1.209758561050427124e+04 7.704888539959183902e+01 3.925243600286750478e+01 1.690750370412102654e+01
9.557791613257631980e+01 1.212947492013963529e+04 7.886561222618122713e+01 5.581345086735929328e+01 1.252565573213862393e+01
9.657794665201708995e+01 1.214743418641603967e+04 7.682252456137518948e+01 6.289028427851953040e+01 9.293375556804468474e+00
9.757797717145831484e+01 1.214930812761041852e+04 8.015644740060014328e+01 5.570343413507573871e+01 7.540647066142295074e+00
9.857800769089908499e+01 1.215707520588286388e+04 8.424133116501970164e+01 3.925311827717630564e+01 9.840157094067855326e+00
9.957803821033985514e+01 1.217285632455503765e+04 7.788626888247041791e+01 4.196151985808441509e+01 1.118266570512837532e+01
1.005780687297810800e+02 1.218407519592895005e+04 8.533180527004047633e+01 3.686760301287538510e+01 1.145632392706645319e+01
1.015780992492218502e+02 1.218608516524241350e+04 1.030135573346779125e+02 2.400053496825996646e+01 1.644069070512818698e+01
1.025781297686626203e+02 1.219678703426823267e+04 1.005124694226647222e+02 4.679298851919530478e+01 1.279840461283743913e+01
1.035781602881033905e+02 1.220648407779658555e+04 9.019129121812400740e+01 5.666077870261690919e+01 1.353769903922489704e+01
1.045781908075441606e+02 1.221778364291820253e+04 9.381435619477407784e+01 5.112946716932314217e+01 8.142523984290875205e+00
1.055782213269853855e+02 1.223370100192182508e+04 8.791931573973025138e+01 5.444935709943212032e+01 6.473026962224619041e+00
1.065782518464261557e+02 1.224559778566144450e+04 8.941494822920226682e+01 6.082418710309349308e+01 1.178470309525832249e+01
1.075782823658669258e+02 1.225836352593871379e+04 8.959144342009795992e+01 5.883916685802632429e+01 2.335203385957421940e+00
1.085783128853081507e+02 1.227116046143206768e+04 1.097654109054469984e+02 4.310415875664605068e+01 1.199699518826480467e-02
1.095783434047489209e+02 1.229802139933301260e+04 7.532666745187140123e+01 8.064334607275580424e+01 1.030632820512847125e+01
1.105783739241896910e+02 1.230850362857215987e+04 9.336303839354864920e+01 4.879165425044222104e+01 4.086755082074088996e+00
1.115784044436304612e+02 1.231572972450048474e+04 1.060832708601337941e+02 5.035872462521324877e+01 2.025307298485339302e-01
1.125784349630712313e+02 1.231797954682736781e+04 1.043148934956308551e+02 6.413122753373087903e+01 3.295628205128465549e+00
1.135784654825124562e+02 1.231129878359642498e+04 1.118367445394008541e+02 5.268044724165380899e+01 1.216713663378443444e+00
1.145784960019532264e+02 1.231627633047199743e+04 1.108096694386871945e+02 6.113445134499126965e+01 1.159539964579844273e+01
1.155785265213939965e+02 1.233004700235290693e+04 1.190515961531182541e+02 3.974861999389525380e+01 1.786755408866498129e+01
1.165785570408352214e+02 1.234395412677762033e+04 1.031223857406439350e+02 5.390666474303078815e+01 1.953298582049061594e+01
1.175785875602759916e+02 1.235676835757783920e+04 9.744483363251805486e+01 7.004808090764626627e+01 1.819336570512838236e+01
1.185786180797167617e+02 1.235987334263933371e+04 1.173958095801445154e+02 6.475198344228664382e+01 1.238417293365827021e+01
1.195786485991575319e+02 1.237753068378869284e+04 1.277642703016254444e+02 5.901655817829373518e+01 1.030632820512847125e+01
1.205786791185983020e+02 1.239971939533877412e+04 1.168690194478441811e+02 6.009449472990230134e+01 7.539416780939047769e+00
1.215787096380395269e+02 1.241221010840491545e+04 1.212729759690853797e+02 5.127126651315179373e+01 6.387120960575341400e+00
1.225787401574802971e+02 1.241747329310933310e+04 1.254384421703299353e+02 4.597556704113914350e+01 3.295628205128465549e+00
1.235787706769210672e+02 1.242099166783694454e+04 1.208385046703300389e+02 5.499045748244660814e+01 5.324421997473505641e+00
1.245788011963622921e+02 1.243874418622719895e+04 1.275183675205439187e+02 7.058861272873738812e+01 5.186416091962537500e+00
1.255788317158030623e+02 1.244404938897776447e+04 1.442733373291841872e+02 4.073041272416312353e+01 1.154982560258431867e+01
1.265788622352438324e+02 1.246257658856727903e+04 1.338170501748167851e+02 5.773746441799228535e+01 2.492762596881638615e+01
1.275788927546846026e+02 1.247785709829573170e+04 1.320216060963464031e+02 6.877325136178043863e+01 1.833163906394520026e+01
1.285789232741253727e+02 1.247685084036487206e+04 1.711952275347270813e+02 4.082712510742699408e+01 1.966938700617284397e+01
1.295789537935665976e+02 1.248503947847907875e+04 1.707598016008350044e+02 5.685852453976826126e+01 1.763984434457103490e+01
1.305789843130073677e+02 1.249615532075498777e+04 1.607859421222618437e+02 7.200603760513901364e+01 9.291556874328005478e+00
1.315790148324481379e+02 1.249071265745194250e+04 1.864007122010000046e+02 3.881714499389494222e+01 1.404323927681689455e+01
1.325790453518893628e+02 1.250850862632173630e+04 1.926482937977842766e+02 5.200505253219701984e+01 2.257505320512828817e+01
1.335790758713301329e+02 1.252186601464270825e+04 2.168081999230313954e+02 5.485167151681726949e+01 2.303560779677794201e+01
1.345791063907709031e+02 1.253087713478897058e+04 2.168083122330471326e+02 7.980204499389498096e+01 1.500976203135071074e+01
1.355791369102116732e+02 1.253078344303456106e+04 2.354596928249650887e+02 5.640793921504527475e+01 7.261211852812623491e+00
1.365791674296524434e+02 1.252493078546306788e+04 2.871185941754521878e+02 3.539400421838629285e+01 7.217242529426384223e+00
1.375791979490936683e+02 1.252872609731300508e+04 3.007276481124680458e+02 7.230402090947933402e+01 1.104385743970064659e+01
1.385792284685344384e+02 1.252428528853446915e+04 3.389858306065130478e+02 7.749629896752605873e+01 1.044518996121705356e+01
1.395792589879752086e+02 1.251679069092490136e+04 3.924474200315192434e+02 6.141128414576224515e+01 9.750667218130676162e+00
1.405792895074164335e+02 1.253569058846161170e+04 4.439119688985009020e+02 5.862834409662651325e+01 3.434596942539547726e+00
1.415793200268572036e+02 1.256271949244095958e+04 4.896336012277432133e+02 5.891114679759237305e+01 8.275608748984408791e+00
1.425793505462979738e+02 1.256738307113838891e+04 5.658046690701640955e+02 4.916667769547542832e+01 -1.364210732337074239e+00
1.435793810657387439e+02 1.257690281124474495e+04 6.394060275805010178e+02 7.025105751449291347e+01 -6.686716666908550932e-01
1.445794115851795141e+02 1.258293118064557893e+04 7.242961712423635845e+02 8.460735980650503052e+01 4.032783005073880211e+00
1.455794421046207390e+02 1.257410113069059116e+04 8.209579208166511535e+02 7.817408163705970026e+01 5.273795144121660172e-01
1.465794726240615091e+02 1.257054360278361492e+04 9.367336559406995775e+02 7.025293376884425811e+01 3.713497249259108735e+00
1.475795031435022793e+02 1.257996657405642691e+04 1.056543510701716059e+03 8.416319923151976923e+01 5.645954361052492487e+00
1.485795336629435042e+02 1.258650542027545271e+04 1.205648197851558280e+03 7.954818209485047475e+01 8.055548169424008975e+00
1.495795641823842743e+02 1.258682145752404722e+04 1.378903637860238177e+03 5.234459771317668952e+01 1.731702820512847651e+01
1.505795947018250445e+02 1.259039739485275641e+04 1.521044823213176642e+03 8.242931278825427910e+01 1.819336570512838236e+01
1.515796252212658146e+02 1.258832142749711602e+04 1.682744573316152355e+03 9.084886203900907731e+01 2.197782997449247588e+01
1.525796557407065848e+02 1.257781415720015866e+04 1.913163340893042459e+03 6.458562222332962222e+01 1.837165007841372955e+01
1.535796862601478097e+02 1.257771378075659050e+04 2.103086429672639497e+03 1.006729298104714161e+02 1.237668424110993293e+01
1.545797167795885798e+02 1.257186876282985213e+04 2.330329912308579424e+03 7.793909499389518203e+01 6.623228738455232190e+00
1.555797472990293500e+02 1.257909952742996938e+04 2.533693309225329813e+03 7.891065360953457741e+01 1.584389539978084649e+01
1.565797778184705749e+02 1.258921537203947628e+04 2.750297720155177103e+03 6.214376247237623829e+01 1.500505485317662391e+01
1.575798083379113450e+02 1.260274311382783890e+04 2.954511584671721266e+03 6.604847519746219575e+01 9.886693969182156039e+00
1.585798388573521152e+02 1.259912765194814529e+04 3.147049868339983732e+03 8.803658419459077322e+01 7.957178843747640506e+00
1.595798693767928853e+02 1.259770307041393244e+04 3.343677640483343112e+03 7.581727874992441230e+01 1.188259100498071241e+01
1.605798998962336555e+02 1.258998336854957597e+04 3.522530724023429229e+03 6.769286999389507287e+01 1.920974175575959109e+01
1.615799304156748804e+02 1.259763155485054631e+04 3.687692374229491634e+03 6.862434499389496523e+01 1.892961116383532882e+01
1.625799609351156505e+02 1.260865312178807108e+04 3.852484973721324877e+03 6.843768611426355619e+01 1.717688267317467066e+01
1.635799914545564206e+02 1.261821424330351147e+04 4.028207920947088041e+03 8.132960031495841235e+01 1.297048406944039556e+01
1.645800219739976455e+02 1.262415958462073286e+04 4.205770843172929744e+03 8.751498548556639889e+01 3.751208165299383168e+00
1.655800524934384157e+02 1.263486813833571250e+04 4.376268454571921211e+03 1.044677963718480953e+02 6.666157051279770762e-01
1.665800830128791858e+02 1.263625696208822956e+04 4.571203602456904264e+03 9.738721045199201853e+01 2.104391183520378128e+00
1.675801135323199560e+02 1.262447233257783773e+04 4.777322806403045433e+03 9.373818002410752115e+01 1.244638257245794399e+01
1.685801440517607261e+02 1.263121983659418947e+04 4.970891646782535645e+03 1.105050711612605028e+02 2.576593160880731048e+01
1.695801745712019510e+02 1.264592281040050329e+04 5.158504911608180919e+03 1.084496629500054894e+02 2.684943843905881522e+01
1.705802050906427212e+02 1.264081448766161338e+04 5.359206561134345066e+03 8.517154380363635369e+01 1.630011724788597149e+01
1.715802356100834913e+02 1.265545114510721214e+04 5.491644610303439549e+03 1.230636943621402679e+02 1.847461960093451694e+01
1.725802661295247162e+02 1.265332642196317283e+04 5.648763122524243045e+03 1.080329639159392343e+02 1.791200482799894900e+01
1.735802966489654864e+02 1.265684739629213072e+04 5.813795616211268680e+03 9.832971555331940294e+01 1.759849606357961349e+01
1.745803271684062565e+02 1.267485276570249334e+04 5.959468165412406961e+03 1.045365355084526868e+02 1.471962868580969719e+01
1.755803576878470267e+02 1.268775092648882674e+04 6.121227046739073558e+03 1.087609506033649183e+02 1.072885093677028756e+01
1.765803882072877968e+02 1.269613267784541313e+04 6.260347373423723184e+03 1.277894673615941912e+02 1.528256440271203331e+01
1.775804187267290217e+02 1.270774233826971431e+04 6.432061976161373423e+03 1.109901681947740002e+02 1.104171781325860380e+01
1.785804492461697919e+02 1.272422672868393784e+04 6.590548649002867933e+03 1.370394013022627178e+02 1.072933235272034658e+01
1.795804797656105620e+02 1.273082048484962979e+04 6.740923674749049496e+03 1.332278758765180271e+02 1.440590595874503776e+01
1.805805102850517869e+02 1.273006161347076159e+04 6.894270142756335190e+03 1.290517885451342863e+02 9.006665613568740625e+00
1.815805408044925571e+02 1.273395846893221642e+04 7.042633527642325134e+03 1.255631494360008418e+02 6.065802559642152758e+00
1.825805713239333272e+02 1.274915483646219946e+04 7.164995627527863689e+03 1.393546991689539141e+02 1.129483562135200891e+01
1.835806018433740974e+02 1.276222133469855544e+04 7.285221141659875684e+03 1.524876267692121132e+02 2.444027255597808335e+01
1.845806323628148675e+02 1.276438033013780660e+04 7.403487912949466590e+03 1.486708137175665456e+02 2.641985494016297409e+01
1.855806628822560924e+02 1.277814712914325719e+04 7.500386580503521145e+03 1.670303036598909046e+02 1.208708580217903261e+01
1.865806934016968626e+02 1.278165160396166539e+04 7.612302220361134459e+03 1.810026560846597476e+02 4.454824320766435086e+00
1.875807239211376327e+02 1.278350299759340305e+04 7.734041111965224445e+03 1.746621103650115003e+02 8.836618802088109348e+00
1.885807544405788576e+02 1.279410061730018788e+04 7.834854513608730485e+03 1.902890348446587723e+02 9.288454415986645785e+00
1.895807849600196278e+02 1.279525070215415144e+04 7.931279176738184105e+03 2.005643133589692297e+02 1.030632820512847125e+01
1.905808154794603979e+02 1.280091358882783788e+04 8.035361698341358533e+03 2.046196949938948819e+02 9.854920516518280493e+00
1.915808459989011681e+02 1.279816554494622142e+04 8.138932367044427338e+03 2.197411110669534082e+02 1.861845598850032246e+01
1.925808765183419382e+02 1.280102855487075976e+04 8.222031446718468942e+03 2.514398597317265853e+02 1.790986520155849959e+01
1.935809070377831631e+02 1.280859546384004534e+04 8.313708372366276308e+03 2.705765738240858695e+02 1.426260447778854790e+01
1.945809375572239333e+02 1.281448891923664451e+04 8.407252171262987758e+03 2.894543648162712088e+02 1.205900320512827939e+01
1.955809680766647034e+02 1.282957148789165331e+04 8.505816508671417978e+03 3.166719358212751558e+02 9.880596033823527691e+00
1.965809985961059283e+02 1.283899185956312795e+04 8.591656458142693737e+03 3.514852667054388462e+02 6.208569133988123490e+00
1.975810291155466984e+02 1.284524119507783871e+04 8.655184506654870347e+03 3.966544981847025610e+02 9.714026115310156584e+00
1.985810596349874686e+02 1.284190542908107273e+04 8.752458065043891111e+03 4.089386765448917913e+02 1.729311787963818503e+01
1.995810901544282387e+02 1.285275839330313102e+04 8.815616220516780231e+03 4.800849337673130890e+02 2.418560351871592218e+01
2.005811206738690089e+02 1.285076131589019133e+04 8.909582192765441505e+03 5.137457327754229937e+02 1.835881231976147276e+01
2.015811511933102338e+02 1.284681570464034303e+04 8.983728311010756443e+03 5.891237395416055733e+02 1.075597070192331728e+01
2.025811817127510039e+02 1.285466093011224984e+04 9.044700352012854637e+03 6.593857692599013944e+02 5.924640705128176421e+00
2.035812122321917741e+02 1.285724626017122682e+04 9.121257990932002940e+03 7.260323137038250252e+02 1.059100550324155066e+01
2.045812427516329990e+02 1.286318947936490440e+04 9.176309553260351095e+03 8.288003363065578242e+02 8.411261065409926019e+00
2.055812732710737691e+02 1.287174009870240297e+04 9.235340034852544704e+03 9.272600809305448593e+02 1.030632820512847125e+01
2.065813037905145393e+02 1.286887125293811914e+04 9.291932265986946732e+03 1.026234032958551097e+03 9.714988947208675896e+00
2.075813343099553094e+02 1.286781873271402947e+04 9.342106316609539135e+03 1.160044911190544326e+03 1.525822615193206566e+01
2.085813648293960796e+02 1.287493437211195669e+04 9.381473728981349268e+03 1.287076768747147526e+03 1.790815350040486464e+01
2.095813953488373045e+02 1.287885579115341898e+04 9.437316571530807778e+03 1.408128719412512510e+03 1.542169361210481071e+01
2.105814258682780746e+02 1.287204388068753906e+04 9.475807516534008755e+03 1.553096999983820751e+03 1.658340378881250743e+01
2.115814563877188448e+02 1.287376258854476873e+04 9.525575791067052705e+03 1.699579019821445172e+03 1.688872848209308231e+01
2.125814869071600697e+02 1.288390957531726235e+04 9.598768060342386889e+03 1.827677954396973973e+03 1.002068807511489013e+01
2.135815174266008398e+02 1.288696129507783735e+04 9.639548950426615193e+03 2.018069215634207922e+03 6.515231093792857919e+00
2.145815479460416100e+02 1.288580861062253280e+04 9.704999971040964738e+03 2.166158616887013068e+03 7.658540483099310237e+00
2.155815784654823801e+02 1.288348462007783928e+04 9.753349713910856735e+03 2.348752506186879145e+03 1.644069070512818698e+01
2.165816089849231503e+02 1.288953283133378318e+04 9.800081967923390039e+03 2.495302980880139785e+03 9.734192094527353234e+00
2.175816395043643752e+02 1.290982584992317970e+04 9.848279586875980385e+03 2.676869819920667396e+03 9.429990705128179940e+00
2.185816700238051453e+02 1.291897856876283004e+04 9.881795703544170465e+03 2.868548646490870851e+03 1.073575123204614812e+01
2.195817005432459155e+02 1.291477469507783826e+04 9.947940575440341490e+03 3.025576750887173148e+03 1.132586020476189326e+01
2.205817310626871404e+02 1.291651303257783911e+04 9.961927103342748524e+03 3.230677505083661799e+03 1.658393869542341648e+01
2.215817615821279105e+02 1.291362126787929446e+04 9.983353327511857060e+03 3.410950069760438055e+03 1.774693264799653747e+01
2.225817921015686807e+02 1.291028666905047612e+04 1.002826632772243829e+04 3.573353984003841106e+03 2.008939567674512361e+01
2.235818226210094508e+02 1.291014438066694129e+04 1.006418060017253629e+04 3.762076061144755840e+03 3.014350032790575540e+01
2.245818531404502210e+02 1.290391780492722501e+04 1.008351740879504177e+04 3.959893139102070563e+03 4.258735375218982711e+01
2.255818836598914459e+02 1.290491403582434396e+04 1.009899092131564976e+04 4.145126065428203219e+03 3.369565465632657464e+01
2.265819141793322160e+02 1.291027165502641219e+04 1.011710557233881264e+04 4.331684025318008025e+03 2.534763463938946515e+01
2.275819446987729862e+02 1.291752464887064161e+04 1.012677333086747058e+04 4.542982673047337812e+03 2.579315835528443301e+01
2.285819752182142111e+02 1.292100137692373028e+04 1.012704506495235182e+04 4.746264085943389546e+03 2.039135045837768700e+01
2.295820057376549812e+02 1.292316742842375970e+04 1.016551983731318069e+04 4.910331896657222387e+03 1.804963629888395360e+01
2.305820362570957514e+02 1.293040620404025321e+04 1.019452204595399235e+04 5.113079145625643832e+03 1.527678741131765783e+01
2.315820667765365215e+02 1.294286020436909894e+04 1.021949934437918637e+04 5.304218804923371863e+03 1.424318736782654682e+01
2.325820972959772917e+02 1.295156520819432990e+04 1.025934828594665851e+04 5.478563031275361936e+03 1.746091808335546247e+01
2.335821278154185165e+02 1.295923249360718364e+04 1.029617586345079326e+04 5.667338496381022196e+03 1.878181646735102106e+01
2.345821583348592867e+02 1.297198475839995444e+04 1.032881674816055056e+04 5.844516947067688307e+03 1.644069070512857422e+01
2.355821888543000568e+02 1.297808114186032435e+04 1.037006625178854483e+04 5.992639040631122043e+03 1.717297785491807716e+01
2.365822193737412817e+02 1.297575943259843734e+04 1.040947566810654098e+04 6.149719054731159304e+03 1.585256088687231646e+01
2.375822498931820519e+02 1.297662865440152564e+04 1.044858229662008853e+04 6.338612155298805192e+03 1.790505104206264519e+01
2.385822804126228220e+02 1.297909318257783707e+04 1.047512317509472268e+04 6.546691377989985085e+03 1.352325656074070714e+01
2.395823109320635922e+02 1.297895009839797058e+04 1.050469226854371846e+04 6.711284028215812214e+03 1.103840139227383510e+01
2.405823414515043623e+02 1.297359189561192943e+04 1.054763001633944623e+04 6.864982008567379125e+03 9.429990705128568962e+00
2.415823719709455872e+02 1.297532009997201203e+04 1.058474448978067812e+04 7.006909961106644914e+03 9.718733293482650026e+00
2.425824024903863574e+02 1.298170068882783744e+04 1.062107986863756923e+04 7.126132052075929096e+03 1.424495255964182938e+01
2.435824330098271275e+02 1.298559786260782130e+04 1.065497885015193970e+04 7.270494586773464107e+03 2.431826035812072462e+01
2.445824635292683524e+02 1.299994416049969550e+04 1.068196273548659519e+04 7.414119526087129998e+03 2.623408187432616145e+01
2.455824940487091226e+02 1.300950533506822649e+04 1.071552927935218577e+04 7.547794972868837249e+03 1.994604070512818694e+01
2.465825245681498927e+02 1.301950531173229865e+04 1.075831456630054163e+04 7.681614777523038356e+03 2.154557194253863983e+01
2.475825550875906629e+02 1.302500750060071186e+04 1.080767414468361494e+04 7.814512261024213331e+03 2.696492477627034035e+01
2.485825856070314330e+02 1.303124330757783719e+04 1.086073956052549329e+04 7.945708777817524606e+03 1.294320383230554050e+01
2.495826161264726579e+02 1.302560493143106942e+04 1.090566828413839721e+04 8.062916340177937855e+03 1.088552508298994681e+01
2.505826466459134281e+02 1.301270342830015761e+04 1.094874933951515413e+04 8.193642371979181917e+03 1.673039612538084953e+01
2.515826771653541982e+02 1.301414737421169775e+04 1.099675687376483074e+04 8.312566820781281422e+03 1.702721580355410680e+01
2.525827076847954231e+02 1.301140272572774666e+04 1.102711741589998201e+04 8.421868131595883824e+03 1.599923227947475368e+01
2.535827382042361933e+02 1.300184160421230627e+04 1.106176685294447452e+04 8.534271686836058507e+03 2.067736502301843871e+01
2.545827687236769634e+02 1.299720184635164333e+04 1.109963357887607708e+04 8.634578461726177920e+03 1.746209487789898418e+01
2.555827992431177336e+02 1.299690835666568819e+04 1.114810158419332583e+04 8.726612831191461737e+03 2.213407619542252291e+01
2.565828297625585037e+02 1.300270472491020882e+04 1.117354609228707523e+04 8.853171360946387722e+03 2.622557685922049941e+01
2.575828602819997286e+02 1.299720662112961327e+04 1.122644411004940412e+04 8.915114135737358083e+03 2.710196784988205110e+01
2.585828908014404988e+02 1.299111745288928796e+04 1.126554753772747790e+04 9.017887730246899082e+03 2.418710125722496329e+01
2.595829213208812689e+02 1.298677155608619978e+04 1.132304582991983807e+04 9.087128452181210378e+03 1.526935220943069282e+01
2.605829518403224938e+02 1.298705989962256353e+04 1.136108051548110416e+04 9.182918571147547482e+03 2.695272890555161993e+01
2.615829823597632640e+02 1.298807703343657886e+04 1.140062930852953650e+04 9.259472477684799742e+03 3.484377820512810331e+01
2.625830128792040341e+02 1.298343568398325624e+04 1.146212830812896391e+04 9.311154586002867291e+03 2.958912311677464757e+01
2.635830433986448043e+02 1.299604046118981205e+04 1.148313612133167044e+04 9.409432959373118138e+03 2.301474643896921890e+01
2.645830739180855744e+02 1.299662367379243733e+04 1.151793790691351569e+04 9.469995720662265740e+03 1.410560938760584193e+01
2.655831044375267993e+02 1.298054498034648350e+04 1.156578377089448441e+04 9.501031924117080052e+03 1.337230591525504764e+01
2.665831349569675695e+02 1.298314585496041400e+04 1.157912547083725985e+04 9.594958524521453000e+03 1.644069070512857422e+01
2.675831654764083396e+02 1.299241985316052887e+04 1.161867999169652649e+04 9.652564991230843589e+03 1.337439205103649975e+01
2.685831959958495645e+02 1.300111021433331916e+04 1.165333953664251749e+04 9.701929584290741332e+03 1.541709341525653976e+01
2.695832265152903346e+02 1.300835556853279013e+04 1.168369727102724573e+04 9.754096619073738111e+03 2.199045377050139294e+01
2.705832570347311048e+02 1.300734076905467373e+04 1.171068615415761997e+04 9.818056139865100704e+03 2.213728563508625413e+01
2.715832875541718749e+02 1.301356989134263858e+04 1.173521892953758470e+04 9.892733962621916362e+03 1.965360726116104928e+01
2.725833180736126451e+02 1.301530860021425906e+04 1.177968628360277035e+04 9.933564611771942509e+03 2.827116671913563195e+01
2.735833485930538700e+02 1.301632271000222681e+04 1.179517316101534016e+04 1.000901636101966142e+04 3.060817370045926111e+01
2.745833791124946401e+02 1.302139256925190421e+04 1.180115473633808142e+04 1.007949836734633391e+04 3.221476570512839288e+01
2.755834096319354103e+02 1.301632164894045491e+04 1.183795446095811167e+04 1.012467817407738767e+04 3.659725556504273669e+01
2.765834401513766352e+02 1.300719667686612593e+04 1.185297968804793709e+04 1.019578434768420084e+04 4.243832877049995744e+01
2.775834706708174053e+02 1.301530950211676645e+04 1.186402273888340642e+04 1.026455583546267735e+04 3.513492787322881128e+01
2.785835011902581755e+02 1.301632228557751660e+04 1.189683770411870864e+04 1.030786984938411479e+04 3.206841525649266345e+01
2.795835317096989456e+02 1.301530785747101982e+04 1.192704247226098778e+04 1.034668397995848682e+04 2.695465456934885751e+01
2.805835622291397158e+02 1.301212159507783872e+04 1.194896909370852154e+04 1.039745206812761899e+04 2.096883563508552584e+01
2.815835927485809407e+02 1.301704868846618228e+04 1.197396604638661120e+04 1.043967279432552095e+04 2.476726096698541113e+01
2.825836232680217108e+02 1.302327844739121065e+04 1.200616341884128815e+04 1.046529714110724308e+04 2.973536658408807298e+01
2.835836537874624810e+02 1.303182498164088975e+04 1.201443690467034685e+04 1.053656905051484864e+04 4.141799441095063372e+01
2.845836843069037059e+02 1.303544367975898604e+04 1.203131625782225092e+04 1.061371653570073613e+04 4.214413013471858704e+01
2.855837148263444760e+02 1.303602572519366004e+04 1.206919511323563347e+04 1.066215062031588059e+04 3.864257797165507213e+01
2.865837453457852462e+02 1.304616905130304076e+04 1.211134831941123775e+04 1.071401631727918902e+04 4.039535995297664783e+01
2.875837758652260163e+02 1.305108855809972010e+04 1.212638174513225385e+04 1.077874368094884085e+04 4.316665761137326740e+01
2.885838063846667865e+02 1.305297746026507411e+04 1.215612542450187539e+04 1.082733787260177087e+04 3.907858034988255724e+01
2.895838369041080114e+02 1.306079504507783713e+04 1.217590304993907375e+04 1.086972422088811800e+04 3.659645320512829869e+01
2.905838674235487815e+02 1.306007166621522083e+04 1.219584644496058718e+04 1.091923828887779746e+04 3.615547619542320490e+01
2.915838979429895517e+02 1.306572426058972451e+04 1.223648133202339159e+04 1.094578313741438797e+04 3.104433655067003173e+01
2.925839284624307766e+02 1.306687922632783739e+04 1.226437779239695919e+04 1.097669226727920068e+04 3.222102411247330167e+01
2.935839589818715467e+02 1.307282398406108405e+04 1.228401396336839207e+04 1.104159821624916731e+04 4.010180320512830576e+01
2.945839895013123169e+02 1.307527890962836318e+04 1.232542165565459982e+04 1.110198239223798919e+04 3.747279070512820454e+01
2.955840200207530870e+02 1.307034873916088327e+04 1.236819863166173491e+04 1.114745449665414708e+04 3.819464717601446324e+01
2.965840505401938572e+02 1.306485615290149326e+04 1.239808752788266611e+04 1.118970103556337199e+04 2.593308992459403584e+01
2.975840810596350821e+02 1.307470954388185783e+04 1.242493080107668720e+04 1.124418154881493138e+04 2.462246174752028693e+01
2.985841115790758522e+02 1.308470936138666366e+04 1.246848080692726035e+04 1.128130250197979149e+04 3.060951096698501317e+01
2.995841420985166224e+02 1.310427035345999866e+04 1.248455051717034803e+04 1.136873339611546908e+04 2.885688945764599822e+01
3.005841726179578473e+02 1.311627552465956796e+04 1.250668581062851990e+04 1.142936387312976876e+04 3.353368493466612676e+01
3.015842031373986174e+02 1.312020033909869926e+04 1.256029935550581649e+04 1.145846469179546511e+04 4.039696467280851522e+01
3.025842336568393875e+02 1.312757461230339140e+04 1.257244411144795231e+04 1.151335388735792912e+04 3.790622553162517505e+01
3.035842641762801577e+02 1.313120742254304605e+04 1.259771925603685668e+04 1.154739977335713047e+04 3.499146592028997560e+01
3.045842946957209278e+02 1.313916676520846158e+04 1.261905563219277064e+04 1.159223713524139930e+04 4.142136432259657397e+01
3.055843252151621527e+02 1.313945998962897283e+04 1.265953614913793899e+04 1.161165289952603416e+04 4.492687479458120947e+01
3.065843557346029229e+02 1.315033008999863887e+04 1.267682790467034829e+04 1.166710531253036424e+04 4.813668889227337644e+01
3.075843862540436930e+02 1.315655029936772735e+04 1.268606265193046056e+04 1.171208538345754278e+04 4.886517820512811738e+01
3.085844167734849179e+02 1.316249908913570471e+04 1.272409379972620445e+04 1.174097390110084052e+04 4.549638986278964126e+01
3.095844472929256881e+02 1.316973473461996946e+04 1.275520681897175928e+04 1.177778686427150205e+04 4.097814070512820450e+01
3.105844778123664582e+02 1.316914743692952834e+04 1.278143351017529312e+04 1.182215885822102064e+04 4.273081570512839988e+01
3.115845083318072284e+02 1.316914733082335260e+04 1.281316749150196847e+04 1.183657775918085645e+04 3.775666564332717456e+01
3.125845388512479985e+02 1.316524225213316822e+04 1.282848360153447356e+04 1.185166602809374672e+04 3.573279299179465340e+01
3.135845693706892234e+02 1.316799682154467882e+04 1.283338138519818312e+04 1.188504254613990270e+04 4.433526808335581393e+01
3.145845998901299936e+02 1.316798371743180178e+04 1.283645272721887341e+04 1.191297354864707268e+04 3.950869875539395792e+01
3.155846304095707637e+02 1.316045521889864176e+04 1.285180988656239788e+04 1.192601476720899518e+04 3.499210780822259181e+01
3.165846609290119886e+02 1.315915828309552307e+04 1.286788841314178353e+04 1.196005127193646695e+04 3.600292083010395316e+01
3.175846914484527588e+02 1.316322390043171254e+04 1.287909931129688448e+04 1.199510283026674188e+04 3.280851204279615274e+01
3.185847219678935289e+02 1.316958841420170029e+04 1.289979198259334771e+04 1.201559590568485510e+04 3.996791608051734102e+01
3.195847524873342991e+02 1.317001565072393350e+04 1.291097255704399504e+04 1.204295681115087791e+04 5.018714640234435365e+01
3.205847830067750692e+02 1.316363660040767900e+04 1.291342069078323766e+04 1.208514188851614017e+04 4.739445247953062790e+01
3.215848135262162941e+02 1.315943797897845070e+04 1.291618070943824932e+04 1.210254096365653459e+04 4.565712929925075514e+01
3.225848440456570643e+02 1.315015618197431650e+04 1.291833296243907171e+04 1.212723423343160539e+04 4.784013666740623449e+01
3.235848745650978344e+02 1.313987332624200099e+04 1.292647386629367611e+04 1.214753502120704252e+04 4.726126073351113632e+01
3.245849050845390593e+02 1.313308364502023323e+04 1.293579570997157316e+04 1.216013645712079961e+04 4.696369218608383278e+01
3.255849356039798295e+02 1.312942595288203847e+04 1.294091738365313722e+04 1.217829194704480324e+04 4.535982820512850111e+01
3.265849661234205996e+02 1.310930376523783707e+04 1.296509666325623039e+04 1.220922592306567640e+04 4.535982820512850111e+01
3.275849966428613698e+02 1.310454898828115802e+04 1.297139865905599072e+04 1.223243968100225720e+04 4.593822272307426857e+01
3.285850271623021399e+02 1.310554840236359451e+04 1.297995443611147675e+04 1.223230009904992767e+04 4.243276574175224169e+01
3.295850576817433648e+02 1.309641297883081279e+04 1.297149883959069120e+04 1.224179275207593309e+04 3.834912820512849407e+01
3.305850882011841350e+02 1.308831262105598580e+04 1.295356820852953206e+04 1.225356585012268624e+04 3.952372963114917326e+01
3.315851187206249051e+02 1.307987951430966677e+04 1.294763717271420319e+04 1.226056200459683532e+04 4.273081570512801619e+01
3.325851492400661300e+02 1.305946288202390679e+04 1.296357070706231025e+04 1.227144302898492606e+04 4.595678398245972573e+01
3.335851797595069002e+02 1.304453846462591900e+04 1.297001084418234313e+04 1.228010290936092133e+04 5.194206801010950159e+01
3.345852102789476703e+02 1.302759893176487640e+04 1.296705287912328822e+04 1.230070020217969432e+04 4.972177765120069637e+01
3.355852407983884405e+02 1.301367196548504580e+04 1.296516084843064345e+04 1.232911072981352845e+04 4.653496453775928643e+01
3.365852713178292106e+02 1.298861361237435449e+04 1.299974351717034915e+04 1.231074754421869329e+04 4.961244274000965504e+01
3.375853018372704355e+02 1.297021214860473810e+04 1.298778367967034865e+04 1.234766762445583845e+04 5.865439710276623231e+01
3.385853323567112056e+02 1.294441221942205084e+04 1.299992259549162736e+04 1.235339355473569958e+04 5.747899331682945245e+01
3.395853628761519758e+02 1.291748825445188595e+04 1.300416398326401577e+04 1.236788830185618644e+04 6.012929509992649457e+01
3.405853933955932007e+02 1.289573696561703400e+04 1.299792628494868768e+04 1.238424560098333131e+04 6.433991946588565725e+01
3.415854239150339708e+02 1.286400050192982962e+04 1.299985453562163821e+04 1.238558837367912020e+04 6.273685784484598571e+01
3.425854544344747410e+02 1.282749435336806164e+04 1.299059047544721943e+04 1.240146512426814297e+04 5.600334645041334625e+01
3.435854849539155111e+02 1.280320145021922144e+04 1.299691229396489689e+04 1.240517544567142068e+04 5.296983757154398376e+01
3.445855154733562813e+02 1.277720633872369945e+04 1.298094399966667879e+04 1.242770448448300522e+04 6.010768487286365058e+01
3.455855459927975062e+02 1.273957949671901952e+04 1.300171646722986043e+04 1.242348893895410220e+04 5.675221570512802316e+01
3.465855765122382763e+02 1.271596238381234980e+04 1.298331643645482109e+04 1.246171472164957413e+04 5.998117945947701202e+01
3.475856070316790465e+02 1.267841475006891596e+04 1.298886118196846110e+04 1.243690887661356101e+04 6.639192820512812432e+01
3.485856375511202714e+02 1.264876099147959030e+04 1.297453783632663180e+04 1.245761243365592782e+04 5.848065943566982838e+01
3.495856680705610415e+02 1.262164285220527017e+04 1.296559790285978488e+04 1.246450795266953173e+04 5.427335149069887166e+01
3.505856985900018117e+02 1.259064971534198412e+04 1.297779538835465428e+04 1.246397469844106490e+04 5.557547465266529940e+01
3.515857291094425818e+02 1.256226429694105173e+04 1.295965793839814796e+04 1.249175997852712680e+04 5.164444597202086840e+01
3.525857596288833520e+02 1.253559212192923223e+04 1.294301988331665598e+04 1.250362870868949722e+04 5.206991069002221906e+01
3.535857901483245769e+02 1.250621413329427924e+04 1.295193129003932881e+04 1.249000329275071635e+04 5.562682568727613130e+01
3.545858206677653470e+02 1.248493183376237539e+04 1.295200715545545972e+04 1.250467059841512310e+04 6.859585042175523029e+01
3.555858511872061172e+02 1.247321070879899889e+04 1.293318848909398912e+04 1.252710246999389346e+04 7.340262820512852215e+01
3.565858817066473421e+02 1.245957569366554708e+04 1.293813248832947829e+04 1.252180512169229769e+04 7.017152482433590421e+01
3.575859122260881122e+02 1.244189309924602821e+04 1.294207198677756242e+04 1.251887924517548345e+04 6.829517941598729180e+01
3.585859427455288824e+02 1.242190158135896854e+04 1.293686810216393860e+04 1.252260520203167653e+04 6.080520309296954906e+01
3.595859732649696525e+02 1.239711586807042659e+04 1.293058626601213655e+04 1.252228493109992087e+04 5.662929416603192578e+01
3.605860037844104227e+02 1.237220818573126417e+04 1.293039848366458318e+04 1.252202413174540015e+04 6.629735671638525218e+01
3.615860343038516476e+02 1.234873993979110492e+04 1.290968340651982544e+04 1.254611290648294016e+04 8.156284251111559058e+01
3.625860648232924177e+02 1.232832802923023519e+04 1.289578492967034799e+04 1.255983389768113193e+04 7.074489122014406917e+01
3.635860953427331879e+02 1.230845747238511103e+04 1.289654650389210110e+04 1.255411524499389452e+04 6.303747535995307061e+01
3.645861258621744128e+02 1.228226102441846342e+04 1.288944182840454960e+04 1.255710133221845899e+04 6.494115449610137603e+01
3.655861563816151829e+02 1.226688554966147422e+04 1.287370522967034776e+04 1.256715589499389534e+04 7.004828234127550957e+01
3.665861869010559531e+02 1.223847211922978022e+04 1.287817808838670135e+04 1.256513238310657289e+04 7.548742671959398365e+01
3.675862174204967232e+02 1.221053797040020072e+04 1.288426916597551281e+04 1.256140642625038163e+04 8.289122958765916849e+01
3.685862479399374934e+02 1.218853860532321596e+04 1.286872355042433628e+04 1.256371876759506813e+04 8.038267805634879437e+01
3.695862784593787183e+02 1.217403150351989643e+04 1.285099052883716831e+04 1.254598759543489905e+04 7.062239760633678998e+01
3.705863089788194884e+02 1.215539023978996374e+04 1.284502681080704497e+04 1.253612890224226066e+04 7.739308501020030917e+01
3.715863394982602586e+02 1.214360921788959604e+04 1.283591936695061122e+04 1.255260758934016667e+04 8.669901578524192587e+01
3.725863700177014834e+02 1.212101014069943813e+04 1.282158377951699003e+04 1.255533458289598639e+04 9.065855498822803327e+01
3.735864005371422536e+02 1.209430162432194265e+04 1.282462794251369087e+04 1.254990646535188716e+04 9.751803688943567749e+01
3.745864310565830237e+02 1.205303104314138000e+04 1.281910790520367664e+04 1.254933147867820298e+04 9.672819378835534110e+01
3.755864615760237939e+02 1.202204050587943493e+04 1.281590510430869290e+04 1.255083759921473393e+04 8.654769070512863038e+01
3.765864920954645640e+02 1.199018101207984364e+04 1.282482162113710910e+04 1.255366716134163289e+04 8.654769070512863038e+01
3.775865226149057889e+02 1.196149759448041732e+04 1.282491068298018035e+04 1.255803798113196535e+04 8.757567422920851641e+01
3.785865531343465591e+02 1.193659176899935665e+04 1.281510899475687074e+04 1.257168801580205036e+04 8.449161667564669642e+01
3.795865836537873292e+02 1.191678455754197785e+04 1.280419234884495199e+04 1.257412379194042478e+04 8.643011823213693390e+01
3.805866141732285541e+02 1.190431469433964594e+04 1.279426756884357383e+04 1.256978896211987922e+04 9.295116472087522652e+01
3.815866446926693243e+02 1.188897041479873587e+04 1.278519044869158643e+04 1.257525335391472800e+04 8.654769070512863038e+01
3.825866752121100944e+02 1.186702044214720809e+04 1.277462864627674026e+04 1.257614770182109351e+04 8.875610613728358089e+01
3.835867057315508646e+02 1.183618147755930113e+04 1.276802897277829834e+04 1.257914123720685711e+04 8.974910676903645879e+01
3.845867362509916347e+02 1.180912106004533962e+04 1.275111216423590849e+04 1.258800955238417373e+04 8.799632478771488309e+01
3.855867667704328596e+02 1.178535120729667506e+04 1.273446781979349362e+04 1.259898768714887228e+04 8.376660425575974500e+01
3.865867972898736298e+02 1.176407389475509444e+04 1.273634592404409159e+04 1.259914944301623655e+04 8.319446814515748656e+01
3.875868278093143999e+02 1.173939826662532869e+04 1.274386580966256406e+04 1.259988021565708368e+04 8.685205256650850458e+01
3.885868583287556248e+02 1.171180837928745859e+04 1.274003047875475568e+04 1.260971531352988677e+04 9.302359107594256216e+01
3.895868888481963950e+02 1.170047178311001881e+04 1.271258679621265037e+04 1.264175627961667124e+04 1.055599298531790282e+02
3.905869193676371651e+02 1.167685249502671650e+04 1.273142702609728440e+04 1.261700984930171398e+04 1.139042055238427764e+02
3.915869498870779353e+02 1.165890155808522650e+04 1.272034736219644401e+04 1.264062086145455396e+04 1.212964009184600087e+02
3.925869804065187054e+02 1.163513101564642056e+04 1.273134773522564319e+04 1.263154894425227394e+04 1.184007374731186530e+02
3.935870109259599303e+02 1.161778530833929653e+04 1.273902625874240221e+04 1.264131092506165078e+04 1.248402107037556448e+02
3.945870414454007005e+02 1.160561657446767640e+04 1.273454868300535963e+04 1.265013642752609485e+04 1.313934585704460289e+02
3.955870719648414706e+02 1.160123598094466433e+04 1.274622505002376420e+04 1.263847641644600844e+04 1.271251177812142714e+02
3.965871024842826955e+02 1.162047032515169667e+04 1.272986664688331257e+04 1.265678189300555823e+04 1.273568393248901316e+02
3.975871330037234657e+02 1.162288699944211839e+04 1.272822882991297956e+04 1.266443132513031378e+04 1.447313549035363849e+02
3.985871635231642358e+02 1.162481669943258021e+04 1.273214524865267776e+04 1.265427021385033186e+04 1.575713066728996239e+02
3.995871940426050060e+02 1.163252817806820713e+04 1.272802633495326518e+04 1.265694552512726295e+04 1.675169857541101806e+02
4.005872245620457761e+02 1.165206471266771405e+04 1.271418345156194482e+04 1.267804491498107382e+04 1.812330610608295558e+02
4.015872550814870010e+02 1.165897753010805172e+04 1.271367070018170307e+04 1.267500060701550319e+04 1.919023618047450555e+02
4.025872856009277712e+02 1.166362689057774514e+04 1.271337953646397546e+04 1.268125359419886263e+04 2.019598363675527821e+02
4.035873161203685413e+02 1.166858003303257647e+04 1.269122638571319840e+04 1.270590115159525158e+04 2.125179835177978589e+02
4.045873466398097662e+02 1.168498463160160100e+04 1.270435542663977139e+04 1.269141237437496420e+04 2.313808767401996249e+02
4.055873771592505364e+02 1.170625881401095467e+04 1.270794670788175608e+04 1.271744892855154649e+04 2.571016471439695010e+02
4.065874076786913065e+02 1.171577765221480877e+04 1.271082246200874761e+04 1.271830876474912839e+04 2.857580385168838575e+02
4.075874381981320766e+02 1.172420831851905677e+04 1.269382501487452282e+04 1.274336756298510409e+04 3.113930099003287637e+02
4.085874687175728468e+02 1.173418256443517384e+04 1.270375979046735847e+04 1.273132894651987044e+04 3.354481881002842556e+02
4.095874992370140717e+02 1.173822441398768387e+04 1.270980948181509848e+04 1.272937224065861119e+04 3.816323992864366801e+02
4.105875297564548418e+02 1.174961125143999561e+04 1.268034680210671468e+04 1.275887668143410701e+04 4.273568047501738647e+02
4.115875602758956120e+02 1.177481788793323176e+04 1.268667221454491118e+04 1.275126170416193418e+04 4.791066657280096592e+02
4.125875907953368369e+02 1.179976440513323723e+04 1.269041955055479775e+04 1.275086723589910434e+04 5.419425196993740883e+02
4.135876213147776070e+02 1.183335831050427259e+04 1.266504849321181973e+04 1.276665477912226015e+04 6.100368265959975815e+02
4.145876518342183772e+02 1.185473859909076418e+04 1.264879212372134498e+04 1.276057611302477926e+04 6.902920748106016617e+02
4.155876823536591473e+02 1.187216775890619283e+04 1.265599085884769556e+04 1.276232421351614357e+04 7.802502079959059529e+02
4.165877128730999175e+02 1.189624595620559921e+04 1.264880880175880156e+04 1.278284924211437283e+04 8.639660880178689695e+02
4.175877433925411424e+02 1.192646929275378352e+04 1.263612293615725685e+04 1.280770477946255050e+04 9.602585852848850436e+02
4.185877739119819125e+02 1.194411209735687771e+04 1.265214974397404694e+04 1.279191877135658797e+04 1.061655803317285290e+03
4.195878044314226827e+02 1.195750190111496158e+04 1.264561116712457078e+04 1.278747472079045110e+04 1.173000947038659660e+03
4.205878349508639076e+02 1.198853435031688787e+04 1.262898855467034991e+04 1.280117006984587533e+04 1.288681080912989728e+03
4.215878654703046777e+02 1.202023638254961043e+04 1.263423517324524437e+04 1.280293210010437360e+04 1.406267889400433432e+03
4.225878959897454479e+02 1.204483195356872784e+04 1.263705634470422410e+04 1.279476328666208792e+04 1.531067539095988195e+03
4.235879265091862180e+02 1.206686750085211315e+04 1.262422683459160908e+04 1.280347428075504831e+04 1.664429010980700923e+03
4.245879570286269882e+02 1.208768006833784420e+04 1.262887776083908830e+04 1.280889949863333823e+04 1.805158233027925462e+03
4.255879875480682131e+02 1.210347848231689750e+04 1.263450847967034861e+04 1.281339312779924148e+04 1.961199852179690652e+03
4.265880180675089832e+02 1.211927700240211925e+04 1.263001877445152422e+04 1.282259638280595573e+04 2.123635744953431185e+03
4.275880485869497534e+02 1.213681396609352305e+04 1.263325863765193935e+04 1.283279030010895258e+04 2.282775971118493544e+03
4.285880791063909783e+02 1.216120077320913697e+04 1.265631644558547305e+04 1.283322957105139176e+04 2.437529000245539919e+03
4.295881096258317484e+02 1.218180892714461515e+04 1.265869966413518705e+04 1.283377527678599654e+04 2.605532254512139843e+03
4.305881401452725186e+02 1.219070417934544639e+04 1.265215041783414563e+04 1.283848979225935182e+04 2.782557725087563540e+03
4.315881706647132887e+02 1.220645261731506434e+04 1.265739933876437681e+04 1.283180498229475597e+04 2.952985229603659263e+03
4.325882011841540589e+02 1.222465369956914765e+04 1.266362350372271976e+04 1.282424299499389417e+04 3.122123502207100955e+03
4.335882317035952838e+02 1.225154774259737314e+04 1.266275748118563934e+04 1.282314714874168203e+04 3.289199816808421474e+03
4.345882622230360539e+02 1.226422758992425042e+04 1.266470566688651706e+04 1.282221561688548900e+04 3.452203619930541663e+03
4.355882927424768241e+02 1.227312464593009099e+04 1.266286563573150852e+04 1.282944925967526979e+04 3.620053355999923042e+03
4.365883232619180490e+02 1.229475290465255421e+04 1.266503057976419586e+04 1.283996930409784545e+04 3.794090249851842600e+03
4.375883537813588191e+02 1.231862965937467197e+04 1.266486806717034779e+04 1.284325405690105072e+04 3.978073999579435622e+03
4.385883843007995893e+02 1.234168960874520599e+04 1.266188971784330170e+04 1.283169479499389490e+04 4.151749082599923895e+03
4.395884148202403594e+02 1.236807285663669063e+04 1.265290822967034728e+04 1.282731004543642848e+04 4.329907485376410477e+03
4.405884453396811296e+02 1.239731800033785657e+04 1.264998552995646787e+04 1.282490207197613199e+04 4.494765381791885375e+03
4.415884758591223544e+02 1.242410922648043743e+04 1.265074266793257266e+04 1.283504117990966188e+04 4.653077251579981748e+03
4.425885063785631246e+02 1.244256231090521942e+04 1.264522263062255661e+04 1.284643351203595012e+04 4.819384744909940309e+03
4.435885368980038947e+02 1.245202374566724211e+04 1.264229965013363289e+04 1.285005257925043952e+04 4.988879318806645642e+03
4.445885674174451196e+02 1.246239965651690545e+04 1.263916620067382974e+04 1.284966430831257640e+04 5.150440746253597354e+03
4.455885979368858898e+02 1.247390793248895170e+04 1.264581624521466256e+04 1.285301251262650112e+04 5.315818304441181681e+03
4.465886284563266599e+02 1.248893723584303552e+04 1.264262529302641815e+04 1.284763579308032604e+04 5.481240259877437893e+03
4.475886589757674301e+02 1.249921345993927935e+04 1.263618532437141221e+04 1.284457027775499046e+04 5.635424469314795715e+03
4.485886894952082002e+02 1.250969961510697976e+04 1.263634845467034756e+04 1.284775496365958315e+04 5.780590099808277955e+03
4.495887200146494251e+02 1.252969107994095975e+04 1.264051813249721090e+04 1.286063073070164137e+04 5.924469333394209571e+03
4.505887505340901953e+02 1.254661220338026942e+04 1.263986510590638500e+04 1.286709084499389428e+04 6.077480118200090146e+03
4.515887810535309654e+02 1.256389849122818850e+04 1.264511840692726037e+04 1.286851850398492206e+04 6.233727034508898214e+03
4.525888115729721903e+02 1.258634318393061585e+04 1.264462834217034651e+04 1.287454264499389501e+04 6.389719816687123057e+03
4.535888420924129605e+02 1.259839727007783767e+04 1.264689790298338630e+04 1.287690212012207667e+04 6.537611919665038840e+03
4.545888726118537306e+02 1.260562066029864582e+04 1.264078486878635158e+04 1.287388038406488340e+04 6.686710130068338003e+03
4.555889031312945008e+02 1.263011261863579057e+04 1.263385416151433310e+04 1.286988526999389433e+04 6.851154918108512902e+03
4.565889336507352709e+02 1.265265333742851726e+04 1.263332304744639623e+04 1.287042278843679560e+04 7.006524373613439820e+03
4.575889641701764958e+02 1.265781004458418647e+04 1.265059997805663625e+04 1.284603824778642229e+04 7.158543976470111375e+03
4.585889946896172660e+02 1.267239471000298909e+04 1.264963326958977814e+04 1.285862910844838916e+04 7.300611588347498582e+03
4.595890252090580361e+02 1.268531414507783666e+04 1.263870455035107989e+04 1.287029417972960073e+04 7.443926923384563452e+03
4.605890557284992610e+02 1.268639780746491851e+04 1.266897642372821247e+04 1.284925289690441969e+04 7.582644629123028608e+03
4.615890862479400312e+02 1.269984029293995081e+04 1.265773559495372137e+04 1.287195153773789752e+04 7.724207556613400811e+03
4.625891167673808013e+02 1.270552026270815441e+04 1.267682790467034829e+04 1.285504631548464749e+04 7.863549551856928701e+03
4.635891472868215715e+02 1.272265471261659513e+04 1.266463985321686050e+04 1.286971919305590927e+04 8.003862990995808104e+03
4.645891778062623416e+02 1.273178419420345563e+04 1.267192927868151128e+04 1.284733388669871965e+04 8.134441343786031211e+03
4.655892083257035665e+02 1.273671765396243063e+04 1.267745403301222359e+04 1.284559721430202262e+04 8.269245030874062650e+03
4.665892388451443367e+02 1.275726808613754838e+04 1.266411227691444219e+04 1.287673809000701840e+04 8.397288621709059953e+03
4.675892693645851068e+02 1.277142376428219541e+04 1.266437530697303919e+04 1.286872113945461751e+04 8.518633898004596631e+03
4.685892998840263317e+02 1.277965007008928296e+04 1.266200966494090608e+04 1.285847451646126683e+04 8.637569099075870326e+03
4.695893304034671019e+02 1.279014280383996993e+04 1.266756182291563164e+04 1.286033939957181428e+04 8.760666782918100580e+03
4.705893609229078720e+02 1.280681282701109194e+04 1.266099236081162053e+04 1.288541912088658864e+04 8.874624143071903745e+03
4.715893914423486422e+02 1.281568945757783695e+04 1.268859254736170260e+04 1.284739443854361343e+04 8.971900654539571406e+03
4.725894219617894123e+02 1.282050163797634377e+04 1.268047073620990886e+04 1.285917686100591163e+04 9.073872308781001266e+03
4.735894524812306372e+02 1.282121546728302019e+04 1.266335727282865446e+04 1.286016883099462757e+04 9.178943532867740942e+03
4.745894830006714074e+02 1.283006281254487658e+04 1.266729873670202687e+04 1.285691335913049988e+04 9.293276664915429137e+03
4.755895135201121775e+02 1.283133449507783735e+04 1.266135281980951549e+04 1.286609028972013584e+04 9.389547070539390916e+03
4.765895440395534024e+02 1.283077664185155118e+04 1.266887753475870159e+04 1.284803031819935131e+04 9.475273824982286897e+03
4.775895745589941725e+02 1.283527830252267449e+04 1.266378326472116350e+04 1.286260034291857119e+04 9.559404792534009175e+03
4.785896050784349427e+02 1.283915701382783845e+04 1.267713125402486003e+04 1.285617690087041410e+04 9.642907565762343438e+03
4.795896355978757128e+02 1.283900119690671636e+04 1.268888309337434112e+04 1.285142275663095643e+04 9.720498925565942045e+03
4.805896661173164830e+02 1.283670537755204714e+04 1.267758290875613784e+04 1.286140573746016889e+04 9.805101306313506939e+03
4.815896966367577079e+02 1.283828784507783712e+04 1.268284294837800371e+04 1.285940081754776111e+04 9.887817499371125450e+03
4.825897271561984780e+02 1.284301232872094442e+04 1.268326781717034828e+04 1.285092145558261473e+04 9.955477729553318568e+03
4.835897576756392482e+02 1.285810068016260266e+04 1.268744322280805136e+04 1.284929741530305546e+04 1.000599233069550428e+04
4.845897881950804731e+02 1.287265367288753441e+04 1.269319978501277910e+04 1.285060965622351796e+04 1.006055205609837867e+04
4.855898187145212432e+02 1.287613050704679881e+04 1.271695475737361085e+04 1.282653543667124177e+04 1.012612187124669617e+04
4.865898492339620134e+02 1.287795723099235329e+04 1.273268843604738504e+04 1.282364628925471152e+04 1.018023067037688634e+04
4.875898797534027835e+02 1.287945125901949905e+04 1.273094179067108234e+04 1.282729912904748744e+04 1.023748932057372804e+04
4.885899102728435537e+02 1.288379720887567601e+04 1.273511798247889965e+04 1.281772266999389467e+04 1.030038032341661346e+04
4.895899407922847786e+02 1.288183371406779588e+04 1.273436359609820101e+04 1.281738755959591981e+04 1.033862512974559468e+04
4.905899713117255487e+02 1.287416733055745135e+04 1.273997595224176257e+04 1.282135515526979179e+04 1.037860431726848037e+04
4.915900018311663189e+02 1.286634459959509695e+04 1.274347182612475081e+04 1.281621364979155442e+04 1.042976647635335212e+04
4.925900323506075438e+02 1.286380675205038642e+04 1.274900994534741949e+04 1.280620951845876516e+04 1.046194693945764811e+04
4.935900628700483139e+02 1.286554519565656119e+04 1.274549554031171465e+04 1.280991796360770240e+04 1.051563348330950430e+04
4.945900933894890841e+02 1.287044708882783743e+04 1.273938705467034742e+04 1.282187652655404781e+04 1.056981021557923123e+04
4.955901239089298542e+02 1.287123041768053372e+04 1.274649027012768056e+04 1.281459245232161265e+04 1.062517909421180048e+04
4.965901544283706244e+02 1.288252987669597678e+04 1.275101512838166491e+04 1.281500448914789195e+04 1.067991603417471379e+04
4.975901849478118493e+02 1.288238721694081869e+04 1.274665665741709927e+04 1.282441100504242058e+04 1.073002688780730750e+04
4.985902154672526194e+02 1.287068895785861605e+04 1.276161871012264601e+04 1.281697347594671191e+04 1.078602834699746745e+04
4.995902459866933896e+02 1.286728416979362555e+04 1.278421065610781261e+04 1.280645411379844518e+04 1.084570664724695780e+04
5.005902765061346145e+02 1.286926405800587054e+04 1.278279257368472281e+04 1.282178493122810141e+04 1.088827151983440854e+04
5.015903070255753846e+02 1.286491810814969540e+04 1.279474028170294514e+04 1.280825202031434674e+04 1.085495598490260636e+04
5.025903375450161548e+02 1.286302262740135848e+04 1.280772124187278314e+04 1.280103441097082214e+04 1.083701072397055032e+04
5.035903680644569249e+02 1.284999528234436730e+04 1.279676977985575650e+04 1.281001279973661440e+04 1.092034970879474895e+04
5.045903985838976951e+02 1.282999389658282962e+04 1.278421177920797709e+04 1.281087599044955459e+04 1.098815666386020894e+04
5.055904291033389200e+02 1.282951297033496485e+04 1.279358798093385303e+04 1.278596336948422140e+04 1.103891138457987654e+04
5.065904596227796901e+02 1.284105260068235111e+04 1.276741643394841049e+04 1.281534494402795463e+04 1.108838842736965307e+04
5.075904901422204603e+02 1.283015873252901110e+04 1.276204526356523638e+04 1.280054755139535155e+04 1.112559642421546414e+04
5.085905206616616852e+02 1.281868663876336905e+04 1.276540833085373379e+04 1.278841341652689152e+04 1.116479101072207050e+04
5.095905511811024553e+02 1.283204625531405691e+04 1.275091949640263374e+04 1.279182473121436306e+04 1.120638042761457473e+04
5.105905817005432255e+02 1.282888445039470571e+04 1.276306004071914867e+04 1.277977525521638199e+04 1.125083352053711315e+04
5.115906122199839956e+02 1.283164952431775237e+04 1.276046040076767531e+04 1.280214384585301923e+04 1.128111827461374742e+04
5.125906427394247658e+02 1.283275769723174926e+04 1.276882665467034712e+04 1.278503934264542659e+04 1.130994551515804778e+04
5.135906732588659906e+02 1.283236128455397011e+04 1.276079940855242057e+04 1.278850427272233355e+04 1.136946109681664529e+04
5.145907037783067608e+02 1.282833476734406031e+04 1.276639632206871829e+04 1.279630295235213271e+04 1.141869646879979337e+04
5.155907342977475309e+02 1.281490082341628295e+04 1.278739335350984584e+04 1.277106619423396296e+04 1.146617927276426235e+04
5.165907648171887558e+02 1.280976305621323809e+04 1.278521942467584086e+04 1.277114596347189399e+04 1.152075381508024657e+04
5.175907953366295260e+02 1.281031661213934967e+04 1.277877945602083309e+04 1.279087904216626703e+04 1.156337747390417280e+04
5.185908258560702961e+02 1.280636622611153325e+04 1.277752517775678098e+04 1.278613797485106443e+04 1.160823115838732338e+04
5.195908563755110663e+02 1.280265192632783692e+04 1.277058357641316252e+04 1.277995588733961995e+04 1.164424246216410029e+04
5.205908868949518364e+02 1.280454825592559246e+04 1.276405948755580903e+04 1.277631424821674409e+04 1.168248379160009790e+04
5.215909174143930613e+02 1.280541747772868075e+04 1.276506314601808663e+04 1.277385857241103258e+04 1.171196153207346470e+04
5.225909479338338315e+02 1.280423216562390735e+04 1.277175395909490362e+04 1.276877767563388625e+04 1.173825251292404027e+04
5.235909784532746016e+02 1.280502286885591639e+04 1.277217180851122066e+04 1.276801693977964533e+04 1.176597725745342723e+04
5.245910089727158265e+02 1.281047444507783803e+04 1.277694110951607581e+04 1.278156469015961557e+04 1.179202983042770757e+04
5.255910394921565967e+02 1.281134361382783754e+04 1.279458894395573770e+04 1.278029406797198135e+04 1.182294069269194188e+04
5.265910700115973668e+02 1.280541466591498647e+04 1.281541414107164746e+04 1.277478834172526331e+04 1.184516911132634596e+04
5.275911005310381370e+02 1.279261597966971749e+04 1.282528113756954008e+04 1.277004772925959696e+04 1.188110349553253036e+04
5.285911310504789071e+02 1.278787605757783786e+04 1.283623950665258235e+04 1.276488097963193468e+04 1.193663792776104674e+04
5.295911615699201320e+02 1.278582078092673692e+04 1.284292885969918825e+04 1.276327513333394381e+04 1.201137085361943173e+04
5.305911920893609022e+02 1.278914423860695206e+04 1.284568899066421363e+04 1.276318746108527012e+04 1.208513463568085899e+04
5.315912226088016723e+02 1.279648545973747241e+04 1.286351096178442640e+04 1.275903974499389369e+04 1.211571883047805932e+04
5.325912531282428972e+02 1.278344761016893608e+04 1.288466460954354261e+04 1.275997121999389492e+04 1.209215844089278471e+04
5.335912836476836674e+02 1.277649394185040546e+04 1.289536882105928817e+04 1.276285451122260929e+04 1.195980810297393873e+04
5.345913141671244375e+02 1.276907181475982543e+04 1.289344090731638244e+04 1.277589550235976276e+04 1.200389259175117513e+04
5.355913446865652077e+02 1.276898836225150990e+04 1.289236149574798765e+04 1.277528685682018113e+04 1.207733879975794662e+04
5.365913752060059778e+02 1.276148331318349483e+04 1.290380790800765317e+04 1.276193361147438372e+04 1.212465375002804103e+04
5.375914057254472027e+02 1.276267016382783731e+04 1.288431959317290966e+04 1.279587812288256100e+04 1.216353413239163092e+04
5.385914362448879729e+02 1.276132415391779432e+04 1.288366752121722493e+04 1.278248615846975372e+04 1.219762731455377798e+04
5.395914667643287430e+02 1.275500664518427584e+04 1.289068010249126019e+04 1.278283781401971464e+04 1.223037333441735245e+04
5.405914972837699679e+02 1.275626787625878751e+04 1.289889350246150752e+04 1.277402254566989723e+04 1.226192250073992182e+04
5.415915278032107381e+02 1.275706330121567771e+04 1.290983109419149696e+04 1.277810186376182719e+04 1.229234873761503331e+04
5.425915583226515082e+02 1.276211931360924063e+04 1.291269477499171808e+04 1.278027979706769111e+04 1.231130786053665543e+04
5.435915888420922784e+02 1.276196020739662708e+04 1.293384145952980543e+04 1.276472087259414911e+04 1.233274836173377662e+04
5.445916193615330485e+02 1.276559620082159563e+04 1.292646729615771801e+04 1.278055628873130263e+04 1.236253110595644648e+04
5.455916498809742734e+02 1.276479971480293352e+04 1.292054777211907640e+04 1.278316513511932862e+04 1.237113422293594158e+04
5.465916804004150436e+02 1.276314827826200781e+04 1.292974792789411549e+04 1.277173880298998847e+04 1.238508303610889379e+04
5.475917109198558137e+02 1.277144922976470662e+04 1.293718436717034820e+04 1.278023203786607701e+04 1.240899357556137329e+04
5.485917414392970386e+02 1.277799624615936955e+04 1.293241562771557801e+04 1.279934100613654118e+04 1.243367673412208205e+04
5.495917719587378087e+02 1.277420040377854639e+04 1.293241557156056842e+04 1.278671870400018088e+04 1.245145349947183604e+04
5.505918024781785789e+02 1.276852351108948096e+04 1.293451790275906751e+04 1.278386583083440019e+04 1.247670718942330677e+04
5.515918329976193490e+02 1.278046146402583145e+04 1.293968152423178617e+04 1.279757238055972448e+04 1.250723660978358384e+04
5.525918635170601192e+02 1.278684719903125006e+04 1.293016252031995464e+04 1.279705908285478836e+04 1.255193110605944275e+04
5.535918940365013441e+02 1.278478932277880631e+04 1.293568255762997069e+04 1.279494937697979549e+04 1.258680584027022451e+04
5.545919245559421142e+02 1.278298063688336879e+04 1.293643351855516812e+04 1.281181212765732562e+04 1.260664001691598241e+04
5.555919550753828844e+02 1.278407968466613238e+04 1.294388865744914256e+04 1.281194107750168041e+04 1.261354041917289578e+04
5.565919855948241093e+02 1.278092270757783808e+04 1.294921793619616437e+04 1.279799033043001691e+04 1.259048230689491538e+04
5.575920161142648794e+02 1.278503920282596118e+04 1.293909779292112580e+04 1.279901880209424417e+04 1.254627158015760142e+04
5.585920466337056496e+02 1.278842521009759912e+04 1.293309252018490588e+04 1.280289315361258377e+04 1.251043219536544348e+04
5.595920771531464197e+02 1.278391919907321426e+04 1.294171141546965009e+04 1.279112676459653267e+04 1.248806127760999698e+04
5.605921076725871899e+02 1.277577629272135709e+04 1.294989471635548034e+04 1.279580853090306482e+04 1.247899771302017507e+04
5.615921381920284148e+02 1.277390102519976426e+04 1.294563378664022639e+04 1.280568672576969766e+04 1.248713888465083073e+04
5.625921687114691849e+02 1.278481197644762506e+04 1.295006419217034818e+04 1.279519556429286422e+04 1.250268321726161594e+04
5.635921992309099551e+02 1.279363969206671391e+04 1.294393745615130683e+04 1.279367608255111736e+04 1.252339276857547520e+04
5.645922297503511800e+02 1.279167338544513950e+04 1.292461721325622602e+04 1.279798987558047884e+04 1.254043510714900185e+04
5.655922602697919501e+02 1.278952128690740028e+04 1.291704319420981119e+04 1.278730005856741445e+04 1.254887545204691196e+04
5.665922907892327203e+02 1.278385107890749350e+04 1.292832411766018413e+04 1.277946038562289868e+04 1.255643924548217910e+04
5.675923213086734904e+02 1.279160696297825234e+04 1.292672476687049493e+04 1.278860342992186816e+04 1.256072657545608490e+04
5.685923518281142606e+02 1.279576505184781490e+04 1.292992402999995466e+04 1.278967761396478090e+04 1.255283937748410426e+04
5.695923823475554855e+02 1.278668570542965062e+04 1.294188420443000905e+04 1.278267082738264980e+04 1.255325820936013406e+04
5.705924128669962556e+02 1.278700688882783652e+04 1.294410395575073562e+04 1.279225933994903062e+04 1.255666834598346213e+04
5.715924433864370258e+02 1.278581632446729600e+04 1.293166444217034768e+04 1.280485423740065744e+04 1.255819272284209364e+04
5.725924739058782507e+02 1.278336946296947826e+04 1.293585484119525245e+04 1.280085394941615959e+04 1.256351686229915322e+04
5.735925044253190208e+02 1.277886276225494294e+04 1.293885413634037286e+04 1.279605659447048674e+04 1.255835517397970762e+04
5.745925349447597910e+02 1.277570769507783734e+04 1.294004591408025408e+04 1.280171520701855479e+04 1.256614566083650971e+04
5.755925654642005611e+02 1.277918437007783723e+04 1.294914420467034688e+04 1.279926561482542638e+04 1.256001119135518638e+04
5.765925959836413313e+02 1.277847616439855119e+04 1.294587311928534837e+04 1.279961067505706887e+04 1.255754436253949461e+04
5.775926265030825562e+02 1.278108372370164034e+04 1.293967130402028306e+04 1.281241025480131793e+04 1.255611632236141486e+04
5.785926570225233263e+02 1.277973140047405650e+04 1.293698170374560868e+04 1.280733640819202810e+04 1.255962172585207372e+04
5.795926875419640965e+02 1.278362777845771052e+04 1.295445759155004271e+04 1.280510025414514166e+04 1.255569315774183815e+04
5.805927180614053214e+02 1.277953542236488283e+04 1.293578919599062283e+04 1.282451431274399329e+04 1.254079504580720823e+04
5.815927485808460915e+02 1.276267016382783731e+04 1.295844802259060089e+04 1.278988366080601736e+04 1.253787600694299363e+04
5.825927791002868616e+02 1.276598555743859288e+04 1.295616268222024701e+04 1.281254676651925547e+04 1.253569888354755130e+04
5.835928096197276318e+02 1.276434600478950233e+04 1.296328555193046668e+04 1.279919909308032402e+04 1.252654684540435483e+04
5.845928401391684019e+02 1.277087768884157413e+04 1.295892242010021437e+04 1.282096927229200446e+04 1.252232771602329012e+04
5.855928706586096268e+02 1.276430902678677194e+04 1.296298371876117562e+04 1.281640497087895528e+04 1.252210235986828047e+04
5.865929011780503970e+02 1.275826261933583191e+04 1.297680913794493244e+04 1.281048476298968308e+04 1.252281597877736203e+04
5.875929316974911671e+02 1.276836981629190086e+04 1.296243104117007533e+04 1.282372361367637131e+04 1.252895039476802231e+04
5.885929622169323920e+02 1.276826954595450661e+04 1.296707236491114963e+04 1.281336958933558708e+04 1.252615850320512436e+04
5.895929927363731622e+02 1.276392354304524088e+04 1.297841270036023889e+04 1.280537498326679815e+04 1.252823715029356936e+04
5.905930232558139323e+02 1.275887007719993017e+04 1.296807883112383752e+04 1.281451666301714977e+04 1.252917473460047222e+04
5.915930537752547025e+02 1.275707125917896337e+04 1.295064174643009937e+04 1.281126704734084160e+04 1.252424273517957772e+04
5.925930842946954726e+02 1.276109363824796856e+04 1.295074928327087764e+04 1.280340372222028964e+04 1.252281629972132941e+04
5.935931148141366975e+02 1.276044623140817748e+04 1.295380748501964081e+04 1.280700124093786144e+04 1.253288532826692608e+04
5.945931453335774677e+02 1.275626214652522322e+04 1.294219013691490181e+04 1.282051709499389290e+04 1.253930356570512231e+04
5.955931758530182378e+02 1.275278536541904577e+04 1.294557291461128989e+04 1.281668117826161142e+04 1.254170946865787846e+04
5.965932063724594627e+02 1.274740822268038210e+04 1.294650924321868843e+04 1.280869191667490850e+04 1.255238909309937480e+04
5.975932368919002329e+02 1.274322429695668870e+04 1.292712672441947871e+04 1.282400630266495682e+04 1.255890981864414425e+04
5.985932674113410030e+02 1.273871621686185063e+04 1.292683095599107583e+04 1.282430570737410562e+04 1.256306914546615553e+04
5.995932979307817732e+02 1.273691946791133705e+04 1.293241276381015814e+04 1.281824409813434249e+04 1.257205509510678894e+04
6.005933284502225433e+02 1.273713979738815942e+04 1.292746932612475211e+04 1.282476459370292105e+04 1.257364430264661678e+04
6.015933589696637682e+02 1.273833343882783629e+04 1.292010925765972752e+04 1.283297411617896432e+04 1.258092411416236791e+04
6.025933894891045384e+02 1.272736895701361027e+04 1.292981385387378941e+04 1.282122376060916758e+04 1.259237485997357180e+04
6.035934200085453085e+02 1.271106441656962852e+04 1.293794217900655349e+04 1.282679225609228342e+04 1.259883685277251061e+04
6.045934505279865334e+02 1.270845680421344878e+04 1.292073628448174168e+04 1.284026109007720697e+04 1.260448011751339982e+04
6.055934810474273036e+02 1.270563002954840340e+04 1.293235245333130842e+04 1.281620802102850394e+04 1.260590521570512283e+04
6.065935115668680737e+02 1.270813148267435463e+04 1.293637674584183696e+04 1.282465184787340513e+04 1.261351463667426651e+04
6.075935420863088439e+02 1.270437972741013255e+04 1.294282311616778679e+04 1.282464547997985210e+04 1.262480014983348701e+04
6.085935726057496140e+02 1.271073856449964842e+04 1.292597234591508277e+04 1.284328100673624976e+04 1.262923832347155985e+04
6.095936031251908389e+02 1.270253480625520024e+04 1.293396224895253181e+04 1.282605073763107794e+04 1.262808570670723202e+04
6.105936336446316091e+02 1.270508692508073545e+04 1.293362155651753710e+04 1.282569430616095633e+04 1.264539293103427553e+04
6.115936641640723792e+02 1.270948805014902428e+04 1.292372923411092597e+04 1.285370121168497826e+04 1.266418045591524969e+04
6.125936946835136041e+02 1.270242657795452214e+04 1.293045604254802856e+04 1.284037008339802924e+04 1.266489455624027869e+04
6.135937252029543743e+02 1.269710211693281053e+04 1.294092204451881662e+04 1.283367390219495792e+04 1.265322744070512272e+04
6.145937557223951444e+02 1.269786273906360111e+04 1.293591936329972123e+04 1.284357114388603986e+04 1.265361080827287515e+04
6.155937862418359146e+02 1.269248453526316734e+04 1.293160727637195851e+04 1.284409444828083906e+04 1.265246102651358160e+04
6.165938167612766847e+02 1.268998615921634882e+04 1.294356739464699785e+04 1.283000662092931634e+04 1.266368930466547681e+04
6.175938472807179096e+02 1.268900743583845724e+04 1.294534818226831521e+04 1.284333968232680309e+04 1.266933048327058714e+04
6.185938778001586797e+02 1.268286983012826931e+04 1.293442440467034612e+04 1.284595586316364461e+04 1.267146599093173063e+04
6.195939083195994499e+02 1.268547738943135846e+04 1.294224662885318867e+04 1.282948195198589929e+04 1.266850774341296164e+04
6.205939388390406748e+02 1.269319459780055877e+04 1.295103994159352987e+04 1.283752073531618407e+04 1.266549616570512262e+04
6.215939693584814449e+02 1.270807588303753619e+04 1.294379718094071904e+04 1.285073058934474648e+04 1.266292000197824200e+04
6.225939998779222151e+02 1.270829149078947376e+04 1.294489018202111038e+04 1.283698930048586953e+04 1.265481536446908649e+04
6.235940303973629852e+02 1.270014189974845794e+04 1.294356110528608042e+04 1.283996685928157058e+04 1.265706240015852018e+04
6.245940609168037554e+02 1.269449636143473253e+04 1.292654529546415870e+04 1.285306339891869175e+04 1.265536187855304524e+04
6.255940914362449803e+02 1.270215547667194369e+04 1.292407705823196738e+04 1.285672436914698119e+04 1.265202127978908175e+04
6.265941219556857504e+02 1.270253390435269466e+04 1.293402396330658485e+04 1.285009419798327508e+04 1.264572184510907755e+04
6.275941524751265206e+02 1.269889350752137580e+04 1.293574466506908539e+04 1.286453828623633854e+04 1.264808319034117631e+04
6.285941829945677455e+02 1.269612217333388071e+04 1.293265069258007497e+04 1.286992654758956633e+04 1.265377363384511409e+04
6.295942135140085156e+02 1.269553010086546965e+04 1.294965061053465433e+04 1.284894780657602678e+04 1.264835037619312970e+04
6.305942440334492858e+02 1.270405817264032521e+04 1.291843780383945523e+04 1.288600314769486795e+04 1.264605156154379802e+04
6.315942745528900559e+02 1.270323892684666862e+04 1.293518637197715543e+04 1.285287412465421585e+04 1.264429883305313706e+04
6.325943050723308261e+02 1.270459979162150921e+04 1.293912912741572654e+04 1.285382146253189057e+04 1.264512521027571347e+04
6.335943355917720510e+02 1.270199233842459944e+04 1.293862508006175995e+04 1.285266170991942818e+04 1.265405413887167015e+04
6.345943661112128211e+02 1.270807657272769029e+04 1.292699453553007879e+04 1.287688051476896544e+04 1.266194144382497325e+04
6.355943966306535913e+02 1.270622289781314248e+04 1.292598986627765044e+04 1.287615827055698173e+04 1.266675250086123378e+04
6.365944271500948162e+02 1.269835167632783850e+04 1.294004686871539161e+04 1.286693511588293222e+04 1.266078347799453877e+04
6.375944576695355863e+02 1.269818747701872235e+04 1.292286315541883596e+04 1.289719835940212397e+04 1.266073480149298302e+04
6.385944881889763565e+02 1.269644908646563272e+04 1.292534767760341856e+04 1.289513777727735942e+04 1.266720053863819521e+04
6.395945187084171266e+02 1.269623708632371563e+04 1.293293225379138858e+04 1.287937610362174019e+04 1.267475652243694640e+04
6.405945492278578968e+02 1.270368367088812738e+04 1.293390250002376524e+04 1.289284368677042403e+04 1.267880694227305867e+04
6.415945797472991217e+02 1.270828846676342619e+04 1.293270858839356879e+04 1.291406747797320168e+04 1.267880699576371990e+04
6.425946102667398918e+02 1.270596288462607299e+04 1.294650873782361668e+04 1.289495924883324005e+04 1.268456253740215652e+04
6.435946407861806620e+02 1.271481930196607573e+04 1.294372288786482204e+04 1.289249345262527822e+04 1.268882552912528445e+04
6.445946713056218869e+02 1.272095006382783868e+04 1.292843092448585412e+04 1.291192837744674398e+04 1.268148286608280068e+04
6.455947018250626570e+02 1.272181923257783819e+04 1.292311282058547476e+04 1.291610617046389416e+04 1.267672257168388023e+04
6.465947323445034272e+02 1.271991621829092401e+04 1.294064155025265973e+04 1.291809642147866725e+04 1.268084584580034243e+04
6.475947628639441973e+02 1.271954118600784022e+04 1.293596383806624726e+04 1.292368549890343456e+04 1.269211846771025012e+04
6.485947933833849675e+02 1.272252361843474864e+04 1.292838122730356736e+04 1.292990135899316374e+04 1.269924978915091742e+04
6.495948239028261924e+02 1.271958638723930198e+04 1.292447901578094934e+04 1.292519559937343365e+04 1.270497671328569413e+04
6.505948544222669625e+02 1.271693399807637252e+04 1.292942806896717957e+04 1.292506693381004516e+04 1.269967332820512274e+04
6.515948849417077327e+02 1.271855195811841259e+04 1.293201361401158465e+04 1.292350964270035729e+04 1.270121487556595457e+04
6.525949154611489575e+02 1.271275336164417240e+04 1.293661366382160304e+04 1.291912398344381108e+04 1.270580769070512179e+04
6.535949459805897277e+02 1.271883770205343717e+04 1.293972313509289052e+04 1.291676570229567187e+04 1.270926875043777181e+04
6.545949765000304978e+02 1.272699058238594625e+04 1.294673375094163566e+04 1.293056128881828408e+04 1.271528094026793224e+04
6.555950070194712680e+02 1.272898113426899727e+04 1.294643017696709103e+04 1.293881441999389608e+04 1.271144250392156937e+04
6.565950375389120381e+02 1.272442673882783674e+04 1.293815000869204960e+04 1.293402621889519651e+04 1.270497484111256017e+04
6.575950680583532630e+02 1.272339230970694916e+04 1.292623526366366241e+04 1.292834514815113289e+04 1.269516823775007651e+04
6.585950985777940332e+02 1.272492267909976727e+04 1.290796483864764195e+04 1.293899158388939577e+04 1.268719497330446393e+04
6.595951290972348033e+02 1.273133775246315963e+04 1.290647470934897865e+04 1.293823738649728148e+04 1.270221696961008456e+04
6.605951596166760282e+02 1.273452592476753125e+04 1.289876451440757228e+04 1.293752838977812098e+04 1.271490463346743854e+04
6.615951901361167984e+02 1.273121461624459698e+04 1.289468979469964688e+04 1.294635394909876231e+04 1.271390371621785016e+04
6.625952206555575685e+02 1.273258030885049811e+04 1.289030897404179996e+04 1.295766582971281059e+04 1.271018937820512292e+04
6.635952511749983387e+02 1.273349085900958198e+04 1.288272984488963084e+04 1.294706448093511608e+04 1.270931304070512306e+04
6.645952816944391088e+02 1.272740651860031721e+04 1.287655200781309213e+04 1.293752793492858291e+04 1.270810270751752068e+04
6.655953122138803337e+02 1.272736561466903004e+04 1.286376073926108256e+04 1.293287044621619680e+04 1.270443019920173356e+04
6.665953427333211039e+02 1.272599933847915418e+04 1.286634532967034647e+04 1.293078638248397510e+04 1.269967332820512274e+04
6.675953732527618740e+02 1.272289440647074662e+04 1.286634532967034647e+04 1.293859364739882403e+04 1.270384731146826016e+04
6.685954037722030989e+02 1.271834255757783649e+04 1.285740556466851376e+04 1.294143111253646748e+04 1.270839642473735330e+04
6.695954342916438691e+02 1.271937762333578758e+04 1.284268525927344126e+04 1.293939031636666004e+04 1.271928728379933636e+04
6.705954648110846392e+02 1.272388947019991610e+04 1.283230579217034938e+04 1.293677362382408319e+04 1.271427617169074801e+04
6.715954953305254094e+02 1.271908487639307350e+04 1.282901870260800024e+04 1.293491061696789257e+04 1.270634928364826555e+04
6.725955258499661795e+02 1.271486588257783842e+04 1.282989736002193240e+04 1.293784126940486749e+04 1.270284382666694546e+04
6.735955563694074044e+02 1.271726865695905508e+04 1.283046581717034678e+04 1.294658086216260563e+04 1.270105210348437504e+04
6.745955868888481746e+02 1.272438838144480542e+04 1.282936995218454103e+04 1.295469060202099354e+04 1.270564015795471096e+04
6.755956174082889447e+02 1.272980796665431808e+04 1.282932957673361307e+04 1.294830730044466691e+04 1.270509893944619580e+04
6.765956479277301696e+02 1.272897667780955453e+04 1.284072163094529969e+04 1.294870427037996524e+04 1.270530477150991828e+04
6.775956784471709398e+02 1.272422285580847347e+04 1.285448202262951600e+04 1.293960790501495103e+04 1.269933794176033189e+04
6.785957089666117099e+02 1.273639143052082727e+04 1.286472093374698306e+04 1.294117230314868902e+04 1.269637332885290016e+04
6.795957394860524801e+02 1.273352534351715258e+04 1.287227614086563699e+04 1.293774427274064510e+04 1.269141335381627505e+04
6.805957700054932502e+02 1.272943850494553408e+04 1.288174943460077156e+04 1.295373882936030168e+04 1.269808850689950123e+04
6.815958005249344751e+02 1.273174965664279807e+04 1.287026191687507526e+04 1.296412071323536111e+04 1.270414931974055798e+04
6.825958310443752453e+02 1.272753400517214322e+04 1.289928855294447385e+04 1.293909381132332055e+04 1.272292545111072650e+04
6.835958615638160154e+02 1.273224925757783785e+04 1.288785780793211234e+04 1.296675866999389291e+04 1.272792040903967791e+04
6.845958920832572403e+02 1.273308272159923217e+04 1.290144350138569644e+04 1.296188438861991017e+04 1.272852046727535344e+04
6.855959226026980105e+02 1.274558484107941149e+04 1.290204834697944898e+04 1.297213084104467998e+04 1.274487090414817430e+04
6.865959531221387806e+02 1.275100219805920642e+04 1.291424953870486570e+04 1.296665530543612113e+04 1.274106482965174655e+04
6.875959836415795507e+02 1.276537470417682380e+04 1.292876482216485601e+04 1.296353179679453933e+04 1.273860383131810522e+04
6.885960141610203209e+02 1.277383709622804236e+04 1.291899795004665611e+04 1.296865874708753108e+04 1.273694941866245426e+04
6.895960446804615458e+02 1.276664771303700400e+04 1.292256851009060301e+04 1.295841223780656583e+04 1.275083757342578065e+04
6.905960751999023159e+02 1.277289906456907920e+04 1.294227852489787074e+04 1.295146054487486981e+04 1.275242196680611232e+04
6.915961057193430861e+02 1.278383049430912797e+04 1.294804738504939996e+04 1.296410701089299801e+04 1.275555635907172291e+04
6.925961362387843110e+02 1.278704047143289972e+04 1.295204550932609163e+04 1.296288966295763566e+04 1.276084845762281293e+04
6.935961667582250811e+02 1.277901719979576228e+04 1.296312096160131296e+04 1.295740821430507094e+04 1.275700595598620748e+04
6.945961972776658513e+02 1.278022076216300229e+04 1.296092704158437482e+04 1.296657945927546643e+04 1.274760133494152797e+04
6.955962277971066214e+02 1.278473393535434298e+04 1.295908701042936627e+04 1.297009089771775507e+04 1.273260378386800403e+04
6.965962583165473916e+02 1.278389739425381413e+04 1.295905253125430499e+04 1.296070155239333872e+04 1.273597337457025969e+04
6.975962888359886165e+02 1.278022092132226862e+04 1.296297815941535737e+04 1.294458265128089988e+04 1.273486306891882123e+04
6.985963193554293866e+02 1.278747720445798950e+04 1.295119526634632348e+04 1.295182078570988051e+04 1.274504180681023172e+04
6.995963498748701568e+02 1.279225362707480235e+04 1.295335599875339176e+04 1.295228205999878082e+04 1.275066977322206185e+04
7.005963803943113817e+02 1.278132071184826782e+04 1.295048546704216278e+04 1.294178839684947707e+04 1.275312991570512168e+04
7.015964109137521518e+02 1.277928957435246957e+04 1.293682957982828702e+04 1.294698465484099324e+04 1.274652007471903744e+04
7.025964414331929220e+02 1.279396023882783629e+04 1.293240697984430881e+04 1.295020493272202839e+04 1.273145287880483011e+04
7.035964719526336921e+02 1.279068192932599050e+04 1.293768442751872681e+04 1.293407591120735196e+04 1.271861458524595946e+04
7.045965024720744623e+02 1.278697648940808540e+04 1.294096084762951978e+04 1.292582323488126895e+04 1.271493999079439527e+04
7.055965329915156872e+02 1.279673555199697876e+04 1.292186792020779467e+04 1.295267129749190826e+04 1.271298758166602966e+04
7.065965635109564573e+02 1.279536285638338268e+04 1.294210803829285396e+04 1.292520208097936666e+04 1.271612438101138468e+04
7.075965940303972275e+02 1.279205398830252125e+04 1.293757116286710880e+04 1.294587459454067903e+04 1.272036683232067116e+04
7.085966245498384524e+02 1.278787605757783786e+04 1.294617540169470340e+04 1.293698291146828706e+04 1.271426194317490808e+04
7.095966550692792225e+02 1.279325908920933034e+04 1.294383289552596034e+04 1.293562871067783635e+04 1.270007076381673141e+04
7.105966855887199927e+02 1.278428892604744033e+04 1.295071480409581818e+04 1.292550614789629435e+04 1.268952524046249346e+04
7.115967161081607628e+02 1.276878288763948876e+04 1.296775212128589556e+04 1.291765908364676216e+04 1.269068288534895873e+04
7.125967466276015330e+02 1.276785689903162893e+04 1.295813613767483184e+04 1.294254031999389554e+04 1.270544004939172009e+04
7.135967771470427579e+02 1.276791318835859965e+04 1.297629874507503700e+04 1.293142266013306289e+04 1.270512921516035021e+04
7.145968076664835280e+02 1.276474507012170761e+04 1.298908928361193466e+04 1.292033553204754935e+04 1.269758130845141568e+04
7.155968381859242982e+02 1.276875434507783757e+04 1.298208557482919969e+04 1.293728282788316756e+04 1.270035223167518416e+04
7.165968687053655231e+02 1.276359376504670399e+04 1.298463843765881211e+04 1.294314003911127111e+04 1.270544069127965304e+04
7.175968992248062932e+02 1.274738896440923236e+04 1.299199850612383671e+04 1.292598317135048273e+04 1.270931304070512306e+04
7.185969297442470634e+02 1.274649295079641706e+04 1.298983024894566552e+04 1.292631549579503007e+04 1.270914315436562538e+04
7.195969602636878335e+02 1.274463901061643264e+04 1.298704209663152869e+04 1.292766503437770916e+04 1.270512793138448797e+04
7.205969907831286037e+02 1.272795572417317089e+04 1.299455282898365840e+04 1.291167701622017194e+04 1.269636434242184259e+04
7.215970213025698285e+02 1.271573505132783794e+04 1.299665392477197565e+04 1.290152767417200630e+04 1.269022976595919681e+04
7.225970518220105987e+02 1.271576067596961730e+04 1.298668511924414270e+04 1.291252485576115578e+04 1.268321885199655298e+04
7.235970823414513688e+02 1.270359204820417290e+04 1.299125815849519677e+04 1.291405349134987409e+04 1.268161054829072964e+04
7.245971128608925937e+02 1.270110290339476887e+04 1.299312491943412715e+04 1.291216347780229262e+04 1.268092982613819368e+04
7.255971433803333639e+02 1.271397188498238938e+04 1.298763121882297492e+04 1.291811438803546480e+04 1.267830070665687163e+04
7.265971738997741340e+02 1.271575961490784539e+04 1.298517651494776874e+04 1.291558019382805287e+04 1.267462493541076401e+04
7.275972044192149042e+02 1.270998881825201170e+04 1.299642127457283823e+04 1.290191759393944631e+04 1.267318833672691289e+04
7.285972349386556743e+02 1.271382768668766403e+04 1.299660029673910685e+04 1.290678198233595685e+04 1.267688855320512266e+04
7.295972654580968992e+02 1.270515971391825042e+04 1.300268244568161026e+04 1.290396197204938107e+04 1.268212261438897440e+04
7.305972959775376694e+02 1.269489850384607234e+04 1.300761560700050541e+04 1.289531710170817132e+04 1.268426400602283138e+04
7.315973264969784395e+02 1.269330585012727897e+04 1.300939993238734496e+04 1.289061583372763744e+04 1.268458158007748898e+04
7.325973570164196644e+02 1.268900600340506571e+04 1.298188117059920660e+04 1.291914592993407132e+04 1.268358114424384985e+04
7.335973875358604346e+02 1.267367636651659996e+04 1.299642194843293692e+04 1.288054302011444452e+04 1.267793557940453866e+04
7.345974180553012047e+02 1.267696114849525111e+04 1.297975429966210868e+04 1.289053515479063572e+04 1.267340582975474717e+04
7.355974485747419749e+02 1.267783042335143000e+04 1.297378109143559232e+04 1.288590188681621112e+04 1.266759043206659589e+04
7.365974790941827450e+02 1.268234582477248841e+04 1.296868968530347775e+04 1.289410361999389352e+04 1.267321235403372702e+04
7.375975096136239699e+02 1.268548364969581053e+04 1.296675755993495295e+04 1.287965612036928178e+04 1.266795427554306480e+04
7.385975401330647401e+02 1.268669198684102230e+04 1.297622804591966087e+04 1.285997955673014440e+04 1.267248530896872035e+04
7.395975706525055102e+02 1.269936934067273614e+04 1.296110404217034920e+04 1.287767797972349035e+04 1.267688855320512266e+04
7.405976011719467351e+02 1.270477518513231553e+04 1.297485971683387652e+04 1.288313009058078205e+04 1.267881229133916531e+04
7.415976316913875053e+02 1.270305753833685594e+04 1.297916630057082148e+04 1.287788271887230439e+04 1.267864122820512239e+04
7.425976622108282754e+02 1.270165858144442063e+04 1.296590518306487502e+04 1.288497080980955798e+04 1.267934639558976050e+04
7.435976927302690456e+02 1.269438558658580405e+04 1.296330352153310196e+04 1.288090246496276632e+04 1.267915489902319496e+04
7.445977232497098157e+02 1.268792165132783703e+04 1.296552417133396193e+04 1.287490675204998843e+04 1.268511814489849348e+04
7.455977537691510406e+02 1.268601338478515390e+04 1.296606370865313511e+04 1.287733706999389324e+04 1.268669959629247023e+04
7.465977842885918108e+02 1.268686324221091854e+04 1.296810410087754644e+04 1.288122449843648610e+04 1.269350013148519974e+04
7.475978148080325809e+02 1.269088822088126290e+04 1.296734387437598707e+04 1.288387774951077336e+04 1.270895101591112689e+04
7.485978453274738058e+02 1.268998143749146948e+04 1.297122390467034711e+04 1.287956458189952900e+04 1.271089422464579184e+04
7.495978758469145760e+02 1.270250891634798245e+04 1.297032345911321499e+04 1.288608502061191393e+04 1.270477842340517782e+04
7.505979063663553461e+02 1.270912208994408502e+04 1.296220417493678360e+04 1.288369450200268329e+04 1.269757745712381984e+04
7.515979368857961163e+02 1.270585163229934915e+04 1.296808455893467726e+04 1.287656882912225774e+04 1.269668293279906356e+04
7.525979674052368864e+02 1.269003592301342906e+04 1.296866289936454632e+04 1.288517281986113812e+04 1.270508524583696453e+04
7.535979979246781113e+02 1.268304734576261944e+04 1.296130277474450850e+04 1.287678937429255711e+04 1.271299014921775779e+04
7.545980284441188815e+02 1.268444497632783714e+04 1.295466412967034739e+04 1.287288068163400931e+04 1.271125480519193843e+04
7.555980589635596516e+02 1.268342221888643689e+04 1.295320286404591934e+04 1.287079866472471076e+04 1.270632328718699318e+04
7.565980894830008765e+02 1.267159456332121226e+04 1.294860275808089318e+04 1.287881675240096411e+04 1.271299030968974148e+04
7.575981200024416466e+02 1.267173223608604894e+04 1.294452697142781108e+04 1.288219474935969811e+04 1.270932951582872738e+04
7.585981505218824168e+02 1.268234932627633680e+04 1.295394175164434455e+04 1.287176544742018996e+04 1.270579148303482361e+04
7.595981810413231869e+02 1.268427430454191745e+04 1.294454426717034767e+04 1.286857103910669139e+04 1.271438304603152937e+04
7.605982115607639571e+02 1.268964444427288618e+04 1.293795655468866607e+04 1.287286265822101996e+04 1.272140963275786271e+04
7.615982420802051820e+02 1.268691226326475226e+04 1.292119922636966839e+04 1.286951922982725773e+04 1.271336576063965913e+04
7.625982725996459521e+02 1.267227661382783845e+04 1.290905817665807990e+04 1.286672469111487408e+04 1.270493135320512192e+04
7.635983031190867223e+02 1.267488412007783700e+04 1.289744402938880557e+04 1.287377849776811127e+04 1.270353813544738841e+04
7.645983336385279472e+02 1.266985452812237963e+04 1.289724771147999672e+04 1.287455816673441768e+04 1.270526144407447282e+04
7.655983641579687173e+02 1.266342815445111955e+04 1.290314482967034746e+04 1.286579287497772020e+04 1.271474346610569228e+04
7.665983946774094875e+02 1.265819887067029777e+04 1.290222484217034616e+04 1.286597606562961482e+04 1.271491597348758114e+04
7.675984251968502576e+02 1.265455104640657919e+04 1.289910267986719737e+04 1.285908896133247799e+04 1.271929776796890292e+04
7.685984557162910278e+02 1.264899362927296352e+04 1.290239179100984438e+04 1.284978842538057870e+04 1.272734394018552666e+04
7.695984862357322527e+02 1.264983627147867992e+04 1.290922231774716602e+04 1.284398744492675178e+04 1.273699734629476006e+04
7.705985167551730228e+02 1.265472198345794277e+04 1.290297720697075056e+04 1.284435456536104357e+04 1.273824517643575928e+04
7.715985472746137930e+02 1.265264097605888492e+04 1.289741685036481431e+04 1.283900360167002691e+04 1.273192509436058936e+04
7.725985777940550179e+02 1.264880905757783694e+04 1.290850954222756809e+04 1.283292732353263455e+04 1.273349247771070986e+04
7.735986083134957880e+02 1.264863764304867618e+04 1.288768647900197175e+04 1.287082970820575974e+04 1.274014548566026133e+04
7.745986388329365582e+02 1.264342257749558848e+04 1.290037234460351101e+04 1.284978569628334117e+04 1.274804477252163997e+04
7.755986693523773283e+02 1.264862597136919067e+04 1.289709249903722230e+04 1.285087574320392923e+04 1.274542747447641159e+04
7.765986998718180985e+02 1.265175971120469148e+04 1.288916341187370017e+04 1.284864521792009691e+04 1.274435514719431922e+04
7.775987303912593234e+02 1.265385244333631999e+04 1.288602839007366492e+04 1.285367050934108374e+04 1.274805605905112134e+04
7.785987609107000935e+02 1.264743561922100525e+04 1.289153702791700380e+04 1.284849597041506422e+04 1.274244076992596274e+04
7.795987914301408637e+02 1.263682293243706772e+04 1.290407593586197981e+04 1.283911282241560912e+04 1.274243012528441250e+04
7.805988219495820886e+02 1.262778746092314759e+04 1.288898135733698473e+04 1.286279069745071138e+04 1.274699555320512445e+04
7.815988524690228587e+02 1.262152114842009905e+04 1.289520760003063151e+04 1.286730706909356923e+04 1.274787189070512431e+04
7.825988829884636289e+02 1.261595253708479504e+04 1.291860267494364962e+04 1.283226824655038581e+04 1.274559928647970628e+04
7.835989135079043990e+02 1.262567594799816288e+04 1.289049698100939531e+04 1.285399959298265640e+04 1.274278722893759004e+04
7.845989440273451692e+02 1.262848335828589188e+04 1.287404019429449181e+04 1.286527707560032832e+04 1.274016752381261540e+04
7.855989745467863941e+02 1.261734693141161188e+04 1.290021219052000924e+04 1.283390741057712330e+04 1.274067873406027866e+04
7.865990050662271642e+02 1.261995438460852529e+04 1.288510026009746798e+04 1.285035209767197557e+04 1.274349020320512318e+04
7.875990355856679344e+02 1.261404230757783807e+04 1.289837154165991160e+04 1.282981387843709490e+04 1.274593718698556586e+04
7.885990661051091593e+02 1.261925732007783881e+04 1.289116780873782955e+04 1.284270533778825120e+04 1.275120361001934907e+04
7.895990966245499294e+02 1.261473921294926004e+04 1.291197172310561837e+04 1.281679960971036780e+04 1.274892191238155647e+04
7.905991271439906996e+02 1.261578064507783893e+04 1.290500086500270481e+04 1.282924531651315010e+04 1.275347739103930871e+04
7.915991576634314697e+02 1.261803609103210329e+04 1.289724451064452842e+04 1.284455856537935688e+04 1.275190599588961231e+04
7.925991881828722398e+02 1.262134050265352562e+04 1.291123474477746822e+04 1.283300339711804918e+04 1.275260126750195559e+04
7.935992187023134647e+02 1.262551397691877173e+04 1.291070166528424670e+04 1.283578309636421909e+04 1.275680916384420198e+04
7.945992492217542349e+02 1.262187787738762563e+04 1.289780752075714372e+04 1.283971527063022586e+04 1.275348439831590804e+04
7.955992797411950050e+02 1.260223162900096213e+04 1.290112218242854215e+04 1.283001679818775483e+04 1.275120323558472228e+04
7.965993102606362299e+02 1.259370615682744028e+04 1.289817943537671999e+04 1.282927681484373716e+04 1.274910238987193952e+04
7.975993407800770001e+02 1.259040206352455061e+04 1.289045385396305937e+04 1.283150358761887219e+04 1.274454065280684517e+04
7.985993712995177702e+02 1.258657985375871067e+04 1.288897355179083934e+04 1.283560581875633034e+04 1.274664171248227103e+04
7.995994018189585404e+02 1.258205585773730127e+04 1.289155628908483231e+04 1.283561144751937718e+04 1.275505156770337999e+04
8.005994323383993105e+02 1.258744377025294125e+04 1.288621914863665552e+04 1.283057279489317989e+04 1.276382023827882767e+04
8.015994628578405354e+02 1.259005138260912099e+04 1.288161415718591343e+04 1.283802982566287938e+04 1.276276962820512381e+04
8.025994933772813056e+02 1.259335521064656859e+04 1.289412335913152674e+04 1.282871973787065690e+04 1.276364596570512367e+04
8.035995238967220757e+02 1.259231308882783742e+04 1.289634305429724918e+04 1.282535987803729222e+04 1.276382039875081136e+04
8.045995544161633006e+02 1.259231308882783742e+04 1.288676823230722948e+04 1.282480354019471270e+04 1.276312250609607509e+04
8.055995849356040708e+02 1.259422453855583262e+04 1.288695534079468416e+04 1.281996052972654434e+04 1.275751524057007373e+04
8.065996154550448409e+02 1.259509376035892092e+04 1.288584835711724372e+04 1.281641645582982164e+04 1.275522840782881758e+04
8.075996459744856111e+02 1.259770131966201006e+04 1.288437838746654052e+04 1.282126293452572645e+04 1.276434765619679092e+04
8.085996764939263812e+02 1.259926643882783901e+04 1.288235192168417234e+04 1.281977432569645316e+04 1.276294432870411583e+04
8.095997070133676061e+02 1.259909311438748955e+04 1.288768850058226963e+04 1.280971362245223463e+04 1.276259487421546874e+04
8.105997375328083763e+02 1.259718134634095986e+04 1.288603451096956087e+04 1.280393879584691240e+04 1.276627267810669764e+04
8.115997680522491464e+02 1.259596319437436432e+04 1.287941085928259781e+04 1.280169957156564487e+04 1.277275906264707555e+04
8.125997985716903713e+02 1.259231483957975797e+04 1.287701607280118697e+04 1.280375242124824217e+04 1.277451360982021106e+04
8.135998290911311415e+02 1.258588183427242802e+04 1.287996145913839428e+04 1.279760217320454103e+04 1.276767771730052664e+04
8.145998596105719116e+02 1.258605409765100922e+04 1.288180008641819586e+04 1.279928051114783557e+04 1.276855271753400120e+04
8.155998901300126818e+02 1.259630973714888569e+04 1.288584886251231910e+04 1.279015162404077273e+04 1.276820369097064395e+04
8.165999206494534519e+02 1.260257010770602210e+04 1.289118426215523868e+04 1.278754317564609664e+04 1.276504768847796731e+04
8.175999511688946768e+02 1.259335643086760501e+04 1.290001660262630685e+04 1.278344429902398588e+04 1.276907917262006595e+04
8.185999816883354470e+02 1.258901021574598599e+04 1.290112089086335254e+04 1.278940572765274919e+04 1.277258457611072845e+04
8.196000122077762171e+02 1.258396889905795615e+04 1.289946487967034773e+04 1.279033725950894222e+04 1.277591479768644422e+04
8.206000427272174420e+02 1.257440836112648685e+04 1.290480112163839658e+04 1.278474789780320680e+04 1.278152340047897633e+04
8.216000732466582122e+02 1.258188370046490127e+04 1.290572065989832845e+04 1.277207971271958559e+04 1.278678153246029615e+04
8.226001037660989823e+02 1.257996890839232583e+04 1.291050568430548628e+04 1.276444210668283995e+04 1.278415080825914447e+04
8.236001342855397525e+02 1.256728126226142740e+04 1.291731313133442018e+04 1.276444204982664814e+04 1.277416201570512567e+04
8.246001648049805226e+02 1.256867141234116025e+04 1.291749602819625943e+04 1.275885314297045625e+04 1.277275900915641614e+04
8.256001953244217475e+02 1.257145473652667351e+04 1.291547338095445593e+04 1.276463041439205153e+04 1.276627326650396935e+04
8.266002258438625176e+02 1.257788567276354843e+04 1.291988901771740711e+04 1.277189367925806982e+04 1.275821227737423033e+04
8.276002563633032878e+02 1.257231775111840034e+04 1.292725133238276067e+04 1.276201855462583080e+04 1.276347474209909706e+04
8.286002868827445127e+02 1.255963084773073751e+04 1.292908636574203774e+04 1.276165001278672935e+04 1.277959832507840838e+04
8.296003174021852828e+02 1.255789510983207947e+04 1.292209540414617550e+04 1.276649154499389624e+04 1.278520275559937363e+04
8.306003479216260530e+02 1.256258691277262915e+04 1.291896605400197222e+04 1.276164398603033442e+04 1.277906828611805213e+04
8.316003784410668231e+02 1.255998264276103146e+04 1.291105532952614521e+04 1.275866927004425088e+04 1.277661509742092676e+04
8.326004089605075933e+02 1.256919462190061131e+04 1.291050472967034875e+04 1.275922299250198375e+04 1.278047594635426867e+04
8.336004394799488182e+02 1.257058387007783676e+04 1.290645516740611129e+04 1.276127692245223625e+04 1.278713104043960448e+04
8.346004699993895883e+02 1.256519012172245311e+04 1.291732301461587122e+04 1.274338308472562858e+04 1.277713497315568020e+04
8.356005005188303585e+02 1.256363487043110035e+04 1.290753682517484049e+04 1.275998986882499776e+04 1.277767613817353413e+04
8.366005310382715834e+02 1.256205309259545720e+04 1.289046952121036702e+04 1.276404695614568845e+04 1.278783101923011782e+04
8.376005615577123535e+02 1.254433887853515807e+04 1.291932937690528524e+04 1.274528111499633997e+04 1.278661191357410462e+04
8.386005920771531237e+02 1.255111243161799939e+04 1.290425535111330646e+04 1.278287226887230645e+04 1.279361255732982681e+04
8.396006225965938938e+02 1.254415897551182206e+04 1.291546349767300489e+04 1.276426528392449109e+04 1.278923611191460805e+04
8.406006531160346640e+02 1.254328970065564863e+04 1.289945887108446914e+04 1.277710670982634474e+04 1.279239441450570848e+04
8.416006836354758889e+02 1.253789955991028546e+04 1.289745222802001081e+04 1.275864550415582744e+04 1.279958179415916129e+04
8.426007141549166590e+02 1.254121962219283523e+04 1.290589165189842060e+04 1.274321797434291511e+04 1.280571016570512256e+04
8.436007446743574292e+02 1.255580800132783770e+04 1.288842502967034852e+04 1.276407942103155438e+04 1.280132195234447681e+04
8.446007751937986541e+02 1.255302531377938794e+04 1.290187538955407399e+04 1.276461415352102267e+04 1.279361127355395911e+04
8.456008057132394242e+02 1.254849717961706847e+04 1.291178085223260678e+04 1.275065646999389355e+04 1.279221880466547736e+04
8.466008362326801944e+02 1.253824933892321133e+04 1.289577723643421996e+04 1.275905532359060999e+04 1.279624718634923556e+04
8.476008667521209645e+02 1.253929379507783779e+04 1.289229854598374914e+04 1.277170457556216752e+04 1.279905303897467093e+04
8.486008972715617347e+02 1.253964458209944496e+04 1.290830996732828135e+04 1.276947393656595159e+04 1.279975264333055748e+04
8.496009277910029596e+02 1.254207674789172961e+04 1.291361903027234075e+04 1.276760240128089936e+04 1.280378059708902765e+04
8.506009583104437297e+02 1.253910996612595227e+04 1.290149061543760581e+04 1.275792018970945355e+04 1.280414283584566510e+04
8.516009888298844999e+02 1.252519435320707635e+04 1.290479898774808134e+04 1.275585983500946168e+04 1.281079119010770592e+04
8.526010193493257248e+02 1.251182274665836303e+04 1.290203896909307150e+04 1.274711876399071843e+04 1.281203051523360045e+04
8.536010498687664949e+02 1.250887288882783832e+04 1.289835896293806218e+04 1.275364892511200560e+04 1.282271479336260381e+04
8.546010803882072651e+02 1.250887288882783832e+04 1.290242076699409881e+04 1.275716673144784181e+04 1.282218341713572227e+04
8.556011109076480352e+02 1.250713455132783929e+04 1.291179680025494781e+04 1.274449217847067303e+04 1.282130702614506117e+04
8.566011414270888054e+02 1.250834543502130327e+04 1.291123861947304067e+04 1.274155140563144050e+04 1.281621621295151090e+04
8.576011719465300303e+02 1.250295439237343453e+04 1.290957396040876665e+04 1.275736527327168187e+04 1.280991453166373867e+04
8.586012024659708004e+02 1.249304147582769838e+04 1.290001244715569919e+04 1.275586824972593422e+04 1.280974764080125897e+04
8.596012329854115706e+02 1.248679171588828285e+04 1.289781117083267964e+04 1.275644539693493061e+04 1.281570473525053603e+04
8.606012635048527954e+02 1.248297385647570445e+04 1.289725226003566422e+04 1.276797719730116478e+04 1.281885522820512415e+04
8.616012940242935656e+02 1.248505316617592507e+04 1.289892955397679543e+04 1.275323808226576148e+04 1.281587114469706466e+04
8.626013245437343357e+02 1.248019032007783790e+04 1.290699902866091725e+04 1.274246195755264489e+04 1.281359720320512315e+04
8.636013550631751059e+02 1.247757103604217809e+04 1.289834593497615424e+04 1.274489142265366172e+04 1.281640385819047333e+04
8.646013855826158760e+02 1.247410613882783764e+04 1.288934501717034800e+04 1.275177682126502805e+04 1.281658160765714638e+04
8.656014161020571009e+02 1.247323697007783812e+04 1.289782453572464146e+04 1.275214155373923859e+04 1.282201748910514107e+04
8.666014466214978711e+02 1.246992406996224418e+04 1.289575831219644351e+04 1.274972499499389414e+04 1.282234790091845389e+04
8.676014771409386412e+02 1.246488524676937959e+04 1.288031826806075333e+04 1.274579628895562382e+04 1.281833460360111349e+04
8.686015076603798661e+02 1.245566403639238524e+04 1.288366606118701566e+04 1.273370081629799097e+04 1.281621300351184254e+04
8.696015381798206363e+02 1.244645587707518280e+04 1.289062450903310128e+04 1.273761581999389455e+04 1.280762732448785391e+04
8.706015686992614064e+02 1.244001836225532497e+04 1.288731815830292544e+04 1.274061407444362885e+04 1.280220481570512311e+04
8.716015992187021766e+02 1.242680389895495318e+04 1.288511895971521153e+04 1.274375759646493316e+04 1.280342327947320700e+04
8.726016297381429467e+02 1.241759600490319281e+04 1.289247897202522654e+04 1.274844521895928301e+04 1.279712491460642377e+04
8.736016602575841716e+02 1.240613425648981865e+04 1.288858153367831255e+04 1.276034999594762667e+04 1.280273934788100814e+04
8.746016907770249418e+02 1.240628158491677277e+04 1.287721362612017219e+04 1.275357734316577989e+04 1.280712119585298751e+04
8.756017212964657119e+02 1.238403631877427870e+04 1.288805070038541999e+04 1.272329675850790045e+04 1.281009185320512370e+04
8.766017518159069368e+02 1.237465191709684768e+04 1.287276912568298030e+04 1.275048322917567020e+04 1.280551647602145567e+04
8.776017823353477070e+02 1.236248318322523119e+04 1.287815068474268082e+04 1.273682415437099189e+04 1.279693117143209565e+04
8.786018128547884771e+02 1.235049143445707341e+04 1.288084444048796468e+04 1.273599320111914494e+04 1.279204565539565738e+04
8.796018433742292473e+02 1.233796867732544342e+04 1.287022962774533335e+04 1.274260114151162998e+04 1.280048444906439545e+04
8.806018738936700174e+02 1.232702324157001203e+04 1.287404564133030362e+04 1.273373504372580828e+04 1.281218521022535788e+04
8.816019044131112423e+02 1.231274538216238943e+04 1.286249539846040534e+04 1.274467019520905342e+04 1.280113318380162491e+04
8.826019349325520125e+02 1.229138668618294651e+04 1.287943051353548253e+04 1.272793929404168739e+04 1.280134543474467682e+04
8.836019654519927826e+02 1.228723485757783783e+04 1.286884535063720978e+04 1.274958996153695443e+04 1.280658650320512243e+04
8.846019959714340075e+02 1.228601108198385373e+04 1.284094265705772887e+04 1.276069408962399757e+04 1.280519135978359009e+04
8.856020264908747777e+02 1.227572308010194683e+04 1.284096113205544134e+04 1.275402110574741891e+04 1.280163284006650247e+04
8.866020570103155478e+02 1.225606855543346683e+04 1.284077346201790351e+04 1.275417308234968914e+04 1.278467806570512403e+04
8.876020875297563180e+02 1.223417927551526009e+04 1.283130898461907964e+04 1.276565729408288280e+04 1.279047286948877081e+04
8.886021180491970881e+02 1.221592620123437700e+04 1.281304451203391727e+04 1.278279869695935668e+04 1.279045446870136948e+04
8.896021485686383130e+02 1.219453291464117865e+04 1.283652982804518797e+04 1.274881353337361725e+04 1.278800438246258454e+04
8.906021790880790832e+02 1.217207357928631791e+04 1.282086988089722945e+04 1.277770984031526496e+04 1.278167178357273042e+04
8.916022096075198533e+02 1.212687563711837174e+04 1.282590653589631074e+04 1.276551890611060480e+04 1.277274825753354344e+04
8.926022401269610782e+02 1.210085781890092949e+04 1.282747651761668931e+04 1.277176205717268203e+04 1.276784845949060218e+04
8.936022706464018484e+02 1.208483711248078362e+04 1.281631054346818928e+04 1.277968041908746454e+04 1.276802765320512299e+04
8.946023011658426185e+02 1.206154664744042566e+04 1.281681189538175749e+04 1.277921533543367877e+04 1.276627497820512326e+04
8.956023316852833887e+02 1.203598428998834424e+04 1.279859992772931400e+04 1.279255112592840123e+04 1.277119472826463607e+04
8.966023622047241588e+02 1.201146882913296395e+04 1.278998636717034606e+04 1.278232661999389529e+04 1.276975962731929940e+04
8.976023927241653837e+02 1.198296340464567947e+04 1.278944317977563878e+04 1.278325809499389470e+04 1.276400488804077759e+04
8.986024232436061538e+02 1.196038528342551581e+04 1.279477476087800278e+04 1.278700656690227333e+04 1.276962204933907378e+04
8.996024537630469240e+02 1.193651834352478363e+04 1.279772329189567245e+04 1.279648961123176196e+04 1.277452115200342087e+04
9.006024842824881489e+02 1.189758273487823317e+04 1.279586057411733418e+04 1.279293155071171168e+04 1.277872332484493199e+04
9.016025148019289190e+02 1.186334948673687177e+04 1.279291181847963162e+04 1.278808302519288009e+04 1.277836402807465129e+04
9.026025453213696892e+02 1.182697745638300330e+04 1.278092833972116205e+04 1.278889436305835079e+04 1.277712817984172761e+04
9.036025758408104593e+02 1.178073176876894286e+04 1.277345028958382500e+04 1.279926027034334402e+04 1.277011731936974684e+04
9.046026063602512295e+02 1.172998442048375728e+04 1.278208406594575354e+04 1.279070989499389361e+04 1.276485913389776397e+04
9.056026368796924544e+02 1.169385776066449580e+04 1.277927569782865066e+04 1.279613209949398697e+04 1.275978083751889244e+04
9.066026673991332245e+02 1.165643618105949645e+04 1.276790666717034946e+04 1.280301033422511136e+04 1.275679183287001979e+04
9.076026979185739947e+02 1.160776124557302319e+04 1.276736460287580485e+04 1.279474304585759819e+04 1.275261357035399669e+04
9.086027284380152196e+02 1.156066978562099939e+04 1.277526656717034712e+04 1.278517187442989780e+04 1.275364615407492602e+04
9.096027589574559897e+02 1.151876978259767202e+04 1.276344503945564065e+04 1.279966747439327446e+04 1.274978049098208612e+04
9.106027894768967599e+02 1.146884422665439706e+04 1.275762333744136049e+04 1.280281906999389503e+04 1.274349020320512318e+04
9.116028199963375300e+02 1.141968189244325185e+04 1.276403753094758758e+04 1.280038147445736286e+04 1.274629942574220331e+04
9.126028505157783002e+02 1.137412621329909962e+04 1.275684059278150198e+04 1.279536726999389430e+04 1.274364548659415777e+04
9.136028810352195251e+02 1.132787999515412957e+04 1.274672044950645795e+04 1.279383397219739709e+04 1.273841249522352700e+04
9.146029115546602952e+02 1.127010496949186563e+04 1.274122702967034820e+04 1.277821728183238520e+04 1.274104156121418782e+04
9.156029420741010654e+02 1.120320242520701868e+04 1.274122702967034820e+04 1.278216224874168074e+04 1.274189216970622329e+04
9.166029725935422903e+02 1.114286992235724574e+04 1.274271541816375611e+04 1.278679216220075432e+04 1.273614459817628449e+04
9.176030031129830604e+02 1.107977674899080557e+04 1.274969644032315955e+04 1.278081947604590096e+04 1.274333598962931319e+04
9.186030336324238306e+02 1.101315437806668524e+04 1.274541989951561482e+04 1.278068387402703956e+04 1.274609263084658232e+04
9.196030641518646007e+02 1.093909359275379211e+04 1.273386712967034691e+04 1.279090189835561068e+04 1.273575695135564456e+04
9.206030946713053709e+02 1.086278362175108487e+04 1.273922583364168895e+04 1.278901017912226052e+04 1.273457325651724386e+04
9.216031251907465958e+02 1.078767429519571306e+04 1.274509672744319323e+04 1.278268174377159085e+04 1.273750919843035626e+04
9.226031557101873659e+02 1.070893619043545004e+04 1.274081838967538351e+04 1.278104019178477574e+04 1.273264021100818172e+04
9.236031862296281361e+02 1.063382665166775951e+04 1.272609819659032837e+04 1.278043399106146717e+04 1.273206989358005558e+04
9.246032167490693610e+02 1.055209444280106982e+04 1.272542691962182289e+04 1.277583625820728776e+04 1.272946880320512355e+04
9.256032472685101311e+02 1.047131554488288930e+04 1.272574734009884014e+04 1.278438191449276565e+04 1.272859246570512187e+04
9.266032777879509013e+02 1.039737709999223262e+04 1.272323749200554266e+04 1.278887747676921026e+04 1.272699207861713512e+04
9.276033083073916714e+02 1.030590338910901119e+04 1.273573754068481321e+04 1.279385842036012946e+04 1.272318236675575463e+04
9.286033388268324416e+02 1.021295740196495171e+04 1.273916619702294338e+04 1.278473601485899962e+04 1.273085923944848400e+04
9.296033693462736665e+02 1.013209298246795879e+04 1.272349507502833694e+04 1.279016356384117535e+04 1.271714102451532199e+04
9.306033998657144366e+02 1.004202666391825369e+04 1.270864696083451236e+04 1.278544296475523515e+04 1.270985671978404571e+04
9.316034303851552067e+02 9.937813898461316057e+03 1.271089900128497720e+04 1.277564556253799310e+04 1.271230461290572748e+04
9.326034609045964316e+02 9.826796703023936061e+03 1.271248521180273929e+04 1.278515328245498313e+04 1.272109842409186967e+04
9.336034914240372018e+02 9.725250491904569571e+03 1.270683876956917629e+04 1.279350431999389548e+04 1.272928741637349958e+04
9.346035219434779719e+02 9.618159543339759693e+03 1.271381788245829921e+04 1.278733690138008751e+04 1.272789756852740720e+04
9.356035524629187421e+02 9.509870178557295731e+03 1.271197796361330802e+04 1.278640525581150905e+04 1.272735314057923097e+04
9.366035829823595122e+02 9.409943731284982277e+03 1.271565796976831552e+04 1.278274593441280012e+04 1.272227655590151699e+04
9.376036135018007371e+02 9.310103707493897673e+03 1.271676865967629965e+04 1.279331129322071502e+04 1.272351604149939340e+04
9.386036440212415073e+02 9.199207048673792087e+03 1.271543385513042813e+04 1.279218667773515153e+04 1.272826109105991236e+04
9.396036745406822774e+02 9.088787390172998130e+03 1.272162719098924390e+04 1.277985002110938149e+04 1.272432808322481105e+04
9.406037050601235023e+02 8.974806861420596761e+03 1.271974015809233242e+04 1.279104113917079303e+04 1.271562916447137468e+04
9.416037355795642725e+02 8.871488093559102708e+03 1.270322890101946177e+04 1.279612476504516235e+04 1.271348017716364666e+04
9.426037660990050426e+02 8.754359872008957609e+03 1.272520538811431288e+04 1.276826642475187691e+04 1.270653516369541649e+04
9.436037966184458128e+02 8.651253422607913308e+03 1.270921845035337356e+04 1.278986569424922345e+04 1.271263646896688988e+04
9.446038271378865829e+02 8.536339265602951855e+03 1.272171625283231515e+04 1.276466424382652440e+04 1.271139612751843742e+04
9.456038576573278078e+02 8.429642130114529209e+03 1.270692541674688800e+04 1.278143107810748734e+04 1.270456729576600992e+04
9.466038881767685780e+02 8.319875555133996386e+03 1.270323255109499405e+04 1.277197174281023035e+04 1.270726434838686691e+04
9.476039186962093481e+02 8.200321905533812242e+03 1.271466649694282569e+04 1.276151998267472118e+04 1.271668801210688071e+04
9.486039492156505730e+02 8.096741108467839695e+03 1.270090251133808124e+04 1.277037431122871021e+04 1.271752984813050170e+04
9.496039797350913432e+02 7.988022703358132276e+03 1.270005552534879462e+04 1.275620824975645155e+04 1.271526516052292209e+04
9.506040102545321133e+02 7.870208558425900264e+03 1.270960159597459642e+04 1.275120041318653421e+04 1.271548254656943391e+04
9.516040407739728835e+02 7.763297512884421849e+03 1.270749600778562126e+04 1.275383854051363960e+04 1.272245810320512464e+04
9.526040712934136536e+02 7.657979280221000408e+03 1.269614764217034826e+04 1.275399461076176522e+04 1.272158176570512296e+04
9.536041018128548785e+02 7.554509470216312366e+03 1.270392836780210200e+04 1.274894924910486225e+04 1.272282301649481451e+04
9.546041323322956487e+02 7.448865491589091107e+03 1.271197903055846291e+04 1.274883201163614467e+04 1.272775234138265478e+04
9.556041628517364188e+02 7.353942056674861306e+03 1.271082914445473034e+04 1.275589599554782035e+04 1.272833694081728572e+04
9.566041933711776437e+02 7.248370919938191037e+03 1.270910462415167422e+04 1.275585710591222414e+04 1.270715838338732283e+04
9.576042238906184139e+02 7.136425932087994624e+03 1.272466725467034848e+04 1.275438236999389483e+04 1.270211967009763430e+04
9.586042544100591840e+02 7.030602209596703688e+03 1.271707638912145740e+04 1.275907937375999427e+04 1.269967332820512274e+04
9.596042849294999542e+02 6.933796132781570122e+03 1.271159554800719161e+04 1.275822272150918616e+04 1.269824865793868958e+04
9.606043154489407243e+02 6.836590194837905983e+03 1.271516290721566656e+04 1.274467895106268588e+04 1.269814130218195533e+04
9.616043459683819492e+02 6.739965771797983507e+03 1.272186730980448010e+04 1.274301027867209814e+04 1.270916824148565865e+04
9.626043764878227194e+02 6.643303734118309876e+03 1.271270741717034798e+04 1.274017503092596053e+04 1.271015102540115004e+04
9.636044070072634895e+02 6.548379927832461362e+03 1.271788367351991656e+04 1.272923254499389441e+04 1.270281269510221318e+04
9.646044375267047144e+02 6.449473267028546616e+03 1.272025947960854501e+04 1.273280521755539303e+04 1.269985637324723939e+04
9.656044680461454845e+02 6.357520062330851943e+03 1.272133063639072861e+04 1.274324628872672656e+04 1.270405501570512388e+04
9.666044985655862547e+02 6.259443682363061271e+03 1.271343512992213255e+04 1.273920028836354686e+04 1.270511450522856285e+04
9.676045290850270248e+02 6.167971934444112776e+03 1.271769201647679256e+04 1.272438043753494276e+04 1.270281226717692334e+04
9.686045596044677950e+02 6.099123721189146636e+03 1.271784256805388759e+04 1.272888543793932513e+04 1.269806395468608025e+04
9.696045901239090199e+02 6.025020493405367233e+03 1.271251497395710976e+04 1.273202696999389445e+04 1.269408890319138845e+04
9.706046206433497900e+02 5.947884008335868202e+03 1.271473989153859475e+04 1.273016401999389564e+04 1.270340253662162104e+04
9.716046511627905602e+02 5.874143981996454386e+03 1.270951955350755998e+04 1.272732627057529135e+04 1.270701010727489120e+04
9.726046816822317851e+02 5.795593154638802844e+03 1.269813715795728785e+04 1.272045923651406702e+04 1.270511482617252841e+04
9.736047122016725552e+02 5.720801456924716149e+03 1.269469300283689336e+04 1.271168570060947059e+04 1.270525711133092409e+04
9.746047427211133254e+02 5.638691722279819260e+03 1.269426403472894526e+04 1.271530459725538458e+04 1.269718633341021450e+04
9.756047732405540955e+02 5.535721194891685627e+03 1.268728941424048207e+04 1.271692818268540577e+04 1.269602617446267686e+04
9.766048037599948657e+02 5.437403211158555678e+03 1.268346065346864452e+04 1.271805484499389604e+04 1.269930595434502357e+04
9.776048342794360906e+02 5.346502208366377090e+03 1.268452911481043338e+04 1.271541069091039390e+04 1.269386408194299111e+04
9.786048647988768607e+02 5.266578314023546227e+03 1.268258553382022910e+04 1.270496888060855599e+04 1.269054236538238183e+04
9.796048953183176309e+02 5.185603437996194771e+03 1.269362572075027492e+04 1.269638990659433694e+04 1.268934112560715585e+04
9.806049258377588558e+02 5.116936931569539411e+03 1.269755617824203364e+04 1.268976553476225308e+04 1.268915727820512438e+04
9.816049563571996259e+02 5.043924581392915570e+03 1.268748152052367186e+04 1.269648155877647514e+04 1.268736116878834946e+04
9.826049868766403961e+02 4.975623080215636037e+03 1.268530096539869555e+04 1.270692359650308026e+04 1.267808920458307693e+04
9.836050173960811662e+02 4.907825848645189581e+03 1.268806098405370358e+04 1.271094759351980792e+04 1.267656439979915376e+04
9.846050479155219364e+02 4.839342057055592704e+03 1.268559476840181196e+04 1.270423139893700863e+04 1.268551205012647370e+04
9.856050784349631613e+02 4.777490538173955429e+03 1.267256792959023369e+04 1.269810235825306518e+04 1.268864927739712039e+04
9.866051089544039314e+02 4.707500993824636680e+03 1.267334135251872794e+04 1.269133851818103903e+04 1.269178629070512397e+04
9.876051394738447016e+02 4.637047128844174949e+03 1.267406794217034803e+04 1.267535499166269801e+04 1.269160201537780267e+04
9.886051699932859265e+02 4.579635357679302615e+03 1.266404646324478199e+04 1.267545107862784789e+04 1.269289226361301735e+04
9.896052005127266966e+02 4.514445738465033173e+03 1.265494177098375258e+04 1.268393379510834166e+04 1.270142600320512247e+04
9.906052310321674668e+02 4.455385766997665996e+03 1.265842815467034779e+04 1.267535430938838908e+04 1.270105713160651612e+04
9.916052615516082369e+02 4.396783802843900958e+03 1.266051021391086942e+04 1.267432453003173759e+04 1.269280100854526427e+04
9.926052920710490071e+02 4.337861557194452871e+03 1.267731274701148868e+04 1.266785276022004837e+04 1.268629734652136904e+04
9.936053225904902320e+02 4.285572857527095948e+03 1.268239471910222710e+04 1.268643637727278474e+04 1.267615016811997339e+04
9.946053531099310021e+02 4.230081130690595273e+03 1.266956650055479986e+04 1.269245943801410067e+04 1.267056954094317371e+04
9.956053836293717723e+02 4.175368541512793854e+03 1.268539654122272077e+04 1.266118898704662934e+04 1.267343038196816997e+04
9.966054141488129972e+02 4.127835149333000118e+03 1.265949229207650023e+04 1.268706935726270603e+04 1.267596476948876989e+04
9.976054446682537673e+02 4.056561401921817833e+03 1.266336603300993556e+04 1.266996030555972357e+04 1.266969304297119197e+04
9.986054751876945375e+02 4.012238888768326888e+03 1.264806384941947908e+04 1.267432651999847258e+04 1.266581791203134708e+04
9.996055057071353076e+02 3.971929258180987745e+03 1.265523776403218289e+04 1.266461036528017212e+04 1.266355857348987047e+04
1.000605536226576078e+03 3.915431538679071764e+03 1.265885790894841739e+04 1.265275812341359415e+04 1.266748232744060806e+04
1.001605566746017303e+03 3.854220954160419751e+03 1.264147989932334349e+04 1.267246442284135992e+04 1.267301315481197162e+04
1.002605597265458073e+03 3.800427934166758860e+03 1.264579412014141599e+04 1.266652272331135646e+04 1.266794010051788791e+04
1.003605627784898843e+03 3.754862599360486911e+03 1.265605689713738684e+04 1.265304837427577331e+04 1.266544684731563575e+04
1.004605658304340068e+03 3.706505876299217107e+03 1.265324499125476359e+04 1.266168124796038683e+04 1.265617723669944462e+04
1.005605688823780838e+03 3.650962316595183893e+03 1.264956487278974237e+04 1.266995894101110753e+04 1.264911652293136285e+04
1.006605719343221608e+03 3.589030846709104935e+03 1.264443382122180446e+04 1.265779632119025700e+04 1.263777382825548193e+04
1.007605749862662378e+03 3.542595865675035384e+03 1.263905551915258548e+04 1.264917925352712882e+04 1.263233029764295679e+04
1.008605780382103148e+03 3.493235643443535537e+03 1.263116461739466831e+04 1.266202312424525189e+04 1.262606097820512332e+04
1.009605810901544373e+03 3.446984332202064707e+03 1.263291665365176232e+04 1.265666636122260570e+04 1.262351557160834454e+04
1.010605841420985143e+03 3.397808204187893352e+03 1.263871892603319429e+04 1.265050593592046425e+04 1.260617384580492217e+04
1.011605871940425914e+03 3.351873885150635488e+03 1.263542846717034809e+04 1.266309781999389452e+04 1.259464692929237935e+04
1.012605902459867139e+03 3.297932528721314611e+03 1.263392390603456624e+04 1.265573335110540938e+04 1.259013114070512347e+04
1.013605932979307909e+03 3.239431206276562989e+03 1.263141327177115454e+04 1.264393154068149852e+04 1.258763580136709061e+04
1.014605963498748679e+03 3.196575770181224925e+03 1.263484355660451729e+04 1.265516490289385183e+04 1.257420028457758235e+04
1.015605994018189449e+03 3.160149731783196330e+03 1.263252862254481988e+04 1.266064248532533566e+04 1.255146723504682268e+04
1.016606024537630219e+03 3.113265497195135595e+03 1.263891333467172080e+04 1.265059360816913795e+04 1.253431160325319433e+04
1.017606055057071444e+03 3.071307188827453047e+03 1.262848686582672781e+04 1.264794024338246709e+04 1.252135199287505384e+04
1.018606085576512214e+03 3.023185437895471296e+03 1.260607208889256071e+04 1.264393210924342202e+04 1.250377153825136156e+04
1.019606116095952984e+03 2.974457449320430442e+03 1.259829473256130223e+04 1.264068545008911497e+04 1.248680210744885335e+04
1.020606146615394209e+03 2.921120898100779868e+03 1.260381482602632968e+04 1.263687602834248901e+04 1.246534357989894852e+04
1.021606177134834979e+03 2.881114147596072144e+03 1.260258598598100252e+04 1.264732028346059815e+04 1.243799016753857723e+04
1.022606207654275750e+03 2.853876638872475269e+03 1.258898114366961636e+04 1.265132654134529730e+04 1.240981471069917097e+04
1.023606238173716520e+03 2.808363402199175198e+03 1.257813637616824417e+04 1.264460812937099399e+04 1.238684303932946204e+04
1.024606268693157290e+03 2.776626938511969911e+03 1.256879830369296360e+04 1.264094039325581070e+04 1.235768196356953376e+04
1.025606299212598515e+03 2.746280518798307639e+03 1.256085152770184322e+04 1.264300143023011515e+04 1.231850791747677249e+04
1.026606329732039285e+03 2.698419948221343475e+03 1.255683824157293020e+04 1.263955389814807859e+04 1.226961788120136953e+04
1.027606360251480055e+03 2.655754813554695374e+03 1.254830402804061123e+04 1.263761095148537788e+04 1.222067221463847636e+04
1.028606390770921280e+03 2.620117833742911898e+03 1.253115653472436315e+04 1.263834439636726893e+04 1.216596469453911777e+04
1.029606421290362050e+03 2.581503355441475378e+03 1.251602590468408380e+04 1.263975113227949259e+04 1.210299687910696593e+04
1.030606451809802820e+03 2.546421417042300163e+03 1.251281490515789665e+04 1.263142766999389460e+04 1.203670986117527718e+04
1.031606482329243590e+03 2.508804708177552584e+03 1.250709871840410051e+04 1.263289387748336594e+04 1.196904310513243581e+04
1.032606512848684361e+03 2.471172030333142175e+03 1.248627065738276724e+04 1.262903010121680745e+04 1.189080311757293566e+04
1.033606543368125585e+03 2.442303351348436991e+03 1.247417441936774594e+04 1.263402361002624457e+04 1.180661486152318867e+04
1.034606573887566356e+03 2.405868293925349917e+03 1.246050988428259734e+04 1.262916763634621202e+04 1.171297314745526273e+04
1.035606604407007126e+03 2.359174466872158519e+03 1.244420645689521552e+04 1.262843464631386269e+04 1.161107028220394750e+04
1.036606634926448351e+03 2.322795964041466050e+03 1.243921388357759679e+04 1.262431137838521317e+04 1.149633736095551103e+04
1.037606665445889121e+03 2.273877833196997472e+03 1.242298497388615033e+04 1.262044868238631352e+04 1.137258302575821654e+04
1.038606695965329891e+03 2.224948189832311527e+03 1.240117420022061378e+04 1.262344193349111811e+04 1.123981952597339296e+04
1.039606726484770661e+03 2.188314819964158687e+03 1.237869007185126793e+04 1.262171526778428779e+04 1.110542049573627082e+04
1.040606757004211431e+03 2.153488332186438129e+03 1.236686422020093232e+04 1.262151627111090966e+04 1.097008623478133450e+04
1.041606787523652656e+03 2.107733385641605310e+03 1.235010745343201961e+04 1.261220135054232924e+04 1.083343289412481499e+04
1.042606818043093426e+03 2.063775718578191118e+03 1.232967062435310072e+04 1.260767929328022910e+04 1.070542396523818024e+04
1.043606848562534196e+03 2.025092801792501632e+03 1.230923368296416083e+04 1.259789456999389586e+04 1.056426943894493343e+04
1.044606879081975421e+03 1.994856732503060584e+03 1.228393675023204923e+04 1.259882604499389527e+04 1.041804367704001197e+04
1.045606909601416191e+03 1.958044785938787754e+03 1.226046698915807792e+04 1.258818756912256322e+04 1.026199039692420774e+04
1.046606940120856962e+03 1.914705505675715358e+03 1.225127767129963104e+04 1.258051977244765840e+04 1.009736063817811919e+04
1.047606970640297732e+03 1.878947458715839275e+03 1.220908060806258436e+04 1.261586129735915165e+04 9.931788801909595350e+03
1.048607001159738502e+03 1.831885708493432276e+03 1.221492976987589827e+04 1.258492282969908047e+04 9.769787681228877773e+03
1.049607031679179727e+03 1.790164335219292298e+03 1.218660967612016975e+04 1.259270450932735002e+04 9.607033037605860954e+03
1.050607062198620497e+03 1.748815182414560468e+03 1.217412074613253571e+04 1.257733633737929449e+04 9.445470754308405958e+03
1.051607092718061267e+03 1.705356797967657712e+03 1.214993995034422369e+04 1.258345605364768016e+04 9.270260061390459668e+03
1.052607123237502492e+03 1.645195550487783066e+03 1.211773864703895924e+04 1.257880010005248550e+04 9.111387235039921507e+03
1.053607153756943262e+03 1.614401150494275271e+03 1.210387257162923743e+04 1.255291779672587472e+04 8.956583764219576551e+03
1.054607184276384032e+03 1.590125277386864809e+03 1.206910846605791630e+04 1.257034967788927315e+04 8.798149721761708861e+03
1.055607214795824802e+03 1.552873626824548637e+03 1.203434660668692231e+04 1.255783926873954988e+04 8.641593148016076157e+03
1.056607245315265573e+03 1.509537370587526084e+03 1.200773036819123445e+04 1.253974353467374567e+04 8.476773283460614039e+03
1.057607275834706797e+03 1.460925674382602892e+03 1.196777501288312487e+04 1.254413664209149647e+04 8.312144166602380210e+03
1.058607306354147568e+03 1.421811860411570251e+03 1.192749176848192110e+04 1.255185248224897623e+04 8.163350211079142355e+03
1.059607336873588338e+03 1.380090540190537922e+03 1.189108608355471370e+04 1.254646348176524407e+04 8.007669493417560261e+03
1.060607367393029563e+03 1.341659254203906585e+03 1.185763813906651558e+04 1.254819498024842869e+04 7.852176634957515489e+03
1.061607397912470333e+03 1.301489524611116622e+03 1.182839525006038457e+04 1.255851028552218850e+04 7.697001457533527173e+03
1.062607428431911103e+03 1.252498870194577648e+03 1.179908413271924110e+04 1.256429227600775084e+04 7.553277721299336008e+03
1.063607458951351873e+03 1.190168441082470281e+03 1.176188812220606087e+04 1.255311429172679163e+04 7.411871681917827118e+03
1.064607489470792643e+03 1.140689326879488817e+03 1.172133859075578403e+04 1.254932738503234577e+04 7.269957909181624927e+03
1.065607519990233868e+03 1.097538013709190409e+03 1.167823608416585921e+04 1.255064986006744402e+04 7.120042842893345551e+03
1.066607550509674638e+03 1.052218420809162353e+03 1.164366094019726734e+04 1.253807980877189766e+04 6.981765793220683008e+03
1.067607581029115408e+03 1.006085311849041773e+03 1.159109187847322937e+04 1.253961248115027593e+04 6.842734632208522271e+03
1.068607611548556633e+03 9.552978554288781652e+02 1.154521913301679524e+04 1.253780832045320858e+04 6.704335677319260867e+03
1.069607642067997404e+03 9.007256977765159718e+02 1.149836850424688782e+04 1.252816329283159212e+04 6.567555991721400460e+03
1.070607672587438174e+03 8.507533490091254862e+02 1.144986293122913048e+04 1.252158508822773365e+04 6.427526374030058832e+03
1.071607703106878944e+03 8.134981438898764736e+02 1.139565279554427980e+04 1.253528509949093313e+04 6.287119326234342225e+03
1.072607733626319714e+03 7.601028629012052988e+02 1.135544126108859564e+04 1.250878692988830517e+04 6.145593735225383170e+03
1.073607764145760939e+03 7.177668695960097693e+02 1.129113585879733182e+04 1.251774780694683795e+04 6.017833377440591903e+03
1.074607794665201709e+03 6.611860689573961736e+02 1.121836087738825699e+04 1.252487649320545643e+04 5.889695268607516482e+03
1.075607825184642479e+03 6.032215907158530399e+02 1.117674434462640966e+04 1.249638159098211145e+04 5.760182342804107975e+03
1.076607855704083704e+03 5.647895089328942504e+02 1.110729250429494641e+04 1.251550431845112871e+04 5.633607765993497196e+03
1.077607886223524474e+03 5.276701197203775564e+02 1.106042497286755679e+04 1.249145136311481292e+04 5.502222239128012006e+03
1.078607916742965244e+03 5.027197296449215287e+02 1.098307111208657443e+04 1.250960548849020051e+04 5.381094776804276080e+03
1.079607947262406014e+03 4.752614670197965552e+02 1.092152342609500192e+04 1.249188654041140398e+04 5.255087575435491999e+03
1.080607977781846785e+03 4.379553309355194415e+02 1.085720527661690357e+04 1.248299514161996740e+04 5.138103018300821532e+03
1.081608008301288010e+03 4.082148835994744331e+02 1.076358448920385126e+04 1.249077494499389468e+04 5.027113213040756818e+03
1.082608038820728780e+03 3.704640034737381029e+02 1.069925707414938552e+04 1.248171297762528229e+04 4.910059171537383008e+03
1.083608069340169550e+03 3.343335238321164411e+02 1.062175344796142599e+04 1.246874703666208916e+04 4.803023877358215032e+03
1.084608099859610775e+03 3.067774313116589724e+02 1.052942860582854519e+04 1.246781539109351070e+04 4.692531160811299742e+03
1.085608130379051545e+03 2.844836215931267134e+02 1.044782083470834004e+04 1.245822329658700801e+04 4.583435780803072703e+03
1.086608160898492315e+03 2.563642644313615051e+02 1.037797456159902868e+04 1.243999628157297047e+04 4.477134752928153830e+03
1.087608191417933085e+03 2.340701363942990270e+02 1.030171027644293099e+04 1.243609577620612617e+04 4.372990735960117490e+03
1.088608221937373855e+03 2.055748450469447448e+02 1.019906689539093713e+04 1.244306810793566365e+04 4.281541443616692050e+03
1.089608252456815080e+03 1.780652800851609356e+02 1.010661952303007274e+04 1.243639398693523435e+04 4.191275953092947930e+03
1.090608282976255850e+03 1.546245156448905789e+02 1.002690035714700207e+04 1.242204752076451041e+04 4.099871753376788547e+03
1.091608313495696621e+03 1.499018888598860997e+02 9.936738886706614721e+03 1.241250051321858155e+04 4.001674774613751197e+03
1.092608344015137845e+03 1.308231493616186754e+02 9.849337378766191250e+03 1.239095167516388392e+04 3.919676265755455461e+03
1.093608374534578616e+03 1.064856285652934105e+02 9.752581906483193961e+03 1.237446445963712176e+04 3.837034745660700992e+03
1.094608405054019386e+03 8.048282437192484906e+01 9.648497924849805713e+03 1.237114223860312450e+04 3.745280182114657237e+03
1.095608435573460156e+03 6.408326584632185074e+01 9.548016736235094868e+03 1.235855035452969605e+04 3.670102748862972476e+03
1.096608466092900926e+03 3.570347107278051624e+01 9.453532397105367636e+03 1.234263590828511769e+04 3.589287185973858413e+03
1.097608496612342151e+03 1.325188146883796669e+01 9.354413922075578739e+03 1.232217796999389429e+04 3.512431643703644568e+03
1.098608527131782921e+03 3.010141880165041250e+00 9.251571808449423770e+03 1.232015616379234416e+04 3.441065740995813940e+03
1.099608557651223691e+03 -1.644935963474021534e+01 9.154007704047766310e+03 1.228658559556156251e+04 3.361927859199907289e+03
1.100608588170664916e+03 -3.976852639602367390e+01 9.050892003221410050e+03 1.226811011898675679e+04 3.280806543692188825e+03
1.101608618690105686e+03 -5.318406090206551085e+01 8.925046102779662760e+03 1.226276921884178228e+04 3.204333031723237582e+03
1.102608649209546456e+03 -6.595802440806112088e+01 8.830925030398240779e+03 1.222595307172434696e+04 3.139672450831467359e+03
1.103608679728987227e+03 -7.498967609959784397e+01 8.727322914890557513e+03 1.222368485078496087e+04 3.068039629724994029e+03
1.104608710248427997e+03 -1.009897745854512436e+02 8.636121060612515066e+03 1.220566246120734831e+04 2.998273418726555064e+03
1.105608740767869222e+03 -1.069224892675950116e+02 8.516599449508737962e+03 1.219679232663187031e+04 2.937118562269383801e+03
1.106608771287309992e+03 -1.099843421680864139e+02 8.420039340499408354e+03 1.216009807919092964e+04 2.877258340281659457e+03
1.107608801806750762e+03 -1.227204257688443647e+02 8.323714745594645137e+03 1.213515418731978025e+04 2.808711234939239603e+03
1.108608832326191987e+03 -1.391226900019739787e+02 8.206434561644782661e+03 1.213438145480894127e+04 2.741880751891241744e+03
1.109608862845632757e+03 -1.595279158736817635e+02 8.114595741108263610e+03 1.209594263196056272e+04 2.687546115190094042e+03
1.110608893365073527e+03 -1.647779434121351585e+02 8.021829689075680108e+03 1.206002776920496763e+04 2.632031367524838060e+03
1.111608923884514297e+03 -1.557074038066767514e+02 7.911227458705796380e+03 1.205901305673930256e+04 2.580629516787799730e+03
1.112608954403955067e+03 -1.514391236721606049e+02 7.802747943802400187e+03 1.203320665642954009e+04 2.522216645106796932e+03
1.113608984923396292e+03 -1.526871975807097499e+02 7.704306192776914031e+03 1.198971269265915362e+04 2.464455236186707225e+03
1.114609015442837062e+03 -1.557849674221609177e+02 7.600863332872604587e+03 1.196246066680156036e+04 2.411188112608156189e+03
1.115609045962277833e+03 -1.542361886076122062e+02 7.500747937981566793e+03 1.194654076236251422e+04 2.362111661378991357e+03
1.116609076481719057e+03 -1.564645244336205394e+02 7.419067109195601915e+03 1.191507296355123617e+04 2.310023846404609230e+03
1.117609107001159828e+03 -1.488629717975030644e+02 7.325777467866182633e+03 1.188660296434016527e+04 2.256262950533896856e+03
1.118609137520600598e+03 -1.350352147932929938e+02 7.223422162006460894e+03 1.186468660785783868e+04 2.205816443003229779e+03
1.119609168040041368e+03 -1.315583275809395047e+02 7.140387492126868892e+03 1.181875447998901836e+04 2.163559516151467960e+03
1.120609198559482138e+03 -1.228664278685858449e+02 7.060177026076707989e+03 1.178466327960447416e+04 2.110020873977423435e+03
1.121609229078923363e+03 -1.095585911323316850e+02 6.956648698249810877e+03 1.175529381542970805e+04 2.061106018035271063e+03
1.122609259598364133e+03 -9.939844719387561156e+01 6.858895070695345566e+03 1.171049557060581174e+04 2.021095164041043063e+03
1.123609290117804903e+03 -9.070654748152193747e+01 6.771780009451992555e+03 1.166400687746963740e+04 1.979111039560640620e+03
1.124609320637246128e+03 -8.530128660591665835e+01 6.692226669308221062e+03 1.161932490355916343e+04 1.946685482247407890e+03
1.125609351156686898e+03 -7.036259792710292515e+01 6.617246312260524064e+03 1.158444976999389473e+04 1.907358934280006224e+03
1.126609381676127668e+03 -4.504730870847956936e+01 6.527228542486226615e+03 1.156119149365867088e+04 1.865978077474938345e+03
1.127609412195568439e+03 -1.872623903679840396e+01 6.469698185784165616e+03 1.149165074159708456e+04 1.822543393248153279e+03
1.128609442715009209e+03 2.226034896066921220e+01 6.374044811692894655e+03 1.148154773734573428e+04 1.782531522931367135e+03
1.129609473234450434e+03 3.983471507951986013e+01 6.304787267689936925e+03 1.141325645696819265e+04 1.730935073169402358e+03
1.130609503753891204e+03 6.927944449987667497e+01 6.229688592039879950e+03 1.137171936962766267e+04 1.681941853408833140e+03
1.131609534273331974e+03 1.007608819903352497e+02 6.159714790906850794e+03 1.131384204001771286e+04 1.639383934607336187e+03
1.132609564792773199e+03 1.365882693369869685e+02 6.102523666609537031e+03 1.123376970172647452e+04 1.598303053429423244e+03
1.133609595312213969e+03 1.679865195845713117e+02 6.010837363075394023e+03 1.119339589208233701e+04 1.550979384181580144e+03
1.134609625831654739e+03 1.950385016574487622e+02 5.929939672034385694e+03 1.114323445948605149e+04 1.505792666842728067e+03
1.135609656351095509e+03 2.106002458083964086e+02 5.868500309053712044e+03 1.107823350381859927e+04 1.461866884856831803e+03
1.136609686870536279e+03 2.295093745825019766e+02 5.793510237189598229e+03 1.101829871917446326e+04 1.424482850245502732e+03
1.137609717389977504e+03 2.541438865686392319e+02 5.710976750758512935e+03 1.095993231259750428e+04 1.382994263249059713e+03
1.138609747909418275e+03 2.751953521121880613e+02 5.651265277381391570e+03 1.089297783501556478e+04 1.313399864253919077e+03
1.139609778428859045e+03 2.967344285927600822e+02 5.596580351101871202e+03 1.082434211982451961e+04 1.226384680258311619e+03
1.140609808948300270e+03 3.165350614671642120e+02 5.528521042664748165e+03 1.077174673048799559e+04 1.220634915611266024e+03
1.141609839467741040e+03 3.352754814196278517e+02 5.463471193429269988e+03 1.070640139686320072e+04 1.210224937592130345e+03
1.142609869987181810e+03 3.501376144916361568e+02 5.407998075454089303e+03 1.061198117099645970e+04 1.192418698888140625e+03
1.143609900506622580e+03 3.758313313910114744e+02 5.329796835598760481e+03 1.054509708138070528e+04 1.167196782389333521e+03
1.144609931026063350e+03 3.988125499781108374e+02 5.264749513338644647e+03 1.047620574074866272e+04 1.145585966927425488e+03
1.145609961545504575e+03 4.220896986932502841e+02 5.213247789856205600e+03 1.038676208054598465e+04 1.116175089780373810e+03
1.146609992064945345e+03 4.374748821654451945e+02 5.138855824984853825e+03 1.031132909384178856e+04 1.090287428514124940e+03
1.147610022584386115e+03 4.377361155735482043e+02 5.060415701724466999e+03 1.022581732362419098e+04 1.051429619209513930e+03
1.148610053103827340e+03 4.614122235147114566e+02 5.010017143378907349e+03 1.014438447350513707e+04 1.019792407258851540e+03
1.149610083623268110e+03 4.647854449920043862e+02 4.945726116769775217e+03 1.005225953212536479e+04 9.829687943033549118e+02
1.150610114142708881e+03 4.925837248617606861e+02 4.886330234538962941e+03 9.970808374312398882e+03 9.613412362645365192e+02
1.151610144662149651e+03 5.150067188509557354e+02 4.835401123675571398e+03 9.870333305092794035e+03 9.431460134733844143e+02
1.152610175181590421e+03 5.326704794240304182e+02 4.792176086857691189e+03 9.772493634103051591e+03 9.183998429139628570e+02
1.153610205701031646e+03 5.564332230588272523e+02 4.740452382627678162e+03 9.687742201746312276e+03 9.066207179345582290e+02
1.154610236220472416e+03 5.723731296250828109e+02 4.678608703587672608e+03 9.594181072946654240e+03 8.892866412956666409e+02
1.155610266739913186e+03 5.866636156677774352e+02 4.633513592685369986e+03 9.492441863145346360e+03 8.690404260878322020e+02
1.156610297259354411e+03 6.051084238107522424e+02 4.589258223776271734e+03 9.393387402748865497e+03 8.432392592204909079e+02
1.157610327778795181e+03 6.243327409840386508e+02 4.532528469026688072e+03 9.296209367270024813e+03 8.162653096096170202e+02
1.158610358298235951e+03 6.341876174508780650e+02 4.488761030984211175e+03 9.191360635450468180e+03 7.915336350193439330e+02
1.159610388817676721e+03 6.407573936205352538e+02 4.445640049396597533e+03 9.087963783359897207e+03 7.611568770057058373e+02
1.160610419337117492e+03 6.401816615034025517e+02 4.386042233756153109e+03 8.986841292677494494e+03 7.243496856831494597e+02
1.161610449856558716e+03 6.409496049604160817e+02 4.336039905148736580e+03 8.886553166618436080e+03 6.972737828722983977e+02
1.162610480375999487e+03 6.506017125227509723e+02 4.302309444814096423e+03 8.779538555005799935e+03 6.674875082660022372e+02
1.163610510895440257e+03 6.621941837463509728e+02 4.255805460910055444e+03 8.670032846179590706e+03 6.308643248174601013e+02
1.164610541414881482e+03 6.706939782250050257e+02 4.204381512114030556e+03 8.560017307876127234e+03 6.121654339618410177e+02
1.165610571934322252e+03 6.757169915974787955e+02 4.162060739393838958e+03 8.440677410876203794e+03 5.872483607403615906e+02
1.166610602453763022e+03 6.818013320067440191e+02 4.119023484923508477e+03 8.336760950043339108e+03 5.586068397712202795e+02
1.167610632973203792e+03 6.882703073081225966e+02 4.070165033833969574e+03 8.229431980542953170e+03 5.444919380957055637e+02
1.168610663492644562e+03 7.004319320658692050e+02 4.023447717053624274e+03 8.116620880115697219e+03 5.258943050614651611e+02
1.169610694012085787e+03 7.189836421823076762e+02 3.974785246942821686e+03 8.005245739683504326e+03 5.073902806840553694e+02
1.170610724531526557e+03 7.215912545384842360e+02 3.930729677553063539e+03 7.911476460363487604e+03 4.944388543770617161e+02
1.171610755050967327e+03 7.273839621198937948e+02 3.886260189597565386e+03 7.803734714906318004e+03 4.837283123334815969e+02
1.172610785570408552e+03 7.364610803083396604e+02 3.837708794093061897e+03 7.697024568203908530e+03 4.618245820116459868e+02
1.173610816089849322e+03 7.436120530632507553e+02 3.784855082632255289e+03 7.587213029918808388e+03 4.349462202120714664e+02
1.174610846609290093e+03 7.458299904839001329e+02 3.743350129871776971e+03 7.479984525310384015e+03 4.194608878004270878e+02
1.175610877128730863e+03 7.521108925863086370e+02 3.711657534786172164e+03 7.376069258457559954e+03 4.033015730595411696e+02
1.176610907648171633e+03 7.509508337516924712e+02 3.682220574071566716e+03 7.281055738223182743e+03 3.806115300202635012e+02
1.177610938167612858e+03 7.466077487622974331e+02 3.651037529530720803e+03 7.160793406357797721e+03 3.631800468875898105e+02
1.178610968687053628e+03 7.402304491979637078e+02 3.615371181442003490e+03 7.076529004145150793e+03 3.517873384436247193e+02
1.179610999206494398e+03 7.437090871622417581e+02 3.549838006050591503e+03 7.012371908085228824e+03 3.390328112599613632e+02
1.180611029725935623e+03 7.354990156002563708e+02 3.542173240510845062e+03 6.876886046425238419e+03 3.138129274062642367e+02
1.181611060245376393e+03 7.450599779564331584e+02 3.481759717220701077e+03 6.793362139262334495e+03 2.987190931428544332e+02
1.182611090764817163e+03 7.475708745321511515e+02 3.450989524300453468e+03 6.670403629897456995e+03 2.889819741490816227e+02
1.183611121284257933e+03 7.591600564642603786e+02 3.402228951390278780e+03 6.596607476116103498e+03 2.780760842113414810e+02
1.184611151803698704e+03 7.576144608350286944e+02 3.365327305430285378e+03 6.502316711799458972e+03 2.776869931428530549e+02
1.185611182323139928e+03 7.505647664261877026e+02 3.346515714599844159e+03 6.384330162747047325e+03 2.854763032051150731e+02
1.186611212842580699e+03 7.488263758730994368e+02 3.290291860319498028e+03 6.321919120355552877e+03 2.856712231739851973e+02
1.187611243362021469e+03 7.437069650386991952e+02 3.246749154619993988e+03 6.229177232432110031e+03 2.808975561098051799e+02
1.188611273881462694e+03 7.352084438341707937e+02 3.225586185129506248e+03 6.112846961120349988e+03 2.660980809541516692e+02
1.189611304400903464e+03 7.355982248758776905e+02 3.184796871794039816e+03 6.032947863647370468e+03 2.560679401191403031e+02
1.190611334920344234e+03 7.480555144962145278e+02 3.142070042209261828e+03 5.946933143551853391e+03 2.461369174790573311e+02
1.191611365439785004e+03 7.522079797383860296e+02 3.112014702543911426e+03 5.841673341461283599e+03 2.365925788277133677e+02
1.192611395959225774e+03 7.534601387347568107e+02 3.067239225948513649e+03 5.758783267131184402e+03 2.197464974895904675e+02
1.193611426478666999e+03 7.420614173906011501e+02 3.025023575403727591e+03 5.699987027739722180e+03 2.065057936876263511e+02
1.194611456998107769e+03 7.266096522922537133e+02 3.000598729949600965e+03 5.608480852301778214e+03 1.973514554460051613e+02
1.195611487517548539e+03 7.221753159905216535e+02 2.965309238121191811e+03 5.509759967186115318e+03 1.892745795899341772e+02
1.196611518036989764e+03 7.285473632990905344e+02 2.891509483966710377e+03 5.442785476224421473e+03 1.930699559541527037e+02
1.197611548556430535e+03 7.303793395004109925e+02 2.840200821402628208e+03 5.345178403917770993e+03 1.824525946421217668e+02
1.198611579075871305e+03 7.304798751032465134e+02 2.792253653786811356e+03 5.255353636657511743e+03 1.728125077074957687e+02
1.199611609595312075e+03 7.290210212738219298e+02 2.742572756446586936e+03 5.189740680935122327e+03 1.575231650779425934e+02
1.200611640114752845e+03 7.139577108899642326e+02 2.689211909106362327e+03 5.120276457308512363e+03 1.432119526763680710e+02
1.201611670634194070e+03 7.024640775703607005e+02 2.644551157192777282e+03 5.027026900443133854e+03 1.316235219036124704e+02
1.202611701153634840e+03 6.917470353612122835e+02 2.608964324595729522e+03 4.959977984725630449e+03 1.196434325106454679e+02
1.203611731673075610e+03 6.824724535771234741e+02 2.558481589892839111e+03 4.895257216374304335e+03 1.005593019141448110e+02
1.204611762192516835e+03 6.736883475968364792e+02 2.522060181563301740e+03 4.813744369592557632e+03 8.966127510357597430e+01
1.205611792711957605e+03 6.675015086204582531e+02 2.449293005700375033e+03 4.767442051055048069e+03 8.498020037367246005e+01
1.206611823231398375e+03 6.476018256297074913e+02 2.414138005116696149e+03 4.673053892080816695e+03 7.408297592302388068e+01
1.207611853750839146e+03 6.339919576602432016e+02 2.361987915909140611e+03 4.612211625749870109e+03 6.804072434135512992e+01
1.208611884270279916e+03 6.159214921102109201e+02 2.317633714185557437e+03 4.536232762742494742e+03 5.927708188805036826e+01
1.209611914789721141e+03 6.002882854489548663e+02 2.262310249307313370e+03 4.484094895186163740e+03 5.373090269696593424e+01
1.210611945309161911e+03 5.831769666871300615e+02 2.205612446757420457e+03 4.415831531199110032e+03 4.241677203408477226e+01
1.211611975828602681e+03 5.555708451041640501e+02 2.183819586539517786e+03 4.325115941116406248e+03 1.603453611575669413e+01
1.212612006348043906e+03 5.534567325778393752e+02 2.122259827221149408e+03 4.292624787698215187e+03 3.190412074825701438e+00
1.213612036867484676e+03 5.434918770583965397e+02 2.061870731359595538e+03 4.241249418538110149e+03 -8.791335528634606433e+00
1.214612067386925446e+03 5.288203106805223115e+02 2.023023763604152691e+03 4.161252585270402051e+03 -2.408233636868088112e+01
1.215612097906366216e+03 5.155875971176839130e+02 1.970059314467096783e+03 4.112863417047246003e+03 -3.604910658704702087e+01
1.216612128425806986e+03 5.024442780090843144e+02 1.916397251662669987e+03 4.074203423610466871e+03 -4.833409274800175126e+01
1.217612158945248211e+03 4.766528373205578077e+02 1.870826395530535592e+03 4.005176367247140206e+03 -6.584500951233684418e+01
1.218612189464688981e+03 4.621940138278390009e+02 1.840860847723361530e+03 3.942061160912837295e+03 -7.353562930495634475e+01
1.219612219984129752e+03 4.614137090011904547e+02 1.781136009454280384e+03 3.901074839508032255e+03 -7.811416243762347733e+01
1.220612250503570976e+03 4.472051899803257697e+02 1.724019739782956322e+03 3.839861984515028325e+03 -8.727122870296244628e+01
1.221612281023011747e+03 4.304952708866026114e+02 1.681285778512131401e+03 3.760095703107483132e+03 -9.691126214692758367e+01
1.222612311542452517e+03 4.113729748026303241e+02 1.625145202109005822e+03 3.717380896597692754e+03 -1.100566455908928987e+02
1.223612342061893287e+03 3.940962895637405268e+02 1.570584490707709847e+03 3.668274089514139177e+03 -1.150099342948851557e+02
1.224612372581334057e+03 3.852089422731056629e+02 1.525803510921504994e+03 3.597479828978836849e+03 -1.162801770228643505e+02
1.225612403100775282e+03 3.802091661534211084e+02 1.472835018623831729e+03 3.533018154296215471e+03 -1.227203456320954160e+02
1.226612433620216052e+03 3.769074071864278039e+02 1.412734615659637257e+03 3.469747616844290860e+03 -1.354717168667580438e+02
1.227612464139656822e+03 3.670424506327615859e+02 1.361328299536221948e+03 3.391523957648789747e+03 -1.440382997247502601e+02
1.228612494659098047e+03 3.504407067866201828e+02 1.313579583719504399e+03 3.335540337238894608e+03 -1.567016253313277048e+02
1.229612525178538817e+03 3.429222883402907769e+02 1.260632767255035560e+03 3.278299398990410282e+03 -1.691679448332493791e+02
1.230612555697979587e+03 3.404012586246562364e+02 1.215253175080988512e+03 3.214118537042057142e+03 -1.822034049687543700e+02
1.231612586217420358e+03 3.243645301717645566e+02 1.168539620686193985e+03 3.144767855231651993e+03 -1.859062424893541277e+02
1.232612616736861128e+03 3.190630411373992388e+02 1.121386821816948441e+03 3.081031040145896441e+03 -1.967304521876660601e+02
1.233612647256302353e+03 3.079354741289117214e+02 1.064669365014145342e+03 3.010815234511984727e+03 -2.104441204146441464e+02
1.234612677775743123e+03 2.888131780449395478e+02 1.019199756361889172e+03 2.925746658314107208e+03 -2.155048718566868047e+02
1.235612708295183893e+03 2.732780134913637653e+02 9.797296364800043875e+02 2.849783203334868176e+03 -2.297491674412838165e+02
1.236612738814625118e+03 2.630436482819972639e+02 9.344414646593517091e+02 2.767062333033307823e+03 -2.521394488160389642e+02
1.237612769334065888e+03 2.507640334552716297e+02 8.892706568059427354e+02 2.669738177140012795e+03 -2.590126778171334081e+02
1.238612799853506658e+03 2.406672349045645376e+02 8.534797569089506624e+02 2.566698723074834561e+03 -2.568910777278642854e+02
1.239612830372947428e+03 2.499207015594056429e+02 8.024638304028218272e+02 2.482533705486492181e+03 -2.663332492166022121e+02
1.240612860892388198e+03 2.391826503271860815e+02 7.639701338042126508e+02 2.379948759823317232e+03 -2.707150971885846502e+02
1.241612891411829423e+03 2.319484903293950708e+02 7.366666141626549233e+02 2.274358509542501906e+03 -2.721570984292008575e+02
1.242612921931270193e+03 2.259764102555385534e+02 7.012606568471487662e+02 2.159903924017885856e+03 -2.737402615243302080e+02
1.243612952450710964e+03 2.276022221546882065e+02 6.483155250329255068e+02 2.055875683910775479e+03 -2.803552911045344445e+02
1.244612982970152188e+03 2.170591410229467897e+02 6.127929337652906270e+02 1.936733021042213750e+03 -2.909010284214229500e+02
1.245613013489592959e+03 2.051998658169431167e+02 5.944808417331553301e+02 1.814374401363290872e+03 -3.049770958770128004e+02
1.246613044009033729e+03 2.016398974678927800e+02 5.716883662135644499e+02 1.685195085419949692e+03 -2.982482916607519314e+02
1.247613074528474499e+03 2.011331874189868358e+02 5.447999443929302288e+02 1.545048380532277406e+03 -2.957336421940788114e+02
1.248613105047915269e+03 1.902269048429174916e+02 5.154471038806661909e+02 1.399279166778712352e+03 -2.998337548543047433e+02
1.249613135567356494e+03 1.839458435812411210e+02 4.881754802837872944e+02 1.238761399861732116e+03 -3.066463789364347008e+02
1.250613166086797264e+03 1.756473325206150662e+02 4.640469086531359721e+02 1.076013107660993683e+03 -3.108298835372398798e+02
1.251613196606238034e+03 1.693662182058538690e+02 4.354051590102175737e+02 9.042295136458740217e+02 -3.164848092422382138e+02
1.252613227125679259e+03 1.670702927450099935e+02 4.063812183812009380e+02 7.342387090892613060e+02 -3.185186846473848163e+02
1.253613257645120029e+03 1.714162426011867240e+02 3.781910673145512192e+02 5.515764786461407994e+02 -3.267204611970101951e+02
1.254613288164560799e+03 1.761560585868881503e+02 3.610053885927077886e+02 3.769631519355462501e+02 -3.353677614625282217e+02
1.255613318684001570e+03 1.733172408707355032e+02 3.447759173511779522e+02 1.805034587154616190e+02 -3.363261001459200088e+02
1.256613349203442340e+03 1.766665884581674675e+02 3.081962080534414099e+02 2.150170531255660222e+01 -3.326219788494553313e+02
1.257613379722883565e+03 1.829582603375578742e+02 2.822535488815735789e+02 -1.697321078398550753e+02 -3.297126217948848534e+02
1.258613410242324335e+03 1.699561685507222819e+02 2.686336008729681453e+02 -3.699383967139688707e+02 -3.324591532772140567e+02
1.259613440761765105e+03 1.650990521862003106e+02 2.245883640047192671e+02 -5.482614762659139842e+02 -3.314285487107449626e+02
1.260613471281206330e+03 1.556917846276029991e+02 2.247189243988713656e+02 -7.697620011652647918e+02 -3.222233408504615682e+02
1.261613501800647100e+03 1.683350253233685123e+02 1.866203344382461182e+02 -9.292148515986255006e+02 -3.282771999055800620e+02
1.262613532320087870e+03 1.680202613488977477e+02 1.787977171703481645e+02 -1.105737068112674933e+03 -3.437722141268750988e+02
1.263613562839528640e+03 1.734709356683118529e+02 1.691393365280693217e+02 -1.265744152709494983e+03 -3.494703067953433333e+02
1.264613593358969410e+03 1.793192428865438899e+02 1.482719670009720119e+02 -1.427190836097746342e+03 -3.489920467948850842e+02
1.265613623878410635e+03 1.832301574164688418e+02 1.266512218833126866e+02 -1.580804157578908416e+03 -3.493903382570717895e+02
1.266613654397851406e+03 1.962283763278389301e+02 1.270692959196619114e+02 -1.750380196211923703e+03 -3.505455225731307110e+02
1.267613684917292176e+03 1.925540785729255902e+02 1.225525801418751968e+02 -1.929440643723042967e+03 -3.536929130693754928e+02
1.268613715436733401e+03 1.925540255198366992e+02 1.085432533061271414e+02 -2.106722345255179334e+03 -3.616593842010386766e+02
1.269613745956174171e+03 1.908156349667478651e+02 9.800447444465574165e+01 -2.297980322289282867e+03 -3.669175161823602593e+02
1.270613776475614941e+03 1.880102937494805246e+02 8.646287944603082565e+01 -2.498504778416037425e+03 -3.665187967948850769e+02
1.271613806995055711e+03 1.897907023487125855e+02 7.174274251598275498e+01 -2.683874045891448077e+03 -3.682714717948852581e+02
1.272613837514496481e+03 2.002987153889070271e+02 5.986472286299173362e+01 -2.893257833917114112e+03 -3.688700322920456074e+02
1.273613868033937706e+03 2.063056513419554960e+02 4.631951717034825577e+01 -3.103897802657651482e+03 -3.748049816076485854e+02
1.274613898553378476e+03 2.176824087074396630e+02 4.907947967034836267e+01 -3.299725709867847399e+03 -3.740065800007997154e+02
1.275613929072819246e+03 2.243608906555705573e+02 4.054330071274232239e+01 -3.495423984959384143e+03 -3.715771411571814156e+02
1.276613959592260471e+03 2.347912339741056087e+02 2.771008436957880505e+01 -3.695450096559892700e+03 -3.698244126665200042e+02
1.277613990111701241e+03 2.435597953994380305e+02 3.222893403768090081e+01 -3.901558683622675744e+03 -3.712228725090408830e+02
1.278614020631142012e+03 2.470365765056148746e+02 3.774902750270483409e+01 -4.089215787423850998e+03 -3.803403556851982898e+02
1.279614051150582782e+03 2.501168388278391888e+02 3.732949343614198057e+01 -4.285468865240773084e+03 -3.775113950941896519e+02
1.280614081670023552e+03 2.525725071383556326e+02 4.037977732874507808e+01 -4.479253304040121293e+03 -3.762819122499278706e+02
1.281614112189464777e+03 2.692855033112227261e+02 4.754886261074697984e+01 -4.663153578072717210e+03 -3.846455515398956209e+02
1.282614142708905547e+03 2.815298378340497720e+02 6.185889951561566846e+01 -4.835866429696330670e+03 -3.871507866502229831e+02
1.283614173228346317e+03 2.862249831191781482e+02 4.529086972939908406e+01 -4.986600496738361471e+03 -3.863985474838605683e+02
1.284614203747787542e+03 2.841378746149375161e+02 8.451048211953758482e+01 -5.138930573957159140e+03 -3.910562467948851122e+02
1.285614234267228312e+03 3.014466569724110627e+02 8.248845258281791359e+01 -5.150430080006107346e+03 -3.891033562505709824e+02
1.286614264786669082e+03 3.025402402870500396e+02 9.915250743312030579e+01 -5.150430080006107346e+03 -3.911812544697613134e+02
1.287614295306109852e+03 3.037321840278933678e+02 1.141882916644888581e+02 -5.150430080006107346e+03 -4.026991845512459918e+02
1.288614325825550623e+03 3.116793775360239920e+02 1.169228721007583971e+02 -5.150430080006107346e+03 -4.194249653926664791e+02
1.289614356344991847e+03 3.255865019607372801e+02 1.316679418544720761e+02 -5.150430080006107346e+03 -4.267110353157609097e+02
1.290614386864432618e+03 3.422999756113949275e+02 1.281984046703484239e+02 -5.150430080006107346e+03 -4.371528402782212197e+02
1.291614417383873388e+03 3.547412962520730844e+02 1.354804176739182822e+02 -5.150430080006107346e+03 -4.442381062597260666e+02
1.292614447903314613e+03 3.675068243169926632e+02 1.381076858894472821e+02 -5.150430080006107346e+03 -4.522519166264206660e+02
1.293614478422755383e+03 3.864826938765203295e+02 1.280094430676177808e+02 -5.150430080006107346e+03 -4.614376538860767027e+02
1.294614508942196153e+03 4.119083335193633388e+02 1.044331559430094813e+02 -5.150430080006107346e+03 -4.516706336127757027e+02
1.295614539461636923e+03 4.165262865606256355e+02 9.515584318664670604e+01 -5.150430080006107346e+03 -4.402044824911870933e+02
1.296614569981077693e+03 4.196047450778390839e+02 8.037854045821394777e+01 -5.150430080006107346e+03 -4.364249928532998410e+02
1.297614600500518918e+03 4.276087584438304816e+02 5.356385016338713001e+01 -5.150430080006107346e+03 -4.365528890238732060e+02
1.298614631019959688e+03 4.471467785298163449e+02 2.057789292799405700e+01 -5.150430080006107346e+03 -4.435638029865166345e+02
1.299614661539400458e+03 4.524893837078193997e+02 -4.532268246694007630e+00 -5.150430080006107346e+03 -4.507756813627286760e+02
1.300614692058841683e+03 4.632625560846756230e+02 -5.145292231189790755e+01 -5.150430080006107346e+03 -4.593383059118064580e+02
1.301614722578282453e+03 4.666678216274643773e+02 -9.412017143293394383e+01 -5.150430080006107346e+03 -4.668234145846673755e+02
1.302614753097723224e+03 4.778960303449603657e+02 -1.493210499281670423e+02 -5.150430080006107346e+03 -4.702570336081973892e+02
1.303614783617163994e+03 4.931424799905519194e+02 -2.093938807833131364e+02 -5.150430080006107346e+03 -4.782876400424593726e+02
1.304614814136604764e+03 5.091162344273114968e+02 -2.845488237516244681e+02 -5.150430080006107346e+03 -4.755871105286326497e+02
1.305614844656045989e+03 5.243042726223977752e+02 -3.633840536500214284e+02 -5.150430080006107346e+03 -4.820529546551682643e+02
1.306614875175486759e+03 5.307175421807806970e+02 -4.421572884192854644e+02 -5.150430080006107346e+03 -4.978274575804548476e+02
1.307614905694927529e+03 5.488301318831364597e+02 -5.265639936152055043e+02 -5.150430080006107346e+03 -5.109729480057417845e+02
1.308614936214368754e+03 5.693015680093845958e+02 -6.408049000540769384e+02 -5.150430080006107346e+03 -5.200793051244037315e+02
1.309614966733809524e+03 5.707703427663739149e+02 -7.075433303873400064e+02 -5.150430080006107346e+03 -5.239877072554237429e+02
1.310614997253250294e+03 5.828693648796153184e+02 -8.057541720188995669e+02 -5.150430080006107346e+03 -5.274932177274063179e+02
1.311615027772691064e+03 5.879541851002704789e+02 -9.136165995367426831e+02 -5.150430080006107346e+03 -5.398238849129006667e+02
1.312615058292131835e+03 6.028610949790288487e+02 -1.028040515147416272e+03 -5.150430080006107346e+03 -5.615313045086691091e+02
1.313615088811573060e+03 6.101527645248268072e+02 -1.151475905705506875e+03 -5.150430080006107346e+03 -5.737378733605328307e+02
1.314615119331013830e+03 6.133606725781439764e+02 -1.254861992896485845e+03 -5.150430080006107346e+03 -5.780503974357928882e+02
1.315615149850454600e+03 6.220525722904974373e+02 -1.388052294555966000e+03 -5.150430080006107346e+03 -5.954393554929222319e+02
1.316615180369895825e+03 6.264669075778390379e+02 -1.517986391907685629e+03 -5.150430080006107346e+03 -6.188993431073782858e+02
1.317615210889336595e+03 6.285377287838919074e+02 -1.646152673444934408e+03 -5.150430080006107346e+03 -6.397988397586292422e+02
1.318615241408777365e+03 6.413073949897138846e+02 -1.776863113785516589e+03 -5.150430080006107346e+03 -6.567852271006890987e+02
1.319615271928218135e+03 6.538119018588770359e+02 -1.915432952924396432e+03 -5.150430080006107346e+03 -6.770781396556235450e+02
1.320615302447658905e+03 6.540798730092317328e+02 -2.039990152082047871e+03 -5.150430080006107346e+03 -6.890771112519404369e+02
1.321615332967100130e+03 6.563524020580175602e+02 -2.162209786711736342e+03 -5.150430080006107346e+03 -7.070086250841195579e+02
1.322615363486540900e+03 6.673178388278391822e+02 -2.297239726441166113e+03 -5.150430080006107346e+03 -7.225810937826157669e+02
1.323615394005981670e+03 6.653121137614585905e+02 -2.418681838826707008e+03 -5.150430080006107346e+03 -7.427373911892243541e+02
1.324615424525422895e+03 6.677857140159144365e+02 -2.529155024987706383e+03 -5.150430080006107346e+03 -7.595906402759361526e+02
1.325615455044863666e+03 6.685220378321433827e+02 -2.655339259354109345e+03 -5.150430080006107346e+03 -7.840617618562313282e+02
1.326615485564304436e+03 6.798877071021174743e+02 -2.785909087554057805e+03 -5.150430080006107346e+03 -8.086667170704752152e+02
1.327615516083745206e+03 6.762762772571566074e+02 -2.898151100319564193e+03 -5.150430080006107346e+03 -8.257226422719007815e+02
1.328615546603185976e+03 6.808264815043129374e+02 -3.018108642752252763e+03 -5.150430080006107346e+03 -8.521497033641868484e+02
1.329615577122627201e+03 6.993460414490785979e+02 -3.144007497366834741e+03 -5.150430080006107346e+03 -8.800569580290934937e+02
1.330615607642067971e+03 7.064304325778391558e+02 -3.263540339472204778e+03 -5.150430080006107346e+03 -9.077661367761147631e+02
1.331615638161508741e+03 7.043551549123491213e+02 -3.377685445466976034e+03 -5.150430080006107346e+03 -9.436970440893315981e+02
1.332615668680949966e+03 6.972717187391810967e+02 -3.478825051553353660e+03 -5.150430080006107346e+03 -9.718717520594926782e+02
1.333615699200390736e+03 6.976022925340431584e+02 -3.589060365099386217e+03 -5.150430080006107346e+03 -9.963446388316023103e+02
1.334615729719831506e+03 6.888458802659915818e+02 -3.606030857829651723e+03 -5.150430080006107346e+03 -1.029110664202410135e+03
1.335615760239272277e+03 6.939965924226472680e+02 -3.606030857829651723e+03 -5.150430080006107346e+03 -1.060724768187483050e+03
1.336615790758713047e+03 6.918558472458632878e+02 -3.606030857829651723e+03 -5.150430080006107346e+03 -1.101784467063597504e+03
1.337615821278154272e+03 6.966682398567259042e+02 -3.606030857829651723e+03 -5.150430080006107346e+03 -1.140676403409976956e+03
1.338615851797595042e+03 6.877009415616184924e+02 -3.606030857829651723e+03 -5.150430080006107346e+03 -1.177889695831232530e+03
1.339615882317035812e+03 6.734020200778393246e+02 -3.606030857829651723e+03 -5.150430080006107346e+03 -1.215712514335164087e+03
1.340615912836477037e+03 6.808966707404952103e+02 -3.606030857829651723e+03 -5.150430080006107346e+03 -1.263036130092367102e+03
1.341615943355917807e+03 6.873716940939677897e+02 -3.606030857829651723e+03 -5.150430080006107346e+03 -1.306447973806882601e+03
1.342615973875358577e+03 6.757318464622774172e+02 -3.606030857829651723e+03 -5.150430080006107346e+03 -1.350812646666701994e+03
1.343616004394799347e+03 6.633753046571282539e+02 -3.606030857829651723e+03 -5.150430080006107346e+03 -1.406493268871878627e+03
1.344616034914240117e+03 6.643692542714417186e+02 -3.606030857829651723e+03 -5.150430080006107346e+03 -1.456852800587674892e+03
1.345616065433681342e+03 6.550098405987290562e+02 -3.606030857829651723e+03 -5.150430080006107346e+03 -1.508621008862276312e+03
1.346616095953122112e+03 6.492671090267497220e+02 -3.606030857829651723e+03 -5.150430080006107346e+03 -1.556821015610119275e+03
1.347616126472562883e+03 6.467830573138475074e+02 -3.606030857829651723e+03 -5.150430080006107346e+03 -1.611907303080355177e+03
1.348616156992004107e+03 6.275820304464319861e+02 -3.606030857829651723e+03 -5.150430080006107346e+03 -1.671030958665434582e+03
1.349616187511444878e+03 6.026566814287809848e+02 -3.606030857829651723e+03 -5.150430080006107346e+03 -1.738449143606372672e+03
1.350616218030885648e+03 6.011999497228979408e+02 -3.606030857829651723e+03 -5.150430080006107346e+03 -1.811859994286184701e+03
1.351616248550326418e+03 6.062739471134862015e+02 -3.606030857829651723e+03 -5.150430080006107346e+03 -1.878260037984675591e+03
1.352616279069767188e+03 6.015844254557490558e+02 -3.606030857829651723e+03 -5.150430080006107346e+03 -1.946269990108823549e+03
1.353616309589208413e+03 5.890113209430639927e+02 -3.606030857829651723e+03 -5.150430080006107346e+03 -2.005129294846987477e+03
1.354616340108649183e+03 5.688177238416498085e+02 -3.606030857829651723e+03 -5.150430080006107346e+03 -2.075850046691879925e+03
1.355616370628089953e+03 5.506246526039366245e+02 -3.606030857829651723e+03 -5.150430080006107346e+03 -2.144063102856036494e+03
1.356616401147531178e+03 5.277035962192640000e+02 -3.606030857829651723e+03 -5.150430080006107346e+03 -2.203920275876108462e+03
1.357616431666971948e+03 5.237025975449543012e+02 -3.606030857829651723e+03 -5.150430080006107346e+03 -2.267918535402748148e+03
1.358616462186412718e+03 5.151295898040801831e+02 -3.606030857829651723e+03 -5.150430080006107346e+03 -2.352661757060859600e+03
1.359616492705853489e+03 5.051882898559621822e+02 -3.606030857829651723e+03 -5.150430080006107346e+03 -2.440093954250009574e+03
1.360616523225294259e+03 5.036268844063395704e+02 -3.606030857829651723e+03 -5.150430080006107346e+03 -2.523757038989515877e+03
1.361616553744735484e+03 4.874586373468823126e+02 -3.606030857829651723e+03 -5.150430080006107346e+03 -2.610780621018935108e+03
1.362616584264176254e+03 4.794917611428913915e+02 -3.606030857829651723e+03 -5.150430080006107346e+03 -2.692836525356501170e+03
1.363616614783617024e+03 4.655262783207596726e+02 -3.606030857829651723e+03 -5.150430080006107346e+03 -2.793618226352186866e+03
1.364616645303058249e+03 4.557623879008090171e+02 -3.606030857829651723e+03 -5.150430080006107346e+03 -2.881313437121765674e+03
1.365616675822499019e+03 4.436515880019049973e+02 -3.606030857829651723e+03 -5.150430080006107346e+03 -2.979495331518388411e+03
1.366616706341939789e+03 4.267311011996580419e+02 -3.606030857829651723e+03 -5.150430080006107346e+03 -3.088427244066444473e+03
1.367616736861380559e+03 4.072909110089885303e+02 -3.606030857829651723e+03 -5.150430080006107346e+03 -3.187367849999413465e+03
1.368616767380821329e+03 4.037567264609807012e+02 -3.606030857829651723e+03 -5.150430080006107346e+03 -3.276494631330660468e+03
1.369616797900262554e+03 3.981926246382054160e+02 -3.606030857829651723e+03 -5.150430080006107346e+03 -3.375466154865760473e+03
1.370616828419703324e+03 3.856177163205148872e+02 -3.606030857829651723e+03 -5.150430080006107346e+03 -3.477124407324089589e+03
1.371616858939144095e+03 3.695093131449685870e+02 -3.606030857829651723e+03 -5.150430080006107346e+03 -3.578373028300090027e+03
1.372616889458585320e+03 3.535139130480628182e+02 -3.606030857829651723e+03 -5.150430080006107346e+03 -3.674363410313490476e+03
1.373616919978026090e+03 3.328002365194237200e+02 -3.606030857829651723e+03 -5.150430080006107346e+03 -3.771788037421611079e+03
1.374616950497466860e+03 3.246620518924490852e+02 -3.606030857829651723e+03 -5.150430080006107346e+03 -3.876895260723191313e+03
1.375616981016907630e+03 3.222578450778389652e+02 -3.606030857829651723e+03 -5.150430080006107346e+03 -3.989274860338633971e+03
1.376617011536348400e+03 3.224612506194060870e+02 -3.606030857829651723e+03 -5.150430080006107346e+03 -4.103407241935398815e+03
1.377617042055789625e+03 3.257345200778393632e+02 -3.606030857829651723e+03 -5.150430080006107346e+03 -4.213064487847356759e+03
1.378617072575230395e+03 3.205746297368611977e+02 -3.606030857829651723e+03 -5.150430080006107346e+03 -4.312298864490816413e+03
1.379617103094671165e+03 3.140831068728416540e+02 -3.606030857829651723e+03 -5.150430080006107346e+03 -4.414367604282051616e+03
1.380617133614112390e+03 2.978815955268518110e+02 -3.606030857829651723e+03 -5.150430080006107346e+03 -4.519997056907521255e+03
1.381617164133553160e+03 2.863637699988705094e+02 -3.606030857829651723e+03 -5.150430080006107346e+03 -4.615986583070300185e+03
1.382617194652993931e+03 2.824389025066531644e+02 -3.606030857829651723e+03 -5.150430080006107346e+03 -4.726654748985413789e+03
1.383617225172434701e+03 2.651505455882777369e+02 -3.606030857829651723e+03 -5.150430080006107346e+03 -4.839869551782508097e+03
1.384617255691875471e+03 2.614698814627366801e+02 -3.606030857829651723e+03 -5.150430080006107346e+03 -4.943485990360595679e+03
1.385617286211316696e+03 2.510932809229214229e+02 -3.606030857829651723e+03 -5.150430080006107346e+03 -5.044527602478374320e+03
1.386617316730757466e+03 2.424982561502923772e+02 -3.606030857829651723e+03 -5.150430080006107346e+03 -5.143556735455382295e+03
1.387617347250198236e+03 2.417355649490488361e+02 -3.606030857829651723e+03 -5.150430080006107346e+03 -5.208024161570106116e+03
1.388617377769639461e+03 2.233316076842711482e+02 -3.606030857829651723e+03 -5.150430080006107346e+03 -5.210036159294882964e+03
1.389617408289080231e+03 2.063557865106487554e+02 -3.606030857829651723e+03 -5.150430080006107346e+03 -5.210036159294882964e+03
1.390617438808521001e+03 1.861602264449578570e+02 -3.606030857829651723e+03 -5.150430080006107346e+03 -5.210036159294882964e+03
1.391617469327961771e+03 1.717398133883601190e+02 -3.606030857829651723e+03 -5.150430080006107346e+03 -5.210036159294882964e+03
1.392617499847402541e+03 1.647861981229186483e+02 -3.606030857829651723e+03 -5.150430080006107346e+03 -5.210036159294882964e+03
1.393617530366843766e+03 1.552250766074727437e+02 -3.606030857829651723e+03 -5.150430080006107346e+03 -5.210036159294882964e+03
1.394617560886284537e+03 1.463287633448693725e+02 -3.606030857829651723e+03 -5.150430080006107346e+03 -5.210036159294882964e+03
1.395617591405725307e+03 1.350292512763389254e+02 -3.606030857829651723e+03 -5.150430080006107346e+03 -5.210036159294882964e+03
1.396617621925166532e+03 1.284332138278394666e+02 -3.606030857829651723e+03 -5.150430080006107346e+03 -5.210036159294882964e+03
1.397617652444607302e+03 1.252121486085567028e+02 -3.606030857829651723e+03 -5.150430080006107346e+03 -5.210036159294882964e+03
1.398617682964048072e+03 1.234227740373551541e+02 -3.606030857829651723e+03 -5.150430080006107346e+03 -5.210036159294882964e+03
1.399617713483488842e+03 1.230135755652350014e+02 -3.606030857829651723e+03 -5.150430080006107346e+03 -5.210036159294882964e+03
1.400617744002929612e+03 1.225537113935319979e+02 -3.606030857829651723e+03 -5.150430080006107346e+03 -5.210036159294882964e+03
1.401617774522370837e+03 1.238826382090573617e+02 -3.606030857829651723e+03 -5.150430080006107346e+03 -5.210036159294882964e+03
1.402617805041811607e+03 1.232182013278392674e+02 -3.606030857829651723e+03 -5.150430080006107346e+03 -5.210036159294882964e+03
1.403617835561252377e+03 1.172336537781709040e+02 -3.606030857829651723e+03 -5.150430080006107346e+03 -5.210036159294882964e+03
1.404617866080693602e+03 1.015881918534574311e+02 -3.606030857829651723e+03 -5.150430080006107346e+03 -5.210036159294882964e+03
1.405617896600134372e+03 9.755302699011116374e+01 -3.606030857829651723e+03 -5.150430080006107346e+03 -5.210036159294882964e+03
1.406617927119575143e+03 9.054232660137020616e+01 -3.606030857829651723e+03 -5.150430080006107346e+03 -5.210036159294882964e+03
1.407617957639015913e+03 8.078501476440351325e+01 -3.606030857829651723e+03 -5.150430080006107346e+03 -5.210036159294882964e+03
1.408617988158456683e+03 8.850020711623434977e+01 -3.606030857829651723e+03 -5.150430080006107346e+03 -5.210036159294882964e+03
1.409618018677897908e+03 7.720080115387780495e+01 -3.606030857829651723e+03 -5.150430080006107346e+03 -5.210036159294882964e+03
1.410618049197338678e+03 7.561912942441782093e+01 -3.606030857829651723e+03 -5.150430080006107346e+03 -5.210036159294882964e+03
1.411618079716779448e+03 7.397708328016943824e+01 -3.606030857829651723e+03 -5.150430080006107346e+03 -5.210036159294882964e+03
1.412618110236220673e+03 6.217107337508278420e+01 -3.606030857829651723e+03 -5.150430080006107346e+03 -5.210036159294882964e+03
1.413618140755661443e+03 6.601073760706221094e+01 -3.606030857829651723e+03 -5.150430080006107346e+03 -5.210036159294882964e+03
1.414618171275102213e+03 6.809720947424109738e+01 -3.606030857829651723e+03 -5.150430080006107346e+03 -5.210036159294882964e+03
1.415618201794542983e+03 5.761959585379633353e+01 -3.606030857829651723e+03 -5.150430080006107346e+03 -5.210036159294882964e+03
1.416618232313983754e+03 6.079652090338764481e+01 -3.606030857829651723e+03 -5.150430080006107346e+03 -5.210036159294882964e+03
1.417618262833424978e+03 6.738582060964024834e+01 -3.606030857829651723e+03 -5.150430080006107346e+03 -5.210036159294882964e+03
1.418618293352865749e+03 6.324555757783891607e+01 -3.606030857829651723e+03 -5.150430080006107346e+03 -5.210036159294882964e+03
1.419618323872306519e+03 6.651654575346330489e+01 -3.606030857829651723e+03 -5.150430080006107346e+03 -5.210036159294882964e+03
1.420618354391747744e+03 6.361082809262781268e+01 -3.606030857829651723e+03 -5.150430080006107346e+03 -5.210036159294882964e+03
1.421618384911188514e+03 7.818122223060510123e+01 -3.606030857829651723e+03 -5.150430080006107346e+03 -5.210036159294882964e+03
1.422618415430629284e+03 7.893637989327289972e+01 -3.606030857829651723e+03 -5.150430080006107346e+03 -5.210036159294882964e+03
1.423618445950070054e+03 7.367558257783930742e+01 -3.606030857829651723e+03 -5.150430080006107346e+03 -5.210036159294882964e+03
1.424618476469510824e+03 7.475070341765746207e+01 -3.606030857829651723e+03 -5.150430080006107346e+03 -5.210036159294882964e+03
1.425618506988952049e+03 7.392673589911689191e+01 -3.606030857829651723e+03 -5.150430080006107346e+03 -5.210036159294882964e+03
1.426618537508392819e+03 6.912368063184322864e+01 -3.606030857829651723e+03 -5.150430080006107346e+03 -5.210036159294882964e+03
1.427618568027833589e+03 6.358584008791309117e+01 -3.606030857829651723e+03 -5.150430080006107346e+03 -5.210036159294882964e+03
1.428618598547274814e+03 4.908818173435901855e+01 -3.606030857829651723e+03 -5.150430080006107346e+03 -5.210036159294882964e+03
1.429618629066715584e+03 5.265361455153070835e+01 -3.606030857829651723e+03 -5.150430080006107346e+03 -5.210036159294882964e+03
1.430618659586156355e+03 4.073534431103870190e+01 -3.606030857829651723e+03 -5.150430080006107346e+03 -5.210036159294882964e+03
1.431618690105597125e+03 3.538828267359275515e+01 -3.606030857829651723e+03 -5.150430080006107346e+03 -5.210036159294882964e+03
1.432618720625037895e+03 3.742053428425852957e+01 -3.606030857829651723e+03 -5.150430080006107346e+03 -5.210036159294882964e+03
1.433618751144479120e+03 3.348739051022312907e+01 -3.606030857829651723e+03 -5.150430080006107346e+03 -5.210036159294882964e+03
1.434618781663919890e+03 3.154251733643054223e+01 -3.606030857829651723e+03 -5.150430080006107346e+03 -5.210036159294882964e+03
1.435618812183360660e+03 2.355638286128996484e+01 -3.606030857829651723e+03 -5.150430080006107346e+03 -5.210036159294882964e+03
1.436618842702801885e+03 1.763560512407546810e+01 -3.606030857829651723e+03 -5.150430080006107346e+03 -5.210036159294882964e+03
1.437618873222242655e+03 1.523463454786893934e+01 -3.606030857829651723e+03 -5.150430080006107346e+03 -5.210036159294882964e+03
1.438618903741683425e+03 1.072443232948744019e+01 -3.606030857829651723e+03 -5.150430080006107346e+03 -5.210036159294882964e+03
1.439618934261124195e+03 -1.899921466748877519e+00 -3.606030857829651723e+03 -5.150430080006107346e+03 -5.210036159294882964e+03
1.440618964780564966e+03 -7.528748057573211305e+00 -3.606030857829651723e+03 -5.150430080006107346e+03 -5.210036159294882964e+03
1.441618995300006191e+03 -2.395976706470427331e+01 -3.606030857829651723e+03 -5.150430080006107346e+03 -5.210036159294882964e+03
1.442619025819446961e+03 -4.726269958087699763e+01 -3.606030857829651723e+03 -5.150430080006107346e+03 -5.210036159294882964e+03
1.443619056338887731e+03 -6.075595686166987974e+01 -3.606030857829651723e+03 -5.150430080006107346e+03 -5.210036159294882964e+03
1.444619086858328956e+03 -6.799892367216131106e+01 -3.606030857829651723e+03 -5.150430080006107346e+03 -5.210036159294882964e+03
1.445619117377769726e+03 -6.882718849087633828e+01 -3.606030857829651723e+03 -5.150430080006107346e+03 -5.210036159294882964e+03
1.446619147897210496e+03 -8.331476675759931538e+01 -3.606030857829651723e+03 -5.150430080006107346e+03 -5.210036159294882964e+03
1.447619178416651266e+03 -1.000772084090048253e+02 -3.606030857829651723e+03 -5.150430080006107346e+03 -5.210036159294882964e+03
1.448619208936092036e+03 -1.135296148115996999e+02 -3.606030857829651723e+03 -5.150430080006107346e+03 -5.210036159294882964e+03
1.449619239455533261e+03 -1.330664146765575993e+02 -3.606030857829651723e+03 -5.150430080006107346e+03 -5.210036159294882964e+03
1.450619269974974031e+03 -1.603462597648320980e+02 -3.606030857829651723e+03 -5.150430080006107346e+03 -5.210036159294882964e+03
1.451619300494414802e+03 -2.009513430024054799e+02 -3.606030857829651723e+03 -5.150430080006107346e+03 -5.210036159294882964e+03
1.452619331013856026e+03 -2.377440312955419301e+02 -3.606030857829651723e+03 -5.150430080006107346e+03 -5.210036159294882964e+03
1.453619361533296797e+03 -2.761174894156185928e+02 -3.606030857829651723e+03 -5.150430080006107346e+03 -5.210036159294882964e+03
1.454619392052737567e+03 -3.185786349567232492e+02 -3.606030857829651723e+03 -5.150430080006107346e+03 -5.210036159294882964e+03
1.455619422572178337e+03 -3.521920108112625485e+02 -3.606030857829651723e+03 -5.150430080006107346e+03 -5.210036159294882964e+03
1.456619453091619107e+03 -3.978054117157763585e+02 -3.606030857829651723e+03 -5.150430080006107346e+03 -5.210036159294882964e+03
1.457619483611060332e+03 -4.453650651744086417e+02 -3.606030857829651723e+03 -5.150430080006107346e+03 -5.210036159294882964e+03
1.458619514130501102e+03 -5.067554466101893240e+02 -3.606030857829651723e+03 -5.150430080006107346e+03 -5.210036159294882964e+03
1.459619544649941872e+03 -5.745907172451391034e+02 -3.606030857829651723e+03 -5.150430080006107346e+03 -5.210036159294882964e+03
1.460619575169383097e+03 -6.442586007185055905e+02 -3.606030857829651723e+03 -5.150430080006107346e+03 -5.210036159294882964e+03
1.461619605688823867e+03 -7.220703985523788333e+02 -3.606030857829651723e+03 -5.150430080006107346e+03 -5.210036159294882964e+03
1.462619636208264637e+03 -8.058915727813725880e+02 -3.606030857829651723e+03 -5.150430080006107346e+03 -5.210036159294882964e+03
1.463619666727705408e+03 -8.865559821344279499e+02 -3.606030857829651723e+03 -5.150430080006107346e+03 -5.210036159294882964e+03
1.464619697247146178e+03 -9.714182171203752887e+02 -3.606030857829651723e+03 -5.150430080006107346e+03 -5.210036159294882964e+03
1.465619727766587403e+03 -1.071791848876268432e+03 -3.606030857829651723e+03 -5.150430080006107346e+03 -5.210036159294882964e+03
1.466619758286028173e+03 -1.172410320635855442e+03 -3.606030857829651723e+03 -5.150430080006107346e+03 -5.210036159294882964e+03
1.467619788805468943e+03 -1.272539749025026822e+03 -3.606030857829651723e+03 -5.150430080006107346e+03 -5.210036159294882964e+03
1.468619819324910168e+03 -1.389111868100863148e+03 -3.606030857829651723e+03 -5.150430080006107346e+03 -5.210036159294882964e+03
1.469619849844350938e+03 -1.516294445730859934e+03 -3.606030857829651723e+03 -5.150430080006107346e+03 -5.210036159294882964e+03
1.470619880363791708e+03 -1.632349880777083854e+03 -3.606030857829651723e+03 -5.150430080006107346e+03 -5.210036159294882964e+03
1.471619910883232478e+03 -1.754591571215708655e+03 -3.606030857829651723e+03 -5.150430080006107346e+03 -5.210036159294882964e+03
1.472619941402673248e+03 -1.887196651975096074e+03 -3.606030857829651723e+03 -5.150430080006107346e+03 -5.210036159294882964e+03
1.473619971922114473e+03 -2.009509698817902517e+03 -3.606030857829651723e+03 -5.150430080006107346e+03 -5.210036159294882964e+03
1.474620002441555243e+03 -2.141592524973430045e+03 -3.606030857829651723e+03 -5.150430080006107346e+03 -5.210036159294882964e+03
1.475620032960996014e+03 -2.273988046032975035e+03 -3.606030857829651723e+03 -5.150430080006107346e+03 -5.210036159294882964e+03
1.476620063480437238e+03 -2.404055438406975554e+03 -3.606030857829651723e+03 -5.150430080006107346e+03 -5.210036159294882964e+03
1.477620093999878009e+03 -2.543821306742657725e+03 -3.606030857829651723e+03 -5.150430080006107346e+03 -5.210036159294882964e+03
1.478620124519318779e+03 -2.675487506993664738e+03 -3.606030857829651723e+03 -5.150430080006107346e+03 -5.210036159294882964e+03
1.479620155038759549e+03 -2.814140958168266479e+03 -3.606030857829651723e+03 -5.150430080006107346e+03 -5.210036159294882964e+03
1.480620185558200319e+03 -2.946049770193292716e+03 -3.606030857829651723e+03 -5.150430080006107346e+03 -5.210036159294882964e+03
1.481620216077641544e+03 -3.080114765843936311e+03 -3.606030857829651723e+03 -5.150430080006107346e+03 -5.210036159294882964e+03
1.482620246597082314e+03 -3.206665534242185004e+03 -3.606030857829651723e+03 -5.150430080006107346e+03 -5.210036159294882964e+03
1.483620277116523084e+03 -3.326581536437281557e+03 -3.606030857829651723e+03 -5.150430080006107346e+03 -5.210036159294882964e+03
1.484620307635964309e+03 -3.449556367506877450e+03 -3.606030857829651723e+03 -5.150430080006107346e+03 -5.210036159294882964e+03
1.485620338155405079e+03 -3.578197215382329432e+03 -3.606030857829651723e+03 -5.150430080006107346e+03 -5.210036159294882964e+03
1.486620368674845849e+03 -3.702733664113850409e+03 -3.606030857829651723e+03 -5.150430080006107346e+03 -5.210036159294882964e+03
1.487620399194286620e+03 -3.827415106936425218e+03 -3.606030857829651723e+03 -5.150430080006107346e+03 -5.210036159294882964e+03
1.488620429713727390e+03 -3.961480473958628863e+03 -3.606030857829651723e+03 -5.150430080006107346e+03 -5.210036159294882964e+03
1.489620460233168615e+03 -4.092970007424767118e+03 -3.606030857829651723e+03 -5.150430080006107346e+03 -5.210036159294882964e+03
1.490620490752609385e+03 -4.216039697416665149e+03 -3.606030857829651723e+03 -5.150430080006107346e+03 -5.210036159294882964e+03
1.491620521272050155e+03 -4.328972745988341558e+03 -3.606030857829651723e+03 -5.150430080006107346e+03 -5.210036159294882964e+03
1.492620551791491380e+03 -4.463457232410285542e+03 -3.606030857829651723e+03 -5.150430080006107346e+03 -5.210036159294882964e+03
1.493620582310932150e+03 -4.578074026853822033e+03 -3.606030857829651723e+03 -5.150430080006107346e+03 -5.210036159294882964e+03
1.494620612830372920e+03 -4.698979416097614376e+03 -3.606030857829651723e+03 -5.150430080006107346e+03 -5.210036159294882964e+03
1.495620643349813690e+03 -4.837840888432489010e+03 -3.606030857829651723e+03 -5.150430080006107346e+03 -5.210036159294882964e+03
1.496620673869254460e+03 -4.965253451201429016e+03 -3.606030857829651723e+03 -5.150430080006107346e+03 -5.210036159294882964e+03
1.497620704388695685e+03 -5.083464008811492022e+03 -3.606030857829651723e+03 -5.150430080006107346e+03 -5.210036159294882964e+03
1.498620734908136455e+03 -5.201225153708245671e+03 -3.606030857829651723e+03 -5.150430080006107346e+03 -5.210036159294882964e+03
1.499620765427577226e+03 -5.328547367067354571e+03 -3.606030857829651723e+03 -5.150430080006107346e+03 -5.210036159294882964e+03
1.500620795947018451e+03 -5.409011660170361210e+03 -3.606030857829651723e+03 -5.150430080006107346e+03 -5.210036159294882964e+03
1.501620826466459221e+03 -5.411648398672160511e+03 -3.606030857829651723e+03 -5.150430080006107346e+03 -5.210036159294882964e+03
1.502620856985899991e+03 -5.411648398672160511e+03 -3.606030857829651723e+03 -5.150430080006107346e+03 -5.210036159294882964e+03
1.503620887505340761e+03 -5.411648398672160511e+03 -3.606030857829651723e+03 -5.150430080006107346e+03 -5.210036159294882964e+03
1.504620918024781531e+03 -5.411648398672160511e+03 -3.606030857829651723e+03 -5.150430080006107346e+03 -5.210036159294882964e+03
1.505620948544222756e+03 -5.411648398672160511e+03 -3.606030857829651723e+03 -5.150430080006107346e+03 -5.210036159294882964e+03
1.506620979063663526e+03 -5.411648398672160511e+03 -3.606030857829651723e+03 -5.150430080006107346e+03 -5.210036159294882964e+03
1.507621009583104296e+03 -5.411648398672160511e+03 -3.606030857829651723e+03 -5.150430080006107346e+03 -5.210036159294882964e+03
1.508621040102545521e+03 -5.411648398672160511e+03 -3.606030857829651723e+03 -5.150430080006107346e+03 -5.210036159294882964e+03
1.509621070621986291e+03 -5.411648398672160511e+03 -3.606030857829651723e+03 -5.150430080006107346e+03 -5.210036159294882964e+03
1.510621101141427062e+03 -5.411648398672160511e+03 -3.606030857829651723e+03 -5.150430080006107346e+03 -5.210036159294882964e+03
1.511621131660867832e+03 -5.411648398672160511e+03 -3.606030857829651723e+03 -5.150430080006107346e+03 -5.210036159294882964e+03
1.512621162180308602e+03 -5.411648398672160511e+03 -3.606030857829651723e+03 -5.150430080006107346e+03 -5.210036159294882964e+03
1.513621192699749827e+03 -5.411648398672160511e+03 -3.606030857829651723e+03 -5.150430080006107346e+03 -5.210036159294882964e+03
1.514621223219190597e+03 -5.411648398672160511e+03 -3.606030857829651723e+03 -5.150430080006107346e+03 -5.210036159294882964e+03
1.515621253738631367e+03 -5.411648398672160511e+03 -3.606030857829651723e+03 -5.150430080006107346e+03 -5.210036159294882964e+03
1.516621284258072592e+03 -5.411648398672160511e+03 -3.606030857829651723e+03 -5.150430080006107346e+03 -5.210036159294882964e+03
1.517621314777513362e+03 -5.411648398672160511e+03 -3.606030857829651723e+03 -5.150430080006107346e+03 -5.210036159294882964e+03
1.518621345296954132e+03 -5.411648398672160511e+03 -3.606030857829651723e+03 -5.150430080006107346e+03 -5.210036159294882964e+03
1.519621375816394902e+03 -5.411648398672160511e+03 -3.606030857829651723e+03 -5.150430080006107346e+03 -5.210036159294882964e+03
1.520621406335835673e+03 -5.411648398672160511e+03 -3.606030857829651723e+03 -5.150430080006107346e+03 -5.210036159294882964e+03
1.521621436855276897e+03 -5.411648398672160511e+03 -3.606030857829651723e+03 -5.150430080006107346e+03 -5.210036159294882964e+03
1.522621467374717668e+03 -5.411648398672160511e+03 -3.606030857829651723e+03 -5.150430080006107346e+03 -5.210036159294882964e+03
1.523621497894158438e+03 -5.411648398672160511e+03 -3.606030857829651723e+03 -5.150430080006107346e+03 -5.210036159294882964e+03
1.524621528413599663e+03 -5.411648398672160511e+03 -3.606030857829651723e+03 -5.150430080006107346e+03 -5.210036159294882964e+03
1.525621558933040433e+03 -5.411648398672160511e+03 -3.606030857829651723e+03 -5.150430080006107346e+03 -5.210036159294882964e+03
1.526621589452481203e+03 -5.411648398672160511e+03 -3.606030857829651723e+03 -5.150430080006107346e+03 -5.210036159294882964e+03
1.527621619971921973e+03 -5.411648398672160511e+03 -3.606030857829651723e+03 -5.150430080006107346e+03 -5.210036159294882964e+03
1.528621650491362743e+03 -5.411648398672160511e+03 -3.606030857829651723e+03 -5.150430080006107346e+03 -5.210036159294882964e+03
1.529621681010803968e+03 -5.411648398672160511e+03 -3.606030857829651723e+03 -5.150430080006107346e+03 -5.210036159294882964e+03
1.530621711530244738e+03 -5.411648398672160511e+03 -3.606030857829651723e+03 -5.150430080006107346e+03 -5.210036159294882964e+03
1.531621742049685508e+03 -5.411648398672160511e+03 -3.606030857829651723e+03 -5.150430080006107346e+03 -5.210036159294882964e+03
1.532621772569126733e+03 -5.411648398672160511e+03 -3.606030857829651723e+03 -5.150430080006107346e+03 -5.210036159294882964e+03
1.533621803088567503e+03 -5.411648398672160511e+03 -3.606030857829651723e+03 -5.150430080006107346e+03 -5.210036159294882964e+03
1.534621833608008274e+03 -5.411648398672160511e+03 -3.606030857829651723e+03 -5.150430080006107346e+03 -5.210036159294882964e+03
1.535621864127449044e+03 -5.411648398672160511e+03 -3.606030857829651723e+03 -5.150430080006107346e+03 -5.210036159294882964e+03
1.536621894646889814e+03 -5.411648398672160511e+03 -3.606030857829651723e+03 -5.150430080006107346e+03 -5.210036159294882964e+03
1.537621925166331039e+03 -5.411648398672160511e+03 -3.606030857829651723e+03 -5.150430080006107346e+03 -5.210036159294882964e+03
1.538621955685771809e+03 -5.411648398672160511e+03 -3.606030857829651723e+03 -5.150430080006107346e+03 -5.210036159294882964e+03
1.539621986205212579e+03 -5.411648398672160511e+03 -3.606030857829651723e+03 -5.150430080006107346e+03 -5.210036159294882964e+03
1.540622016724653804e+03 -5.411648398672160511e+03 -3.606030857829651723e+03 -5.150430080006107346e+03 -5.210036159294882964e+03
1.541622047244094574e+03 -5.411648398672160511e+03 -3.606030857829651723e+03 -5.150430080006107346e+03 -5.210036159294882964e+03
1.542622077763535344e+03 -5.411648398672160511e+03 -3.606030857829651723e+03 -5.150430080006107346e+03 -5.210036159294882964e+03
1.543622108282976114e+03 -5.411648398672160511e+03 -3.606030857829651723e+03 -5.150430080006107346e+03 -5.210036159294882964e+03
1.544622138802416885e+03 -5.411648398672160511e+03 -3.606030857829651723e+03 -5.150430080006107346e+03 -5.210036159294882964e+03
1.545622169321858109e+03 -5.411648398672160511e+03 -3.606030857829651723e+03 -5.150430080006107346e+03 -5.210036159294882964e+03
1.546622199841298880e+03 -5.411648398672160511e+03 -3.606030857829651723e+03 -5.150430080006107346e+03 -5.210036159294882964e+03
1.547622230360739650e+03 -5.411648398672160511e+03 -3.606030857829651723e+03 -5.150430080006107346e+03 -5.210036159294882964e+03
1.548622260880180875e+03 -5.411648398672160511e+03 -3.606030857829651723e+03 -5.150430080006107346e+03 -5.210036159294882964e+03
1.549622291399621645e+03 -5.411648398672160511e+03 -3.606030857829651723e+03 -5.150430080006107346e+03 -5.210036159294882964e+03
1.550622321919062415e+03 -5.411648398672160511e+03 -3.606030857829651723e+03 -5.150430080006107346e+03 -5.210036159294882964e+03
1.551622352438503185e+03 -5.411648398672160511e+03 -3.606030857829651723e+03 -5.150430080006107346e+03 -5.210036159294882964e+03
1.552622382957943955e+03 -5.411648398672160511e+03 -3.606030857829651723e+03 -5.150430080006107346e+03 -5.210036159294882964e+03
1.553622413477385180e+03 -5.411648398672160511e+03 -3.606030857829651723e+03 -5.150430080006107346e+03 -5.210036159294882964e+03
1.554622443996825950e+03 -5.411648398672160511e+03 -3.606030857829651723e+03 -5.150430080006107346e+03 -5.210036159294882964e+03
1.555622474516266720e+03 -5.411648398672160511e+03 -3.606030857829651723e+03 -5.150430080006107346e+03 -5.210036159294882964e+03
1.556622505035707945e+03 -5.411648398672160511e+03 -3.606030857829651723e+03 -5.150430080006107346e+03 -5.210036159294882964e+03
1.557622535555148716e+03 -5.411648398672160511e+03 -3.606030857829651723e+03 -5.150430080006107346e+03 -5.210036159294882964e+03
1.558622566074589486e+03 -5.411648398672160511e+03 -3.606030857829651723e+03 -5.150430080006107346e+03 -5.210036159294882964e+03
1.559622596594030256e+03 -5.411648398672160511e+03 -3.606030857829651723e+03 -5.150430080006107346e+03 -5.210036159294882964e+03
1.560622627113471026e+03 -5.411648398672160511e+03 -3.606030857829651723e+03 -5.150430080006107346e+03 -5.210036159294882964e+03
1.561622657632912251e+03 -5.411648398672160511e+03 -3.606030857829651723e+03 -5.150430080006107346e+03 -5.210036159294882964e+03
1.562622688152353021e+03 -5.411648398672160511e+03 -3.606030857829651723e+03 -5.150430080006107346e+03 -5.210036159294882964e+03
1.563622718671793791e+03 -5.411648398672160511e+03 -3.606030857829651723e+03 -5.150430080006107346e+03 -5.210036159294882964e+03
1.564622749191235016e+03 -5.411648398672160511e+03 -3.606030857829651723e+03 -5.150430080006107346e+03 -5.210036159294882964e+03
1.565622779710675786e+03 -5.411648398672160511e+03 -3.606030857829651723e+03 -5.150430080006107346e+03 -5.210036159294882964e+03
1.566622810230116556e+03 -5.411648398672160511e+03 -3.606030857829651723e+03 -5.150430080006107346e+03 -5.210036159294882964e+03
1.567622840749557326e+03 -5.411648398672160511e+03 -3.606030857829651723e+03 -5.150430080006107346e+03 -5.210036159294882964e+03
1.568622871268998097e+03 -5.411648398672160511e+03 -3.606030857829651723e+03 -5.150430080006107346e+03 -5.210036159294882964e+03
1.569622901788439322e+03 -5.411648398672160511e+03 -3.606030857829651723e+03 -5.150430080006107346e+03 -5.210036159294882964e+03
1.570622932307880092e+03 -5.411648398672160511e+03 -3.606030857829651723e+03 -5.150430080006107346e+03 -5.210036159294882964e+03
1.571622962827320862e+03 -5.411648398672160511e+03 -3.606030857829651723e+03 -5.150430080006107346e+03 -5.210036159294882964e+03
1.572622993346762087e+03 -5.411648398672160511e+03 -3.606030857829651723e+03 -5.150430080006107346e+03 -5.210036159294882964e+03
1.573623023866202857e+03 -5.411648398672160511e+03 -3.606030857829651723e+03 -5.150430080006107346e+03 -5.210036159294882964e+03
1.574623054385643627e+03 -5.411648398672160511e+03 -3.606030857829651723e+03 -5.150430080006107346e+03 -5.210036159294882964e+03
1.575623084905084397e+03 -5.411648398672160511e+03 -3.606030857829651723e+03 -5.150430080006107346e+03 -5.210036159294882964e+03
1.576623115424525167e+03 -5.411648398672160511e+03 -3.606030857829651723e+03 -5.150430080006107346e+03 -5.210036159294882964e+03
1.577623145943966392e+03 -5.411648398672160511e+03 -3.606030857829651723e+03 -5.150430080006107346e+03 -5.210036159294882964e+03
1.578623176463407162e+03 -5.411648398672160511e+03 -3.606030857829651723e+03 -5.150430080006107346e+03 -5.210036159294882964e+03
1.579623206982847933e+03 -5.411648398672160511e+03 -3.606030857829651723e+03 -5.150430080006107346e+03 -5.210036159294882964e+03
1.580623237502289157e+03 -5.411648398672160511e+03 -3.606030857829651723e+03 -5.150430080006107346e+03 -5.210036159294882964e+03
1.581623268021729928e+03 -5.411648398672160511e+03 -3.606030857829651723e+03 -5.150430080006107346e+03 -5.210036159294882964e+03
1.582623298541170698e+03 -5.411648398672160511e+03 -3.606030857829651723e+03 -5.150430080006107346e+03 -5.210036159294882964e+03
1.583623329060611468e+03 -5.411648398672160511e+03 -3.606030857829651723e+03 -5.150430080006107346e+03 -5.210036159294882964e+03
1.584623359580052238e+03 -5.411648398672160511e+03 -3.606030857829651723e+03 -5.150430080006107346e+03 -5.210036159294882964e+03
1.585623390099493463e+03 -5.411648398672160511e+03 -3.606030857829651723e+03 -5.150430080006107346e+03 -5.210036159294882964e+03
1.586623420618934233e+03 -5.411648398672160511e+03 -3.606030857829651723e+03 -5.150430080006107346e+03 -5.210036159294882964e+03
1.587623451138375003e+03 -5.411648398672160511e+03 -3.606030857829651723e+03 -5.150430080006107346e+03 -5.210036159294882964e+03
1.588623481657816228e+03 -5.411648398672160511e+03 -3.606030857829651723e+03 -5.150430080006107346e+03 -5.210036159294882964e+03
1.589623512177256998e+03 -5.411648398672160511e+03 -3.606030857829651723e+03 -5.150430080006107346e+03 -5.210036159294882964e+03
1.590623542696697768e+03 -5.411648398672160511e+03 -3.606030857829651723e+03 -5.150430080006107346e+03 -5.210036159294882964e+03
1.591623573216138539e+03 -5.411648398672160511e+03 -3.606030857829651723e+03 -5.150430080006107346e+03 -5.210036159294882964e+03
1.592623603735579309e+03 -5.411648398672160511e+03 -3.606030857829651723e+03 -5.150430080006107346e+03 -5.210036159294882964e+03
1.593623634255020534e+03 -5.411648398672160511e+03 -3.606030857829651723e+03 -5.150430080006107346e+03 -5.210036159294882964e+03
1.594623664774461304e+03 -5.411648398672160511e+03 -3.606030857829651723e+03 -5.150430080006107346e+03 -5.210036159294882964e+03
1.595623695293902074e+03 -5.411648398672160511e+03 -3.606030857829651723e+03 -5.150430080006107346e+03 -5.210036159294882964e+03
1.596623725813343299e+03 -5.411648398672160511e+03 -3.606030857829651723e+03 -5.150430080006107346e+03 -5.210036159294882964e+03
1.597623756332784069e+03 -5.411648398672160511e+03 -3.606030857829651723e+03 -5.150430080006107346e+03 -5.210036159294882964e+03
1.598623786852224839e+03 -5.411648398672160511e+03 -3.606030857829651723e+03 -5.150430080006107346e+03 -5.210036159294882964e+03
1.599623817371665609e+03 -5.411648398672160511e+03 -3.606030857829651723e+03 -5.150430080006107346e+03 -5.210036159294882964e+03
1.600623847891106379e+03 -5.411648398672160511e+03 -3.606030857829651723e+03 -5.150430080006107346e+03 -5.210036159294882964e+03
1.601623878410547604e+03 -5.411648398672160511e+03 -3.606030857829651723e+03 -5.150430080006107346e+03 -5.210036159294882964e+03
1.602623908929988374e+03 -5.411648398672160511e+03 -3.606030857829651723e+03 -5.150430080006107346e+03 -5.210036159294882964e+03
1.603623939449429145e+03 -5.411648398672160511e+03 -3.606030857829651723e+03 -5.150430080006107346e+03 -5.210036159294882964e+03
1.604623969968870369e+03 -5.411648398672160511e+03 -3.606030857829651723e+03 -5.150430080006107346e+03 -5.210036159294882964e+03
1.605624000488311140e+03 -5.411648398672160511e+03 -3.606030857829651723e+03 -5.150430080006107346e+03 -5.210036159294882964e+03
1.606624031007751910e+03 -5.411648398672160511e+03 -3.606030857829651723e+03 -5.150430080006107346e+03 -5.210036159294882964e+03
1.607624061527192680e+03 -5.411648398672160511e+03 -3.606030857829651723e+03 -5.150430080006107346e+03 -5.210036159294882964e+03
1.608624092046633450e+03 -5.411648398672160511e+03 -3.606030857829651723e+03 -5.150430080006107346e+03 -5.210036159294882964e+03
1.609624122566074675e+03 -5.411648398672160511e+03 -3.606030857829651723e+03 -5.150430080006107346e+03 -5.210036159294882964e+03
1.610624153085515445e+03 -5.411648398672160511e+03 -3.606030857829651723e+03 -5.150430080006107346e+03 -5.210036159294882964e+03
1.611624183604956215e+03 -5.411648398672160511e+03 -3.606030857829651723e+03 -5.150430080006107346e+03 -5.210036159294882964e+03
1.612624214124397440e+03 -5.411648398672160511e+03 -3.606030857829651723e+03 -5.150430080006107346e+03 -5.210036159294882964e+03
1.613624244643838210e+03 -5.411648398672160511e+03 -3.606030857829651723e+03 -5.150430080006107346e+03 -5.210036159294882964e+03
1.614624275163278980e+03 -5.411648398672160511e+03 -3.606030857829651723e+03 -5.150430080006107346e+03 -5.210036159294882964e+03
1.615624305682719751e+03 -5.411648398672160511e+03 -3.606030857829651723e+03 -5.150430080006107346e+03 -5.210036159294882964e+03
1.616624336202160521e+03 -5.411648398672160511e+03 -3.606030857829651723e+03 -5.150430080006107346e+03 -5.210036159294882964e+03
1.617624366721601746e+03 -5.411648398672160511e+03 -3.606030857829651723e+03 -5.150430080006107346e+03 -5.210036159294882964e+03
1.618624397241042516e+03 -5.411648398672160511e+03 -3.606030857829651723e+03 -5.150430080006107346e+03 -5.210036159294882964e+03
1.619624427760483286e+03 -5.411648398672160511e+03 -3.606030857829651723e+03 -5.150430080006107346e+03 -5.210036159294882964e+03
1.620624458279924511e+03 -5.411648398672160511e+03 -3.606030857829651723e+03 -5.150430080006107346e+03 -5.210036159294882964e+03
1.621624488799365281e+03 -5.411648398672160511e+03 -3.606030857829651723e+03 -5.150430080006107346e+03 -5.210036159294882964e+03
1.622624519318806051e+03 -5.411648398672160511e+03 -3.606030857829651723e+03 -5.150430080006107346e+03 -5.210036159294882964e+03
1.623624549838246821e+03 -5.411648398672160511e+03 -3.606030857829651723e+03 -5.150430080006107346e+03 -5.210036159294882964e+03
1.624624580357687591e+03 -5.411648398672160511e+03 -3.606030857829651723e+03 -5.150430080006107346e+03 -5.210036159294882964e+03
1.625624610877128816e+03 -5.411648398672160511e+03 -3.606030857829651723e+03 -5.150430080006107346e+03 -5.210036159294882964e+03
1.626624641396569587e+03 -5.411648398672160511e+03 -3.606030857829651723e+03 -5.150430080006107346e+03 -5.210036159294882964e+03
1.627624671916010357e+03 -5.411648398672160511e+03 -3.606030857829651723e+03 -5.150430080006107346e+03 -5.210036159294882964e+03
1.628624702435451582e+03 -5.411648398672160511e+03 -3.606030857829651723e+03 -5.150430080006107346e+03 -5.210036159294882964e+03
1.629624732954892352e+03 -5.411648398672160511e+03 -3.606030857829651723e+03 -5.150430080006107346e+03 -5.210036159294882964e+03
1.630624763474333122e+03 -5.411648398672160511e+03 -3.606030857829651723e+03 -5.150430080006107346e+03 -5.210036159294882964e+03
1.631624793993773892e+03 -5.411648398672160511e+03 -3.606030857829651723e+03 -5.150430080006107346e+03 -5.210036159294882964e+03
1.632624824513214662e+03 -5.411648398672160511e+03 -3.606030857829651723e+03 -5.150430080006107346e+03 -5.210036159294882964e+03
1.633624855032655887e+03 -5.411648398672160511e+03 -3.606030857829651723e+03 -5.150430080006107346e+03 -5.210036159294882964e+03
1.634624885552096657e+03 -5.411648398672160511e+03 -3.606030857829651723e+03 -5.150430080006107346e+03 -5.210036159294882964e+03
1.635624916071537427e+03 -5.411648398672160511e+03 -3.606030857829651723e+03 -5.150430080006107346e+03 -5.210036159294882964e+03
1.636624946590978652e+03 -5.411648398672160511e+03 -3.606030857829651723e+03 -5.150430080006107346e+03 -5.210036159294882964e+03
1.637624977110419422e+03 -5.411648398672160511e+03 -3.606030857829651723e+03 -5.150430080006107346e+03 -5.210036159294882964e+03
1.638625007629860193e+03 -5.411648398672160511e+03 -3.606030857829651723e+03 -5.150430080006107346e+03 -5.210036159294882964e+03
1.639625038149300963e+03 -5.411648398672160511e+03 -3.606030857829651723e+03 -5.150430080006107346e+03 -5.210036159294882964e+03
1.640625068668741733e+03 -5.411648398672160511e+03 -3.606030857829651723e+03 -5.150430080006107346e+03 -5.210036159294882964e+03
1.641625099188182503e+03 -5.411648398672160511e+03 -3.606030857829651723e+03 -5.150430080006107346e+03 -5.210036159294882964e+03
1.642625129707623273e+03 -5.411648398672160511e+03 -3.606030857829651723e+03 -5.150430080006107346e+03 -5.210036159294882964e+03
1.643625160227064953e+03 -5.411648398672160511e+03 -3.606030857829651723e+03 -5.150430080006107346e+03 -5.210036159294882964e+03
1.644625190746505723e+03 -5.411648398672160511e+03 -3.606030857829651723e+03 -5.150430080006107346e+03 -5.210036159294882964e+03
1.645625221265946493e+03 -5.411648398672160511e+03 -3.606030857829651723e+03 -5.150430080006107346e+03 -5.210036159294882964e+03
1.646625251785387263e+03 -5.411648398672160511e+03 -3.606030857829651723e+03 -5.150430080006107346e+03 -5.210036159294882964e+03
1.647625282304828033e+03 -5.411648398672160511e+03 -3.606030857829651723e+03 -5.150430080006107346e+03 -5.210036159294882964e+03
1.648625312824268804e+03 -5.411648398672160511e+03 -3.606030857829651723e+03 -5.150430080006107346e+03 -5.210036159294882964e+03
1.649625343343709574e+03 -5.411648398672160511e+03 -3.606030857829651723e+03 -5.150430080006107346e+03 -5.210036159294882964e+03
1.650625373863151253e+03 -5.411648398672160511e+03 -3.606030857829651723e+03 -5.150430080006107346e+03 -5.210036159294882964e+03
1.651625404382592023e+03 -5.411648398672160511e+03 -3.606030857829651723e+03 -5.150430080006107346e+03 -5.210036159294882964e+03
1.652625434902032794e+03 -5.411648398672160511e+03 -3.606030857829651723e+03 -5.150430080006107346e+03 -5.210036159294882964e+03
1.653625465421473564e+03 -5.411648398672160511e+03 -3.606030857829651723e+03 -5.150430080006107346e+03 -5.210036159294882964e+03
1.654625495940914334e+03 -5.411648398672160511e+03 -3.606030857829651723e+03 -5.150430080006107346e+03 -5.210036159294882964e+03
1.655625526460355104e+03 -5.411648398672160511e+03 -3.606030857829651723e+03 -5.150430080006107346e+03 -5.210036159294882964e+03
1.656625556979795874e+03 -5.411648398672160511e+03 -3.606030857829651723e+03 -5.150430080006107346e+03 -5.210036159294882964e+03
1.657625587499236644e+03 -5.411648398672160511e+03 -3.606030857829651723e+03 -5.150430080006107346e+03 -5.210036159294882964e+03
1.658625618018677415e+03 -5.411648398672160511e+03 -3.606030857829651723e+03 -5.150430080006107346e+03 -5.210036159294882964e+03
1.659625648538119094e+03 -5.411648398672160511e+03 -3.606030857829651723e+03 -5.150430080006107346e+03 -5.210036159294882964e+03
1.660625679057559864e+03 -5.411648398672160511e+03 -3.606030857829651723e+03 -5.150430080006107346e+03 -5.210036159294882964e+03
1.661625709577000634e+03 -5.411648398672160511e+03 -3.606030857829651723e+03 -5.150430080006107346e+03 -5.210036159294882964e+03
1.662625740096441405e+03 -5.411648398672160511e+03 -3.606030857829651723e+03 -5.150430080006107346e+03 -5.210036159294882964e+03
1.663625770615882175e+03 -5.411648398672160511e+03 -3.606030857829651723e+03 -5.150430080006107346e+03 -5.210036159294882964e+03
1.664625801135322945e+03 -5.411648398672160511e+03 -3.606030857829651723e+03 -5.150430080006107346e+03 -5.210036159294882964e+03
1.665625831654763715e+03 -5.411648398672160511e+03 -3.606030857829651723e+03 -5.150430080006107346e+03 -5.210036159294882964e+03
1.666625862174205395e+03 -5.411648398672160511e+03 -3.606030857829651723e+03 -5.150430080006107346e+03 -5.210036159294882964e+03
1.667625892693646165e+03 -5.411648398672160511e+03 -3.606030857829651723e+03 -5.150430080006107346e+03 -5.210036159294882964e+03
1.668625923213086935e+03 -5.411648398672160511e+03 -3.606030857829651723e+03 -5.150430080006107346e+03 -5.210036159294882964e+03
1.669625953732527705e+03 -5.411648398672160511e+03 -3.606030857829651723e+03 -5.150430080006107346e+03 -5.210036159294882964e+03
1.670625984251968475e+03 -5.411648398672160511e+03 -3.606030857829651723e+03 -5.150430080006107346e+03 -5.210036159294882964e+03
1.671626014771409245e+03 -5.411648398672160511e+03 -3.606030857829651723e+03 -5.150430080006107346e+03 -5.210036159294882964e+03
1.672626045290850016e+03 -5.411648398672160511e+03 -3.606030857829651723e+03 -5.150430080006107346e+03 -5.210036159294882964e+03
1.673626075810290786e+03 -5.411648398672160511e+03 -3.606030857829651723e+03 -5.150430080006107346e+03 -5.210036159294882964e+03
1.674626106329731556e+03 -5.411648398672160511e+03 -3.606030857829651723e+03 -5.150430080006107346e+03 -5.210036159294882964e+03
1.675626136849173236e+03 -5.411648398672160511e+03 -3.606030857829651723e+03 -5.150430080006107346e+03 -5.210036159294882964e+03
1.676626167368614006e+03 -5.411648398672160511e+03 -3.606030857829651723e+03 -5.150430080006107346e+03 -5.210036159294882964e+03
1.677626197888054776e+03 -5.411648398672160511e+03 -3.606030857829651723e+03 -5.150430080006107346e+03 -5.210036159294882964e+03
1.678626228407495546e+03 -5.411648398672160511e+03 -3.606030857829651723e+03 -5.150430080006107346e+03 -5.210036159294882964e+03
1.679626258926936316e+03 -5.411648398672160511e+03 -3.606030857829651723e+03 -5.150430080006107346e+03 -5.210036159294882964e+03
1.680626289446377086e+03 -5.411648398672160511e+03 -3.606030857829651723e+03 -5.150430080006107346e+03 -5.210036159294882964e+03
1.681626319965817856e+03 -5.411648398672160511e+03 -3.606030857829651723e+03 -5.150430080006107346e+03 -5.210036159294882964e+03
1.682626350485259536e+03 -5.411648398672160511e+03 -3.606030857829651723e+03 -5.150430080006107346e+03 -5.210036159294882964e+03
1.683626381004700306e+03 -5.411648398672160511e+03 -3.606030857829651723e+03 -5.150430080006107346e+03 -5.210036159294882964e+03
1.684626411524141076e+03 -5.411648398672160511e+03 -3.606030857829651723e+03 -5.150430080006107346e+03 -5.210036159294882964e+03
1.685626442043581847e+03 -5.411648398672160511e+03 -3.606030857829651723e+03 -5.150430080006107346e+03 -5.210036159294882964e+03
1.686626472563022617e+03 -5.411648398672160511e+03 -3.606030857829651723e+03 -5.150430080006107346e+03 -5.210036159294882964e+03
1.687626503082463387e+03 -5.411648398672160511e+03 -3.606030857829651723e+03 -5.150430080006107346e+03 -5.210036159294882964e+03
1.688626533601904157e+03 -5.411648398672160511e+03 -3.606030857829651723e+03 -5.150430080006107346e+03 -5.210036159294882964e+03
1.689626564121344927e+03 -5.411648398672160511e+03 -3.606030857829651723e+03 -5.150430080006107346e+03 -5.210036159294882964e+03
1.690626594640785697e+03 -5.411648398672160511e+03 -3.606030857829651723e+03 -5.150430080006107346e+03 -5.210036159294882964e+03
1.691626625160227377e+03 -5.411648398672160511e+03 -3.606030857829651723e+03 -5.150430080006107346e+03 -5.210036159294882964e+03
1.692626655679668147e+03 -5.411648398672160511e+03 -3.606030857829651723e+03 -5.150430080006107346e+03 -5.210036159294882964e+03
1.693626686199108917e+03 -5.411648398672160511e+03 -3.606030857829651723e+03 -5.150430080006107346e+03 -5.210036159294882964e+03
1.694626716718549687e+03 -5.411648398672160511e+03 -3.606030857829651723e+03 -5.150430080006107346e+03 -5.210036159294882964e+03
1.695626747237990458e+03 -5.411648398672160511e+03 -3.606030857829651723e+03 -5.150430080006107346e+03 -5.210036159294882964e+03
1.696626777757431228e+03 -5.411648398672160511e+03 -3.606030857829651723e+03 -5.150430080006107346e+03 -5.210036159294882964e+03
1.697626808276871998e+03 -5.411648398672160511e+03 -3.606030857829651723e+03 -5.150430080006107346e+03 -5.210036159294882964e+03
1.698626838796313677e+03 -5.411648398672160511e+03 -3.606030857829651723e+03 -5.150430080006107346e+03 -5.210036159294882964e+03
1.699626869315754448e+03 -5.411648398672160511e+03 -3.606030857829651723e+03 -5.150430080006107346e+03 -5.210036159294882964e+03
1.700626899835195218e+03 -5.411648398672160511e+03 -3.606030857829651723e+03 -5.150430080006107346e+03 -5.210036159294882964e+03
1.701626930354635988e+03 -5.411648398672160511e+03 -3.606030857829651723e+03 -5.150430080006107346e+03 -5.210036159294882964e+03
1.702626960874076758e+03 -5.411648398672160511e+03 -3.606030857829651723e+03 -5.150430080006107346e+03 -5.210036159294882964e+03
1.703626991393517528e+03 -5.411648398672160511e+03 -3.606030857829651723e+03 -5.150430080006107346e+03 -5.210036159294882964e+03
1.704627021912958298e+03 -5.411648398672160511e+03 -3.606030857829651723e+03 -5.150430080006107346e+03 -5.210036159294882964e+03
1.705627052432399068e+03 -5.411648398672160511e+03 -3.606030857829651723e+03 -5.150430080006107346e+03 -5.210036159294882964e+03
1.706627082951839839e+03 -5.411648398672160511e+03 -3.606030857829651723e+03 -5.150430080006107346e+03 -5.210036159294882964e+03
1.707627113471281518e+03 -5.411648398672160511e+03 -3.606030857829651723e+03 -5.150430080006107346e+03 -5.210036159294882964e+03
1.708627143990722288e+03 -5.411648398672160511e+03 -3.606030857829651723e+03 -5.150430080006107346e+03 -5.210036159294882964e+03
1.709627174510163059e+03 -5.411648398672160511e+03 -3.606030857829651723e+03 -5.150430080006107346e+03 -5.210036159294882964e+03
1.710627205029603829e+03 -5.411648398672160511e+03 -3.606030857829651723e+03 -5.150430080006107346e+03 -5.210036159294882964e+03
1.711627235549044599e+03 -5.411648398672160511e+03 -3.606030857829651723e+03 -5.150430080006107346e+03 -5.210036159294882964e+03
1.712627266068485369e+03 -5.411648398672160511e+03 -3.606030857829651723e+03 -5.150430080006107346e+03 -5.210036159294882964e+03
1.713627296587926139e+03 -5.411648398672160511e+03 -3.606030857829651723e+03 -5.150430080006107346e+03 -5.210036159294882964e+03
1.714627327107367819e+03 -5.411648398672160511e+03 -3.606030857829651723e+03 -5.150430080006107346e+03 -5.210036159294882964e+03
1.715627357626808589e+03 -5.411648398672160511e+03 -3.606030857829651723e+03 -5.150430080006107346e+03 -5.210036159294882964e+03
1.716627388146249359e+03 -5.411648398672160511e+03 -3.606030857829651723e+03 -5.150430080006107346e+03 -5.210036159294882964e+03
1.717627418665690129e+03 -5.411648398672160511e+03 -3.606030857829651723e+03 -5.150430080006107346e+03 -5.210036159294882964e+03
1.718627449185130899e+03 -5.411648398672160511e+03 -3.606030857829651723e+03 -5.150430080006107346e+03 -5.210036159294882964e+03
1.719627479704571670e+03 -5.411648398672160511e+03 -3.606030857829651723e+03 -5.150430080006107346e+03 -5.210036159294882964e+03
1.720627510224012440e+03 -5.411648398672160511e+03 -3.606030857829651723e+03 -5.150430080006107346e+03 -5.210036159294882964e+03
1.721627540743453210e+03 -5.411648398672160511e+03 -3.606030857829651723e+03 -5.150430080006107346e+03 -5.210036159294882964e+03
1.722627571262893980e+03 -5.411648398672160511e+03 -3.606030857829651723e+03 -5.150430080006107346e+03 -5.210036159294882964e+03
1.723627601782335660e+03 -5.411648398672160511e+03 -3.606030857829651723e+03 -5.150430080006107346e+03 -5.210036159294882964e+03
1.724627632301776430e+03 -5.411648398672160511e+03 -3.606030857829651723e+03 -5.150430080006107346e+03 -5.210036159294882964e+03
1.725627662821217200e+03 -5.411648398672160511e+03 -3.606030857829651723e+03 -5.150430080006107346e+03 -5.210036159294882964e+03
1.726627693340657970e+03 -5.411648398672160511e+03 -3.606030857829651723e+03 -5.150430080006107346e+03 -5.210036159294882964e+03
1.727627723860098740e+03 -5.411648398672160511e+03 -3.606030857829651723e+03 -5.150430080006107346e+03 -5.210036159294882964e+03
1.728627754379539510e+03 -5.411648398672160511e+03 -3.606030857829651723e+03 -5.150430080006107346e+03 -5.210036159294882964e+03
1.729627784898980281e+03 -5.411648398672160511e+03 -3.606030857829651723e+03 -5.150430080006107346e+03 -5.210036159294882964e+03
1.730627815418421960e+03 -5.411648398672160511e+03 -3.606030857829651723e+03 -5.150430080006107346e+03 -5.210036159294882964e+03
1.731627845937862730e+03 -5.411648398672160511e+03 -3.606030857829651723e+03 -5.150430080006107346e+03 -5.210036159294882964e+03
1.732627876457303501e+03 -5.411648398672160511e+03 -3.606030857829651723e+03 -5.150430080006107346e+03 -5.210036159294882964e+03
1.733627906976744271e+03 -5.411648398672160511e+03 -3.606030857829651723e+03 -5.150430080006107346e+03 -5.210036159294882964e+03
1.734627937496185041e+03 -5.411648398672160511e+03 -3.606030857829651723e+03 -5.150430080006107346e+03 -5.210036159294882964e+03
1.735627968015625811e+03 -5.411648398672160511e+03 -3.606030857829651723e+03 -5.150430080006107346e+03 -5.210036159294882964e+03
1.736627998535066581e+03 -5.411648398672160511e+03 -3.606030857829651723e+03 -5.150430080006107346e+03 -5.210036159294882964e+03
1.737628029054507351e+03 -5.411648398672160511e+03 -3.606030857829651723e+03 -5.150430080006107346e+03 -5.210036159294882964e+03
1.738628059573948121e+03 -5.411648398672160511e+03 -3.606030857829651723e+03 -5.150430080006107346e+03 -5.210036159294882964e+03
1.739628090093389801e+03 -5.411648398672160511e+03 -3.606030857829651723e+03 -5.150430080006107346e+03 -5.210036159294882964e+03
1.740628120612830571e+03 -5.411648398672160511e+03 -3.606030857829651723e+03 -5.150430080006107346e+03 -5.210036159294882964e+03
1.741628151132271341e+03 -5.411648398672160511e+03 -3.606030857829651723e+03 -5.150430080006107346e+03 -5.210036159294882964e+03
1.742628181651712111e+03 -5.411648398672160511e+03 -3.606030857829651723e+03 -5.150430080006107346e+03 -5.210036159294882964e+03
1.743628212171152882e+03 -5.411648398672160511e+03 -3.606030857829651723e+03 -5.150430080006107346e+03 -5.210036159294882964e+03
1.744628242690593652e+03 -5.411648398672160511e+03 -3.606030857829651723e+03 -5.150430080006107346e+03 -5.210036159294882964e+03
1.745628273210034422e+03 -5.411648398672160511e+03 -3.606030857829651723e+03 -5.150430080006107346e+03 -5.210036159294882964e+03
1.746628303729476102e+03 -5.411648398672160511e+03 -3.606030857829651723e+03 -5.150430080006107346e+03 -5.210036159294882964e+03
1.747628334248916872e+03 -5.411648398672160511e+03 -3.606030857829651723e+03 -5.150430080006107346e+03 -5.210036159294882964e+03
1.748628364768357642e+03 -5.411648398672160511e+03 -3.606030857829651723e+03 -5.150430080006107346e+03 -5.210036159294882964e+03
1.749628395287798412e+03 -5.411648398672160511e+03 -3.606030857829651723e+03 -5.150430080006107346e+03 -5.210036159294882964e+03
1.750628425807239182e+03 -5.411648398672160511e+03 -3.606030857829651723e+03 -5.150430080006107346e+03 -5.210036159294882964e+03
1.751628456326679952e+03 -5.411648398672160511e+03 -3.606030857829651723e+03 -5.150430080006107346e+03 -5.210036159294882964e+03
1.752628486846120722e+03 -5.411648398672160511e+03 -3.606030857829651723e+03 -5.150430080006107346e+03 -5.210036159294882964e+03
1.753628517365561493e+03 -5.411648398672160511e+03 -3.606030857829651723e+03 -5.150430080006107346e+03 -5.210036159294882964e+03
1.754628547885002263e+03 -5.411648398672160511e+03 -3.606030857829651723e+03 -5.150430080006107346e+03 -5.210036159294882964e+03
1.755628578404443942e+03 -5.411648398672160511e+03 -3.606030857829651723e+03 -5.150430080006107346e+03 -5.210036159294882964e+03
1.756628608923884713e+03 -5.411648398672160511e+03 -3.606030857829651723e+03 -5.150430080006107346e+03 -5.210036159294882964e+03
1.757628639443325483e+03 -5.411648398672160511e+03 -3.606030857829651723e+03 -5.150430080006107346e+03 -5.210036159294882964e+03
1.758628669962766253e+03 -5.411648398672160511e+03 -3.606030857829651723e+03 -5.150430080006107346e+03 -5.210036159294882964e+03
1.759628700482207023e+03 -5.411648398672160511e+03 -3.606030857829651723e+03 -5.150430080006107346e+03 -5.210036159294882964e+03
1.760628731001647793e+03 -5.411648398672160511e+03 -3.606030857829651723e+03 -5.150430080006107346e+03 -5.210036159294882964e+03
1.761628761521088563e+03 -5.411648398672160511e+03 -3.606030857829651723e+03 -5.150430080006107346e+03 -5.210036159294882964e+03
1.762628792040530243e+03 -5.411648398672160511e+03 -3.606030857829651723e+03 -5.150430080006107346e+03 -5.210036159294882964e+03
1.763628822559971013e+03 -5.411648398672160511e+03 -3.606030857829651723e+03 -5.150430080006107346e+03 -5.210036159294882964e+03
1.764628853079411783e+03 -5.411648398672160511e+03 -3.606030857829651723e+03 -5.150430080006107346e+03 -5.210036159294882964e+03
1.765628883598852553e+03 -5.411648398672160511e+03 -3.606030857829651723e+03 -5.150430080006107346e+03 -5.210036159294882964e+03
1.766628914118293324e+03 -5.411648398672160511e+03 -3.606030857829651723e+03 -5.150430080006107346e+03 -5.210036159294882964e+03
1.767628944637734094e+03 -5.411648398672160511e+03 -3.606030857829651723e+03 -5.150430080006107346e+03 -5.210036159294882964e+03
1.768628975157174864e+03 -5.411648398672160511e+03 -3.606030857829651723e+03 -5.150430080006107346e+03 -5.210036159294882964e+03
1.769629005676615634e+03 -5.411648398672160511e+03 -3.606030857829651723e+03 -5.150430080006107346e+03 -5.210036159294882964e+03
1.770629036196056404e+03 -5.411648398672160511e+03 -3.606030857829651723e+03 -5.150430080006107346e+03 -5.210036159294882964e+03
1.771629066715498084e+03 -5.411648398672160511e+03 -3.606030857829651723e+03 -5.150430080006107346e+03 -5.210036159294882964e+03
1.772629097234938854e+03 -5.411648398672160511e+03 -3.606030857829651723e+03 -5.150430080006107346e+03 -5.210036159294882964e+03
1.773629127754379624e+03 -5.411648398672160511e+03 -3.606030857829651723e+03 -5.150430080006107346e+03 -5.210036159294882964e+03
1.774629158273820394e+03 -5.411648398672160511e+03 -3.606030857829651723e+03 -5.150430080006107346e+03 -5.210036159294882964e+03
1.775629188793261164e+03 -5.411648398672160511e+03 -3.606030857829651723e+03 -5.150430080006107346e+03 -5.210036159294882964e+03
1.776629219312701935e+03 -5.411648398672160511e+03 -3.606030857829651723e+03 -5.150430080006107346e+03 -5.210036159294882964e+03
1.777629249832142705e+03 -5.411648398672160511e+03 -3.606030857829651723e+03 -5.150430080006107346e+03 -5.210036159294882964e+03
1.778629280351584384e+03 -5.411648398672160511e+03 -3.606030857829651723e+03 -5.150430080006107346e+03 -5.210036159294882964e+03
1.779629310871025154e+03 -5.411648398672160511e+03 -3.606030857829651723e+03 -5.150430080006107346e+03 -5.210036159294882964e+03
1.780629341390465925e+03 -5.411648398672160511e+03 -3.606030857829651723e+03 -5.150430080006107346e+03 -5.210036159294882964e+03
1.781629371909906695e+03 -5.411648398672160511e+03 -3.606030857829651723e+03 -5.150430080006107346e+03 -5.210036159294882964e+03
1.782629402429347465e+03 -5.411648398672160511e+03 -3.606030857829651723e+03 -5.150430080006107346e+03 -5.210036159294882964e+03
1.783629432948788235e+03 -5.411648398672160511e+03 -3.606030857829651723e+03 -5.150430080006107346e+03 -5.210036159294882964e+03
1.784629463468229005e+03 -5.411648398672160511e+03 -3.606030857829651723e+03 -5.150430080006107346e+03 -5.210036159294882964e+03
1.785629493987669775e+03 -5.411648398672160511e+03 -3.606030857829651723e+03 -5.150430080006107346e+03 -5.210036159294882964e+03
1.786629524507110546e+03 -5.411648398672160511e+03 -3.606030857829651723e+03 -5.150430080006107346e+03 -5.210036159294882964e+03
1.787629555026552225e+03 -5.411648398672160511e+03 -3.606030857829651723e+03 -5.150430080006107346e+03 -5.210036159294882964e+03
1.788629585545992995e+03 -5.411648398672160511e+03 -3.606030857829651723e+03 -5.150430080006107346e+03 -5.210036159294882964e+03
1.789629616065433765e+03 -5.411648398672160511e+03 -3.606030857829651723e+03 -5.150430080006107346e+03 -5.210036159294882964e+03
1.790629646584874536e+03 -5.411648398672160511e+03 -3.606030857829651723e+03 -5.150430080006107346e+03 -5.210036159294882964e+03
1.791629677104315306e+03 -5.411648398672160511e+03 -3.606030857829651723e+03 -5.150430080006107346e+03 -5.210036159294882964e+03
1.792629707623756076e+03 -5.411648398672160511e+03 -3.606030857829651723e+03 -5.150430080006107346e+03 -5.210036159294882964e+03
1.793629738143196846e+03 -5.411648398672160511e+03 -3.606030857829651723e+03 -5.150430080006107346e+03 -5.210036159294882964e+03
1.794629768662638526e+03 -5.411648398672160511e+03 -3.606030857829651723e+03 -5.150430080006107346e+03 -5.210036159294882964e+03
1.795629799182079296e+03 -5.411648398672160511e+03 -3.606030857829651723e+03 -5.150430080006107346e+03 -5.210036159294882964e+03
1.796629829701520066e+03 -5.411648398672160511e+03 -3.606030857829651723e+03 -5.150430080006107346e+03 -5.210036159294882964e+03
1.797629860220960836e+03 -5.411648398672160511e+03 -3.606030857829651723e+03 -5.150430080006107346e+03 -5.210036159294882964e+03
1.798629890740401606e+03 -5.411648398672160511e+03 -3.606030857829651723e+03 -5.150430080006107346e+03 -5.210036159294882964e+03
1.799629921259842376e+03 -5.411648398672160511e+03 -3.606030857829651723e+03 -5.150430080006107346e+03 -5.210036159294882964e+03
1.800629951779283147e+03 -5.411648398672160511e+03 -3.606030857829651723e+03 -5.150430080006107346e+03 -5.210036159294882964e+03
1.801629982298723917e+03 -5.411648398672160511e+03 -3.606030857829651723e+03 -5.150430080006107346e+03 -5.210036159294882964e+03
1.802630012818164687e+03 -5.411648398672160511e+03 -3.606030857829651723e+03 -5.150430080006107346e+03 -5.210036159294882964e+03
1.803630043337606367e+03 -5.411648398672160511e+03 -3.606030857829651723e+03 -5.150430080006107346e+03 -5.210036159294882964e+03
1.804630073857047137e+03 -5.411648398672160511e+03 -3.606030857829651723e+03 -5.150430080006107346e+03 -5.210036159294882964e+03
1.805630104376487907e+03 -5.411648398672160511e+03 -3.606030857829651723e+03 -5.150430080006107346e+03 -5.210036159294882964e+03
1.806630134895928677e+03 -5.411648398672160511e+03 -3.606030857829651723e+03 -5.150430080006107346e+03 -5.210036159294882964e+03
1.807630165415369447e+03 -5.411648398672160511e+03 -3.606030857829651723e+03 -5.150430080006107346e+03 -5.210036159294882964e+03
1.808630195934810217e+03 -5.411648398672160511e+03 -3.606030857829651723e+03 -5.150430080006107346e+03 -5.210036159294882964e+03
1.809630226454250987e+03 -5.411648398672160511e+03 -3.606030857829651723e+03 -5.150430080006107346e+03 -5.210036159294882964e+03
1.810630256973692667e+03 -5.411648398672160511e+03 -3.606030857829651723e+03 -5.150430080006107346e+03 -5.210036159294882964e+03
1.811630287493133437e+03 -5.411648398672160511e+03 -3.606030857829651723e+03 -5.150430080006107346e+03 -5.210036159294882964e+03
1.812630318012574207e+03 -5.411648398672160511e+03 -3.606030857829651723e+03 -5.150430080006107346e+03 -5.210036159294882964e+03
1.813630348532014978e+03 -5.411648398672160511e+03 -3.606030857829651723e+03 -5.150430080006107346e+03 -5.210036159294882964e+03
1.814630379051455748e+03 -5.411648398672160511e+03 -3.606030857829651723e+03 -5.150430080006107346e+03 -5.210036159294882964e+03
1.815630409570896518e+03 -5.411648398672160511e+03 -3.606030857829651723e+03 -5.150430080006107346e+03 -5.210036159294882964e+03
1.816630440090337288e+03 -5.411648398672160511e+03 -3.606030857829651723e+03 -5.150430080006107346e+03 -5.210036159294882964e+03
1.817630470609778058e+03 -5.411648398672160511e+03 -3.606030857829651723e+03 -5.150430080006107346e+03 -5.210036159294882964e+03
1.818630501129218828e+03 -5.411648398672160511e+03 -3.606030857829651723e+03 -5.150430080006107346e+03 -5.210036159294882964e+03
1.819630531648660508e+03 -5.411648398672160511e+03 -3.606030857829651723e+03 -5.150430080006107346e+03 -5.210036159294882964e+03
1.820630562168101278e+03 -5.411648398672160511e+03 -3.606030857829651723e+03 -5.150430080006107346e+03 -5.210036159294882964e+03
1.821630592687542048e+03 -5.411648398672160511e+03 -3.606030857829651723e+03 -5.150430080006107346e+03 -5.210036159294882964e+03
1.822630623206982818e+03 -5.411648398672160511e+03 -3.606030857829651723e+03 -5.150430080006107346e+03 -5.210036159294882964e+03
1.823630653726423589e+03 -5.411648398672160511e+03 -3.606030857829651723e+03 -5.150430080006107346e+03 -5.210036159294882964e+03
1.824630684245864359e+03 -5.411648398672160511e+03 -3.606030857829651723e+03 -5.150430080006107346e+03 -5.210036159294882964e+03
1.825630714765305129e+03 -5.411648398672160511e+03 -3.606030857829651723e+03 -5.150430080006107346e+03 -5.210036159294882964e+03
1.826630745284746808e+03 -5.411648398672160511e+03 -3.606030857829651723e+03 -5.150430080006107346e+03 -5.210036159294882964e+03
1.827630775804187579e+03 -5.411648398672160511e+03 -3.606030857829651723e+03 -5.150430080006107346e+03 -5.210036159294882964e+03
1.828630806323628349e+03 -5.411648398672160511e+03 -3.606030857829651723e+03 -5.150430080006107346e+03 -5.210036159294882964e+03
1.829630836843069119e+03 -5.411648398672160511e+03 -3.606030857829651723e+03 -5.150430080006107346e+03 -5.210036159294882964e+03
1.830630867362509889e+03 -5.411648398672160511e+03 -3.606030857829651723e+03 -5.150430080006107346e+03 -5.210036159294882964e+03
1.831630897881950659e+03 -5.411648398672160511e+03 -3.606030857829651723e+03 -5.150430080006107346e+03 -5.210036159294882964e+03
1.832630928401391429e+03 -5.411648398672160511e+03 -3.606030857829651723e+03 -5.150430080006107346e+03 -5.210036159294882964e+03
1.833630958920832200e+03 -5.411648398672160511e+03 -3.606030857829651723e+03 -5.150430080006107346e+03 -5.210036159294882964e+03
1.834630989440272970e+03 -5.411648398672160511e+03 -3.606030857829651723e+03 -5.150430080006107346e+03 -5.210036159294882964e+03
1.835631019959714649e+03 -5.411648398672160511e+03 -3.606030857829651723e+03 -5.150430080006107346e+03 -5.210036159294882964e+03
1.836631050479155419e+03 -5.411648398672160511e+03 -3.606030857829651723e+03 -5.150430080006107346e+03 -5.210036159294882964e+03
1.837631080998596190e+03 -5.411648398672160511e+03 -3.606030857829651723e+03 -5.150430080006107346e+03 -5.210036159294882964e+03
1.838631111518036960e+03 -5.411648398672160511e+03 -3.606030857829651723e+03 -5.150430080006107346e+03 -5.210036159294882964e+03
1.839631142037477730e+03 -5.411648398672160511e+03 -3.606030857829651723e+03 -5.150430080006107346e+03 -5.210036159294882964e+03
1.840631172556918500e+03 -5.411648398672160511e+03 -3.606030857829651723e+03 -5.150430080006107346e+03 -5.210036159294882964e+03
1.841631203076359270e+03 -5.411648398672160511e+03 -3.606030857829651723e+03 -5.150430080006107346e+03 -5.210036159294882964e+03
1.842631233595800950e+03 -5.411648398672160511e+03 -3.606030857829651723e+03 -5.150430080006107346e+03 -5.210036159294882964e+03
1.843631264115241720e+03 -5.411648398672160511e+03 -3.606030857829651723e+03 -5.150430080006107346e+03 -5.210036159294882964e+03
1.844631294634682490e+03 -5.411648398672160511e+03 -3.606030857829651723e+03 -5.150430080006107346e+03 -5.210036159294882964e+03
1.845631325154123260e+03 -5.411648398672160511e+03 -3.606030857829651723e+03 -5.150430080006107346e+03 -5.210036159294882964e+03
1.846631355673564030e+03 -5.411648398672160511e+03 -3.606030857829651723e+03 -5.150430080006107346e+03 -5.210036159294882964e+03
1.847631386193004801e+03 -5.411648398672160511e+03 -3.606030857829651723e+03 -5.150430080006107346e+03 -5.210036159294882964e+03
1.848631416712445571e+03 -5.411648398672160511e+03 -3.606030857829651723e+03 -5.150430080006107346e+03 -5.210036159294882964e+03
1.849631447231886341e+03 -5.411648398672160511e+03 -3.606030857829651723e+03 -5.150430080006107346e+03 -5.210036159294882964e+03
1.850631477751327111e+03 -5.411648398672160511e+03 -3.606030857829651723e+03 -5.150430080006107346e+03 -5.210036159294882964e+03
1.851631508270768791e+03 -5.411648398672160511e+03 -3.606030857829651723e+03 -5.150430080006107346e+03 -5.210036159294882964e+03
1.852631538790209561e+03 -5.411648398672160511e+03 -3.606030857829651723e+03 -5.150430080006107346e+03 -5.210036159294882964e+03
1.853631569309650331e+03 -5.411648398672160511e+03 -3.606030857829651723e+03 -5.150430080006107346e+03 -5.210036159294882964e+03
1.854631599829091101e+03 -5.411648398672160511e+03 -3.606030857829651723e+03 -5.150430080006107346e+03 -5.210036159294882964e+03
1.855631630348531871e+03 -5.411648398672160511e+03 -3.606030857829651723e+03 -5.150430080006107346e+03 -5.210036159294882964e+03
1.856631660867972641e+03 -5.411648398672160511e+03 -3.606030857829651723e+03 -5.150430080006107346e+03 -5.210036159294882964e+03
1.857631691387413412e+03 -5.411648398672160511e+03 -3.606030857829651723e+03 -5.150430080006107346e+03 -5.210036159294882964e+03
1.858631721906855091e+03 -5.411648398672160511e+03 -3.606030857829651723e+03 -5.150430080006107346e+03 -5.210036159294882964e+03
1.859631752426295861e+03 -5.411648398672160511e+03 -3.606030857829651723e+03 -5.150430080006107346e+03 -5.210036159294882964e+03
1.860631782945736632e+03 -5.411648398672160511e+03 -3.606030857829651723e+03 -5.150430080006107346e+03 -5.210036159294882964e+03
1.861631813465177402e+03 -5.411648398672160511e+03 -3.606030857829651723e+03 -5.150430080006107346e+03 -5.210036159294882964e+03
1.862631843984618172e+03 -5.411648398672160511e+03 -3.606030857829651723e+03 -5.150430080006107346e+03 -5.210036159294882964e+03
1.863631874504058942e+03 -5.411648398672160511e+03 -3.606030857829651723e+03 -5.150430080006107346e+03 -5.210036159294882964e+03
1.864631905023499712e+03 -5.411648398672160511e+03 -3.606030857829651723e+03 -5.150430080006107346e+03 -5.210036159294882964e+03
1.865631935542940482e+03 -5.411648398672160511e+03 -3.606030857829651723e+03 -5.150430080006107346e+03 -5.210036159294882964e+03
1.866631966062381252e+03 -5.411648398672160511e+03 -3.606030857829651723e+03 -5.150430080006107346e+03 -5.210036159294882964e+03
1.867631996581822932e+03 -5.411648398672160511e+03 -3.606030857829651723e+03 -5.150430080006107346e+03 -5.210036159294882964e+03
1.868632027101263702e+03 -5.411648398672160511e+03 -3.606030857829651723e+03 -5.150430080006107346e+03 -5.210036159294882964e+03
1.869632057620704472e+03 -5.411648398672160511e+03 -3.606030857829651723e+03 -5.150430080006107346e+03 -5.210036159294882964e+03
1.870632088140145243e+03 -5.411648398672160511e+03 -3.606030857829651723e+03 -5.150430080006107346e+03 -5.210036159294882964e+03
1.871632118659586013e+03 -5.411648398672160511e+03 -3.606030857829651723e+03 -5.150430080006107346e+03 -5.210036159294882964e+03
1.872632149179026783e+03 -5.411648398672160511e+03 -3.606030857829651723e+03 -5.150430080006107346e+03 -5.210036159294882964e+03
1.873632179698467553e+03 -5.411648398672160511e+03 -3.606030857829651723e+03 -5.150430080006107346e+03 -5.210036159294882964e+03
1.874632210217909233e+03 -5.411648398672160511e+03 -3.606030857829651723e+03 -5.150430080006107346e+03 -5.210036159294882964e+03
1.875632240737350003e+03 -5.411648398672160511e+03 -3.606030857829651723e+03 -5.150430080006107346e+03 -5.210036159294882964e+03
1.876632271256790773e+03 -5.411648398672160511e+03 -3.606030857829651723e+03 -5.150430080006107346e+03 -5.210036159294882964e+03
1.877632301776231543e+03 -5.411648398672160511e+03 -3.606030857829651723e+03 -5.150430080006107346e+03 -5.210036159294882964e+03
1.878632332295672313e+03 -5.411648398672160511e+03 -3.606030857829651723e+03 -5.150430080006107346e+03 -5.210036159294882964e+03
1.879632362815113083e+03 -5.411648398672160511e+03 -3.606030857829651723e+03 -5.150430080006107346e+03 -5.210036159294882964e+03
1.880632393334553853e+03 -5.411648398672160511e+03 -3.606030857829651723e+03 -5.150430080006107346e+03 -5.210036159294882964e+03
1.881632423853994624e+03 -5.411648398672160511e+03 -3.606030857829651723e+03 -5.150430080006107346e+03 -5.210036159294882964e+03
1.882632454373435394e+03 -5.411648398672160511e+03 -3.606030857829651723e+03 -5.150430080006107346e+03 -5.210036159294882964e+03
1.883632484892877073e+03 -5.411648398672160511e+03 -3.606030857829651723e+03 -5.150430080006107346e+03 -5.210036159294882964e+03
1.884632515412317844e+03 -5.411648398672160511e+03 -3.606030857829651723e+03 -5.150430080006107346e+03 -5.210036159294882964e+03
1.885632545931758614e+03 -5.411648398672160511e+03 -3.606030857829651723e+03 -5.150430080006107346e+03 -5.210036159294882964e+03
1.886632576451199384e+03 -5.411648398672160511e+03 -3.606030857829651723e+03 -5.150430080006107346e+03 -5.210036159294882964e+03
1.887632606970640154e+03 -5.411648398672160511e+03 -3.606030857829651723e+03 -5.150430080006107346e+03 -5.210036159294882964e+03
1.888632637490080924e+03 -5.411648398672160511e+03 -3.606030857829651723e+03 -5.150430080006107346e+03 -5.210036159294882964e+03
1.889632668009521694e+03 -5.411648398672160511e+03 -3.606030857829651723e+03 -5.150430080006107346e+03 -5.210036159294882964e+03
1.890632698528963374e+03 -5.411648398672160511e+03 -3.606030857829651723e+03 -5.150430080006107346e+03 -5.210036159294882964e+03
1.891632729048404144e+03 -5.411648398672160511e+03 -3.606030857829651723e+03 -5.150430080006107346e+03 -5.210036159294882964e+03
1.892632759567844914e+03 -5.411648398672160511e+03 -3.606030857829651723e+03 -5.150430080006107346e+03 -5.210036159294882964e+03
1.893632790087285684e+03 -5.411648398672160511e+03 -3.606030857829651723e+03 -5.150430080006107346e+03 -5.210036159294882964e+03
1.894632820606726455e+03 -5.411648398672160511e+03 -3.606030857829651723e+03 -5.150430080006107346e+03 -5.210036159294882964e+03
1.895632851126167225e+03 -5.411648398672160511e+03 -3.606030857829651723e+03 -5.150430080006107346e+03 -5.210036159294882964e+03
1.896632881645607995e+03 -5.411648398672160511e+03 -3.606030857829651723e+03 -5.150430080006107346e+03 -5.210036159294882964e+03
1.897632912165048765e+03 -5.411648398672160511e+03 -3.606030857829651723e+03 -5.150430080006107346e+03 -5.210036159294882964e+03
1.898632942684489535e+03 -5.411648398672160511e+03 -3.606030857829651723e+03 -5.150430080006107346e+03 -5.210036159294882964e+03
1.899632973203931215e+03 -5.411648398672160511e+03 -3.606030857829651723e+03 -5.150430080006107346e+03 -5.210036159294882964e+03
1.900633003723371985e+03 -5.411648398672160511e+03 -3.606030857829651723e+03 -5.150430080006107346e+03 -5.210036159294882964e+03
1.901633034242812755e+03 -5.411648398672160511e+03 -3.606030857829651723e+03 -5.150430080006107346e+03 -5.210036159294882964e+03
1.902633064762253525e+03 -5.411648398672160511e+03 -3.606030857829651723e+03 -5.150430080006107346e+03 -5.210036159294882964e+03
1.903633095281694295e+03 -5.411648398672160511e+03 -3.606030857829651723e+03 -5.150430080006107346e+03 -5.210036159294882964e+03
1.904633125801135066e+03 -5.411648398672160511e+03 -3.606030857829651723e+03 -5.150430080006107346e+03 -5.210036159294882964e+03
1.905633156320575836e+03 -5.411648398672160511e+03 -3.606030857829651723e+03 -5.150430080006107346e+03 -5.210036159294882964e+03
1.906633186840017515e+03 -5.411648398672160511e+03 -3.606030857829651723e+03 -5.150430080006107346e+03 -5.210036159294882964e+03
1.907633217359458286e+03 -5.411648398672160511e+03 -3.606030857829651723e+03 -5.150430080006107346e+03 -5.210036159294882964e+03
1.908633247878899056e+03 -5.411648398672160511e+03 -3.606030857829651723e+03 -5.150430080006107346e+03 -5.210036159294882964e+03
1.909633278398339826e+03 -5.411648398672160511e+03 -3.606030857829651723e+03 -5.150430080006107346e+03 -5.210036159294882964e+03
1.910633308917780596e+03 -5.411648398672160511e+03 -3.606030857829651723e+03 -5.150430080006107346e+03 -5.210036159294882964e+03
1.911633339437221366e+03 -5.411648398672160511e+03 -3.606030857829651723e+03 -5.150430080006107346e+03 -5.210036159294882964e+03
1.912633369956662136e+03 -5.411648398672160511e+03 -3.606030857829651723e+03 -5.150430080006107346e+03 -5.210036159294882964e+03
1.913633400476102906e+03 -5.411648398672160511e+03 -3.606030857829651723e+03 -5.150430080006107346e+03 -5.210036159294882964e+03
1.914633430995543677e+03 -5.411648398672160511e+03 -3.606030857829651723e+03 -5.150430080006107346e+03 -5.210036159294882964e+03
1.915633461514985356e+03 -5.411648398672160511e+03 -3.606030857829651723e+03 -5.150430080006107346e+03 -5.210036159294882964e+03
1.916633492034426126e+03 -5.411648398672160511e+03 -3.606030857829651723e+03 -5.150430080006107346e+03 -5.210036159294882964e+03
1.917633522553866896e+03 -5.411648398672160511e+03 -3.606030857829651723e+03 -5.150430080006107346e+03 -5.210036159294882964e+03
1.918633553073307667e+03 -5.411648398672160511e+03 -3.606030857829651723e+03 -5.150430080006107346e+03 -5.210036159294882964e+03
1.919633583592748437e+03 -5.411648398672160511e+03 -3.606030857829651723e+03 -5.150430080006107346e+03 -5.210036159294882964e+03
1.920633614112189207e+03 -5.411648398672160511e+03 -3.606030857829651723e+03 -5.150430080006107346e+03 -5.210036159294882964e+03
1.921633644631629977e+03 -5.411648398672160511e+03 -3.606030857829651723e+03 -5.150430080006107346e+03 -5.210036159294882964e+03
1.922633675151071657e+03 -5.411648398672160511e+03 -3.606030857829651723e+03 -5.150430080006107346e+03 -5.210036159294882964e+03
1.923633705670512427e+03 -5.411648398672160511e+03 -3.606030857829651723e+03 -5.150430080006107346e+03 -5.210036159294882964e+03
1.924633736189953197e+03 -5.411648398672160511e+03 -3.606030857829651723e+03 -5.150430080006107346e+03 -5.210036159294882964e+03
1.925633766709393967e+03 -5.411648398672160511e+03 -3.606030857829651723e+03 -5.150430080006107346e+03 -5.210036159294882964e+03
1.926633797228834737e+03 -5.411648398672160511e+03 -3.606030857829651723e+03 -5.150430080006107346e+03 -5.210036159294882964e+03
1.927633827748275507e+03 -5.411648398672160511e+03 -3.606030857829651723e+03 -5.150430080006107346e+03 -5.210036159294882964e+03
1.928633858267716278e+03 -5.411648398672160511e+03 -3.606030857829651723e+03 -5.150430080006107346e+03 -5.210036159294882964e+03
1.929633888787157048e+03 -5.411648398672160511e+03 -3.606030857829651723e+03 -5.150430080006107346e+03 -5.210036159294882964e+03
1.930633919306597818e+03 -5.411648398672160511e+03 -3.606030857829651723e+03 -5.150430080006107346e+03 -5.210036159294882964e+03
1.931633949826039498e+03 -5.411648398672160511e+03 -3.606030857829651723e+03 -5.150430080006107346e+03 -5.210036159294882964e+03
1.932633980345480268e+03 -5.411648398672160511e+03 -3.606030857829651723e+03 -5.150430080006107346e+03 -5.210036159294882964e+03
1.933634010864921038e+03 -5.411648398672160511e+03 -3.606030857829651723e+03 -5.150430080006107346e+03 -5.210036159294882964e+03
1.934634041384361808e+03 -5.411648398672160511e+03 -3.606030857829651723e+03 -5.150430080006107346e+03 -5.210036159294882964e+03
1.935634071903802578e+03 -5.411648398672160511e+03 -3.606030857829651723e+03 -5.150430080006107346e+03 -5.210036159294882964e+03
1.936634102423243348e+03 -5.411648398672160511e+03 -3.606030857829651723e+03 -5.150430080006107346e+03 -5.210036159294882964e+03
1.937634132942684118e+03 -5.411648398672160511e+03 -3.606030857829651723e+03 -5.150430080006107346e+03 -5.210036159294882964e+03
1.938634163462125798e+03 -5.411648398672160511e+03 -3.606030857829651723e+03 -5.150430080006107346e+03 -5.210036159294882964e+03
1.939634193981566568e+03 -5.411648398672160511e+03 -3.606030857829651723e+03 -5.150430080006107346e+03 -5.210036159294882964e+03
1.940634224501007338e+03 -5.411648398672160511e+03 -3.606030857829651723e+03 -5.150430080006107346e+03 -5.210036159294882964e+03
1.941634255020448109e+03 -5.411648398672160511e+03 -3.606030857829651723e+03 -5.150430080006107346e+03 -5.210036159294882964e+03
1.942634285539888879e+03 -5.411648398672160511e+03 -3.606030857829651723e+03 -5.150430080006107346e+03 -5.210036159294882964e+03
1.943634316059329649e+03 -5.411648398672160511e+03 -3.606030857829651723e+03 -5.150430080006107346e+03 -5.210036159294882964e+03
1.944634346578770419e+03 -5.411648398672160511e+03 -3.606030857829651723e+03 -5.150430080006107346e+03 -5.210036159294882964e+03
1.945634377098211189e+03 -5.411648398672160511e+03 -3.606030857829651723e+03 -5.150430080006107346e+03 -5.210036159294882964e+03
1.946634407617651959e+03 -5.411648398672160511e+03 -3.606030857829651723e+03 -5.150430080006107346e+03 -5.210036159294882964e+03
1.947634438137093639e+03 -5.411648398672160511e+03 -3.606030857829651723e+03 -5.150430080006107346e+03 -5.210036159294882964e+03
1.948634468656534409e+03 -5.411648398672160511e+03 -3.606030857829651723e+03 -5.150430080006107346e+03 -5.210036159294882964e+03
1.949634499175975179e+03 -5.411648398672160511e+03 -3.606030857829651723e+03 -5.150430080006107346e+03 -5.210036159294882964e+03
1.950634529695415949e+03 -5.411648398672160511e+03 -3.606030857829651723e+03 -5.150430080006107346e+03 -5.210036159294882964e+03
1.951634560214856720e+03 -5.411648398672160511e+03 -3.606030857829651723e+03 -5.150430080006107346e+03 -5.210036159294882964e+03
1.952634590734297490e+03 -5.411648398672160511e+03 -3.606030857829651723e+03 -5.150430080006107346e+03 -5.210036159294882964e+03
1.953634621253738260e+03 -5.411648398672160511e+03 -3.606030857829651723e+03 -5.150430080006107346e+03 -5.210036159294882964e+03
1.954634651773179939e+03 -5.411648398672160511e+03 -3.606030857829651723e+03 -5.150430080006107346e+03 -5.210036159294882964e+03
1.955634682292620710e+03 -5.411648398672160511e+03 -3.606030857829651723e+03 -5.150430080006107346e+03 -5.210036159294882964e+03
1.956634712812061480e+03 -5.411648398672160511e+03 -3.606030857829651723e+03 -5.150430080006107346e+03 -5.210036159294882964e+03
1.957634743331502250e+03 -5.411648398672160511e+03 -3.606030857829651723e+03 -5.150430080006107346e+03 -5.210036159294882964e+03
1.958634773850943020e+03 -5.411648398672160511e+03 -3.606030857829651723e+03 -5.150430080006107346e+03 -5.210036159294882964e+03
1.959634804370383790e+03 -5.411648398672160511e+03 -3.606030857829651723e+03 -5.150430080006107346e+03 -5.210036159294882964e+03
1.960634834889824560e+03 -5.411648398672160511e+03 -3.606030857829651723e+03 -5.150430080006107346e+03 -5.210036159294882964e+03
1.961634865409265331e+03 -5.411648398672160511e+03 -3.606030857829651723e+03 -5.150430080006107346e+03 -5.210036159294882964e+03
1.962634895928706101e+03 -5.411648398672160511e+03 -3.606030857829651723e+03 -5.150430080006107346e+03 -5.210036159294882964e+03
1.963634926448147780e+03 -5.411648398672160511e+03 -3.606030857829651723e+03 -5.150430080006107346e+03 -5.210036159294882964e+03
1.964634956967588550e+03 -5.411648398672160511e+03 -3.606030857829651723e+03 -5.150430080006107346e+03 -5.210036159294882964e+03
1.965634987487029321e+03 -5.411648398672160511e+03 -3.606030857829651723e+03 -5.150430080006107346e+03 -5.210036159294882964e+03
1.966635018006470091e+03 -5.411648398672160511e+03 -3.606030857829651723e+03 -5.150430080006107346e+03 -5.210036159294882964e+03
1.967635048525910861e+03 -5.411648398672160511e+03 -3.606030857829651723e+03 -5.150430080006107346e+03 -5.210036159294882964e+03
1.968635079045351631e+03 -5.411648398672160511e+03 -3.606030857829651723e+03 -5.150430080006107346e+03 -5.210036159294882964e+03
1.969635109564792401e+03 -5.411648398672160511e+03 -3.606030857829651723e+03 -5.150430080006107346e+03 -5.210036159294882964e+03
1.970635140084234081e+03 -5.411648398672160511e+03 -3.606030857829651723e+03 -5.150430080006107346e+03 -5.210036159294882964e+03
1.971635170603674851e+03 -5.411648398672160511e+03 -3.606030857829651723e+03 -5.150430080006107346e+03 -5.210036159294882964e+03
1.972635201123115621e+03 -5.411648398672160511e+03 -3.606030857829651723e+03 -5.150430080006107346e+03 -5.210036159294882964e+03
1.973635231642556391e+03 -5.411648398672160511e+03 -3.606030857829651723e+03 -5.150430080006107346e+03 -5.210036159294882964e+03
1.974635262161997161e+03 -5.411648398672160511e+03 -3.606030857829651723e+03 -5.150430080006107346e+03 -5.210036159294882964e+03
1.975635292681437932e+03 -5.411648398672160511e+03 -3.606030857829651723e+03 -5.150430080006107346e+03 -5.210036159294882964e+03
1.976635323200878702e+03 -5.411648398672160511e+03 -3.606030857829651723e+03 -5.150430080006107346e+03 -5.210036159294882964e+03
1.977635353720319472e+03 -5.411648398672160511e+03 -3.606030857829651723e+03 -5.150430080006107346e+03 -5.210036159294882964e+03
1.978635384239760242e+03 -5.411648398672160511e+03 -3.606030857829651723e+03 -5.150430080006107346e+03 -5.210036159294882964e+03
1.979635414759201922e+03 -5.411648398672160511e+03 -3.606030857829651723e+03 -5.150430080006107346e+03 -5.210036159294882964e+03
1.980635445278642692e+03 -5.411648398672160511e+03 -3.606030857829651723e+03 -5.150430080006107346e+03 -5.210036159294882964e+03
1.981635475798083462e+03 -5.411648398672160511e+03 -3.606030857829651723e+03 -5.150430080006107346e+03 -5.210036159294882964e+03
1.982635506317524232e+03 -5.411648398672160511e+03 -3.606030857829651723e+03 -5.150430080006107346e+03 -5.210036159294882964e+03
1.983635536836965002e+03 -5.411648398672160511e+03 -3.606030857829651723e+03 -5.150430080006107346e+03 -5.210036159294882964e+03
1.984635567356405772e+03 -5.411648398672160511e+03 -3.606030857829651723e+03 -5.150430080006107346e+03 -5.210036159294882964e+03
1.985635597875846543e+03 -5.411648398672160511e+03 -3.606030857829651723e+03 -5.150430080006107346e+03 -5.210036159294882964e+03
1.986635628395288222e+03 -5.411648398672160511e+03 -3.606030857829651723e+03 -5.150430080006107346e+03 -5.210036159294882964e+03
1.987635658914728992e+03 -5.411648398672160511e+03 -3.606030857829651723e+03 -5.150430080006107346e+03 -5.210036159294882964e+03
1.988635689434169763e+03 -5.411648398672160511e+03 -3.606030857829651723e+03 -5.150430080006107346e+03 -5.210036159294882964e+03
1.989635719953610533e+03 -5.411648398672160511e+03 -3.606030857829651723e+03 -5.150430080006107346e+03 -5.210036159294882964e+03
1.990635750473051303e+03 -5.411648398672160511e+03 -3.606030857829651723e+03 -5.150430080006107346e+03 -5.210036159294882964e+03
1.991635780992492073e+03 -5.411648398672160511e+03 -3.606030857829651723e+03 -5.150430080006107346e+03 -5.210036159294882964e+03
1.992635811511932843e+03 -5.411648398672160511e+03 -3.606030857829651723e+03 -5.150430080006107346e+03 -5.210036159294882964e+03
1.993635842031373613e+03 -5.411648398672160511e+03 -3.606030857829651723e+03 -5.150430080006107346e+03 -5.210036159294882964e+03
1.994635872550814383e+03 -5.411648398672160511e+03 -3.606030857829651723e+03 -5.150430080006107346e+03 -5.210036159294882964e+03
1.995635903070256063e+03 -5.411648398672160511e+03 -3.606030857829651723e+03 -5.150430080006107346e+03 -5.210036159294882964e+03
1.996635933589696833e+03 -5.411648398672160511e+03 -3.606030857829651723e+03 -5.150430080006107346e+03 -5.210036159294882964e+03
1.997635964109137603e+03 -5.411648398672160511e+03 -3.606030857829651723e+03 -5.150430080006107346e+03 -5.210036159294882964e+03
1.998635994628578374e+03 -5.411648398672160511e+03 -3.606030857829651723e+03 -5.150430080006107346e+03 -5.210036159294882964e+03
1.999636025148019144e+03 -5.411648398672160511e+03 -3.606030857829651723e+03 -5.150430080006107346e+03 -5.210036159294882964e+03
