# time[us], force_in[kN], force_out[kN], force_avg[kN]
-1.638000000000000000e+03 -1.610819146825387058e-02 -2.547772664835231803e-03 -9.327982066544551407e-03
-1.636999969480559230e+03 -1.579049427260909716e-02 -1.613741414835196493e-03 -8.702117843722146501e-03
-1.635999938961118232e+03 -1.531391454438477649e-02 -1.769470302058201786e-03 -8.541692423221489139e-03
-1.634999908441677235e+03 -1.467862680518859653e-02 -2.547772664835231803e-03 -8.613199735011914382e-03
-1.633999877922236465e+03 -1.499632400083348444e-02 -2.703406531686510569e-03 -8.849865266259996852e-03
-1.632999847402795695e+03 -1.515508049002971952e-02 -2.080662019463447830e-03 -8.617871254746584109e-03
-1.631999816883354697e+03 -1.499634339212323544e-02 -1.769413289835165479e-03 -8.382878340979199594e-03
-1.630999786363913699e+03 -1.547295220728233354e-02 -1.769679346876141873e-03 -8.621315777079236950e-03
-1.629999755844472929e+03 -1.547266133793598689e-02 -2.703216490943056213e-03 -9.087938914439520899e-03
-1.628999725325032159e+03 -1.531379819664633983e-02 -1.769327771500646580e-03 -8.541562984073493639e-03
-1.627999694805591162e+03 -1.451975396825396468e-02 -1.769508310206892006e-03 -8.144631139230428668e-03
-1.626999664286150164e+03 -1.483765477244135267e-02 -2.081070607061907655e-03 -8.459362689751630596e-03
-1.625999633766709394e+03 -1.515524531599257187e-02 -2.859002390389097162e-03 -9.007123853190834514e-03
-1.624999603247268624e+03 -1.515512896825395132e-02 -2.547649138352021600e-03 -8.851389053302986462e-03
-1.623999572727827626e+03 -1.531370124019751019e-02 -2.080490982794267786e-03 -8.697096111495888557e-03
-1.622999542208386629e+03 -1.483773233760024741e-02 -1.458069539835226422e-03 -8.147900938717736810e-03
-1.621999511688945859e+03 -1.515497383793593979e-02 -1.613893447429958460e-03 -8.384433642682948690e-03
-1.620999481169505088e+03 -1.547298129421685424e-02 -1.925085164835134031e-03 -8.699033229525993810e-03
-1.619999450650064091e+03 -1.515477992503842450e-02 -2.080928076504211504e-03 -8.617854000771318218e-03
-1.618999420130623093e+03 -1.467859771825393532e-02 -2.236428914835072220e-03 -8.457513316544503987e-03
-1.617999389611182323e+03 -1.483763538115141778e-02 -2.080566999091649962e-03 -8.459101190121533220e-03
-1.616999359091741553e+03 -1.515512896825406582e-02 -1.613342329274014119e-03 -8.384235648764039317e-03
-1.615999328572300556e+03 -1.531439932662856905e-02 -1.302606709653056144e-03 -8.308503018140811838e-03
-1.614999298052859558e+03 -1.563121421858961260e-02 -1.457850992980219652e-03 -8.544532605784915802e-03
-1.613999267533418788e+03 -1.499512174086888895e-02 -1.458525637619514925e-03 -8.226823689244201071e-03
-1.612999237013978018e+03 -1.372529282713203826e-02 -2.081232141693666483e-03 -7.903262484412853020e-03
-1.611999206494537020e+03 -1.356744772855423761e-02 -2.235687755935714290e-03 -7.901567742244975517e-03
-1.610999175975096023e+03 -1.436064843584231379e-02 -1.769926399842560545e-03 -8.065287417842436843e-03
-1.609999145455655253e+03 -1.436199613047996898e-02 -2.081023096875938248e-03 -8.221509613677954048e-03
-1.608999114936214482e+03 -1.531341037085130578e-02 -2.391274112601235284e-03 -8.852342241726270100e-03
-1.607999084416773485e+03 -1.436091021825399404e-02 -1.457214356489686374e-03 -7.909062287371839556e-03
-1.606999053897332487e+03 -1.452005453324514694e-02 -6.794156016827727776e-04 -7.599735067463959590e-03
-1.605999023377891717e+03 -1.467797719698187876e-02 -3.680623496456971616e-04 -7.523019773313787718e-03
-1.604998992858450947e+03 -1.404322271825394174e-02 -3.693071165151012576e-04 -7.206264917384521199e-03
-1.603998962339009950e+03 -1.436091021825399230e-02 -9.907308455712282667e-04 -7.675820531912610177e-03
-1.602998931819568952e+03 -1.388370027311259559e-02 -9.920516287384470271e-04 -7.437875950925521527e-03
-1.601998901300128182e+03 -1.356738955468498112e-02 -1.769755363173382019e-03 -7.668572458929181351e-03
-1.600998870780687412e+03 -1.404358145711430937e-02 -1.768710139084458521e-03 -7.906145798099383296e-03
-1.599998840261246414e+03 -1.452012240275924078e-02 -1.458430617247788831e-03 -7.989276510003515130e-03
-1.598998809741805417e+03 -1.467859771825392838e-02 -1.925826323734674324e-03 -8.302212020994301570e-03
-1.597998779222364647e+03 -1.467859771825392838e-02 -2.080757039835103885e-03 -8.379677379044516566e-03
-1.596998748702923876e+03 -1.467820019681405873e-02 -2.392490373359197012e-03 -8.535345285086627654e-03
-1.595998718183482879e+03 -1.436050300116920898e-02 -2.391701704273899599e-03 -8.376102352721554942e-03
-1.594998687664041881e+03 -1.436091021825399230e-02 -2.236428914835072220e-03 -8.298669566544531612e-03
-1.593998657144601111e+03 -1.420249307662855599e-02 -2.080338950199505602e-03 -8.141416013414030581e-03
-1.592998626625160341e+03 -1.467903402227330178e-02 -1.924657573162399243e-03 -8.301845797717850514e-03
-1.591998596105719344e+03 -1.483744146825389382e-02 -1.613741414835195625e-03 -8.225591441544544830e-03
-1.590998565586278346e+03 -1.515558466356314339e-02 -1.613294819088044495e-03 -8.384439741325593401e-03
-1.589998535066837576e+03 -1.531350732729998970e-02 -1.302853762619545722e-03 -8.308180544959768363e-03
-1.588998504547396806e+03 -1.499676030485285264e-02 -1.613741414835195625e-03 -8.305250859844024239e-03
-1.587998474027955808e+03 -1.531397271825402431e-02 -1.301447461117879187e-03 -8.307710089685952509e-03
-1.586998443508514811e+03 -1.531545615192012912e-02 -8.348974359392875161e-04 -8.075176793929708316e-03
-1.585998412989074041e+03 -1.610768729472032354e-02 -8.358761457681084580e-04 -8.471781720244216107e-03
-1.584998382469633270e+03 -1.578999009907554665e-02 -9.910539148350982867e-04 -8.390522006955322687e-03
-1.583998351950192273e+03 -1.531344915343072974e-02 -9.910539148350982867e-04 -8.152251534132914229e-03
-1.582998321430751275e+03 -1.515566222872226018e-02 -1.146725789835178078e-03 -8.151194009278718913e-03
-1.581998290911310505e+03 -1.531342976214098046e-02 -9.910539148350982867e-04 -8.152241838488038725e-03
-1.580998260391869735e+03 -1.515457631649617075e-02 -1.147809022072792664e-03 -8.151192669284481815e-03
-1.579998229872428738e+03 -1.483800381565668867e-02 -1.770515526147195106e-03 -8.304259670901941240e-03
-1.578998199352987740e+03 -1.515455692520634688e-02 -2.079635799448656831e-03 -8.617096362327502507e-03
-1.577998168833546970e+03 -1.467859771825392491e-02 -1.770553534295886194e-03 -8.224575626274904794e-03
-1.576998138314106200e+03 -1.483803290259128049e-02 -1.923346292032640514e-03 -8.380689597311960504e-03
-1.575998107794665202e+03 -1.515512896825405541e-02 -1.616097920054019883e-03 -8.385613444154038296e-03
-1.574998077275224205e+03 -1.499567439262676320e-02 -2.547174036493317188e-03 -8.771424214560039762e-03
-1.573998046755783434e+03 -1.467735667570982394e-02 -2.080148909456052547e-03 -8.378752792582938244e-03
-1.572998016236342664e+03 -1.436154043517087753e-02 -1.611888517586630579e-03 -7.986714476378754812e-03
-1.571997985716901667e+03 -1.452039388081575837e-02 -8.347549053817335035e-04 -7.677574393098745772e-03
-1.570997955197460669e+03 -1.499758443466740060e-02 -5.240382898351919790e-04 -7.760811362251296072e-03
-1.569997924678019899e+03 -1.547215716440243985e-02 -5.240382898351919790e-04 -7.998097727118815697e-03
-1.568997894158579129e+03 -1.515512896825405541e-02 -8.360376804000093157e-04 -7.995583324327032795e-03
-1.567997863639138131e+03 -1.515512896825405541e-02 -9.917190574371867982e-04 -8.073424012845621320e-03
-1.566997833119697134e+03 -1.499559682746775570e-02 -1.145376500556587749e-03 -8.070486664012171615e-03
-1.565997802600256364e+03 -1.499628521825397375e-02 -9.944746482173734067e-04 -7.995379933235673142e-03
-1.564997772080815594e+03 -1.467718215410213252e-02 -2.392794438548723115e-03 -8.534988296325428034e-03
-1.563997741561374596e+03 -1.452190640141637866e-02 -2.547069514084453288e-03 -8.534487957750415757e-03
-1.562997711041933599e+03 -1.531469989161974264e-02 -1.923659859259162393e-03 -8.619179875439452951e-03
-1.561997680522492828e+03 -1.531249898023290083e-02 -1.613741414835196276e-03 -8.463120197534049205e-03
-1.560997650003052058e+03 -1.499553865359857206e-02 -1.613009757972935602e-03 -8.304274205785753399e-03
-1.559997619483611061e+03 -1.467935397855423332e-02 -1.301656505935789134e-03 -7.990505242245010686e-03
-1.558997588964170063e+03 -1.483744146825389035e-02 -1.147476450771855744e-03 -7.992458959512872829e-03
-1.557997558444729293e+03 -1.483976842302407902e-02 -1.459589865782855416e-03 -8.149679144403466566e-03
-1.556997527925288523e+03 -1.578971862101902907e-02 -1.924315499824183571e-03 -8.857017060421606969e-03
-1.555997497405847525e+03 -1.531158758961458088e-02 -1.457290372787068116e-03 -8.384438981200824717e-03
-1.554997466886406528e+03 -1.452055870677868357e-02 -1.145937120749810408e-03 -7.833247913764246340e-03
-1.553997436366965758e+03 -1.483744146825389208e-02 -1.148322132080188381e-03 -7.992881800167040557e-03
-1.552997405847524988e+03 -1.483826559806829953e-02 -1.925892837994776447e-03 -8.382079218031537882e-03
-1.551997375328083990e+03 -1.499461756733533845e-02 -1.769413289835165479e-03 -8.382015428585251962e-03
-1.550997344808642993e+03 -1.436091021825398883e-02 -1.925911842069192789e-03 -8.143411030161591679e-03
-1.549997314289202222e+03 -1.436005700150491844e-02 -2.234756556292682560e-03 -8.297406778898799851e-03
-1.548997283769761452e+03 -1.420379229304183540e-02 -1.455532495910229164e-03 -7.829662394476032822e-03
-1.547997253250320455e+03 -1.531659054237037056e-02 -6.797101648351615072e-04 -7.998150353602765869e-03
-1.546997222730879457e+03 -1.578962166457019423e-02 -9.936479709834571128e-04 -8.391634817776825669e-03
-1.545997192211438687e+03 -1.515334496959679436e-02 -1.769413289835166129e-03 -8.461379129715980787e-03
-1.544997161691997917e+03 -1.499628521825397028e-02 -1.770296979292189420e-03 -8.383291098773079306e-03
-1.543997131172556919e+03 -1.499810799949061885e-02 -1.925978356329366686e-03 -8.462043177909992983e-03
-1.542997100653115922e+03 -1.531120945946431479e-02 -2.235526221303634105e-03 -8.773367840383974881e-03
-1.541997070133675152e+03 -1.451882318634587984e-02 -1.924172969266558109e-03 -8.221498077806218760e-03
-1.540997039614234382e+03 -1.468235962846569341e-02 -1.769413289835165696e-03 -8.225886459150429444e-03
-1.539997009094793384e+03 -1.563166021825395866e-02 -1.298672866263458599e-03 -8.465166542258708085e-03
-1.538996978575352387e+03 -1.563070034941121608e-02 -5.249789915153223749e-04 -8.077839670463269825e-03
-1.537996948055911616e+03 -1.531397271825401737e-02 -5.240382898351920874e-04 -7.919005504044604460e-03
-1.536996917536470846e+03 -1.515512896825404847e-02 -8.363417455895349843e-04 -7.995735356921791076e-03
-1.535996887017029849e+03 -1.515512896825404847e-02 -8.344128320435172889e-04 -7.994770900148783638e-03
-1.534996856497588851e+03 -1.499628521825396681e-02 -9.939900443216732190e-04 -7.995137631287820013e-03
-1.533996825978148081e+03 -1.499729356532104874e-02 -1.769413289835165696e-03 -8.383353427578107975e-03
-1.532996795458707311e+03 -1.547179842554206181e-02 -1.769413289835165696e-03 -8.620605857688614510e-03
-1.531996764939266313e+03 -1.515512896825404500e-02 -1.613741414835196493e-03 -8.384435191544621288e-03
-1.530996734419825316e+03 -1.483432916624876155e-02 -1.458069539835227290e-03 -8.146199353041994745e-03
-1.529996703900384546e+03 -1.420311359790059173e-02 -1.615793854864494214e-03 -7.909453726382542973e-03
-1.528996673380943776e+03 -1.436091021825397843e-02 -2.392100789835152445e-03 -8.376505504044565870e-03
-1.527996642861502778e+03 -1.451975396825394733e-02 -2.236428914835073088e-03 -8.378091441544509993e-03
-1.526996612342061781e+03 -1.452083018483519596e-02 -2.235374188708870620e-03 -8.378102186772033722e-03
-1.525996581822621010e+03 -1.499954295493222643e-02 -1.768349061671826289e-03 -8.383946008302025493e-03
-1.524996551303180240e+03 -1.578940836038299211e-02 -1.614815145035673706e-03 -8.702111752709332584e-03
-1.523996520783739243e+03 -1.531176211122233302e-02 -1.768330057597481070e-03 -8.540046084409906937e-03
-1.522996490264298245e+03 -1.467859771825391277e-02 -1.455884071285440829e-03 -8.067240894769676582e-03
-1.521996459744857475e+03 -1.515850305267070486e-02 -1.303499901147179077e-03 -8.231001476908941100e-03
-1.520996429225416705e+03 -1.594934771825388606e-02 -1.302397664835258520e-03 -8.625872691544573048e-03
-1.519996398705975707e+03 -1.562822795996792261e-02 -1.302397664835258520e-03 -8.465312812401591322e-03
-1.518996368186534710e+03 -1.499743899999421773e-02 -9.865309451408735535e-04 -7.991984972567546183e-03
-1.517996337667093940e+03 -1.515280201348385460e-02 -5.816290929578593437e-05 -7.605482461389820661e-03
-1.516996307147653170e+03 -1.451975396825394560e-02 -3.683664148352233723e-04 -7.444060191544584620e-03
-1.515996276628212172e+03 -1.483980720560368685e-02 -3.695256633702896859e-04 -7.604666434486988431e-03
-1.514996246108771174e+03 -1.531635784689352499e-02 -8.353820398351304933e-04 -8.075869943364327036e-03
-1.513996215589330404e+03 -1.562925569832475728e-02 -5.240382898351924126e-04 -8.076646994079974412e-03
-1.512996185069889634e+03 -1.515512896825404500e-02 -8.353820398351304933e-04 -7.995255504044587042e-03
-1.511996154550448637e+03 -1.515635061950839323e-02 -5.228410331514354989e-04 -7.839595826329913766e-03
-1.510996124031007639e+03 -1.547281646825398455e-02 -6.833304409980575211e-04 -8.078073454626020708e-03
-1.509996093511566869e+03 -1.515140584062163454e-02 -1.301181404077155412e-03 -8.226293622349395082e-03
-1.508996062992126099e+03 -1.435965948006504185e-02 -9.898281520398593235e-04 -7.674743816052450804e-03
-1.507996032472685101e+03 -1.404322271825392959e-02 -5.252735546676398724e-04 -7.284248136460784624e-03
-1.506996001953244104e+03 -1.420333659773277517e-02 -1.147970556704835552e-03 -7.675653577218805035e-03
-1.505995971433803334e+03 -1.436091021825398190e-02 -1.147980058741972058e-03 -7.754445138497977411e-03
-1.504995940914362563e+03 -1.467988723902235830e-02 -1.458069539835227723e-03 -8.068978389428792253e-03
-1.503995910394921566e+03 -1.467859771825391624e-02 -1.458069539835227723e-03 -8.068333629044572089e-03
-1.502995879875480568e+03 -1.515512896825393571e-02 -1.611175864798503055e-03 -8.383152416526219383e-03
-1.501995849356039798e+03 -1.467727911055081123e-02 -6.784178877796777406e-04 -7.677848499165244867e-03
-1.500995818836599028e+03 -1.451842566490600325e-02 -8.353820398351306017e-04 -7.676903852370567036e-03
-1.499995788317158031e+03 -1.436224821724683791e-02 -6.797101648351616156e-04 -7.520979191040999545e-03
-1.498995757797717033e+03 -1.468129310752945907e-02 -5.227175066681553645e-04 -7.602005307098807542e-03
-1.497995727278276263e+03 -1.531261532797140688e-02 -6.850313056518603835e-04 -7.998823316811632875e-03
-1.496995696758835493e+03 -1.499628521825396854e-02 -1.615081202076508720e-03 -8.305683210165238847e-03
-1.495995666239394495e+03 -1.515650574982630068e-02 -1.923735875556615476e-03 -8.540120812691457536e-03
-1.494995635719953498e+03 -1.531258624103674568e-02 -1.459428331150955859e-03 -8.386007286093850877e-03
-1.493995605200512728e+03 -1.499628521825396854e-02 -1.923716871482270040e-03 -8.460001044868119616e-03
-1.492995574681071957e+03 -1.499769108676092186e-02 -1.612363619445194478e-03 -8.305027353103058493e-03
-1.491995544161630960e+03 -1.499345408995023977e-02 -9.896666174079985813e-04 -7.991560353679118961e-03
-1.490995513642189962e+03 -1.436091021825398537e-02 -1.149519388764017177e-03 -7.755214803509001380e-03
-1.489995483122749192e+03 -1.435947526281236911e-02 -1.929304069339803605e-03 -8.144389666076086789e-03
-1.488995452603308422e+03 -1.404033341608102066e-02 -2.861948021912556414e-03 -8.451140718996788537e-03
-1.487995422083867425e+03 -1.372698956498524976e-02 -3.326132039835188407e-03 -8.526560802410218867e-03
-1.486995391564426427e+03 -1.388291492587757220e-02 -3.009049059382701199e-03 -8.445981992630136048e-03
-1.485995361044985657e+03 -1.340784771825394642e-02 -1.453736610884376682e-03 -7.430792164569161549e-03
-1.484995330525544887e+03 -1.356669146825391359e-02 -1.146725789835179379e-03 -7.356708629044546484e-03
-1.483995300006103889e+03 -1.340934084756481397e-02 -8.353820398351307101e-04 -7.122361443699972393e-03
-1.482995269486662892e+03 -1.404923401807706314e-02 -1.148198605596980346e-03 -7.598716311837021634e-03
-1.481995238967222122e+03 -1.515664148885467050e-02 -1.305362300433133681e-03 -8.231001894643902306e-03
-1.480995208447781351e+03 -1.531092828576309343e-02 -2.085232499343329070e-03 -8.698080392553210818e-03
-1.479995177928340354e+03 -1.451822205636357603e-02 -2.857615092961888602e-03 -8.687918574662731666e-03
-1.478995147408899356e+03 -1.435782700318341022e-02 -2.077735392014232532e-03 -8.217781197598821377e-03
-1.477995116889458586e+03 -1.404477402143405711e-02 -1.922044512939879730e-03 -7.983409267186969069e-03
-1.476995086370017816e+03 -1.452443696472884710e-02 -1.305457320804789736e-03 -7.914947142766817767e-03
-1.475995055850576819e+03 -1.531554341272389416e-02 -1.928163824879083540e-03 -8.621853618801487984e-03
-1.474995025331135821e+03 -1.547281646825398801e-02 -2.390551957775970387e-03 -8.931684213014979418e-03
-1.473994994811695051e+03 -1.547122638249436022e-02 -2.080757039835103885e-03 -8.775991711164731618e-03
-1.472994964292254281e+03 -1.499148587404056272e-02 -2.076053531434736508e-03 -8.533769702737649399e-03
-1.471994933772813283e+03 -1.420206646825401473e-02 -1.145148451664513862e-03 -7.673607459959264077e-03
-1.470994903253372286e+03 -1.420206646825401473e-02 -8.337951996272585393e-04 -7.517930833940636957e-03
-1.469994872733931516e+03 -1.420043759991488318e-02 -5.224419475901830858e-04 -7.361439773752533403e-03
-1.468994842214490745e+03 -1.404813841020584667e-02 -3.699722591173701261e-04 -7.209055334661608125e-03
-1.467994811695049748e+03 -1.499958173751173712e-02 -8.353820398351306017e-04 -7.917481888673433971e-03
-1.466994781175608750e+03 -1.547281646825398801e-02 -6.813350131917244408e-04 -8.077075740722855848e-03
-1.465994750656167980e+03 -1.530896976549811495e-02 -8.321133390477304225e-04 -8.070541552272922359e-03
-1.464994720136727210e+03 -1.468027506481739235e-02 -3.716541196968982429e-04 -7.525964592257145674e-03
-1.463994689617286213e+03 -1.483744146825388514e-02 -9.910539148350995878e-04 -7.914247691544492799e-03
-1.462994659097845215e+03 -1.468029445610721795e-02 -1.305723377845656409e-03 -7.993008916976436853e-03
-1.461994628578404445e+03 -1.531909201874842932e-02 -1.300725306292757405e-03 -8.309908662520593473e-03
-1.460994598058963675e+03 -1.594591545996794021e-02 -1.304079525414787071e-03 -8.624997492691363968e-03
-1.459994567539522677e+03 -1.515167731867815906e-02 -1.613741414835197360e-03 -8.382709366756677452e-03
-1.458994537020081680e+03 -1.451801844782115401e-02 -1.297295070873314771e-03 -7.907656759347235151e-03
-1.457994506500640910e+03 -1.468034293433156424e-02 -5.223279231441114480e-04 -7.601335428737837629e-03
-1.456994475981200139e+03 -1.483568655653141020e-02 -6.831499022915994831e-04 -7.759418229411505115e-03
-1.455994445461759142e+03 -1.451975396825395601e-02 -1.302397664835148582e-03 -7.911075816544552511e-03
-1.454994414942318144e+03 -1.467682341524161917e-02 -8.336431670324961386e-04 -7.755233291137057436e-03
-1.453994384422877374e+03 -1.436269421691113019e-02 -6.797101648351620493e-04 -7.521202190873146551e-03
-1.452994353903436604e+03 -1.436091021825398537e-02 -8.388977935889512958e-04 -7.599904005921468385e-03
-1.451994323383995606e+03 -1.435910682830708780e-02 -1.304165043749376876e-03 -7.831635936028232339e-03
-1.450994292864554609e+03 -1.420025338266220696e-02 -1.771190170786492548e-03 -7.985721776724349213e-03
-1.449994262345113839e+03 -1.420388924949054880e-02 -1.923298781846673059e-03 -8.063594015668610823e-03
-1.448994231825673069e+03 -1.452158644513543671e-02 -1.617333184886398170e-03 -8.069459815010917442e-03
-1.447994201306232071e+03 -1.467859771825391971e-02 -2.234623527772265812e-03 -8.456610623013092326e-03
-1.446994170786791074e+03 -1.484114520459662266e-02 -1.765783511635134152e-03 -8.303464358115878949e-03
-1.445994140267350303e+03 -1.498883896298936619e-02 -1.461718322109535747e-03 -8.225278642549450209e-03
-1.444994109747909533e+03 -1.388250770879286174e-02 -1.926919058009426934e-03 -7.904713383401144877e-03
-1.443994079228468536e+03 -1.388625992335986575e-02 -1.921398374412137955e-03 -7.903829148886001854e-03
-1.442994048709027538e+03 -1.388816026975547846e-02 -1.615594312083904653e-03 -7.751877290919691882e-03
-1.441994018189586768e+03 -1.451975396825395080e-02 -1.765688491263478098e-03 -8.142721229758714124e-03
-1.440993987670145998e+03 -1.436091021825398190e-02 -1.142981987189215301e-03 -7.751946102721598598e-03
-1.439993957150705000e+03 -1.435899048056857655e-02 -8.391448465555118898e-04 -7.599067663562044002e-03
-1.438993926631264003e+03 -1.420206646825401126e-02 -1.300506759437860356e-03 -7.751286613845935480e-03
-1.437993896111823233e+03 -1.420594472620432397e-02 -9.929543222696364264e-04 -7.599449524236980523e-03
-1.436993865592382463e+03 -1.499823404287396397e-02 -1.623290962193560394e-03 -8.310762502533762183e-03
-1.435993835072941465e+03 -1.515904600878386320e-02 -2.699605716817439927e-03 -8.929325862800652214e-03
-1.434993804553500468e+03 -1.579050396825392236e-02 -1.919298424196870176e-03 -8.854901196225395399e-03
-1.433993774034059697e+03 -1.562374857203531302e-02 -9.871770836687577926e-04 -8.305462827852034755e-03
-1.432993743514618927e+03 -1.452174157545344998e-02 -8.392778750758582733e-04 -7.680509725264654183e-03
-1.431993712995177930e+03 -1.451975396825395080e-02 -1.146725789835179596e-03 -7.833239879044565090e-03
-1.430993682475736932e+03 -1.483744146825388514e-02 -1.617675258224755656e-03 -8.227558363239319966e-03
-1.429993651956296162e+03 -1.451572057998562482e-02 -1.923108741103219353e-03 -8.219414660544422518e-03
-1.428993621436855392e+03 -1.452178035803295374e-02 -1.927071090604189334e-03 -8.224425724318570885e-03
-1.427993590917414394e+03 -1.451771788283003767e-02 -1.763427006416380151e-03 -8.140572444623208476e-03
-1.426993560397973397e+03 -1.436295599932281043e-02 -9.910539148351002383e-04 -7.677004957078955444e-03
-1.425993529878532627e+03 -1.483949694496766898e-02 -8.353820398351312522e-04 -7.837439492401400767e-03
-1.424993499359091857e+03 -1.499628521825397028e-02 -6.797101648351621577e-04 -7.837997691544565729e-03
-1.423993468839650859e+03 -1.515305410025052230e-02 -1.150792661745086119e-03 -8.151923380997804641e-03
-1.422993438320209862e+03 -1.435674109095732426e-02 -1.611698476843037011e-03 -7.984219783900179876e-03
-1.421993407800769091e+03 -1.404322271825393480e-02 -1.144673349805880357e-03 -7.593948034029907902e-03
-1.420993377281328321e+03 -1.372343126331587899e-02 -9.931158569015366335e-04 -7.358273560108707922e-03
-1.419993346761887324e+03 -1.388860626941980890e-02 -1.617884303042483674e-03 -7.753245286231146179e-03
-1.418993316242446326e+03 -1.436303356448181620e-02 -1.767332343694315126e-03 -8.065182954088066097e-03
-1.417993285723005556e+03 -1.452188701012662592e-02 -1.613741414835197360e-03 -8.067814212480910879e-03
-1.416993255203564786e+03 -1.467645498073641072e-02 -1.771513240050292311e-03 -8.223984110393350866e-03
-1.415993224684123788e+03 -1.436091021825398537e-02 -1.765194385330498723e-03 -8.063052301792241611e-03
-1.414993194164682791e+03 -1.451975396825395427e-02 -9.889349605456670012e-04 -7.754344464399810961e-03
-1.413993163645242021e+03 -1.452409761715830507e-02 -1.308783033815187407e-03 -7.916440325486745477e-03
-1.412993133125801251e+03 -1.499410369815695407e-02 -1.762999414743715403e-03 -8.378551556450335169e-03
-1.411993102606360253e+03 -1.467859771825392144e-02 -8.310871190330817787e-04 -7.754842418643501448e-03
-1.410993072086919256e+03 -1.468079862964076325e-02 -5.283522147116580117e-04 -7.604575422176210360e-03
-1.409993041567478485e+03 -1.531839393231737914e-02 -1.153225183261290384e-03 -8.235809557789334004e-03
-1.408993011048037715e+03 -1.546837586290095157e-02 -1.922909198322628058e-03 -8.695642530611790572e-03
-1.407992980528596718e+03 -1.483075147328971090e-02 -1.453698602735795748e-03 -8.142225038012753865e-03
-1.406992950009155720e+03 -1.420206646825401473e-02 -6.797101648351613987e-04 -7.440888316544587953e-03
-1.405992919489714950e+03 -1.436540899747634770e-02 -8.353820398351304933e-04 -7.600395518655739258e-03
-1.404992888970274180e+03 -1.484195963876593083e-02 -1.146725789835179162e-03 -7.994342714300554237e-03
-1.403992858450833182e+03 -1.547054768735305411e-02 -8.309350864383186191e-04 -8.150741386895686905e-03
-1.402992827931392185e+03 -1.514829353861651268e-02 -5.285042473064204124e-04 -7.838398892961466816e-03
-1.401992797411951415e+03 -1.436091021825398190e-02 -1.151210751380683101e-03 -7.756060484817332498e-03
-1.400992766892510645e+03 -1.436780382176055387e-02 -1.773917255454943295e-03 -8.070860538607747825e-03
-1.399992736373069647e+03 -1.531397271825401737e-02 -2.076234070140910593e-03 -8.695103394197463767e-03
-1.398992705853628649e+03 -1.515049445000335102e-02 -1.297855691066536997e-03 -8.224175070534944440e-03
-1.397992675334187879e+03 -1.452440787779432640e-02 -9.887734259136572897e-04 -7.756590651853991630e-03
-1.396992644814747109e+03 -1.515512896825404847e-02 -8.376720307937097305e-04 -7.996400499523879588e-03
-1.395992614295306112e+03 -1.500097791037384616e-02 -9.933534078308884057e-04 -7.997165659102366958e-03
-1.394992583775865114e+03 -1.546810438484428306e-02 -1.300088669802261640e-03 -8.384096527323272457e-03
-1.393992553256424344e+03 -1.515276323090435605e-02 -6.750731706948958190e-04 -7.913918200799625879e-03
-1.392992522736983574e+03 -1.483744146825388514e-02 -6.843661630497011820e-04 -7.760903815651793054e-03
-1.391992492217542576e+03 -1.499628521825396681e-02 -5.193632875461253731e-04 -7.757824252900046361e-03
-1.390992461698101579e+03 -1.483744146825388514e-02 -5.263852930168782130e-04 -7.681913380635382003e-03
-1.389992431178660809e+03 -1.467859771825391797e-02 -5.216817846163686974e-04 -7.600139751435142955e-03
-1.388992400659220039e+03 -1.468101193382795322e-02 -3.754644366031067450e-04 -7.528238185215530009e-03
-1.387992370139779041e+03 -1.499386130703501963e-02 -1.304773174128427129e-03 -8.149317240581722618e-03
-1.386992339620338043e+03 -1.467616411139006233e-02 -1.453299517174472212e-03 -8.064731814282266945e-03
-1.385992309100897273e+03 -1.468348432327131435e-02 -1.462858566570146741e-03 -8.073171444920730980e-03
-1.384992278581456503e+03 -1.531642571640755637e-02 -1.613741414835196276e-03 -8.465083565621376108e-03
-1.383992248062015506e+03 -1.531151002445556991e-02 -1.613741414835196276e-03 -8.462625719645382877e-03
-1.382992217542574508e+03 -1.531397271825401737e-02 -1.616164434314263819e-03 -8.465068576284141139e-03
-1.381992187023133738e+03 -1.499132104807756813e-02 -1.925085164835134898e-03 -8.458203106456351622e-03
-1.380992156503692968e+03 -1.452224574898699182e-02 -1.925085164835134898e-03 -8.223665456911062599e-03
-1.379992125984251970e+03 -1.500128817100987444e-02 -2.083208565425654236e-03 -8.542248368217764121e-03
-1.378992095464810973e+03 -1.514508428016247965e-02 -2.392100789835152879e-03 -8.768592534998816482e-03
-1.377992064945370203e+03 -1.436343108592168585e-02 -2.080757039835104318e-03 -8.222094062878394435e-03
-1.376992034425929432e+03 -1.483744146825399964e-02 -2.236428914835073088e-03 -8.536935191544536145e-03
-1.375992003906488435e+03 -1.468367823616882964e-02 -2.236428914835073088e-03 -8.460053575501952014e-03
-1.374991973387047437e+03 -1.547791637745871834e-02 -2.231430843282175384e-03 -8.854673610370447298e-03
-1.373991942867606667e+03 -1.578538466775951041e-02 -1.608724339208022743e-03 -8.697054503483766033e-03
-1.372991912348165897e+03 -1.515769831414609352e-02 -1.307433744536596861e-03 -8.232566029341345515e-03
-1.371991881828724900e+03 -1.514739184364306129e-02 -1.927612706723066558e-03 -8.537502275183064468e-03
-1.370991851309283902e+03 -1.435832148107211471e-02 -1.764339201984886684e-03 -8.061330341528500157e-03
-1.369991820789843132e+03 -1.420466490108072445e-02 -1.302397664835258520e-03 -7.753531282957991377e-03
-1.368991790270402362e+03 -1.452236209672550307e-02 -1.304953712834672772e-03 -7.913657904780088681e-03
-1.367991759750961364e+03 -1.516036461648686239e-02 -1.774544389908410541e-03 -8.467454503197635596e-03
-1.366991729231520367e+03 -1.563428773801532959e-02 -2.075606935687443564e-03 -8.854947336851387227e-03
-1.365991698712079597e+03 -1.562638578744153170e-02 -2.091095256279086774e-03 -8.858740521860308803e-03
-1.364991668192638826e+03 -1.483214764615189626e-02 -2.695662371390884771e-03 -8.763905008771390517e-03
-1.363991637673197829e+03 -1.468656753834181490e-02 -1.603327182093943317e-03 -8.144947360217879434e-03
-1.362991607153756831e+03 -1.547015016591311160e-02 -6.770971046126405841e-04 -8.073623635262875547e-03
-1.361991576634316061e+03 -1.467056972429688251e-02 -5.240382898351924126e-04 -7.597304007066037895e-03
-1.360991546114875291e+03 -1.436359591188453994e-02 -6.849742934287526277e-04 -7.524285102656646552e-03
-1.359991515595434294e+03 -1.451975396825395427e-02 -9.936954811691049456e-04 -7.756724724711529934e-03
-1.358991485075993296e+03 -1.452245905317433271e-02 -1.305048733206470857e-03 -7.913753893190402650e-03
-1.357991454556552526e+03 -1.499899999881919126e-02 -1.291755383201750613e-03 -8.145377691010471585e-03
-1.356991424037111756e+03 -1.467042428962385750e-02 -5.320485071716534418e-04 -7.601236398397755688e-03
-1.355991393517670758e+03 -1.436364439010895562e-02 -1.624459712765976421e-03 -7.994052051437466888e-03
-1.354991362998229761e+03 -1.467859771825392144e-02 -2.547772664835232671e-03 -8.613185191544577707e-03
-1.353991332478788991e+03 -1.435264952881981811e-02 -2.547772664835232671e-03 -8.450211096827526039e-03
-1.352991301959348220e+03 -1.372829847704344630e-02 -2.545064584241054067e-03 -8.136681530642250401e-03
-1.351991271439907223e+03 -1.372276226381941022e-02 -2.075321874572334455e-03 -7.899042069195873206e-03
-1.350991240920466225e+03 -1.356112616809514171e-02 -1.772140374503759341e-03 -7.666633271299450741e-03
-1.349991210401025455e+03 -1.325738100542665256e-02 -1.608268241423736625e-03 -7.432824623425194482e-03
-1.348991179881584685e+03 -1.404602475962299889e-02 -1.143979701092309688e-03 -7.595002230357653962e-03
-1.347991149362143688e+03 -1.420206646825401299e-02 -1.154992562175408523e-03 -7.678529515214711082e-03
-1.346991118842702690e+03 -1.420206646825401299e-02 -1.925085164835135332e-03 -8.063575816544574920e-03
-1.345991088323261920e+03 -1.436374134655771066e-02 -2.083531634689524906e-03 -8.223636490623617568e-03
-1.344991057803821150e+03 -1.420206646825390197e-02 -2.394884886726713659e-03 -8.298475677490308247e-03
-1.343991027284380152e+03 -1.435805969866050212e-02 -2.547772664835232671e-03 -8.452916181747868046e-03
-1.342990996764939155e+03 -1.404608293349232477e-02 -2.389297688869176407e-03 -8.217690311180751023e-03
-1.341990966245498385e+03 -1.436091021825398363e-02 -2.075131833828880532e-03 -8.218021026041431865e-03
-1.340990935726057614e+03 -1.436091021825398363e-02 -1.930729374915632996e-03 -8.145819796584808856e-03
-1.339990905206616617e+03 -1.419917716608091844e-02 -2.547772664835122082e-03 -8.373474915458020695e-03
-1.338990874687175619e+03 -1.436380921607187736e-02 -1.760889962491170389e-03 -8.062349589281524523e-03
-1.337990844167734849e+03 -1.467568902479118344e-02 -1.146725789835179379e-03 -7.911207407313181408e-03
-1.336990813648294079e+03 -1.403738594003878064e-02 -1.460929653024167644e-03 -7.749157796531474032e-03
-1.335990783128853082e+03 -1.388437896825396416e-02 -1.766543674609018363e-03 -7.825461321431491368e-03
-1.334990752609412084e+03 -1.421087980944609787e-02 -1.305276782098614566e-03 -7.758078295772356109e-03
-1.333990722089971314e+03 -1.436385769429622192e-02 -1.610852795534703941e-03 -7.987355244915462713e-03
-1.332990691570530544e+03 -1.499924238994104764e-02 -1.146725789835179162e-03 -8.072984089888112641e-03
-1.331990661051089546e+03 -1.547578333558597731e-02 -1.308212911584935578e-03 -8.391998123585455577e-03
-1.330990630531648549e+03 -1.530504302932331369e-02 -1.928002290247181815e-03 -8.616522659785246993e-03
-1.329990600012207778e+03 -1.452274022687569457e-02 -1.913378655038397306e-03 -8.218059440957046699e-03
-1.328990569492767008e+03 -1.483444551398730923e-02 -8.383181693214535653e-04 -7.836381841654381508e-03
-1.327990538973326011e+03 -1.468160336816541449e-02 -1.463960802882286090e-03 -8.072782085523850723e-03
-1.326990508453885013e+03 -1.484045681381029706e-02 -2.086667306956580762e-03 -8.463562060383438695e-03
-1.325990477934444243e+03 -1.515512896825405194e-02 -2.541843393639480614e-03 -8.848486180946767143e-03
-1.324990447415003473e+03 -1.499628521825397028e-02 -1.763465014565141929e-03 -8.379875116409555777e-03
-1.323990416895562475e+03 -1.499324078576297348e-02 -1.616725054507416439e-03 -8.304982920135194416e-03
-1.322990386376121478e+03 -1.451364571198214028e-02 -1.607755131416338523e-03 -8.060700421699238533e-03
-1.321990355856680708e+03 -1.421125793959626162e-02 -8.323793960885648947e-04 -7.521818667842412875e-03
-1.320990325337239938e+03 -1.499628521825397201e-02 -1.000090352186319524e-03 -7.998187785220146201e-03
-1.319990294817798940e+03 -1.515204575318355312e-02 -1.778478233297899665e-03 -8.465261993240725744e-03
-1.318990264298357943e+03 -1.451356814682313277e-02 -2.547772664835231803e-03 -8.530670405829181638e-03
-1.317990233778917172e+03 -1.404322271825393653e-02 -2.389060137939894024e-03 -8.216141428096915278e-03
-1.316990203259476402e+03 -1.453220317627431681e-02 -2.233378760902679245e-03 -8.382790968588498676e-03
-1.315990172740035405e+03 -1.530772872295401571e-02 -1.922025508865532559e-03 -8.614877115909774785e-03
-1.314990142220594407e+03 -1.500254860484380275e-02 -1.455000381828417105e-03 -8.228774493336109275e-03
-1.313990111701153637e+03 -1.563166021825395866e-02 -1.302397664835257219e-03 -8.467028941544607612e-03
-1.312990081181712867e+03 -1.547281646825398801e-02 -1.143637627754091413e-03 -8.308227048004039605e-03
-1.311990050662271869e+03 -1.563482099848345977e-02 -1.152921118071763848e-03 -8.393871058277612568e-03
-1.310990020142830872e+03 -1.578416301650509279e-02 -1.610634248679695003e-03 -8.697398632592393680e-03
-1.309989989623390102e+03 -1.531397271825402084e-02 -1.461186208027863333e-03 -8.387579463140941438e-03
-1.308989959103949332e+03 -1.514874923392585740e-02 -1.610615244605420691e-03 -8.379682239265639696e-03
-1.307989928584508334e+03 -1.451975396825395427e-02 -1.140454445301209698e-03 -7.830104206777582093e-03
-1.306989898065067337e+03 -1.467859771825392144e-02 -6.828553391393506157e-04 -7.680726528696635649e-03
-1.305989867545626566e+03 -1.468181667235268079e-02 -1.149880466176507595e-03 -7.915848569264593432e-03
-1.304989837026185796e+03 -1.484067011799749050e-02 -1.461233718213691361e-03 -8.150951918105591582e-03
-1.303989806506744799e+03 -1.515512896825405194e-02 -1.451722179003876951e-03 -8.303425573628965203e-03
-1.302989775987303801e+03 -1.515188092722062792e-02 -8.321988573822472609e-04 -7.992039892301436993e-03
-1.301989745467863031e+03 -1.484069920493215518e-02 -6.797101648351598809e-04 -7.760204684883657313e-03
-1.300989714948422261e+03 -1.531397271825402084e-02 -5.240382898351907863e-04 -7.919005504044606195e-03
-1.299989684428981263e+03 -1.499300809028595617e-02 -8.385937283994928477e-04 -7.915800909342724997e-03
-1.298989653909540266e+03 -1.468188454186685268e-02 -1.153168171038324334e-03 -7.917526356452589051e-03
-1.297989623390099496e+03 -1.532056575676955280e-02 -1.772643982473873919e-03 -8.546604869621714229e-03
-1.296989592870658726e+03 -1.578389153844871745e-02 -1.604020830807652547e-03 -8.693956184628185216e-03
-1.295989562351217728e+03 -1.499628521825397028e-02 -6.732107714090500685e-04 -7.834747994831510118e-03
-1.294989531831776731e+03 -1.483411586206157158e-02 -3.716256135854846066e-04 -7.602870737823528256e-03
-1.293989501312335960e+03 -1.467192711457938371e-02 -5.240382898351907863e-04 -7.597982702207287629e-03
-1.292989470792895190e+03 -1.420875646321823234e-02 -6.829883676596972160e-04 -7.445872415438964560e-03
-1.291989440273454193e+03 -1.467524302512689983e-02 -1.146725789835177428e-03 -7.910984407481037872e-03
-1.290989409754013195e+03 -1.468196210702585325e-02 -8.320848329361751894e-04 -7.757023469981014219e-03
-1.289989379234572425e+03 -1.499628521825396854e-02 -5.240382898351907863e-04 -7.760161754044580043e-03
-1.288989348715131655e+03 -1.515851274831555261e-02 -9.943701258084366480e-04 -8.076441437061994411e-03
-1.287989318195690657e+03 -1.514494854113447933e-02 -8.353820398351287585e-04 -7.990165290484803340e-03
-1.286989287676249660e+03 -1.436091021825398537e-02 -1.156731434978112809e-03 -7.758820826616049521e-03
-1.285989257156808890e+03 -1.403639698426138206e-02 -1.928429881919915302e-03 -7.982413433090649116e-03
-1.284989226637368120e+03 -1.389464665617731395e-02 -2.233074695713152709e-03 -8.063860675945232898e-03
-1.283989196117927122e+03 -1.500658199311205587e-02 -1.921721443676006240e-03 -8.464151718394031382e-03
-1.282989165598486125e+03 -1.530708881039214223e-02 -1.458069539835225555e-03 -8.382579175113683348e-03
-1.281989135079045354e+03 -1.483744146825389035e-02 -1.617124140068667117e-03 -8.227282804161278190e-03
-1.280989104559604584e+03 -1.483398012303327289e-02 -2.077364812564492635e-03 -8.455672467798882111e-03
-1.279989074040163587e+03 -1.436091021825398883e-02 -1.617143144143012553e-03 -7.989026681198500152e-03
-1.278989043520722589e+03 -1.436787169127487496e-02 -1.925085164835133164e-03 -8.146478428055003301e-03
-1.277989013001281819e+03 -1.515512896825405541e-02 -1.759151089688672752e-03 -8.457140028971363646e-03
-1.276988982481841049e+03 -1.515862909605417662e-02 -9.944841502544001909e-04 -8.076556623154288947e-03
-1.275988951962400051e+03 -1.531748254169905746e-02 -1.620620889748211656e-03 -8.469051715723634882e-03
-1.274988921442959054e+03 -1.530341416098407632e-02 -2.080757039835102584e-03 -8.692085600409588803e-03
-1.273988890923518284e+03 -1.468212693298871427e-02 -1.762495806773456842e-03 -8.222311369881085338e-03
-1.272988860404077514e+03 -1.531751162863364928e-02 -9.875856712672150158e-04 -8.152548649950432796e-03
-1.271988829884636516e+03 -1.514803175620487059e-02 -9.980094060454984452e-04 -8.073020581125184628e-03
-1.270988799365195518e+03 -1.483744146825389555e-02 -1.610254167192788242e-03 -8.223847817723341572e-03
-1.269988768845754748e+03 -1.499985321556826685e-02 -1.139732290476086181e-03 -8.069792753022176843e-03
-1.268988738326313978e+03 -1.483028608233575261e-02 -6.797101648351598809e-04 -7.754998123585456031e-03
-1.267988707806872981e+03 -1.452334135685800012e-02 -6.832259185890495303e-04 -7.603283637723524772e-03
-1.266988677287431983e+03 -1.500347938675188238e-02 -9.875286590440000324e-04 -7.995504022897940988e-03
-1.265988646767991213e+03 -1.546920968836020677e-02 -6.867796804916326530e-04 -8.077994684425920252e-03
-1.264988616248550443e+03 -1.531397271825402778e-02 -1.465158059565970904e-03 -8.389565388909999560e-03
-1.263988585729109445e+03 -1.498540670470334922e-02 -1.925085164835133597e-03 -8.455245934769241301e-03
-1.262988555209668448e+03 -1.419115886776865960e-02 -1.762286761955587444e-03 -7.976722814862124283e-03
-1.261988524690227678e+03 -1.324900396825398792e-02 -9.803356169044287298e-04 -7.114669792579208542e-03
-1.260988494170786907e+03 -1.341150297637209131e-02 -3.755309508633478078e-04 -6.893516963617719179e-03
-1.259988463651345910e+03 -1.405421757954308619e-02 -1.465253079937660352e-03 -7.759735329740373271e-03
-1.258988433131904912e+03 -1.468594701706984855e-02 -1.613741414835194975e-03 -8.149844215952521329e-03
-1.257988402612464142e+03 -1.499628521825398068e-02 -1.450847991583990599e-03 -8.223566604918986292e-03
-1.256988372093023372e+03 -1.531766675895166775e-02 -9.946741909978541133e-04 -8.156170474974761692e-03
-1.255988341573582375e+03 -1.530656524556893265e-02 -1.461699318035188143e-03 -8.384132281802059855e-03
-1.254988311054141377e+03 -1.483744146825390076e-02 -1.295119104360804027e-03 -8.066280286307353151e-03
-1.253988280534700607e+03 -1.484116459588620367e-02 -1.150374572109487403e-03 -7.995769583997846403e-03
-1.252988250015259837e+03 -1.515512896825406408e-02 -1.306055949146701749e-03 -8.230592458700383349e-03
-1.251988219495818839e+03 -1.515138644933201016e-02 -1.447066180789266261e-03 -8.299226315060638862e-03
-1.250988188976377842e+03 -1.467484550368697120e-02 -6.760328764492996596e-04 -7.675439190068135756e-03
-1.249988158456937072e+03 -1.436091021825399751e-02 -6.870837456811558280e-04 -7.523996981967576506e-03
-1.248988127937496301e+03 -1.452352557411061215e-02 -9.984464997553712563e-04 -7.760986036932991487e-03
-1.247988097418055304e+03 -1.500384782125709776e-02 -1.617447209332538872e-03 -8.310647515294818100e-03
-1.246988066898614306e+03 -1.530639072396109898e-02 -1.925085164835134031e-03 -8.615737944398117049e-03
-1.245988036379173536e+03 -1.483744146825390423e-02 -2.080757039835103017e-03 -8.459099254044503621e-03
-1.244988005859732766e+03 -1.516274974512625030e-02 -1.606272813617544383e-03 -8.384511279371897885e-03
-1.243987975340291769e+03 -1.578668388417288002e-02 -1.306141467481291771e-03 -8.546412675827085026e-03
-1.242987944820850771e+03 -1.515512896825406582e-02 -1.769413289835165262e-03 -8.462271129044615647e-03
-1.241987914301410001e+03 -1.531781219362484542e-02 -1.450543926394465798e-03 -8.384178060009656042e-03
-1.240987883781969231e+03 -1.546896729723835559e-02 -9.910539148350987204e-04 -8.230010606036727155e-03
-1.239987853262528233e+03 -1.515512896825406582e-02 -1.150507600629905886e-03 -8.152818284441986502e-03
-1.238987822743087236e+03 -1.514739184364311680e-02 -1.142934477003243075e-03 -8.145163160323180482e-03
-1.237987792223646466e+03 -1.451587571030365544e-02 -1.150526604704251105e-03 -7.833201157503954029e-03
-1.236987761704205695e+03 -1.419429056106372156e-02 -1.135294839116554036e-03 -7.664792700090137904e-03
-1.235987731184764698e+03 -1.372553521825389811e-02 -5.316779277220223983e-04 -7.128606572987960036e-03
-1.234987700665323700e+03 -1.356278412336895355e-02 -8.277233978738829726e-04 -7.195253760621418693e-03
-1.233987670145882930e+03 -1.358235963037319680e-02 -5.317159358707131611e-04 -7.057037783121954816e-03
-1.232987639626442160e+03 -1.468252445442859259e-02 -1.477311165109612212e-03 -8.079917809769103162e-03
-1.231987609107001163e+03 -1.500809451371269004e-02 -2.388242962743043329e-03 -8.698168738227866903e-03
-1.230987578587560165e+03 -1.546887034078952596e-02 -2.236428914835072220e-03 -8.852649627812299304e-03
-1.229987548068119395e+03 -1.514721732203531436e-02 -2.073003377502200418e-03 -8.610110349768758040e-03
-1.228987517548678625e+03 -1.467859771825393532e-02 -1.613741414835195842e-03 -8.146169566544566448e-03
-1.227987487029237627e+03 -1.499628521825398415e-02 -1.454173704594430338e-03 -8.225229461424206703e-03
-1.226987456509796630e+03 -1.452373887829795304e-02 -1.298492327557250253e-03 -7.911115602927601756e-03
-1.225987425990355860e+03 -1.499229061256516192e-02 -1.150640629150322851e-03 -8.071465620857741843e-03
-1.224987395470915089e+03 -1.483744146825390423e-02 -1.306322006187536980e-03 -8.071881737220721470e-03
-1.223987364951474092e+03 -1.484546946221105418e-02 -1.777280976614140041e-03 -8.311375219412596785e-03
-1.222987334432033094e+03 -1.546879277563052019e-02 -2.076813694408407782e-03 -8.772803235019464851e-03
-1.221987303912592324e+03 -1.498821844171733218e-02 -1.609788567371362800e-03 -8.299003504544348250e-03
-1.220987273393151554e+03 -1.467859771825393705e-02 -1.777337988837105007e-03 -8.227967853545521681e-03
-1.219987242873710557e+03 -1.468265049781201405e-02 -2.080757039835103017e-03 -8.381703768823557665e-03
-1.218987212354269559e+03 -1.516731639386292504e-02 -2.076775686259716910e-03 -8.622046040061320110e-03
-1.217987181834828789e+03 -1.611226363910182174e-02 -1.921094309222610551e-03 -9.016678974162216365e-03
-1.216987151315388019e+03 -1.610819146825387405e-02 -1.286396234236501053e-03 -8.697293851245187224e-03
-1.215987120795947021e+03 -1.610819146825387405e-02 -6.877298842088978197e-04 -8.397960676231386312e-03
-1.214987090276506024e+03 -1.609588769490640295e-02 -1.150745151559257875e-03 -8.623316423232829653e-03
-1.213987059757065254e+03 -1.515512896825406582e-02 -1.298368801074040700e-03 -8.226748884664052824e-03
-1.212987029237624483e+03 -1.515924961732623664e-02 -9.870155490367467799e-04 -8.073132583181491170e-03
-1.211986998718183486e+03 -1.579463431297102247e-02 -6.756622969996008534e-04 -8.235148304985312473e-03
-1.210986968198742488e+03 -1.579050396825394317e-02 -5.240382898351913284e-04 -8.157271129044567359e-03
-1.209986937679301718e+03 -1.595764719026758136e-02 -5.281051617450961168e-04 -8.242876176006339387e-03
-1.208986907159860948e+03 -1.642587896825404084e-02 -6.797101648351603145e-04 -8.552794566544600144e-03
-1.207986876640419950e+03 -1.626703521825395918e-02 -6.837960408194105385e-04 -8.475415629536684967e-03
-1.206986846120978953e+03 -1.626703521825395918e-02 -9.910539148350982867e-04 -8.629044566544528949e-03
-1.205986815601538183e+03 -1.626703521825395918e-02 -9.910539148350982867e-04 -8.629044566544528949e-03
-1.204986785082097413e+03 -1.659731736094754301e-02 -9.828251506436326557e-04 -8.790071255795587832e-03
-1.203986754562656415e+03 -1.721588980837790439e-02 -5.322860581010730851e-04 -8.874087933239488413e-03
-1.202986724043215418e+03 -1.706125396825391299e-02 -1.154992562175478996e-03 -9.108123265214696646e-03
-1.201986693523774647e+03 -1.690241021825394582e-02 -1.445640875213364878e-03 -9.174025546733655459e-03
-1.200986663004333877e+03 -1.706125396825391299e-02 -8.436868203239794931e-04 -8.952470394288945810e-03
-1.199986632484892880e+03 -1.706125396825391299e-02 -1.306559557116889186e-03 -9.183906762685401307e-03
-1.198986601965451882e+03 -1.689389744205293739e-02 -1.613741414835196059e-03 -9.253819428444066617e-03
-1.197986571446011112e+03 -1.642587896825403737e-02 -1.302397664835147498e-03 -8.864138316544593194e-03
-1.196986540926570342e+03 -1.658472271825400801e-02 -1.773603688228279386e-03 -9.179163203241143265e-03
-1.195986510407129344e+03 -1.674356646825397518e-02 -1.929285065265456869e-03 -9.336425766759715375e-03
-1.194986479887688347e+03 -1.625844487689393630e-02 -2.236428914835072220e-03 -9.247436895864503612e-03
-1.193986449368247577e+03 -1.578619910192909093e-02 -2.240647819339742879e-03 -9.013423460634417336e-03
-1.192986418848806807e+03 -1.562734565628428121e-02 -2.379415570209734206e-03 -9.003380613247007058e-03
-1.191986388329365809e+03 -1.481582018018101285e-02 -1.449593722677198137e-03 -8.132706951429105602e-03
-1.190986357809924812e+03 -1.324033606173496795e-02 -9.868065042188780330e-04 -7.113571282976923101e-03
-1.189986327290484041e+03 -1.292697281934969758e-02 -6.797101648351611819e-04 -6.803341492092429381e-03
-1.188986296771043271e+03 -1.245043187370472974e-02 -8.396484545256258179e-04 -6.645040164115177672e-03
-1.187986266251602274e+03 -1.212837163786578340e-02 -9.867779981073954414e-04 -6.557574817986589095e-03
-1.186986235732161276e+03 -1.181941021825404919e-02 -5.154674523053655007e-04 -6.167438835279707293e-03
-1.185986205212720506e+03 -1.149734028677014235e-02 -2.212843814392446420e-04 -5.859312334104693765e-03
-1.184986174693279736e+03 -1.101640721399659364e-02 -8.439908855135059207e-04 -5.930199049755049620e-03
-1.183986144173838738e+03 -1.053545474993314301e-02 -1.462383464711621874e-03 -5.998919107322382011e-03
-1.182986113654397741e+03 -9.758852986672523350e-03 -1.613741414835196493e-03 -5.686297200753859596e-03
-1.181986083134956971e+03 -1.023539393231726914e-02 -1.298064735884408129e-03 -5.766729334100838961e-03
-1.180986052615516201e+03 -1.006326714883755066e-02 -1.138040927859421776e-03 -5.600654038348485894e-03
-1.179986022096075203e+03 -9.423432152194630845e-03 -5.240382898351921958e-04 -4.973735221014911195e-03
-1.178985991576634206e+03 -8.633634616257960734e-03 -1.159810095022061451e-03 -4.896722355640011418e-03
-1.177985961057193435e+03 -8.174923961539595080e-03 -1.453698602735796833e-03 -4.814311282137695956e-03
-1.176985930537752665e+03 -8.474752083678519302e-03 -1.137964911562039817e-03 -4.806358497620279342e-03
-1.175985900018311668e+03 -7.998201442388679430e-03 -1.004223738356540023e-03 -4.501212590372609401e-03
-1.174985869498870670e+03 -7.530628968253997094e-03 -1.449270653413256343e-03 -4.489949810833626827e-03
-1.173985838979429900e+03 -7.693971497476327463e-03 -8.309730945870086229e-04 -4.262472296031667718e-03
-1.172985808459989130e+03 -7.843807993386730029e-03 -8.442189344056499553e-04 -4.344013463896189559e-03
-1.171985777940548132e+03 -7.684954547741850057e-03 -1.142297840512708929e-03 -4.413626194127279710e-03
-1.170985747421107135e+03 -7.049569852096948010e-03 -8.309445884754551245e-04 -3.940257220286201567e-03
-1.169985716901666365e+03 -7.217479030055815210e-03 -8.442759466287566269e-04 -4.030877488342286298e-03
-1.168985686382225595e+03 -7.371785218254027321e-03 -1.293484753967356557e-03 -4.332634986110691505e-03
-1.167985655862784597e+03 -7.203827562070820763e-03 -5.240382898351919790e-04 -3.863932925953006588e-03
-1.166985625343343600e+03 -6.582133116990489773e-03 -8.443329588518638405e-04 -3.713233037921176861e-03
-1.165985594823902829e+03 -6.895253968253895957e-03 -1.306882626380760724e-03 -4.101068297317328123e-03
-1.164985564304462059e+03 -6.731824178227719009e-03 -1.778402217000445498e-03 -4.255113197614082687e-03
-1.163985533785021062e+03 -6.909041175267374713e-03 -2.067245142975560317e-03 -4.488143159121467732e-03
-1.162985503265580064e+03 -7.530628968253996226e-03 -9.820269795210950867e-04 -4.256327973887545982e-03
-1.161985472746139294e+03 -7.208326341293073806e-03 -6.751871951409682158e-04 -3.941756768217020632e-03
-1.160985442226698524e+03 -7.054097718253977620e-03 -5.421681767605178882e-04 -3.798132947507247646e-03
-1.159985411707257526e+03 -7.058732236504600480e-03 -1.778497237372243366e-03 -4.418614736938422140e-03
-1.158985381187816529e+03 -7.208297254358410865e-03 -2.392100789835152445e-03 -4.800199022096781655e-03
-1.157985350668375759e+03 -6.890600058713631376e-03 -1.920524186992250953e-03 -4.405562122852941381e-03
-1.156985320148934989e+03 -6.572902863068744335e-03 -2.080757039835103885e-03 -4.326829951451924110e-03
-1.155985289629493991e+03 -6.241185764933400264e-03 -1.760253326000707367e-03 -4.000719545467054140e-03
-1.154985259110052993e+03 -5.143289721778979140e-03 -1.151315273789616390e-03 -3.147302497784297548e-03
-1.153985228590612223e+03 -4.984436276134167690e-03 -1.938882122809862168e-03 -3.461659199472015037e-03
-1.152985198071171453e+03 -4.507895330489201588e-03 -2.547772664835231803e-03 -3.527833997662216912e-03
-1.151985167551730456e+03 -4.349041884844321616e-03 -2.538536684703388696e-03 -3.443789284773855156e-03
-1.150985137032289458e+03 -3.708935410144877272e-03 -1.769413289835165696e-03 -2.739174349990021375e-03
-1.149985106512848688e+03 -3.227653294155797842e-03 -1.774050283975430950e-03 -2.500851789065614179e-03
-1.148985075993407918e+03 -2.274561707221246874e-03 -2.236428914835073088e-03 -2.255495311028159981e-03
-1.147985045473966920e+03 -1.480313870286665027e-03 -2.231772916620462181e-03 -1.856043393453563495e-03
-1.146985014954525923e+03 -3.731390949858568872e-04 -1.760082289331528407e-03 -1.066610692158692728e-03
-1.145984984435085153e+03 4.258693035826617741e-04 -1.151400792124135071e-03 -3.627657442707366486e-04
-1.144984953915644383e+03 1.215337187593520723e-03 -1.934454173487321462e-03 -3.595584929469003693e-04
-1.143984923396203385e+03 1.855521227451971920e-03 -2.071369027108501196e-03 -1.079238998282646377e-04
-1.142984892876762387e+03 2.486125970173144132e-03 -1.604334398034174426e-03 4.408957860694848532e-04
-1.141984862357321617e+03 3.434398821604468886e-03 -9.863409043974525909e-04 1.224028958603508039e-03
-1.140984831837880847e+03 3.588433531746048916e-03 -6.844326773099454432e-04 1.452000427218051682e-03
-1.139984801318439850e+03 3.910949462894237200e-03 -1.151457804347174414e-03 1.379745829273531284e-03
-1.138984770798998852e+03 4.069802908539122376e-03 -1.467552572933628063e-03 1.301125167802747156e-03
-1.137984740279558082e+03 4.719731071497620771e-03 -1.759911252662491044e-03 1.479909909417564864e-03
-1.136984709760117312e+03 5.826818585994249754e-03 -1.302397664835258520e-03 2.262210460579495725e-03
-1.135984679240676314e+03 6.274175640563036532e-03 -1.151495812495861816e-03 2.561339914033587250e-03
-1.134984648721235317e+03 5.812246031746058118e-03 -1.608961890137305777e-03 2.101642070804376171e-03
-1.133984618201794547e+03 5.489671926728725664e-03 -1.141936763100147604e-03 2.173867581814288921e-03
-1.132984587682353776e+03 5.514143734394947628e-03 -1.151524318607348094e-03 2.181309707893799767e-03
-1.131984557162912779e+03 6.442715035438787222e-03 -1.141917759025802385e-03 2.650398638206492418e-03
-1.130984526643471781e+03 5.807330339794001400e-03 -9.910539148350995878e-04 2.408138212479450906e-03
-1.129984496124031011e+03 5.980940556939820345e-03 -8.353820398351306017e-04 2.572779258552344763e-03
-1.128984465604590241e+03 6.120063365262521857e-03 -1.156398863676895081e-03 2.481832250792813388e-03
-1.127984435085149244e+03 5.976034560632675560e-03 -1.764567250877101950e-03 2.105733654877786805e-03
-1.126984404565708246e+03 5.966135307214464820e-03 -9.813428328446622238e-04 2.492396237184901081e-03
-1.125984374046267476e+03 5.812246031746058118e-03 -8.451121258999530830e-04 2.483566952923052518e-03
-1.124984343526826706e+03 5.653402281746090947e-03 -1.623490504974290684e-03 2.014955888385900132e-03
-1.123984313007385708e+03 5.638451597347632349e-03 -1.764529242728411296e-03 1.936961177309610635e-03
-1.122984282487944711e+03 4.864176788857085126e-03 -1.613741414835196926e-03 1.625217687010944208e-03
-1.121984251968503941e+03 4.849177626234216047e-03 -1.603935312472992919e-03 1.622621156880611672e-03
-1.120984221449063170e+03 4.213783234944547783e-03 -8.353820398351306017e-04 1.689200597554708482e-03
-1.119984190929622173e+03 3.916165719837300975e-03 -9.910539148350995878e-04 1.462555902501100694e-03
-1.118984160410181175e+03 4.546528071436652801e-03 -1.161520461713143933e-03 1.692503804861754434e-03
-1.117984129890740405e+03 4.685214575739830856e-03 -1.920144105505344192e-03 1.382535235117243223e-03
-1.116984099371299635e+03 3.409384057824981027e-03 -1.453118978468299644e-03 9.781325396783406914e-04
-1.115984068851858638e+03 2.968241911621540777e-03 -1.463029603239364082e-03 7.526061541910883477e-04
-1.114984038332417640e+03 3.588433531746048916e-03 -1.779352420717854972e-03 9.045405555140969720e-04
-1.113984007812976870e+03 3.757438317575841156e-03 -2.241407982313558134e-03 7.580151676311415107e-04
-1.112983977293536100e+03 4.710520208865551749e-03 -2.542784095319610034e-03 1.083868056772970857e-03
-1.111983946774095102e+03 5.023127190950652486e-03 -2.080757039835104318e-03 1.471185075557774084e-03
-1.110983916254654105e+03 5.171761426896386710e-03 -2.231421341245037795e-03 1.470170042825674457e-03
-1.109983885735213335e+03 5.028265882734819781e-03 -1.764396214207993464e-03 1.631934834263413158e-03
-1.108983855215772564e+03 5.663660274024595598e-03 -1.287317931842215431e-03 2.188171171091189866e-03
-1.107983824696331567e+03 5.960812398177697639e-03 -1.006162153939766865e-03 2.477325122118965387e-03
-1.106983794176890569e+03 5.335714781746041246e-03 -1.608695833096471196e-03 1.863509474324784917e-03
-1.105983763657449799e+03 5.991722114041695031e-03 -1.458069539835227723e-03 2.266826287103233546e-03
-1.104983733138009029e+03 6.929320060464819013e-03 -1.297333079022254575e-03 2.815993490721282327e-03
-1.103983702618568032e+03 7.082996031746030541e-03 -9.910539148350991541e-04 3.045971058455465910e-03
-1.102983672099127034e+03 6.760121361737402197e-03 -9.961375047225194419e-04 2.881991928507441486e-03
-1.101983641579686264e+03 6.601267916092591614e-03 -1.463162631759781264e-03 2.569052642166405175e-03
-1.100983611060245494e+03 6.452827593044195738e-03 -1.930187758796825812e-03 2.261319917123685071e-03
-1.099983580540804496e+03 6.770524788689265792e-03 -1.764301193836266936e-03 2.503111797426499537e-03
-1.098983550021363499e+03 7.082996031746030541e-03 -1.458069539835227723e-03 2.812463245955401300e-03
-1.097983519501922729e+03 6.929387929978985707e-03 -1.774544389908410541e-03 2.577421770035287583e-03
-1.096983488982481958e+03 7.400683531745969219e-03 -1.919944562724753331e-03 2.740369484510608161e-03
-1.095983458463040961e+03 7.570037360791401909e-03 -1.618891518982786774e-03 2.975572920904307785e-03
-1.094983427943599963e+03 8.030793796578481608e-03 -1.603422202465601323e-03 3.213685797056439926e-03
-1.093983397424159193e+03 7.887763643370951025e-03 -1.141556681613239976e-03 3.373103480878855524e-03
-1.092983366904718423e+03 8.353746031746003831e-03 -1.151904400094255071e-03 3.600920815825874380e-03
-1.091983336385277426e+03 8.194902281746034925e-03 -1.297209552538974332e-03 3.448846364603530296e-03
-1.090983305865836428e+03 8.523196817240154266e-03 -1.146725789835178946e-03 3.688235513702487443e-03
-1.089983275346395658e+03 8.983807818354172525e-03 -1.162347138947060010e-03 3.910730339703556366e-03
-1.088983244826954888e+03 8.501943963672436641e-03 -1.925085164835134898e-03 3.288429399418650763e-03
-1.087983214307513890e+03 8.364411241109365527e-03 -1.598063053500279121e-03 3.383174093804543203e-03
-1.086983183788072893e+03 8.830277281746023305e-03 -9.910539148350991541e-04 3.919611683455462292e-03
-1.085983153268632122e+03 8.824925285774592315e-03 -8.301369153158136846e-04 3.997394185229389586e-03
-1.084983122749191352e+03 8.025335148513525890e-03 -5.240382898351920874e-04 3.750648429339166739e-03
-1.083983092229750355e+03 7.887957556268464579e-03 -1.162518175616168280e-03 3.362719690326147932e-03
-1.082983061710309357e+03 8.523351947558167538e-03 -1.447522278573483640e-03 3.537914834492342057e-03
-1.081983031190868587e+03 9.153355560297006879e-03 -1.006903312839124796e-03 4.073226123728941259e-03
-1.080983000671427817e+03 9.312209005941814860e-03 -1.919792530129990279e-03 3.696208237905912290e-03
-1.079982970151986819e+03 9.799570291268122971e-03 -1.458069539835227290e-03 4.170750375716447515e-03
-1.078982939632545822e+03 1.059381812820281085e-02 -1.774724928614726223e-03 4.409546599794041989e-03
-1.077982909113105052e+03 1.121293353174600098e-02 -1.758771008201769894e-03 4.727081261772115434e-03
-1.076982878593664282e+03 1.170578255207185489e-02 -1.297067021981419127e-03 5.204357765045217882e-03
-1.075982848074223284e+03 1.232483978174611639e-02 -1.157406079617268871e-03 5.583716851064423649e-03
-1.074982817554782287e+03 1.231938113368101669e-02 -1.452719892906975891e-03 5.433330620387020506e-03
-1.073982787035341516e+03 1.216599603174614748e-02 -1.146725789835178512e-03 5.509635120955484050e-03
-1.072982756515900746e+03 1.200715228174606755e-02 -1.458069539835227073e-03 5.274541370955419806e-03
-1.071982725996459749e+03 1.249465900174547006e-02 -1.141347636795440618e-03 5.676655682475014938e-03
-1.070982695477018751e+03 1.280137103174602137e-02 -9.910539148350987204e-04 5.905158558455461323e-03
-1.069982664957577981e+03 1.279586390545657884e-02 -9.964510719491820497e-04 5.899706416753698612e-03
-1.068982634438137211e+03 1.231932295981183305e-02 -1.458069539835227073e-03 5.430626709988303422e-03
-1.067982603918696213e+03 1.216599603174614748e-02 -1.458069539835227073e-03 5.353963245955460637e-03
-1.066982573399255216e+03 1.250029217141840863e-02 -1.130448800158276269e-03 5.684921685630066508e-03
-1.065982542879814446e+03 1.343674603174600975e-02 -6.905804953607009092e-04 6.373082768192653985e-03
-1.064982512360373676e+03 1.328345788625983140e-02 -9.964985821350100768e-04 6.143479652062410444e-03
-1.063982481840932678e+03 1.375443353174605858e-02 -1.302397664835258087e-03 6.226017933455400138e-03
-1.062982451321491681e+03 1.344232102754973346e-02 -1.307861336209581666e-03 6.067229845670076005e-03
-1.061982420802050910e+03 1.375443353174605858e-02 -1.447123193012301917e-03 6.153655169366878223e-03
-1.060982390282610140e+03 1.376002791883934769e-02 -9.855712393865012633e-04 6.387228339726423211e-03
-1.059982359763169143e+03 1.424777702996057362e-02 -5.185461123493860253e-04 6.864615458805593470e-03
-1.058982329243728145e+03 1.519525483851223192e-02 -3.683664148352230471e-04 7.413444211838504140e-03
-1.057982298724287375e+03 1.549046783369013858e-02 -5.185271082750366866e-04 7.485970362707551271e-03
-1.056982268204846605e+03 1.486070661207327011e-02 -5.702266483506381631e-05 7.401841973619103024e-03
-1.055982237685405607e+03 1.471313889706380058e-02 -5.702266483506381631e-05 7.328058116114368262e-03
-1.054982207165964610e+03 1.487764490367130162e-02 -3.849854778502311329e-04 7.246329712910535431e-03
-1.053982176646523840e+03 1.550737703835350541e-02 -9.910539148350991541e-04 7.258161561759203344e-03
-1.052982146127083070e+03 1.580805837724150176e-02 -9.854952230891197377e-04 7.411281577076191118e-03
-1.051982115607642072e+03 1.534287103174596968e-02 -8.465184274015092464e-04 7.248176302172230218e-03
-1.050982085088201075e+03 1.518971862528812472e-02 -1.469224931476018807e-03 6.860246846906052631e-03
-1.049982054568760304e+03 1.583650539930697709e-02 -1.758238894120100083e-03 7.039133252593438722e-03
-1.048982024049319534e+03 1.627880132725060408e-02 -1.296800964940583896e-03 7.491000181155010526e-03
-1.047981993529878537e+03 1.566627896222283836e-02 -8.297758379032517092e-04 7.418251562159793380e-03
-1.046981963010437539e+03 1.581940228174609844e-02 -6.740944608660745518e-04 7.572653910440011946e-03
-1.045981932490996769e+03 1.581940228174609844e-02 -6.965857828538354673e-04 7.561408249446131651e-03
-1.044981901971555999e+03 1.596674699692345739e-02 -1.636280247008643730e-03 7.165233374957407156e-03
-1.043981871452115001e+03 1.550747399480226739e-02 -2.213852074512903320e-03 6.646810960144682034e-03
-1.042981840932674004e+03 1.566055853174612780e-02 -1.141072077717397108e-03 7.259743227014365564e-03
-1.041981810413233234e+03 1.564900132305419370e-02 -8.297188256802155108e-04 7.409641248686989201e-03
-1.040981779893792464e+03 1.485476318176444724e-02 -8.410547560271812223e-04 7.006854212868633171e-03
-1.039981749374351466e+03 1.488953176428883113e-02 -9.967361330643624995e-04 6.946397815612233989e-03
-1.038981718854910469e+03 1.599566910558795560e-02 -1.458069539835227073e-03 7.268799782876363830e-03
-1.037981688335469698e+03 1.644895989482050500e-02 -1.308098887138863181e-03 7.570430503840821015e-03
-1.036981657816028928e+03 1.647225852945690197e-02 -1.452358815494485256e-03 7.509949856981208358e-03
-1.035981627296587931e+03 1.726066958817648947e-02 -1.146725789835178512e-03 8.056971899170655912e-03
-1.034981596777146933e+03 1.771383433402579088e-02 -1.458069539835227073e-03 8.127882397095281472e-03
-1.033981566257706163e+03 1.740783978174600954e-02 -1.290919203930662685e-03 8.058460288907673755e-03
-1.032981535738265393e+03 1.725486189689585600e-02 -5.297870223246249925e-04 8.362537437285615452e-03
-1.031981505218824395e+03 1.773727840333550951e-02 -1.158242258888464785e-03 8.289518072223521494e-03
-1.030981474699383398e+03 1.788437103174602555e-02 -1.625276887962894554e-03 8.129547071891564738e-03
-1.029981444179942628e+03 1.821384843591502406e-02 -1.913530687633162091e-03 8.150158874140930876e-03
-1.028981413660501858e+03 1.884333817947526912e-02 -1.279250702282649357e-03 8.782043738596310642e-03
-1.027981383141060860e+03 1.916103537512033744e-02 -5.356307751858557656e-04 9.312702299967241110e-03
-1.026981352621619862e+03 1.947873257076519066e-02 -8.237705504100507978e-04 9.327481010177569171e-03
-1.025981322102179092e+03 1.994933978174606715e-02 -2.068792930854624571e-04 9.871230244330302453e-03
-1.024981291582738322e+03 1.944903481051077354e-02 -2.243440374087764808e-04 9.612345386550999113e-03
-1.023981261063297325e+03 1.836090228174604502e-02 -6.913786664832103973e-04 8.834761807631416608e-03
-1.022981230543856441e+03 1.885532199654188154e-02 -1.619585167696392138e-03 8.617868414422745135e-03
-1.021981200024415557e+03 1.962567976450253771e-02 -1.613741414835196926e-03 9.005969174833670932e-03
-1.020981169504974673e+03 1.915512103174610986e-02 -1.769413289835166129e-03 8.692853870955471324e-03
-1.019981138985533789e+03 1.915512103174610986e-02 -1.607869155862483778e-03 8.773625937941812933e-03
-1.018981108466092905e+03 1.948481174010226885e-02 -1.625504936854968658e-03 8.929653401623650205e-03
-1.017981077946652022e+03 1.995535108156905671e-02 -1.925085164835135332e-03 9.015132958366960797e-03
-1.016981047427211138e+03 2.010216253627828548e-02 -1.763512524750935045e-03 9.169325005763674999e-03
-1.015981016907770254e+03 1.977843464952051475e-02 -1.619651681956600729e-03 9.079391483781956360e-03
-1.014980986388329370e+03 1.881931237147322147e-02 -1.763493520676589609e-03 8.527909425398315715e-03
-1.013980955868888486e+03 1.820205853174607438e-02 -1.613741414835196926e-03 8.294158558455439270e-03
-1.012980925349447602e+03 1.804321478174610721e-02 -1.775352063068087868e-03 8.133931359339010431e-03
-1.011980894830006719e+03 1.837304122913052326e-02 -2.086705315105198341e-03 8.143167957012663327e-03
-1.010980864310565835e+03 1.833658560439757959e-02 -1.913169610220600550e-03 8.211707997088490280e-03
-1.009980833791124951e+03 1.740175091676401942e-02 -1.613741414835196709e-03 7.894004750964411787e-03
-1.008980803271684067e+03 1.724899603174604237e-02 -1.613741414835196709e-03 7.817627308455423266e-03
-1.007980772752243183e+03 1.692520027547424893e-02 -1.787372140091525799e-03 7.568914067691361568e-03
-1.006980742232802299e+03 1.710850613749593380e-02 -2.380109218923232885e-03 7.364198459286350890e-03
-1.005980711713361416e+03 1.754830058906160783e-02 -1.757402714848905036e-03 7.895448937106351942e-03
-1.004980681193920532e+03 1.676019009533328066e-02 -1.152740579365482644e-03 7.803724757983899335e-03
-1.003980650674479648e+03 1.630208057059725352e-02 -1.613741414835197143e-03 7.344169577881027970e-03
-1.002980620155038764e+03 1.661362103174593777e-02 -1.781480877044463529e-03 7.416070077350737227e-03
-1.001980589635597880e+03 1.643627799132298117e-02 -2.080757039835104318e-03 7.177760475743938211e-03
-1.000980559116156996e+03 1.549553865596017127e-02 -2.236428914835073088e-03 6.629554870562549308e-03
-9.999805285967161126e+02 1.517784146031525214e-02 -2.565959563983626329e-03 6.305940948165812687e-03
-9.989804980772752288e+02 1.535526206589733246e-02 -2.846972811328491934e-03 6.254144627284420263e-03
-9.979804675578343449e+02 1.565435331902562469e-02 -2.218185003463643990e-03 6.718084157780990565e-03
-9.969804370383934611e+02 1.551414459847680685e-02 -1.613741414835197360e-03 6.950201591820804638e-03
-9.959804065189525772e+02 1.597202142773581496e-02 -1.445868924105509238e-03 7.263076251815153185e-03
-9.949803759995116934e+02 1.583187088105635423e-02 -1.152835599737213725e-03 7.339517640659569929e-03
-9.939803454800708096e+02 1.661986502704606086e-02 -1.296278352896051891e-03 7.661793337075004269e-03
-9.929803149606299257e+02 1.677871847269090527e-02 -9.849251008587241434e-04 7.896896685916090022e-03
-9.919802844411890419e+02 1.694383530492561338e-02 -3.560897828080125563e-04 8.293872761058800058e-03
-9.909802539217481581e+02 1.790319027844992222e-02 -2.311379939873103135e-04 8.836026142231305155e-03
-9.899802234023072742e+02 1.835461950386653440e-02 -8.415393599230283194e-04 8.756540071971753367e-03
-9.889801928828663904e+02 1.837348722879480686e-02 -1.296230842710188085e-03 8.538628193042309064e-03
-9.879801623634255066e+02 1.883743353174595000e-02 -9.848775906728605544e-04 8.926277970536545051e-03
-9.869801318439846227e+02 1.851343416693187680e-02 -6.797101648351611819e-04 8.916862001048356939e-03
-9.859801013245437389e+02 1.836090228174604502e-02 -8.415773680717142033e-04 8.759662456837164976e-03
-9.849800708051028550e+02 1.852607728784989860e-02 -1.159135450382696789e-03 8.683470918733601773e-03
-9.839800402856619712e+02 1.850072317649973166e-02 -1.619955747146125963e-03 8.440383714676803067e-03
-9.829800097662210874e+02 1.755398223695881291e-02 -2.086980874183206290e-03 7.733500681387802875e-03
-9.819799792467802035e+02 1.741420012478452420e-02 -2.230195578449798398e-03 7.592002273167362467e-03
-9.809799487273393197e+02 1.740783978174600954e-02 -2.080757039835103885e-03 7.663541370955453264e-03
-9.799799182078984359e+02 1.740146004741774388e-02 -2.087009380294724010e-03 7.657225333561510153e-03
-9.789798876884575520e+02 1.740783978174600954e-02 -2.061971512344725789e-03 7.672934134700642311e-03
-9.779798571690166682e+02 1.724259690612802917e-02 -1.302397664835258520e-03 7.970099620646384567e-03
-9.769798266495757844e+02 1.708374346048317782e-02 -1.302397664835258520e-03 7.890672897823958892e-03
-9.759797961301349005e+02 1.661362103174593777e-02 -1.308688013443569517e-03 7.652466509151184017e-03
-9.749797656106940167e+02 1.677246478174602290e-02 -1.134126088544207831e-03 7.819169346600906775e-03
-9.739797350912531329e+02 1.643546355715341453e-02 -8.353820398351306017e-04 7.800040758659141857e-03
-9.729797045718122490e+02 1.564121572021894002e-02 -1.315035374274810352e-03 7.163090172972065052e-03
-9.719796740523713652e+02 1.470103873225882089e-02 -1.613741414835196926e-03 6.543648658711811658e-03
-9.709796435329304813e+02 1.438334153661378727e-02 -1.613741414835196926e-03 6.384800060889294845e-03
-9.699796130134895975e+02 1.439628522252306767e-02 -1.769413289835166129e-03 6.313435966343951093e-03
-9.689795824940487137e+02 1.439629491816783562e-02 -1.607384551966677339e-03 6.394455183100579247e-03
-9.679795519746078298e+02 1.468800778554577025e-02 -1.140359424929482304e-03 6.773824180308143754e-03
-9.669795214551669460e+02 1.358908400403444072e-02 -1.308773531778017725e-03 6.140155236128211173e-03
-9.659794909357260622e+02 1.326487133503298672e-02 -1.470840277795302988e-03 5.897015528618841651e-03
-9.649794604162851783e+02 1.263600211274465250e-02 -1.763018418817955887e-03 5.436491846963348307e-03
-9.639794298968442945e+02 1.231177005245355852e-02 -1.458069539835227723e-03 5.426850256309165288e-03
-9.629793993774034107e+02 1.151753191116374614e-02 -2.093584790018325828e-03 4.711973560572710155e-03
-9.619793688579625268e+02 1.121948778768214194e-02 -2.067910285577647962e-03 4.575788751052247208e-03
-9.609793383385216430e+02 1.138490518490789527e-02 -1.613741414835197143e-03 4.885581885036348847e-03
-9.599793078190807591e+02 1.200057863452028313e-02 -1.458069539835228157e-03 5.271254547342527595e-03
-9.589792772996398753e+02 1.151745434600474037e-02 -1.775865173075412895e-03 4.870794586464663629e-03
-9.579792467801989915e+02 1.088865299323052774e-02 -1.769413289835166563e-03 4.559619851697680262e-03
-9.569792162607581076e+02 1.106069251590644474e-02 -1.931556052149727316e-03 4.564568231878358279e-03
-9.559791857413172238e+02 1.155707075096718862e-02 -2.216987746779780933e-03 4.670041502093704062e-03
-9.549791552218763400e+02 1.281461528264634178e-02 -1.140235898446238490e-03 5.837189692100051321e-03
-9.539791247024354561e+02 1.345664149503111862e-02 -1.328395238539592385e-03 6.064123128245763224e-03
-9.529790941829945723e+02 1.407212103174599466e-02 -2.074248144371822547e-03 5.998936443687086055e-03
-9.519790636635536885e+02 1.406546981936120794e-02 -1.912048369834225704e-03 6.076710724763491334e-03
-9.509790331441128046e+02 1.393326000583501763e-02 -1.639853012985712693e-03 6.146703496424652143e-03
-9.499790026246719208e+02 1.471416663542063352e-02 -2.547772664835232671e-03 6.083196985292700643e-03
-9.489789721052310369e+02 1.519070758106541401e-02 -2.541225761223255258e-03 6.324740909921079159e-03
-9.479789415857901531e+02 1.566055853174602025e-02 -2.242985320484223652e-03 6.708786605630898299e-03
-9.469789110663492693e+02 1.534287103174596968e-02 -2.216731191776224238e-03 6.563069919984872505e-03
-9.459788805469083854e+02 1.535628980425405785e-02 -1.607166005111705914e-03 6.874561899571175749e-03
-9.449788500274675016e+02 1.614380886364495671e-02 -1.471239363356555184e-03 7.336284750144200437e-03
-9.439788195080266178e+02 1.646150605928976482e-02 -2.249617742430861343e-03 7.105944158429451304e-03
-9.429787889885857339e+02 1.628245658536866744e-02 -2.541168749000218517e-03 6.870643918184224028e-03
-9.419787584691448501e+02 1.581940228174609844e-02 -2.392100789835152879e-03 6.713650745955472565e-03
-9.409787279497039663e+02 1.550171478174604961e-02 -2.398723709744512468e-03 6.551495536000769004e-03
-9.399786974302630824e+02 1.615062490199262873e-02 -2.541140242888700797e-03 6.804742329551963752e-03
-9.389786669108221986e+02 1.628915627597783342e-02 -2.236428914835073088e-03 7.026363680571380381e-03
-9.379786363913813148e+02 1.580582837891989292e-02 -2.223126062793328445e-03 6.791351158063282240e-03
-9.369786058719404309e+02 1.549491813468812165e-02 -1.613741414835196709e-03 6.940588359926462905e-03
-9.359785753524995471e+02 1.552213380985445132e-02 -1.776083719930383669e-03 6.873025044962033717e-03
-9.349785448330586632e+02 1.630274957009367892e-02 -1.925085164835134898e-03 7.188832202629271903e-03
-9.339785143136177794e+02 1.661362103174593777e-02 -1.742655553156908371e-03 7.435482739294514698e-03
-9.329784837941768956e+02 1.662045646138336774e-02 -5.173393536284562853e-04 8.051558553877456378e-03
-9.319784532747360117e+02 1.693130853174610456e-02 -6.931270413229781132e-04 8.119090745211563279e-03
-9.309784227552951279e+02 1.693130853174610456e-02 -8.353820398351301680e-04 8.047963245955486872e-03
-9.299783922358542441e+02 1.709701679831812995e-02 -9.910539148350991541e-04 8.052981441741515617e-03
-9.289783617164133602e+02 1.758043195617995866e-02 -9.910539148350991541e-04 8.294689020672429969e-03
-9.279783311969724764e+02 1.789125493960794580e-02 -8.218891470499317111e-04 8.534682896279007641e-03
-9.269783006775315926e+02 1.836779588525272455e-02 -2.059385914053667556e-04 9.080928646923678085e-03
-9.259782701580907087e+02 1.869239638004909984e-02 9.188375969795583014e-05 9.392140069873527314e-03
-9.249782396386498249e+02 1.965239126613543136e-02 -2.059195873310214013e-04 9.723235839402204206e-03
-9.239782091192089410e+02 2.011510622218745659e-02 -5.702266483506381631e-05 1.002904177867619713e-02
-9.229781785997680572e+02 2.077128807609076450e-02 1.122371233218303710e-04 1.044176259970629704e-02
-9.219781480803271734e+02 2.186240686347708934e-02 5.724682937804475820e-04 1.121743757862876840e-02
-9.209781175608862895e+02 2.219400761387377297e-02 1.046306381470450816e-03 1.162015699767211113e-02
-9.199780870414454057e+02 2.314013772778763037e-02 1.824684760544862793e-03 1.248241124416624680e-02
-9.189780565220045219e+02 2.343693111308035870e-02 2.454223229346343300e-03 1.294557717121335057e-02
-9.179780260025636380e+02 2.296737103174603320e-02 3.381441518693465136e-03 1.317440627521974938e-02
-9.169779954831227542e+02 2.345089284170149418e-02 3.841625178966324820e-03 1.364625901033390994e-02
-9.159779649636818704e+02 2.345090253734636448e-02 3.990446085164795278e-03 1.372067431125557901e-02
-9.149779344442409865e+02 2.409329718423641742e-02 3.983576112288951532e-03 1.403843664826268448e-02
-9.139779039248001027e+02 2.473571122241622483e-02 3.516550985251871205e-03 1.412613110383404737e-02
-9.129778734053592189e+02 2.550887103174597631e-02 3.374647562115108516e-03 1.444175929693054285e-02
-9.119778428859183350e+02 2.549479295538634172e-02 4.011141522126887050e-03 1.475296723875661395e-02
-9.109778123664774512e+02 2.454171106409666278e-02 4.281065892091235649e-03 1.441138847809394878e-02
-9.099777818470365673e+02 2.438990635227640535e-02 3.848609176288241614e-03 1.411925776428232283e-02
-9.089777513275956835e+02 2.392750165686051422e-02 4.626987555362547556e-03 1.427724460611153046e-02
-9.079777208081547997e+02 2.438988696098665435e-02 4.917540848028778035e-03 1.465371390450771576e-02
-9.069776902887139158e+02 2.407927728174603932e-02 4.287897856818388524e-03 1.418358756928221436e-02
-9.059776597692730320e+02 2.391333631969699489e-02 4.166984433795963005e-03 1.404016037674647895e-02
-9.049776292498321482e+02 2.376869668944004907e-02 5.087114203412371367e-03 1.442790544642620978e-02
-9.039775987303912643e+02 2.392755013508489001e-02 5.405441950734340625e-03 1.466649604290961445e-02
-9.029775682109503805e+02 2.440409108072967223e-02 6.014180460164836838e-03 1.520913577044725497e-02
-9.019775376915094967e+02 2.488776802100314822e-02 5.851515085805778990e-03 1.536964155340446447e-02
-9.009775071720686128e+02 2.537861004283982133e-02 5.858508585164867201e-03 1.561855931400234383e-02
-8.999774766526277290e+02 2.698139709725600258e-02 5.709849213598332078e-03 1.634562315542716776e-02
-8.989774461331868451e+02 2.887325010799892192e-02 5.695814704694292067e-03 1.728453240634660742e-02
-8.979774156137459613e+02 2.981200183616218580e-02 5.702836710164898432e-03 1.775741927316354385e-02
-8.969773850943050775e+02 3.028136800459889366e-02 5.207657046985061759e-03 1.774451252579197641e-02
-8.959773545748641936e+02 3.060625936874175265e-02 4.478613244911193100e-03 1.754243630682647201e-02
-8.949773240554233098e+02 3.189864035245949109e-02 5.242881098784073386e-03 1.857076072562178354e-02
-8.939772935359824260e+02 3.282289709153368706e-02 5.547164835164929662e-03 1.918503096334930880e-02
-8.929772630165415421e+02 3.315504079804341975e-02 5.547164835164929662e-03 1.935110281660417514e-02
-8.919772324971006583e+02 3.426697613497804024e-02 5.709925229895713820e-03 1.998845068243687573e-02
-8.909772019776597745e+02 3.555948316207938054e-02 6.184048378700781820e-03 2.087176577039008205e-02
-8.899771714582188906e+02 3.747291867831556433e-02 6.318416686359612684e-03 2.189566768233758981e-02
-8.889771409387780068e+02 3.951616918379385890e-02 6.169852335164804739e-03 2.284301075947933052e-02
-8.879771104193371229e+02 4.095307345003013771e-02 6.007053932285329710e-03 2.348006369115773415e-02
-8.869770798998962391e+02 4.237543424895285488e-02 5.865644615081545311e-03 2.412053943201719966e-02
-8.859770493804553553e+02 4.381235790647899225e-02 6.339815274072482104e-03 2.507608659027573544e-02
-8.849770188610144714e+02 4.508315638470335174e-02 6.955366744155895044e-03 2.601926156442962296e-02
-8.839769883415735876e+02 4.698201934669146013e-02 6.955376246193067762e-03 2.696869779644226264e-02
-8.829769578221327038e+02 4.809396437927085377e-02 7.599595362426341330e-03 2.784677987084859668e-02
-8.819769273026918199e+02 4.902507593927211971e-02 8.504930460164782102e-03 2.876500319971845090e-02
-8.809768967832509361e+02 4.982664398808792083e-02 8.816274210164832398e-03 2.932145909912637488e-02
-8.799768662638100523e+02 5.030319462937768438e-02 8.823476754341724737e-03 2.956333569185970456e-02
-8.789768357443691684e+02 5.076502728174601964e-02 9.134830006378939077e-03 2.994992864406247762e-02
-8.779768052249282846e+02 5.062092091195712767e-02 9.283289835164848861e-03 2.995210537356098740e-02
-8.769767747054874008e+02 5.140040228174599934e-02 9.453423810741632544e-03 3.042691304624381421e-02
-8.759767441860465169e+02 5.140779036314134520e-02 1.007613031481606816e-02 3.074196033897870495e-02
-8.749767136666056331e+02 5.139300450470578319e-02 1.052141478080206860e-02 3.095720964275392589e-02
-8.739766831471647492e+02 5.124896600443112904e-02 1.005438965376498871e-02 3.065167782909805974e-02
-8.729766526277238654e+02 5.156666320007594062e-02 1.007618732703910620e-02 3.082142526355752254e-02
-8.719766221082829816e+02 5.153696543982153044e-02 1.069889383111333192e-02 3.111792963546743118e-02
-8.709765915888420977e+02 5.059131041250659877e-02 1.115864039767635804e-02 3.087497540509148014e-02
-8.699765610694012139e+02 5.061362978701065135e-02 1.161836796016482362e-02 3.111599887358773575e-02
-8.689765305499603301e+02 5.060618353174593798e-02 1.131433127675067311e-02 3.096025740424830641e-02
-8.679765000305194462e+02 5.025863344552858325e-02 1.210001672241076999e-02 3.117932508396967575e-02
-8.669764695110785624e+02 4.883647625514825341e-02 1.256705135148512668e-02 3.070176380331669092e-02
-8.659764389916376786e+02 4.805719849390188703e-02 1.317508671016484612e-02 3.061614260203336657e-02
-8.649764084721967947e+02 4.789834504825703915e-02 1.284905281069584349e-02 3.037369892947644132e-02
-8.639763779527559109e+02 4.757314342347837566e-02 1.223370088339327359e-02 2.990342215343582549e-02
-8.629763474333150270e+02 4.675636290785235849e-02 1.227051177540022277e-02 2.951343734162628976e-02
-8.619763169138741432e+02 4.551565971132243843e-02 1.299729409262688658e-02 2.925647690197466164e-02
-8.609762863944332594e+02 4.503911876567753825e-02 1.272283725093116720e-02 2.888097800830435186e-02
-8.599762558749923755e+02 4.454749139660593021e-02 1.268589333040380865e-02 2.861669236350487117e-02
-8.589762253555514917e+02 4.359439980967137751e-02 1.224105546016492595e-02 2.791772763491815260e-02
-8.579761948361106079e+02 4.297412092874298289e-02 1.224105546016492595e-02 2.760758819445395529e-02
-8.569761643166697240e+02 4.247486308715402170e-02 1.224847655119678386e-02 2.736166981917540278e-02
-8.559761337972288402e+02 4.155967177603891310e-02 1.224848605323395831e-02 2.690407891463643397e-02
-8.549761032777879564e+02 4.188496066162156889e-02 1.271551118027103820e-02 2.730023592094630441e-02
-8.539760727583470725e+02 4.217226201058080909e-02 1.316763711302147179e-02 2.766994956180113957e-02
-8.529760422389061887e+02 4.153686761929106797e-02 1.238180913680379455e-02 2.695933837804743299e-02
-8.519760117194653049e+02 4.107555853174603422e-02 1.208538358516495631e-02 2.658047105845549526e-02
-8.509759812000244210e+02 4.090908430922882838e-02 1.207790548191005515e-02 2.649349489556944090e-02
-8.499759506805835372e+02 4.040962285909758395e-02 1.193719931545694952e-02 2.617341108727726587e-02
-8.489759201611426533e+02 3.949477089555311626e-02 1.208538358516495631e-02 2.579007724035903629e-02
-8.479758896417017695e+02 3.982778721010166861e-02 1.208538358516495631e-02 2.595658539763331246e-02
-8.469758591222608857e+02 4.109856629703626668e-02 1.208538358516495631e-02 2.659197494110061150e-02
-8.459758286028200018e+02 4.171861248248775328e-02 1.207785797172419330e-02 2.689823522710597242e-02
-8.449757980833791180e+02 4.220284207451903413e-02 1.177403983516479673e-02 2.698844095484191630e-02
-8.439757675639382342e+02 4.267939271580870053e-02 1.177403983516479673e-02 2.722671627548674950e-02
-8.429757370444973503e+02 4.313281924406983658e-02 1.179670219382163328e-02 2.746476071894573406e-02
-8.419757065250564665e+02 4.315596274838833651e-02 1.287130658175424970e-02 2.801363466507129224e-02
-8.409756760056155827e+02 4.379135713967807764e-02 1.319023295741809931e-02 2.849079504854808848e-02
-8.399756454861746988e+02 4.391153465791342025e-02 1.380535683582863153e-02 2.885844574687102676e-02
-8.389756149667338150e+02 4.362480535200184695e-02 1.361932595206195862e-02 2.862206565203190278e-02
-8.379755844472929311e+02 4.361705853174598774e-02 1.318268833990299434e-02 2.839987343582449017e-02
-8.369755539278520473e+02 4.377590228174606246e-02 1.366493573049080458e-02 2.872041900611843265e-02
-8.359755234084111635e+02 4.360928262455560783e-02 1.458375421897728334e-02 2.909651842176644645e-02
-8.349754928889702796e+02 4.328379982607553911e-02 1.441283157431516061e-02 2.884831570019534899e-02
-8.339754623695293958e+02 4.283843037870629922e-02 1.427242947305158022e-02 2.855542992587893972e-02
-8.329754318500885120e+02 4.379931726412108345e-02 1.473945460008887695e-02 2.926938593210497846e-02
-8.319754013306476281e+02 4.459356510105566551e-02 1.505846649408717000e-02 2.982601579757141602e-02
-8.309753708112067443e+02 4.520549603174612435e-02 1.551016483516494404e-02 3.035783043345553420e-02
-8.299753402917658605e+02 4.537217386280573139e-02 1.551016483516494404e-02 3.044116934898533772e-02
-8.289753097723249766e+02 4.568202728174602933e-02 1.568889815438299223e-02 3.068546271806451078e-02
-8.279752792528840928e+02 4.535648630939671105e-02 1.628082756005491682e-02 3.081865693472581394e-02
-8.269752487334432089e+02 4.522122236773464671e-02 1.630393651445886938e-02 3.076257944109675804e-02
-8.259752182140023251e+02 4.619792284994173048e-02 1.693435867271752063e-02 3.156614076132962382e-02
-8.249751876945614413e+02 4.744507365031416790e-02 1.752617405394348016e-02 3.248562385212882403e-02
-8.239751571751205574e+02 4.790583978174604157e-02 1.786071227668192124e-02 3.288327602921398141e-02
-8.229751266556796736e+02 4.821562533117221272e-02 1.800865899546061355e-02 3.311214216331641313e-02
-8.219750961362387898e+02 4.741348523930874470e-02 1.846793046016478868e-02 3.294070784973676669e-02
-8.209750656167979059e+02 4.713538505733651934e-02 1.846793046016478868e-02 3.280165775875065748e-02
-8.199750350973570221e+02 4.839823310676284046e-02 1.831225858516482077e-02 3.335524584596383235e-02
-8.189750045779161383e+02 4.870005853174610294e-02 1.814880454172042995e-02 3.342443153673326645e-02
-8.179749740584752544e+02 4.853326435294787883e-02 1.785303463064651097e-02 3.319314949179719143e-02
-8.169749435390343706e+02 4.820760703285994347e-02 1.831225858516482077e-02 3.325993280901238386e-02
-8.159749130195934868e+02 4.758018246165821030e-02 1.832006925972075664e-02 3.295012586068948174e-02
-8.149748825001526029e+02 4.724652623454774630e-02 1.895840661494414825e-02 3.310246642474594381e-02
-8.139748519807117191e+02 4.613459089761311194e-02 1.938630235290425899e-02 3.276044662525868373e-02
-8.129748214612708352e+02 4.584886993876852862e-02 1.859224561249503763e-02 3.222055777563178486e-02
-8.119747909418299514e+02 4.599971478174597062e-02 1.786878900827880423e-02 3.193425189501238742e-02
-8.109747604223890676e+02 4.582483443512146148e-02 1.879499057964845177e-02 3.230991250738495663e-02
-8.099747299029481837e+02 4.520549603174614517e-02 1.957336895872286223e-02 3.238943249523450196e-02
-8.089746993835072999e+02 4.537237747134813259e-02 1.987685452398110092e-02 3.262461599766461329e-02
-8.079746688640664161e+02 4.567397989649914225e-02 2.018032108516489356e-02 3.292715049083201617e-02
-8.069746383446255322e+02 4.520549603174614517e-02 2.018032108516489356e-02 3.269290855845551763e-02
-8.059746078251846484e+02 4.555545063789268045e-02 2.018822678009256008e-02 3.287183870899262200e-02
-8.049745773057437646e+02 4.646816955956457884e-02 2.065525190712963824e-02 3.356171073334710681e-02
-8.039745467863028807e+02 4.582469869609320789e-02 2.113020173316884978e-02 3.347745021463102710e-02
-8.029745162668619969e+02 4.553937525868863301e-02 2.141776188412568283e-02 3.347856857140715792e-02
-8.019744857474211130e+02 4.615855853174594126e-02 2.111435233516492996e-02 3.363645543345543387e-02
-8.009744552279802292e+02 4.615855853174594126e-02 2.127797741527842623e-02 3.371826797351218374e-02
-7.999744247085393454e+02 4.615855853174594126e-02 2.160525608161694214e-02 3.388190730668143996e-02
-7.989743941890984615e+02 4.649251532384756497e-02 2.252337141935274040e-02 3.450794337160015268e-02
-7.979743636696575777e+02 4.645995734835467461e-02 2.299837825761498131e-02 3.472916780298482969e-02
-7.969743331502166939e+02 4.600786881908650733e-02 2.330174979842714739e-02 3.465480930875682736e-02
-7.959743026307758100e+02 4.632556601473142299e-02 2.342542831426671496e-02 3.487549716449907244e-02
-7.949742721113349262e+02 4.713614131763694398e-02 2.267908130250139223e-02 3.490761131006916984e-02
-7.939742415918940424e+02 4.791402290602120306e-02 2.299043455453850943e-02 3.545222873027985278e-02
-7.929742110724531585e+02 4.840694949150616683e-02 2.344943046016489605e-02 3.592818997583552970e-02
-7.919741805530122747e+02 4.883429473505133261e-02 2.346550790706106171e-02 3.614990132105619369e-02
-7.909741500335713908e+02 4.823173949295576218e-02 2.391644608516480322e-02 3.607409278906028444e-02
-7.899741195141305070e+02 4.870828043860066930e-02 2.410434887025449460e-02 3.640631465442758369e-02
-7.889740889946896232e+02 4.903420923674511878e-02 2.516182108516477889e-02 3.709801516095494883e-02
-7.879740584752487393e+02 4.932719223360156058e-02 2.482624714037451330e-02 3.707671968698803694e-02
-7.869740279558078555e+02 4.936018651311397526e-02 2.439963417743271773e-02 3.687991034527334649e-02
-7.859739974363669717e+02 5.028849603174601751e-02 2.484238159949371874e-02 3.756543881561986986e-02
-7.849739669169260878e+02 4.979542401158802006e-02 2.471101593558145543e-02 3.725321997358473775e-02
-7.839739363974852040e+02 4.950255736246998717e-02 2.530937822041939844e-02 3.740596779144469280e-02
-7.829739058780443202e+02 4.981196478174611253e-02 2.485047733516483962e-02 3.733122105845547434e-02
-7.819738753586034363e+02 4.963652208771879987e-02 2.485861107898465136e-02 3.724756658335172388e-02
-7.809738448391625525e+02 4.918489894940455964e-02 2.548130808102181538e-02 3.733310351521318404e-02
-7.799738143197216687e+02 4.916827091844259284e-02 2.546501208727078303e-02 3.731664150285668446e-02
-7.789737838002807848e+02 4.919324689964261338e-02 2.515365883523345072e-02 3.717345286743803379e-02
-7.779737532808399010e+02 4.949427728174606717e-02 2.502249271410181969e-02 3.725838499792394343e-02
-7.769737227613990171e+02 4.965312103174614883e-02 2.563701796417058171e-02 3.764506949795836527e-02
-7.759736922419581333e+02 4.932707588586316555e-02 2.547316483516482918e-02 3.740012036051399563e-02
-7.749736617225172495e+02 4.951937930632947099e-02 2.612045310940487586e-02 3.781991620786717689e-02
-7.739736312030763656e+02 5.047247089326401676e-02 2.653002891969606300e-02 3.850124990648003814e-02
-7.729736006836354818e+02 5.124155853174605646e-02 2.498971068585619307e-02 3.811563460880112303e-02
-7.719735701641945980e+02 5.157603888867096087e-02 2.518650737773950668e-02 3.838127313320523204e-02
-7.709735396447537141e+02 5.170968365763876223e-02 2.546492656893611928e-02 3.858730511328743729e-02
-7.699735091253128303e+02 5.188534935149822364e-02 2.562883671016490811e-02 3.875709303083156587e-02
-7.689734786058719465e+02 5.188535904714320496e-02 2.547316483516494368e-02 3.867926194115407779e-02
-7.679734480864310626e+02 5.252917895382988589e-02 2.565363702718559055e-02 3.909140799050773996e-02
-7.669734175669901788e+02 5.334030690849321521e-02 2.640719608516475456e-02 3.987375149682898662e-02
-7.659733870475492949e+02 5.443534273640935478e-02 2.641548186157933326e-02 4.042541229899434402e-02
-7.649733565281084111e+02 5.491189337769911832e-02 2.688250698861663346e-02 4.089720018315787242e-02
-7.639733260086675273e+02 5.570613151898894111e-02 2.702157880467593448e-02 4.136385516183244127e-02
-7.629732954892266434e+02 5.616571478174597898e-02 2.639056752011267881e-02 4.127814115092932890e-02
-7.619732649697857596e+02 5.636702545630199734e-02 2.594018046016485085e-02 4.115360295823342063e-02
-7.609732344503448758e+02 5.759530853174613801e-02 2.627652406996610485e-02 4.193591630085612143e-02
-7.599732039309039919e+02 5.777117783414798674e-02 2.687421171016488378e-02 4.232269477215643699e-02
-7.589731734114631081e+02 5.840657222543760990e-02 2.703823587583963073e-02 4.272240405063862378e-02
-7.579731428920222243e+02 5.919227819923674611e-02 2.768601825601266220e-02 4.343914822762470762e-02
-7.569731123725813404e+02 5.935967350801716474e-02 2.843093046016479525e-02 4.389530198409098000e-02
-7.559730818531404566e+02 5.966027728174607553e-02 2.856984074159216874e-02 4.411505901166912214e-02
-7.549730513336995728e+02 6.001220979944739409e-02 2.795552453634141815e-02 4.398386716789440265e-02
-7.539730208142586889e+02 6.110701293188650768e-02 2.716035605758299401e-02 4.413368449473475258e-02
-7.529729902948178051e+02 6.192699301032131287e-02 2.673535844096055353e-02 4.433117572564093667e-02
-7.519729597753769212e+02 6.349829830582594259e-02 2.749689921016487335e-02 4.549759875799540970e-02
-7.509729292559360374e+02 6.396625860575565203e-02 2.717712715319266226e-02 4.557169287947415715e-02
-7.499728987364951536e+02 6.525424746234487205e-02 2.687421171016488378e-02 4.606422958625487618e-02
-7.489728682170542697e+02 6.615563217515689487e-02 2.701298896307182881e-02 4.658431056911436358e-02
-7.479728376976133859e+02 6.555475427962505208e-02 2.624306739708110597e-02 4.589891083835308250e-02
-7.469728071781725021e+02 6.668395756008334285e-02 2.643259503052743098e-02 4.655827629530538692e-02
-7.459727766587316182e+02 6.761976181220448467e-02 2.703835940232287779e-02 4.732906060726368297e-02
-7.449727461392907344e+02 6.857284370349427116e-02 2.716858482177442538e-02 4.787071426263434654e-02
-7.439727156198498506e+02 6.904072643826497657e-02 2.671853983516491934e-02 4.787963313671494969e-02
-7.429726851004089667e+02 6.920825748607374595e-02 2.672704415843446188e-02 4.796765082225410565e-02
-7.419726545809680829e+02 6.968480812736339847e-02 2.703839741047156867e-02 4.836160276891748183e-02
-7.409726240615271990e+02 7.046165228174605666e-02 2.733270400782090298e-02 4.889717814478347635e-02
-7.399725935420863152e+02 7.046165228174605666e-02 2.702988358516485168e-02 4.874576793345545417e-02
-7.389725630226454314e+02 7.062921241648935367e-02 2.702988358516485168e-02 4.882954800082710267e-02
-7.379725325032045475e+02 7.078806586213419461e-02 2.670998800170939699e-02 4.874902693192179753e-02
-7.369725019837636637e+02 7.092071197967979301e-02 2.671853983516491934e-02 4.881962590742235791e-02
-7.359724714643227799e+02 7.031155400342403716e-02 2.654572628510532689e-02 4.842864014426467856e-02
-7.349724409448818960e+02 7.061174086442319198e-02 2.575876756646409971e-02 4.818525421544364584e-02
-7.339724104254410122e+02 7.012643505581057923e-02 2.498896952695662393e-02 4.755770229138360505e-02
-7.329723799060001284e+02 6.950858978174603853e-02 2.420199180424104091e-02 4.685529079299353972e-02
-7.319723493865592445e+02 6.949980552748857843e-02 2.361371118084332199e-02 4.655675835416595021e-02
-7.309723188671183607e+02 6.919090228174609725e-02 2.426226322602733493e-02 4.672658275388671956e-02
-7.299722883476774768e+02 6.919090228174609725e-02 2.533474865967045089e-02 4.726282547070827234e-02
-7.289722578282365930e+02 6.919971562293818212e-02 2.578450858516488295e-02 4.749211210405153427e-02
-7.279722273087957092e+02 6.984392335541989016e-02 2.579315543899201799e-02 4.781853939720595581e-02
-7.269721967893548253e+02 7.013513204926416500e-02 2.592286774843623534e-02 4.802899989885019844e-02
-7.259721662699139415e+02 6.982627728174596593e-02 2.514448936936192897e-02 4.748538332555395092e-02
-7.249721357504730577e+02 6.980857303420279214e-02 2.467745474028756880e-02 4.724301388724518047e-02
-7.239721052310321738e+02 6.952631342057896680e-02 2.407211796016478500e-02 4.679921569037187590e-02
-7.229720747115912900e+02 6.998512103174593657e-02 2.440085043819083255e-02 4.719298573496838456e-02
-7.219720441921504062e+02 7.014396478174600436e-02 2.502355694226516408e-02 4.758376086200558075e-02
-7.209720136727095223e+02 6.981738637539487702e-02 2.545573809899025555e-02 4.763656223719256455e-02
-7.199719831532686385e+02 6.982627728174596593e-02 2.501487208028933470e-02 4.742057468101765205e-02
-7.189719526338277547e+02 7.017960597230939179e-02 2.516182108516478930e-02 4.767071352873709228e-02
-7.179719221143868708e+02 7.129155100488886176e-02 2.531749296016486822e-02 4.830452198252686846e-02
-7.169718915949459870e+02 7.219107415388473226e-02 2.482422320645674349e-02 4.850764868017073961e-02
-7.159718610755051031e+02 7.175028105089696628e-02 2.440974434498445478e-02 4.808001269794071053e-02
-7.149718305560642193e+02 7.272126110262734644e-02 2.499737882985443929e-02 4.885931996624089113e-02
-7.139718000366233355e+02 7.381528858347649602e-02 2.501492909251237101e-02 4.941510883799443699e-02
-7.129717695171824516e+02 7.430080769627624149e-02 2.517939985393424784e-02 4.974010377510524467e-02
-7.119717389977415678e+02 7.543069936752094806e-02 2.594897934658675284e-02 5.068983935705385219e-02
-7.109717084783006840e+02 7.649771478174595407e-02 2.608704394670575272e-02 5.129237936422585686e-02
-7.099716779588598001e+02 7.683339739863546958e-02 2.562001881966867803e-02 5.122670810915207207e-02
-7.089716474394189163e+02 7.713308978174605868e-02 2.546433744263152874e-02 5.129871361218879544e-02
-7.079716169199780325e+02 7.730095048148050152e-02 2.482396665145308184e-02 5.106245856646679515e-02
-7.069715864005371486e+02 7.761864767712529922e-02 2.424548262838027712e-02 5.093206515275278817e-02
-7.059715558810962648e+02 7.828114139584285702e-02 2.486818913245471621e-02 5.157466526414878488e-02
-7.049715253616553809e+02 7.903921478174599780e-02 2.531749296016486475e-02 5.217835387095542954e-02
-7.039714948422144971e+02 7.903921478174599780e-02 2.547316483516494368e-02 5.225618980845547074e-02
-7.029714643227736133e+02 7.938409856562261835e-02 2.529083974589550407e-02 5.233746915575906294e-02
-7.019714338033327294e+02 8.015112103174587554e-02 2.421000202157759865e-02 5.218056152666173536e-02
-7.009714032838918456e+02 8.032813442024316908e-02 2.376077421016483532e-02 5.204445431520400567e-02
-6.999713727644509618e+02 8.111327804663949481e-02 2.408103087103274573e-02 5.259715445883612200e-02
-6.989713422450100779e+02 8.129033991336105658e-02 2.438346171016482489e-02 5.283690081176294073e-02
-6.979713117255691941e+02 8.221608978174589633e-02 2.407211796016477806e-02 5.314410387095533372e-02
-6.969712812061283103e+02 8.241142793905842368e-02 2.423673125214424046e-02 5.332407959560132860e-02
-6.959712506866874264e+02 8.349597307921895195e-02 2.436555987213150087e-02 5.393076647567522641e-02
-6.949712201672465426e+02 8.364568353174603454e-02 2.375181378911100580e-02 5.369874866042852191e-02
-6.939711896478056588e+02 8.381367997050874485e-02 2.345840038325591043e-02 5.363604017688232417e-02
-6.929711591283647749e+02 8.414053955056116640e-02 2.391644608516480669e-02 5.402849281786298308e-02
-6.919711286089238911e+02 8.460791811179833866e-02 2.409009581449548382e-02 5.434900696314691471e-02
-6.909710980894830072e+02 8.492561530744334453e-02 2.420979297675980232e-02 5.456770414210157516e-02
-6.899710675700421234e+02 8.524331250308815611e-02 2.408112589140446944e-02 5.466221919724631451e-02
-6.889710370506012396e+02 8.572905461572005725e-02 2.439247914344170112e-02 5.506076687958087745e-02
-6.879710065311603557e+02 8.618718353174593949e-02 2.437443477485077767e-02 5.528080915329836031e-02
-6.869709760117194719e+02 8.620562464829967242e-02 2.439249814751604656e-02 5.529906139790785602e-02
-6.859709454922785881e+02 8.683178878566755188e-02 2.456627140333007137e-02 5.569903009449880815e-02
-6.849709149728377042e+02 8.699064223131250384e-02 2.562883671016490811e-02 5.630973947073870944e-02
-6.839708844533968204e+02 8.764452621738035021e-02 2.530842801670212319e-02 5.647647711704123497e-02
-6.829708539339559366e+02 8.824289294088948077e-02 2.500614921016481099e-02 5.662452107552714414e-02
-6.819708234145150527e+02 8.827995939124960723e-02 2.534474480277609798e-02 5.681235209701285260e-02
-6.809707928950741689e+02 8.905564976389193643e-02 2.642538298431337113e-02 5.774051637410265725e-02
-6.799707623756332850e+02 8.938263538732796332e-02 2.672764278677633443e-02 5.805513908705214887e-02
-6.789707318561924012e+02 9.018617165205342068e-02 2.719466791381341259e-02 5.869041978293342010e-02
-6.779707013367515174e+02 9.095249603174587749e-02 2.750602116585064080e-02 5.922925859879826088e-02
-6.769706708173106335e+02 9.111133978174584813e-02 2.799130920833370340e-02 5.955132449503977576e-02
-6.759706402978697497e+02 9.127951074211641813e-02 2.843093046016478831e-02 5.985522060114060322e-02
-6.749706097784288659e+02 9.108332906369970283e-02 2.889794608516480651e-02 5.999063757443225120e-02
-6.739705792589879820e+02 9.030777443008551619e-02 2.825693865749590375e-02 5.928235654379070824e-02
-6.729705487395470982e+02 9.034518992366127876e-02 2.797308430103651392e-02 5.915913711234889460e-02
-6.719705182201062144e+02 9.127954952469591321e-02 2.844928839598240278e-02 5.986441896033915799e-02
-6.709704877006653305e+02 9.177484184753045837e-02 2.889794608516491753e-02 6.033639396634768448e-02
-6.699704571812244467e+02 9.205501689750610061e-02 2.906281593214803116e-02 6.055891641482706589e-02
-6.689704266617835628e+02 9.174671478174592498e-02 2.953904853320543644e-02 6.064288165747568071e-02
-6.679703961423426790e+02 9.188674898068686925e-02 2.981354338304974261e-02 6.085014618186830593e-02
-6.669703656229017952e+02 9.141961281057149613e-02 2.921851631325951548e-02 6.031906456191550581e-02
-6.659703351034609113e+02 9.079365228174589297e-02 2.985968527556036312e-02 6.032666877865312804e-02
-6.649703045840200275e+02 9.145732886913829351e-02 3.028974747799583964e-02 6.087353817356706831e-02
-6.639702740645791437e+02 9.175615833985494019e-02 3.016183105357725727e-02 6.095899469671609699e-02
-6.629702435451382598e+02 9.222324603174582303e-02 3.061033671016479343e-02 6.141679137095530649e-02
-6.619702130256973760e+02 9.240101568054331915e-02 3.077528257344529575e-02 6.158814912699430572e-02
-6.609701825062564922e+02 9.252198824165858149e-02 3.124230770048258901e-02 6.188214797107058351e-02
-6.599701519868156083e+02 9.222324603174582303e-02 3.156295394487457218e-02 6.189309998831019760e-02
-6.589701214673747245e+02 9.207389431807924685e-02 3.215775296577275122e-02 6.211582364192599903e-02
-6.579700909479338407e+02 9.237258804976752891e-02 3.170935183159401261e-02 6.204096994068077076e-02
-6.569700604284929568e+02 9.223275745936897196e-02 3.217637695863120179e-02 6.220456720900008341e-02
-6.559700299090520730e+02 9.255997577828180278e-02 3.199272158415770312e-02 6.227634868121975642e-02
-6.549699993896111891e+02 9.317630853174584116e-02 3.188373321778698033e-02 6.253002087476641768e-02
-6.539699688701703053e+02 9.317630853174584116e-02 3.296411484432070632e-02 6.307021168803327027e-02
-6.529699383507294215e+02 9.334470249194845581e-02 3.325675858516492084e-02 6.330073053855668486e-02
-6.519699078312885376e+02 9.365283978174573920e-02 3.359620936112163447e-02 6.362452457143369378e-02
-6.509698773118476538e+02 9.399923608622298699e-02 3.403511796016477076e-02 6.401717702319387193e-02
-6.499698467924067700e+02 9.462506087602033655e-02 3.419078983516474213e-02 6.440792535559253240e-02
-6.489698162729658861e+02 9.507284453896373833e-02 3.420958486469229815e-02 6.464121470182801477e-02
-6.479697857535250023e+02 9.474554865489170918e-02 3.498796324376671207e-02 6.486675594932921063e-02
-6.469697552340841185e+02 9.413897941581778062e-02 3.542674831632681293e-02 6.478286386607229330e-02
-6.459697247146432346e+02 9.478398219117942225e-02 3.529934500191544977e-02 6.504166359654743601e-02
-6.449696941952023508e+02 9.508243353174593293e-02 3.561070775598984550e-02 6.534657064386789616e-02
-6.439696636757614669e+02 9.505352111872633625e-02 3.655420303501376311e-02 6.580386207687005662e-02
-6.429696331563205831e+02 9.411972386509447064e-02 3.731368186215160143e-02 6.571670286362303604e-02
-6.419696026368796993e+02 9.397052728174580538e-02 3.779017101821277591e-02 6.588034914997928371e-02
-6.409695721174388154e+02 9.364317322380460995e-02 3.824773211622597285e-02 6.594545267001529487e-02
-6.399695415979979316e+02 9.367219228891783545e-02 3.872424027636150318e-02 6.619821628263966584e-02
-6.389695110785570478e+02 9.379231163328402565e-02 3.917228983516485297e-02 6.648230073422443931e-02
-6.379694805591161639e+02 9.335454357149740312e-02 3.903562203451023394e-02 6.619508280300381853e-02
-6.369694500396752801e+02 9.431733080330784169e-02 3.996016074937466106e-02 6.713874577634125485e-02
-6.359694195202343963e+02 9.475503099558034437e-02 4.028103504265889701e-02 6.751803301911962762e-02
-6.349693890007935124e+02 9.443733379993543564e-02 4.104988287844900385e-02 6.774360833919221281e-02
-6.339693584813526286e+02 9.445679295920113294e-02 4.104989238048628586e-02 6.775334266984370246e-02
-6.329693279619117448e+02 9.457666991244532972e-02 4.153601660224044700e-02 6.805634325734288836e-02
-6.319692974424708609e+02 9.399003491923588194e-02 4.247007635835200329e-02 6.823005563879394608e-02
-6.309692669230299771e+02 9.462542931052564388e-02 4.355980798946352400e-02 6.909261864999458047e-02
-6.299692364035890932e+02 9.524127728174588969e-02 4.399811796016478427e-02 6.961969762095533698e-02
-6.289692058841482094e+02 9.491380687606618127e-02 4.416337739067198453e-02 6.953859213336907596e-02
-6.279691753647073256e+02 9.493338238307039156e-02 4.463999957525368462e-02 6.978669097916204156e-02
-6.269691448452664417e+02 9.575701771962356890e-02 4.542798451390955838e-02 7.059250111676657058e-02
-6.259691143258255579e+02 9.668068302436010064e-02 4.618714027178353471e-02 7.143391164807182114e-02
-6.249690838063846741e+02 9.699838022000502324e-02 4.650811908747667922e-02 7.175324965374085817e-02
-6.239690532869437902e+02 9.682971478174577651e-02 4.680021171016487957e-02 7.181496324595532110e-02
-6.229690227675029064e+02 9.716708444084365404e-02 4.680021171016487957e-02 7.198364807550426681e-02
-6.219689922480620226e+02 9.779262805693958449e-02 4.748082362876950707e-02 7.263672584285454925e-02
-6.209689617286211387e+02 9.812018572342307010e-02 4.899894510377411638e-02 7.355956541359859324e-02
-6.199689312091802549e+02 9.839841194877867181e-02 4.944663358516479534e-02 7.392252276697172664e-02
-6.189689006897393710e+02 9.794162103174575140e-02 4.963135318780163840e-02 7.378648710977370184e-02
-6.179688701702984872e+02 9.812024389729231966e-02 5.090583292766163309e-02 7.451303841247697290e-02
-6.169688396508576034e+02 9.859679453858219422e-02 5.257947424507144335e-02 7.558813439182682226e-02
-6.159688091314167195e+02 9.904361833268270077e-02 5.304650887414569943e-02 7.604506360341420357e-02
-6.149687786119758357e+02 9.856707738703780752e-02 5.348438175113721937e-02 7.602572956908751345e-02
-6.139687480925349519e+02 9.858692437209864989e-02 5.317302849909990442e-02 7.587997643559928063e-02
-6.129687175730941817e+02 9.873583978174581277e-02 5.304656588636867676e-02 7.589120283405724476e-02
-6.119686870536531842e+02 9.873583978174581277e-02 5.382494426544314620e-02 7.628039202359447601e-02
-6.109686565342121867e+02 9.874579720903327307e-02 5.430173748669396561e-02 7.652376734786361934e-02
-6.099686260147714165e+02 9.940111615054270100e-02 5.505082108516480555e-02 7.722596861785374633e-02
-6.089685954953306464e+02 1.003342541003228588e-01 5.471014454641291713e-02 7.752219932336788799e-02
-6.079685649758896488e+02 1.003142907675236561e-01 5.428224880845270578e-02 7.729826978798817749e-02
-6.069685344564486513e+02 1.001654335317457567e-01 5.459360206048994441e-02 7.737951779611784708e-02
-6.059685039370078812e+02 9.997657206521035067e-02 5.490495531252701650e-02 7.744076368886868011e-02
-6.049684734175671110e+02 9.904351168058908583e-02 5.488533360576548087e-02 7.696442264317727988e-02
-6.039684428981261135e+02 9.922239632854737423e-02 5.457398035372833245e-02 7.689818834113784640e-02
-6.029684123786851160e+02 9.937121478174577860e-02 5.426262710169107994e-02 7.681692094171843621e-02
-6.019683818592443458e+02 9.937121478174577860e-02 5.443797769567570999e-02 7.690459623871073735e-02
-6.009683513398035757e+02 9.938126916548192802e-02 5.442813358516492700e-02 7.690470137532343098e-02
-5.999683208203625782e+02 9.953005853174586026e-02 5.458380546016489837e-02 7.705693199595538279e-02
-5.989682903009215806e+02 9.968890228174583090e-02 5.424284386029750576e-02 7.696587307102166486e-02
-5.979682597814808105e+02 9.937121478174577860e-02 5.333843046016481515e-02 7.635482262095530381e-02
-5.969682292620400403e+02 9.936112161543012022e-02 5.331864721877136587e-02 7.633988441710073958e-02
-5.959681987425990428e+02 9.956036711762744629e-02 5.270584183743089179e-02 7.613310447752916210e-02
-5.949681682231580453e+02 1.001654335317457567e-01 5.222890608562252845e-02 7.619716980868414258e-02
-5.939681377037172751e+02 1.003445217882463630e-01 5.175195132973996193e-02 7.604823655899316248e-02
-5.929681071842765050e+02 1.004628571339554743e-01 5.115902421016490370e-02 7.581094067206019249e-02
-5.919680766648355075e+02 1.000065897817457861e-01 5.116896334104751448e-02 7.558777656139664680e-02
-5.909680461453945099e+02 9.999643844156080874e-02 5.096355780348550690e-02 7.547999812252315088e-02
-5.899680156259537398e+02 9.987822913923527501e-02 5.006932108516488900e-02 7.497377511220007507e-02
-5.889679851065129697e+02 1.009901644761698053e-01 4.989371393617660772e-02 7.544193920617320304e-02
-5.879679545870719721e+02 1.015746664275065519e-01 4.911533555710224236e-02 7.534500099230440062e-02
-5.869679240676309746e+02 1.011083059089813163e-01 4.881395944409640947e-02 7.496113267653886636e-02
-5.859678935481902045e+02 1.007906087133365325e-01 4.885393451448178520e-02 7.482227161390915537e-02
-5.849678630287494343e+02 1.003140677676915837e-01 4.944663358516479534e-02 7.488035067642818954e-02
-5.839678325093084368e+02 1.003140580720466718e-01 4.928094656298483145e-02 7.479750231751575162e-02
-5.829678019898674393e+02 9.999636087640183246e-02 4.932103565781646021e-02 7.465869826710914980e-02
-5.819677714704266691e+02 1.000168283827346377e-01 5.006932108516489593e-02 7.504307473394976336e-02
-5.809677409509858990e+02 1.000270863750131467e-01 5.007936473845638059e-02 7.505322555673477058e-02
-5.799677104315449014e+02 1.004728630394671335e-01 5.038066483516483868e-02 7.542676393731598261e-02
-5.789676799121039039e+02 9.998605440589883320e-02 5.039072749253073469e-02 7.518839094921478394e-02
-5.779676493926631338e+02 9.969917966531420539e-02 5.088796909777699995e-02 7.529357438154560267e-02
-5.769676188732223636e+02 1.005139822693853352e-01 5.209305546016482213e-02 7.630351886477507173e-02
-5.759675883537813661e+02 1.008111053066039625e-01 5.177162054668738717e-02 7.629136292664567831e-02
-5.749675578343403686e+02 1.010978830907398318e-01 5.180191304119395601e-02 7.644989806596688697e-02
-5.739675273148995984e+02 1.006522809478936492e-01 5.225883750271662770e-02 7.645555922530514192e-02
-5.729674967954588283e+02 1.004624693081604958e-01 5.272586262975367810e-02 7.659416596895708695e-02
-5.719674662760178308e+02 1.004934565891834330e-01 5.287141483516477614e-02 7.668243571217410459e-02
-5.709674357565768332e+02 1.004934662848282478e-01 5.287141483516477614e-02 7.668244055999651199e-02
-5.699674052371360631e+02 1.009907171279278565e-01 5.303723488586515461e-02 7.701397600689650902e-02
-5.689673747176952929e+02 1.017538710317456851e-01 5.286125715742722581e-02 7.730756409458645895e-02
-5.679673441982542954e+02 1.014258091917286664e-01 5.336893199948909011e-02 7.739737059560887478e-02
-5.669673136788132979e+02 1.014465675674077610e-01 5.398147132378873503e-02 7.771401944559824804e-02
-5.659672831593725277e+02 1.015742398191320367e-01 5.474966351901395384e-02 7.816195166907299874e-02
-5.649672526399317576e+02 1.011393028856491794e-01 5.474967302105109707e-02 7.794448795335014168e-02
-5.639672221204907601e+02 1.017538710317456851e-01 5.521669814808820298e-02 7.848528458991693713e-02
-5.629671916010497625e+02 1.019439832364702758e-01 5.552805140012546936e-02 7.873601731829787953e-02
-5.619671610816089924e+02 1.028762097956321259e-01 5.549738832616919748e-02 7.918679906090066167e-02
-5.609671305621682222e+02 1.028344506531522207e-01 5.504058739112985266e-02 7.893751902214103666e-02
-5.599671000427272247e+02 1.018813590662174667e-01 5.438716080087620947e-02 7.813425993354683463e-02
-5.589670695232862272e+02 1.014466451325667373e-01 5.368053230449290614e-02 7.756358871852982173e-02
-5.579670390038454570e+02 1.015845559852798646e-01 5.426219951001833020e-02 7.792337774764909741e-02
-5.569670084844046869e+02 1.012878207738564657e-01 5.396111796016478390e-02 7.762446936701061784e-02
-5.559669779649636894e+02 1.014361835317457577e-01 5.430330532282734435e-02 7.786974442728655799e-02
-5.549669474455226919e+02 1.016160280485467332e-01 5.489514921016481336e-02 7.825558862935577675e-02
-5.539669169260819217e+02 1.022514224398365090e-01 5.506112129345996226e-02 7.865627186664823911e-02
-5.529668864066411516e+02 1.028762970564359724e-01 5.534154541450008596e-02 7.910892123546803267e-02
-5.519668558872001540e+02 1.033633674724159790e-01 5.476011575990390179e-02 7.906174161615994733e-02
-5.509668253677591565e+02 1.034695347838057028e-01 5.518583553135127800e-02 7.932768515757848693e-02
-5.499667948483183864e+02 1.028763261433706250e-01 5.473947733516484893e-02 7.880790173926774389e-02
-5.489667643288776162e+02 1.031940233390155198e-01 5.474982505364585361e-02 7.897192419633068672e-02
-5.479667338094366187e+02 1.031623282759166066e-01 5.489514921016481336e-02 7.902873874304071344e-02
-5.469667032899956212e+02 1.027175114803052097e-01 5.489514921016481336e-02 7.880633034523501501e-02
-5.459666727705548510e+02 1.030457963201545646e-01 5.489514921016481336e-02 7.897047276515968550e-02
-5.449666422511140809e+02 1.038400344614440751e-01 5.505082108516478473e-02 7.944542777330443339e-02
-5.439666117316730833e+02 1.041577413527339374e-01 5.504042585649787656e-02 7.959908360461590004e-02
-5.429665812122320858e+02 1.051108232440237933e-01 5.490555394086892721e-02 8.000818859244636372e-02
-5.419665506927913157e+02 1.054072772817458148e-01 5.521690719290599930e-02 8.031209223732591052e-02
-5.409665201733505455e+02 1.057462370266031293e-01 5.535174110038632717e-02 8.054898906349472476e-02
-5.399664896539095480e+02 1.062014960317456402e-01 5.490558244698041240e-02 8.055353923936302285e-02
-5.389664591344685505e+02 1.063603397817457219e-01 5.535172209631190887e-02 8.085603093902882232e-02
-5.379664286150277803e+02 1.060533174911090504e-01 5.520649296016474916e-02 8.062990522563689977e-02
-5.369663980955870102e+02 1.068475459367539404e-01 5.507174457101895321e-02 8.095964525388645028e-02
-5.359663675761460127e+02 1.066566580804395592e-01 5.568397983012916136e-02 8.117031895528435681e-02
-5.349663370567050151e+02 1.065405721243417592e-01 5.615100495716627421e-02 8.134578854075401322e-02
-5.339663065372642450e+02 1.071759665156315627e-01 5.631717658324202069e-02 8.174657154943679171e-02
-5.329662760178234748e+02 1.074615323441581588e-01 5.708505521124057625e-02 8.227329377769937446e-02
-5.319662454983824773e+02 1.075044161814436156e-01 5.723022733516477251e-02 8.236732175830419056e-02
-5.309662149789414798e+02 1.082771978606232172e-01 5.723022733516477251e-02 8.275371259789399137e-02
-5.299661844595007096e+02 1.085948950562681120e-01 5.721969907797744975e-02 8.290729706712278435e-02
-5.289661539400599395e+02 1.090929409422473767e-01 5.708509321938926712e-02 8.308901708081832538e-02
-5.279661234206189420e+02 1.095156904501214390e-01 5.723022733516477251e-02 8.337295889264310922e-02
-5.269660929011779444e+02 1.092518428661168328e-01 5.723022733516477251e-02 8.324103510064080613e-02
-5.259660623817371743e+02 1.100245275888476620e-01 5.739646547550075750e-02 8.371049653217421671e-02
-5.249660318622964041e+02 1.101617985289990442e-01 5.771839449491109053e-02 8.394009651195506738e-02
-5.239660013428554066e+02 1.102049926269206281e-01 5.850735814339592944e-02 8.435617538515827185e-02
-5.229659708234144091e+02 1.111364629257823311e-01 5.909828983516483142e-02 8.511737638047357779e-02
-5.219659403039736389e+02 1.111364726214271736e-01 5.910889410864953591e-02 8.512268336503835131e-02
-5.209659097845328688e+02 1.117935173877243060e-01 5.942024736068660801e-02 8.560688237420545355e-02
-5.199658792650918713e+02 1.127574487056302172e-01 5.972097733516470303e-02 8.623921302039745662e-02
-5.189658487456508738e+02 1.138259960317457159e-01 5.972097733516470303e-02 8.677348668345520599e-02
-5.179658182262101036e+02 1.138368551540065859e-01 5.987664921016477848e-02 8.685675218208568915e-02
-5.169657877067693335e+02 1.145048463033685876e-01 5.986599742649424682e-02 8.718542186493141721e-02
-5.159657571873283359e+02 1.154361905588471016e-01 5.958662803158022020e-02 8.751140929521365741e-02
-5.149657266678873384e+02 1.160606967409412438e-01 6.004299187290981082e-02 8.805184430692553077e-02
-5.139656961484465683e+02 1.163892918414264344e-01 6.051001699994684735e-02 8.844965442068664085e-02
-5.129656656290057981e+02 1.171835299827161531e-01 6.065500858516473248e-02 8.891926928394044971e-02
-5.119656351095648006e+02 1.176491633278757554e-01 6.099845021673407086e-02 8.932380677230492005e-02
-5.109656045901238031e+02 1.183064020070708627e-01 6.193250997284573817e-02 9.011945598995829698e-02
-5.099655740706830329e+02 1.194183373440053791e-01 6.268946125809554681e-02 9.105389930105045604e-02
-5.089655435512422628e+02 1.198620585317456411e-01 6.299008671016470551e-02 9.142607262095517329e-02
-5.079655130318012652e+02 1.198620585317456411e-01 6.265726835615452461e-02 9.125966344395008978e-02
-5.069654825123602677e+02 1.198620585317456411e-01 6.254456469324946866e-02 9.120331161249756180e-02
-5.059654519929194976e+02 1.202016969717444733e-01 6.333369937840316322e-02 9.176769817507382521e-02
-5.049654214734787274e+02 1.208370913630342491e-01 6.361277421016481304e-02 9.222493278659953109e-02
-5.039653909540377299e+02 1.216423243656131470e-01 6.361277421016481304e-02 9.262754928788898001e-02
-5.029653604345967324e+02 1.222557193386797914e-01 6.411214427173790587e-02 9.318393180520884167e-02
-5.019653299151559622e+02 1.225734165343246723e-01 6.452521683170851785e-02 9.354931668301659509e-02
-5.009652993957151921e+02 1.227432939281932062e-01 6.457921690896065159e-02 9.366125541857692194e-02
-4.999652688762741946e+02 1.233786883194831208e-01 6.502463440346727130e-02 9.420166136147520297e-02
-4.989652383568331970e+02 1.240140827107728272e-01 6.532516483516470629e-02 9.466962377296876674e-02
-4.979652078373924269e+02 1.242765244262705876e-01 6.532516483516470629e-02 9.480084463071764000e-02
-4.969651773179516567e+02 1.238552777433522128e-01 6.532516483516470629e-02 9.459022128925845263e-02
-4.959651467985106592e+02 1.243207559581938071e-01 6.516949296016473492e-02 9.474512445917926406e-02
-4.949651162790696617e+02 1.246495352759319497e-01 6.532516483516470629e-02 9.498735005554832800e-02
-4.939650857596288915e+02 1.254548652349593563e-01 6.583566178226690768e-02 9.564526350861313198e-02
-4.929650552401881214e+02 1.262269100451284265e-01 6.691452308285288086e-02 9.657071656399066062e-02
-4.919650247207471239e+02 1.265223848227179926e-01 6.751546041976459744e-02 9.701892262124128807e-02
-4.909649942013061263e+02 1.265446169364183027e-01 6.781591483516485885e-02 9.718026588579158076e-02
-4.899649636818653562e+02 1.268623141320630865e-01 6.783773151251332179e-02 9.735002282228820414e-02
-4.889649331624245860e+02 1.272134322155946684e-01 6.827201261945338440e-02 9.774272241752401946e-02
-4.879649026429835885e+02 1.284619210149599844e-01 6.864891092390769389e-02 9.855541596943384608e-02
-4.869648721235425910e+02 1.290861557189977027e-01 6.968397733516469572e-02 9.938506652708120614e-02
-4.859648416041018208e+02 1.292450091646426269e-01 6.986154190381062279e-02 9.955327553422663178e-02
-4.849648110846610507e+02 1.293703253746622261e-01 7.047329255902483325e-02 9.992180896684352276e-02
-4.839647805652200532e+02 1.289497186043056520e-01 7.079561116195924597e-02 9.987266488313245594e-02
-4.829647500457790557e+02 1.298916117214087285e-01 7.141831766603373710e-02 1.006549646937212328e-01
-4.819647195263382855e+02 1.303569541972221524e-01 7.186338358516469738e-02 1.011101688911934249e-01
-4.809646890068975154e+02 1.306746513928669362e-01 7.187437744217345381e-02 1.012745144175201950e-01
-4.799646584874565178e+02 1.310035761452779390e-01 7.233039921016480578e-02 1.016669876777213655e-01
-4.789646279680155203e+02 1.316277332841567782e-01 7.200804259908159810e-02 1.018178879416191951e-01
-4.779645974485747502e+02 1.317753397817456873e-01 7.206314491264598221e-02 1.019192423471958348e-01
-4.769645669291339800e+02 1.319454401754464046e-01 7.313082231547952949e-02 1.025381312454629601e-01
-4.759645364096929825e+02 1.320930272817456008e-01 7.373144608516475629e-02 1.029122366834551716e-01
-4.749645058902519850e+02 1.320817512467550303e-01 7.372039521593289069e-02 1.029010732313439536e-01
-4.739644753708112148e+02 1.315939245704748628e-01 7.359789495270277482e-02 1.025959097615888188e-01
-4.729644448513704447e+02 1.313326948105865144e-01 7.420953158347090572e-02 1.027711131970287101e-01
-4.719644143319294471e+02 1.324220199036708345e-01 7.417630295947806596e-02 1.032991614315744433e-01
-4.709643838124884496e+02 1.326035029844559454e-01 7.390929571492581285e-02 1.032563993496908861e-01
-4.699643532930476795e+02 1.333411282553157440e-01 7.435413358516483606e-02 1.038476309202402970e-01
-4.689643227736069093e+02 1.330574239906054113e-01 7.419846171016475367e-02 1.036279428503850825e-01
-4.679642922541659118e+02 1.332049335317456173e-01 7.434301620167278746e-02 1.037739748667091955e-01
-4.669642617347249143e+02 1.330347361815960583e-01 7.406504360622316596e-02 1.035498898939096191e-01
-4.659642312152841441e+02 1.332276601233344515e-01 7.465434094759838823e-02 1.039410005354664268e-01
-4.649642006958433740e+02 1.333296583074278230e-01 7.417616993095771383e-02 1.037529141191927684e-01
-4.639641701764023765e+02 1.325695585317457348e-01 7.372029069352403763e-02 1.031449246126348862e-01
-4.629641396569613789e+02 1.325581661490166374e-01 7.359810399752064747e-02 1.030781350732686424e-01
-4.619641091375206088e+02 1.322632731101195114e-01 7.403161543944962453e-02 1.031474442747845610e-01
-4.609640786180798386e+02 1.328872460317456483e-01 7.392066965342132534e-02 1.034039578425834938e-01
-4.599640480986388411e+02 1.327284022817456777e-01 7.465428393537534846e-02 1.036913431085605131e-01
-4.589640175791978436e+02 1.328986771970542269e-01 7.453221126381803785e-02 1.037154442304361324e-01
-4.579639870597570734e+02 1.328872460317456761e-01 7.497682108516469379e-02 1.039320335584551780e-01
-4.569639565403163033e+02 1.330460897817456467e-01 7.514371486606555295e-02 1.040949023239055998e-01
-4.559639260208753058e+02 1.328757857795025143e-01 7.513249296016466516e-02 1.040041393698335898e-01
-4.549638955014343082e+02 1.327628121254099958e-01 7.531064665511526257e-02 1.040367293902626222e-01
-4.539638649819935381e+02 1.336929444252785704e-01 7.623344649717710142e-02 1.049631954612278428e-01
-4.529638344625527679e+02 1.335341103709234700e-01 7.622219608516464517e-02 1.048781532280440576e-01
-4.519638039431117704e+02 1.338173104621002973e-01 7.622219608516464517e-02 1.050197532736324713e-01
-4.509637734236707729e+02 1.335341297622131829e-01 7.623347500328865600e-02 1.048838023827509125e-01
-4.499637429042300028e+02 1.336584279295207622e-01 7.654482825532572809e-02 1.051016280924232382e-01
-4.489637123847892326e+02 1.332049335317456451e-01 7.702315130456124925e-02 1.051140424181534472e-01
-4.479636818653482351e+02 1.332164713491478247e-01 7.746757108516462431e-02 1.053420212171562176e-01
-4.469636513459072376e+02 1.335226210317455864e-01 7.762324296016469283e-02 1.055729319959551327e-01
-4.459636208264664674e+02 1.333522200730536955e-01 7.764589581678436880e-02 1.054990579449190391e-01
-4.449635903070256973e+02 1.332165004360824079e-01 7.844694605655250230e-02 1.058317232463174551e-01
-4.439635597875846997e+02 1.335341976317272750e-01 7.933563358516468322e-02 1.064349156084459791e-01
-4.429635292681437022e+02 1.338171359404925209e-01 7.932427865074330453e-02 1.065707072956179058e-01
-4.419634987487029321e+02 1.331933375404742159e-01 7.935836245808172706e-02 1.062758499992779715e-01
-4.409634682292621619e+02 1.328872460317457038e-01 8.015948871414728394e-02 1.065233673729464869e-01
-4.399634377098211644e+02 1.328756306491845063e-01 8.105940765069755138e-02 1.069675191499410288e-01
-4.389634071903801669e+02 1.327284022817457054e-01 8.121508902773481864e-02 1.069717456547402690e-01
-4.379633766709393967e+02 1.325579237578947689e-01 8.167071171016464237e-02 1.071143177340297126e-01
-4.369633461514986266e+02 1.324223592512414338e-01 8.172777144338638777e-02 1.070750653473139108e-01
-4.359633156320576290e+02 1.328872460317456483e-01 8.307175858516457900e-02 1.079795023084551137e-01
-4.349632851126166315e+02 1.327400661425312822e-01 8.325029236160218227e-02 1.079951792520667253e-01
-4.339632545931758614e+02 1.330694368946064854e-01 8.419578306843240878e-02 1.086326099815194401e-01
-4.329632240737350912e+02 1.333637772817455602e-01 8.480704911975076032e-02 1.090854132007481603e-01
-4.319631935542940937e+02 1.333403913863051848e-01 8.541829616699490868e-02 1.093793437766500398e-01
-4.309631630348530962e+02 1.325461532450154245e-01 8.557397754403217593e-02 1.090600653945238002e-01
-4.299631325154123260e+02 1.320813149427356448e-01 8.569522353835549999e-02 1.088882692405455654e-01
-4.289631019959715559e+02 1.317870618164004581e-01 8.540683671016464917e-02 1.085969492632825606e-01
-4.279630714765305584e+02 1.322636027620452681e-01 8.511848789012248229e-02 1.086910453260838683e-01
-4.269630409570895608e+02 1.325812999576903295e-01 8.588535930218080261e-02 1.092333296299355661e-01
-4.259630104376487907e+02 1.327284022817457054e-01 8.601800774111134640e-02 1.093732050114285259e-01
-4.249629799182080205e+02 1.325577977145113440e-01 8.638697184452635847e-02 1.094723847795188443e-01
-4.239629493987670230e+02 1.323871737559872697e-01 8.746517750454757545e-02 1.099261756302674226e-01
-4.229629188793260255e+02 1.319459637402697616e-01 8.822047543532948732e-02 1.100832195877996245e-01
-4.219628883598852553e+02 1.324342945900835733e-01 8.835304785796263549e-02 1.103936712240231044e-01
-4.209628578404444852e+02 1.330696889813732520e-01 8.822049443940375990e-02 1.106450917103884990e-01
-4.199628273210034877e+02 1.333637772817455880e-01 8.819735697888833603e-02 1.107805671303169620e-01
-4.189627968015624901e+02 1.333401392995383627e-01 8.820893046016464734e-02 1.107745348798515050e-01
-4.179627662821217200e+02 1.328635886582487657e-01 8.824370791621664878e-02 1.105536482872327142e-01
-4.169627357626809498e+02 1.324225531641389231e-01 8.948911142232812699e-02 1.109558322932335250e-01
-4.159627052432399523e+02 1.330697859378220105e-01 8.990970959573973964e-02 1.114897477667808751e-01
-4.149626747237989548e+02 1.332049335317455618e-01 8.945430546016462647e-02 1.113296194959551011e-01
-4.139626442043581847e+02 1.332168010010734982e-01 8.962160782866394892e-02 1.114192044148687166e-01
-4.129626136849174145e+02 1.337052191116911981e-01 8.992132108516473488e-02 1.118132700984279665e-01
-4.119625831654764170e+02 1.341461091711278752e-01 8.977729870773835941e-02 1.119617039394331104e-01
-4.109625526460354195e+02 1.340229453942708704e-01 9.006533396055378671e-02 1.120441396774123355e-01
-4.099625221265946493e+02 1.341222772760231607e-01 9.024433333681271263e-02 1.121833053064179297e-01
-4.089624916071538792e+02 1.337172126244024206e-01 9.006531495647951413e-02 1.118912637904409674e-01
-4.079624610877128816e+02 1.343287654249427643e-01 8.994469609660951659e-02 1.121367307607761404e-01
-4.069624305682718841e+02 1.349880207982719904e-01 9.090214036620304638e-02 1.129450805822375115e-01
-4.059624000488311140e+02 1.357225434627715721e-01 9.214755337435157068e-02 1.139350484185615714e-01
-4.049623695293903438e+02 1.349522147817456275e-01 9.320214647199850933e-02 1.140771806268720684e-01
-4.039623390099493463e+02 1.352938311332989862e-01 9.352522523790683662e-02 1.144095281856029045e-01
-4.029623084905083488e+02 1.354167719103238909e-01 9.380138294425631462e-02 1.146090774272900958e-01
-4.019622779710675786e+02 1.352699022817455687e-01 9.365744608516464453e-02 1.144636741834550997e-01
-4.009622474516268085e+02 1.352459152563229572e-01 9.365744608516464453e-02 1.144516806707437939e-01
-3.999622169321858109e+02 1.353179151151704396e-01 9.369273665122396233e-02 1.145053258831972010e-01
-3.989621864127448134e+02 1.362469905897478184e-01 9.477069525827859497e-02 1.155088429240131997e-01
-3.979621558933040433e+02 1.366994960317454710e-01 9.519059978297630953e-02 1.159450479073608903e-01
-3.969621253738632731e+02 1.368583397817455527e-01 9.457968530703342314e-02 1.157190125443894879e-01
-3.959620948544222756e+02 1.366874540408097305e-01 9.444760699033308282e-02 1.155675305155714067e-01
-3.949620643349812781e+02 1.365406522817454726e-01 9.493825418178163111e-02 1.157394532317635449e-01
-3.939620338155405079e+02 1.367236187961964888e-01 9.551368805092190495e-02 1.161186534235592038e-01
-3.929620032960997378e+02 1.372001694374861969e-01 9.538166674644460441e-02 1.162909180919654006e-01
-3.919619727766587403e+02 1.378234830552606538e-01 9.570485953679899738e-02 1.167641712960298256e-01
-3.909619422572177427e+02 1.383242049392258699e-01 9.629201891981019334e-02 1.173081119295180386e-01
-3.899619117377769726e+02 1.390942524465505203e-01 9.618377171233909173e-02 1.176390120794447991e-01
-3.889618812183362024e+02 1.390700424212956976e-01 9.659147562130732112e-02 1.178307590213015094e-01
-3.879618506988952049e+02 1.391063913939349916e-01 9.614819608516458893e-02 1.176272937395497903e-01
-3.869618201794542074e+02 1.397175272817454961e-01 9.617197018217070459e-02 1.179447487319580934e-01
-3.859617896600134372e+02 1.394119787291300261e-01 9.659141860908421195e-02 1.180016986691071190e-01
-3.849617591405726671e+02 1.398763710317454945e-01 9.617200819031924974e-02 1.180241896110323652e-01
-3.839617286211316696e+02 1.400716897977681563e-01 9.693847101477917616e-02 1.185050804062736662e-01
-3.829616981016906720e+02 1.408172654974263471e-01 9.691463040351289138e-02 1.188659479504696193e-01
-3.819616675822499019e+02 1.405239237617095516e-01 9.711803101123125948e-02 1.188209773864704055e-01
-3.809616370628091317e+02 1.405117460317454603e-01 9.736968296371259490e-02 1.189407144977290276e-01
-3.799616065433681342e+02 1.410126715242529527e-01 9.708222733516461145e-02 1.190474494297087821e-01
-3.789615760239271367e+02 1.416480659155427702e-01 9.692655546016464008e-02 1.192873106878536982e-01
-3.779615455044863666e+02 1.421001835317454720e-01 9.742948878567737891e-02 1.197648361587114185e-01
-3.769615149850455964e+02 1.422834796981221062e-01 9.817193046016459146e-02 1.202277050791433488e-01
-3.759614844656045989e+02 1.427233226279123468e-01 9.784859513925274477e-02 1.202859588835825388e-01
-3.749614539461636014e+02 1.424056254322672299e-01 9.772891698106293823e-02 1.200672712066650771e-01
-3.739614234267228312e+02 1.425889700768684654e-01 9.833961291015082262e-02 1.204642914935096509e-01
-3.729613929072820611e+02 1.429311972540489029e-01 9.880663803718797711e-02 1.208689176456184400e-01
-3.719613623878410635e+02 1.438720141545709597e-01 9.913002086828581749e-02 1.215010175114283886e-01
-3.709613318684000660e+02 1.441528678996878421e-01 9.941730546016454284e-02 1.217850866799261855e-01
-3.699613013489592959e+02 1.436763269540428933e-01 9.972864921016447171e-02 1.217024880821036825e-01
-3.689612708295185257e+02 1.433586297583981095e-01 9.974070729533655866e-02 1.215496685268673271e-01
-3.679612403100775282e+02 1.434078739387221746e-01 9.972864921016447171e-02 1.215682615744433231e-01
-3.669612097906365307e+02 1.443486423610198521e-01 1.002318961029040056e-01 1.222902692319619289e-01
-3.659611792711957605e+02 1.449593710317454986e-01 1.008304389264481071e-01 1.228949049790968029e-01
-3.649611487517549904e+02 1.446293409758186155e-01 1.011175999918438179e-01 1.228734704838312097e-01
-3.639611182323139928e+02 1.444951920333172324e-01 1.008062467398064682e-01 1.226507193865618572e-01
-3.629610877128729953e+02 1.446540454789621288e-01 1.004948934877693267e-01 1.225744694833657278e-01
-3.619610571934322252e+02 1.449717426746071069e-01 1.001956648351645940e-01 1.225837037548858505e-01
-3.609610266739914550e+02 1.452894398702519185e-01 1.000278588586950290e-01 1.226586493644734738e-01
-3.599609961545504575e+02 1.456195281000480235e-01 9.988432108516444308e-02 1.227519245926062263e-01
-3.589609656351094600e+02 1.460464758221531878e-01 9.988432108516444308e-02 1.229653984536588085e-01
-3.579609351156686898e+02 1.455823356063045415e-01 9.970432399500242515e-02 1.226433298006534833e-01
-3.569609045962279197e+02 1.451182147817456081e-01 9.927380569478272410e-02 1.221960102382641661e-01
-3.559608740767869222e+02 1.449345113982840050e-01 9.990868430847529846e-02 1.224215978533796517e-01
-3.549608435573459246e+02 1.448254063064968733e-01 1.000399929601645393e-01 1.224326996333306994e-01
-3.539608130379051545e+02 1.452770585317456065e-01 1.005436104323537000e-01 1.229103344820496602e-01
-3.529607825184643843e+02 1.452895174354109364e-01 1.009740242101645619e-01 1.231317708227877561e-01
-3.519607519990233868e+02 1.461336202782968774e-01 1.011419157049686934e-01 1.236377679916327854e-01
-3.509607214795823893e+02 1.473420272817456411e-01 1.016211699538470681e-01 1.244815986177963546e-01
-3.499606909601416191e+02 1.471831835317456705e-01 1.019080554601644595e-01 1.245456194959550650e-01
-3.489606604407008490e+02 1.469618513505213386e-01 1.022316473360800476e-01 1.245967493433007001e-01
-3.479606299212598515e+02 1.457535897817455184e-01 1.023628134572118209e-01 1.240582016194786696e-01
-3.469605994018188539e+02 1.461088285143495868e-01 1.022316663401544728e-01 1.241702474272520229e-01
-3.459605688823780838e+02 1.466941255085660589e-01 1.022071225781374104e-01 1.244506240433517347e-01
-3.449605383629373137e+02 1.463889647817456230e-01 1.019203415942287055e-01 1.241546531879871573e-01
-3.439605078434963161e+02 1.463889647817456230e-01 1.023750710851645818e-01 1.243820179334551024e-01
-3.429604773240553186e+02 1.462301210317456523e-01 1.025676583745805115e-01 1.243988897031630819e-01
-3.419604468046145485e+02 1.458747368644685849e-01 1.038253765208676654e-01 1.248500566926681321e-01
-3.409604162851737783e+02 1.453022090345533479e-01 1.045544773351645695e-01 1.249283431848589587e-01
-3.399603857657327808e+02 1.460712772817455984e-01 1.045668109794146983e-01 1.253190441305801484e-01
-3.389603552462917833e+02 1.457409951390518932e-01 1.050338361064518111e-01 1.253874156227518522e-01
-3.379603247268510131e+02 1.454232979434071094e-01 1.052018701318133964e-01 1.253125840376102529e-01
-3.369602942074102430e+02 1.449341429637788781e-01 1.056318183098029356e-01 1.252829806367909138e-01
-3.359602636879692454e+02 1.448005272817456390e-01 1.053204650577656831e-01 1.250604961697556750e-01
-3.349602331685282479e+02 1.444702063564724248e-01 1.050214929601644698e-01 1.247458496583184473e-01
-3.339602026490874778e+02 1.443366391526636483e-01 1.055132898981108319e-01 1.249249645253872332e-01
-3.329601721296467076e+02 1.448131800983085138e-01 1.056193801431439400e-01 1.252162801207262199e-01
-3.319601416102057101e+02 1.451562023183690375e-01 1.051771648351644411e-01 1.251666835767667463e-01
-3.309601110907647126e+02 1.459377779474509418e-01 1.048161444348256061e-01 1.253769611911382809e-01
-3.299600805713239424e+02 1.463636009747506239e-01 1.042804195790301008e-01 1.253220102768903554e-01
-3.289600500518831723e+02 1.457535897817455739e-01 1.050214929601644698e-01 1.253875413709550357e-01
-3.279600195324421748e+02 1.460712772817456262e-01 1.050214929601644698e-01 1.255463851209550619e-01
-3.269599890130011772e+02 1.462428320221778044e-01 1.050339501308978907e-01 1.256383910765378475e-01
-3.259599584935604071e+02 1.462428417178227580e-01 1.051896315079350053e-01 1.257162366128788955e-01
-3.249599279741196369e+02 1.468527656500238920e-01 1.054760324103568986e-01 1.261643990301903884e-01
-3.239598974546786394e+02 1.458869533770121296e-01 1.050090072833195776e-01 1.254479803301658536e-01
-3.229598669352376419e+02 1.457663395547572904e-01 1.052021551929287618e-01 1.254842473738430331e-01
-3.219598364157968717e+02 1.459251930004021036e-01 1.056566851410837976e-01 1.257909390707429576e-01
-3.209598058963561016e+02 1.465733468603483969e-01 1.059680383931208697e-01 1.262706926267346264e-01
-3.199597753769151041e+02 1.468527171717992907e-01 1.059179531551837222e-01 1.263853351634915134e-01
-3.189597448574741065e+02 1.462301210317455968e-01 1.053704362712569037e-01 1.258002786515012572e-01
-3.179597143380333364e+02 1.467194505329816878e-01 1.064476252133003675e-01 1.265835378731410277e-01
-3.169596838185925662e+02 1.468654960317456182e-01 1.068895554601645009e-01 1.268775257459550665e-01
-3.159596532991515687e+02 1.468783136742713991e-01 1.063974164488799279e-01 1.266378650615756496e-01
-3.149596227797105712e+02 1.473676819580871100e-01 1.062794391553438800e-01 1.268235605567155089e-01
-3.139595922602698010e+02 1.480030763493766777e-01 1.066033731045976790e-01 1.273032247269871853e-01
-3.129595617408290309e+02 1.487973144906663825e-01 1.070326371359106854e-01 1.279149758132885339e-01
-3.119595312213880334e+02 1.487330517564297849e-01 1.067338835851645157e-01 1.277334676707971572e-01
-3.109595007019470359e+02 1.479645361609954191e-01 1.070956641484771404e-01 1.275301001547362867e-01
-3.099594701825062657e+02 1.480289055473257565e-01 1.079540211744338535e-01 1.279914633608797980e-01
-3.089594396630654956e+02 1.489046937576658514e-01 1.073565710851644012e-01 1.281306324214151193e-01
-3.079594091436244980e+02 1.484668287394304842e-01 1.072261746290437551e-01 1.278465016842371127e-01
-3.069593786241835005e+02 1.489433696850752942e-01 1.079792585851644809e-01 1.284613141351198806e-01
-3.059593481047427304e+02 1.492352376827709992e-01 1.079792585851644809e-01 1.286072481339677331e-01
-3.049593175853019602e+02 1.485740043978875380e-01 1.081349304601644523e-01 1.283544674290260090e-01
-3.039592870658609627e+02 1.480032702622741669e-01 1.081349304601644523e-01 1.280691003612193235e-01
-3.029592565464199652e+02 1.488233957753824777e-01 1.080046290244155993e-01 1.284140123998990246e-01
-3.019592260269791950e+02 1.495269796370834736e-01 1.084208847668390041e-01 1.289739322019612389e-01
-3.009591955075384249e+02 1.487586579545467913e-01 1.080046670325641445e-01 1.283816624935554818e-01
-2.999591649880974273e+02 1.486257500545895005e-01 1.087830454116385237e-01 1.287043977331140121e-01
-2.989591344686564298e+02 1.487846035002343970e-01 1.090689617101645026e-01 1.289267826051994636e-01
-2.979591039492156597e+02 1.492741366100126532e-01 1.092373663149758534e-01 1.292557514624942394e-01
-2.969590734297748895e+02 1.493809923121888761e-01 1.093548209964673862e-01 1.293679066543281242e-01
-2.959590429103338920e+02 1.489304647817456251e-01 1.087448662262787136e-01 1.288376655040121554e-01
-2.949590123908928945e+02 1.492481522817455664e-01 1.087576179601644488e-01 1.290028851209550076e-01
-2.939589818714521243e+02 1.492611832284586326e-01 1.087576179601644488e-01 1.290094005943115407e-01
-2.929589513520113542e+02 1.490632272470298059e-01 1.083033825751616441e-01 1.286833049110957250e-01
-2.919589208325703567e+02 1.487977217077512682e-01 1.090945411942333548e-01 1.289461314509923184e-01
-2.909588903131293591e+02 1.494331160990409468e-01 1.095615758233076803e-01 1.294973459611743205e-01
-2.899588597936885890e+02 1.500423710317456139e-01 1.103271454562732568e-01 1.301847582440094353e-01
-2.889588292742478188e+02 1.496985246818707815e-01 1.104443720888726443e-01 1.300714483853717129e-01
-2.879587987548068213e+02 1.496051071434925661e-01 1.101843203355306611e-01 1.298947137395116136e-01
-2.869587682353658238e+02 1.502143135979728816e-01 1.104700085851644670e-01 1.303421610915686812e-01
-2.859587377159250536e+02 1.505057937698736359e-01 1.104828553394219259e-01 1.304943245546477670e-01
-2.849587071964842835e+02 1.505189022817457201e-01 1.106256804601644383e-01 1.305722913709550792e-01
-2.839586766770432860e+02 1.501880868785838707e-01 1.107684865768325949e-01 1.304782867277082259e-01
-2.829586461576022884e+02 1.503863337293592228e-01 1.106256804601644383e-01 1.305060070947618445e-01
-2.819586156381615183e+02 1.506777460317458017e-01 1.104571238227583241e-01 1.305674349272520629e-01
-2.809585851187207481e+02 1.505057452916493121e-01 1.105215856429376114e-01 1.305136654672934549e-01
-2.799585545992797506e+02 1.507172460889696086e-01 1.114169436016450021e-01 1.310670948453073192e-01
-2.789585240798387531e+02 1.511542772817456859e-01 1.118839687286821150e-01 1.315191230052139004e-01
-2.779584935603979829e+02 1.516571806858078297e-01 1.123768393968289370e-01 1.320170100413183834e-01
-2.769584630409572128e+02 1.519353002590698443e-01 1.131422950053484200e-01 1.325387976322091321e-01
-2.759584325215162153e+02 1.518028577500664944e-01 1.132591605605352408e-01 1.325310091553008607e-01
-2.749584020020752178e+02 1.521337701096771577e-01 1.132721023351645345e-01 1.327029362224208531e-01
-2.739583714826344476e+02 1.527294899221351143e-01 1.132850631138680730e-01 1.330072765180015937e-01
-2.729583409631936775e+02 1.522926526422564708e-01 1.139466709581270776e-01 1.331196618001917742e-01
-2.719583104437526799e+02 1.527162262799450221e-01 1.148158413023865759e-01 1.337660337911658059e-01
-2.709582799243116824e+02 1.524250272817456453e-01 1.146991277797946435e-01 1.335620775307701513e-01
-2.699582494048709123e+02 1.524382909239356820e-01 1.153088354970165652e-01 1.338735632104761097e-01
-2.689582188854301421e+02 1.526104177074154300e-01 1.152828284212750048e-01 1.339466230643452105e-01
-2.679581883659891446e+02 1.528882754982658077e-01 1.153348900829440499e-01 1.341115827906049218e-01
-2.669581578465481471e+02 1.532724169482446441e-01 1.160741960851643939e-01 1.346733065167045051e-01
-2.659581273271073769e+02 1.543577571312848284e-01 1.164116134251662604e-01 1.353846852782255583e-01
-2.649580968076666068e+02 1.547943714113311775e-01 1.168786480542405443e-01 1.358365097327858539e-01
-2.639580662882256092e+02 1.543178304656863675e-01 1.175274661564653378e-01 1.359226483110758665e-01
-2.629580357687846117e+02 1.543578153051541613e-01 1.184092742101643531e-01 1.363835447576592641e-01
-2.619580052493438416e+02 1.549932096964438677e-01 1.185649460851643244e-01 1.367790778908040961e-01
-2.609579747299030714e+02 1.554430585317456981e-01 1.183961899049776195e-01 1.369196242183616519e-01
-2.599579442104620739e+02 1.552842147817457275e-01 1.180848366529404780e-01 1.366845257173431027e-01
-2.589579136910210764e+02 1.556286428703131386e-01 1.181503436972090454e-01 1.368894932837610989e-01
-2.579578831715803062e+02 1.558928298018884273e-01 1.193695310827609934e-01 1.376311804423246965e-01
-2.569578526521395361e+02 1.557875254028924517e-01 1.198103210851643036e-01 1.377989232440283707e-01
-2.559578221326985386e+02 1.562506766629639665e-01 1.200053884062823040e-01 1.381280325346231352e-01
-2.549577916132575410e+02 1.569262885891986314e-01 1.207706349699840392e-01 1.388484617795913423e-01
-2.539577610938167709e+02 1.578257147817457018e-01 1.215358625296113770e-01 1.396807886556785394e-01
-2.529577305743760007e+02 1.578257147817457018e-01 1.216783835851643625e-01 1.397520491834550183e-01
-2.519577000549350032e+02 1.578660292731391968e-01 1.218603951072070035e-01 1.398632121901731140e-01
-2.509576695354940057e+02 1.591233605006311391e-01 1.224962809368400352e-01 1.408098207187356010e-01
-2.499576390160532355e+02 1.590695496715704704e-01 1.233907742101643668e-01 1.412301619408674047e-01
-2.489576084966124654e+02 1.584341552802808195e-01 1.232219040055314851e-01 1.408280296429061385e-01
-2.479575779771714679e+02 1.581973100672549593e-01 1.229501742485044069e-01 1.405737421578796831e-01
-2.469575474577304703e+02 1.594141522817455747e-01 1.237417699612860938e-01 1.415779611215158273e-01
-2.459575169382897002e+02 1.590964647817456334e-01 1.246493760459088385e-01 1.418729204138272360e-01
-2.449574864188489300e+02 1.591099708150575665e-01 1.244540046596013805e-01 1.417819877373294735e-01
-2.439574558994079325e+02 1.597723869686161480e-01 1.240267075499831007e-01 1.418995472592996243e-01
-2.429574253799669350e+02 1.603672147817456206e-01 1.245069880188763300e-01 1.424371014003109615e-01
-2.419573948605261648e+02 1.605395936519921907e-01 1.252588367101643285e-01 1.428992151810782596e-01
-2.409573643410853947e+02 1.605396033476371165e-01 1.252853854020247182e-01 1.429124943748309173e-01
-2.399573338216443972e+02 1.611478790202093003e-01 1.260770476290666298e-01 1.436124633246379512e-01
-2.389573033022033997e+02 1.608708744461082585e-01 1.268554355101783326e-01 1.438631549781432817e-01
-2.379572727827626295e+02 1.616786864902238496e-01 1.274249401081226363e-01 1.445518132991732430e-01
-2.369572422633218594e+02 1.625774436832746750e-01 1.272692587310855494e-01 1.449233512071801122e-01
-2.359572117438808618e+02 1.621009027376298650e-01 1.271668647785127171e-01 1.446338837580712910e-01
-2.349571812244398643e+02 1.619556522817456323e-01 1.282565964096243627e-01 1.451061243456849836e-01
-2.339571507049990942e+02 1.617968085317455229e-01 1.290083025703549491e-01 1.454025555510502499e-01
-2.329571201855583240e+02 1.617559413885942265e-01 1.291639839473920359e-01 1.454599626679931312e-01
-2.319570896661173265e+02 1.606576381283549571e-01 1.294753371994292190e-01 1.450664876638920742e-01
-2.309570591466763290e+02 1.603808565540858488e-01 1.299691010590704188e-01 1.451749788065781477e-01
-2.299570286272355588e+02 1.606985537497307714e-01 1.305249227234861475e-01 1.456117382366084456e-01
-2.289569981077947887e+02 1.611887558590055503e-01 1.299557697009169621e-01 1.455722627799612701e-01
-2.279569675883537911e+02 1.616516356410204192e-01 1.308764220825777980e-01 1.462640288617991224e-01
-2.269569370689127936e+02 1.619693328366654250e-01 1.310321034596149958e-01 1.465007181481401966e-01
-2.259569065494720235e+02 1.619419620311810248e-01 1.313300398351644749e-01 1.466360009331727499e-01
-2.249568760300312533e+02 1.621418959241644753e-01 1.313300398351644749e-01 1.467359678796644751e-01
-2.239568455105902558e+02 1.624321835317455998e-01 1.315125834712887742e-01 1.469723835015172009e-01
-2.229568149911492583e+02 1.620870573567470274e-01 1.322909618503631257e-01 1.471890096035550766e-01
-2.219567844717084881e+02 1.617968085317455229e-01 1.324062880755279559e-01 1.471015483036367533e-01
-2.209567539522677180e+02 1.614653823029566504e-01 1.322640710851644974e-01 1.468647266940605878e-01
-2.199567234328267205e+02 1.611476851073118111e-01 1.322640710851644974e-01 1.467058780962381404e-01
-2.189566929133857229e+02 1.610163479018244803e-01 1.326158650074086287e-01 1.468161064546165684e-01
-2.179566623939449528e+02 1.616792682289164007e-01 1.333807599957347878e-01 1.475300141123255804e-01
-2.169566318745041826e+02 1.626323598158509742e-01 1.339899641049867030e-01 1.483111619604188247e-01
-2.159566013550631851e+02 1.633990332387590394e-01 1.339764617101643629e-01 1.486877474744617011e-01
-2.149565708356221876e+02 1.635578866844039359e-01 1.341186121862675829e-01 1.488382494353357455e-01
-2.139565403161814174e+02 1.636615137368362949e-01 1.336515870592305255e-01 1.486565503980334102e-01
-2.129565097967406473e+02 1.630813748256937090e-01 1.333673146131353904e-01 1.482243447194145358e-01
-2.119564792772996498e+02 1.631849243129671057e-01 1.339764617101643629e-01 1.485806930115657343e-01
-2.109564487578586522e+02 1.626048629669833712e-01 1.339900211172098121e-01 1.482974420420966055e-01
-2.099564182384178821e+02 1.629225601626282660e-01 1.341321335851643481e-01 1.485273468738962932e-01
-2.089563877189771119e+02 1.632402573582731609e-01 1.343013838712841523e-01 1.487708206147786427e-01
-2.079563571995361144e+02 1.640760801204351471e-01 1.344434773351644852e-01 1.492597787277998300e-01
-2.069563266800951169e+02 1.646559960317456328e-01 1.344434773351644852e-01 1.495497366834550590e-01
-2.059562961606543467e+02 1.646698801952077573e-01 1.346399699618582579e-01 1.496549250785330076e-01
-2.049562656412135766e+02 1.649458958135316400e-01 1.352218367101643837e-01 1.500838662618479979e-01
-2.039562351217725791e+02 1.644971522817456622e-01 1.355468063814700419e-01 1.500219793316078520e-01
-2.029562046023315816e+02 1.641377250305552371e-01 1.356888523351644782e-01 1.499132886828598576e-01
-2.019561740828908114e+02 1.632124793357040693e-01 1.358854589863043583e-01 1.495489691610042138e-01
-2.009561435634500413e+02 1.629087147817456505e-01 1.362705765529131918e-01 1.495896456673294073e-01
-1.999561130440090437e+02 1.630675585317457599e-01 1.353638446557101360e-01 1.492157015937279341e-01
-1.989560825245680462e+02 1.636138499466270879e-01 1.355605273231474672e-01 1.495871886348872914e-01
-1.979560520051272761e+02 1.646280725745033757e-01 1.361558679601643784e-01 1.503919702673338632e-01
-1.969560214856865059e+02 1.638338344332136154e-01 1.358308317745986482e-01 1.498323331039061457e-01
-1.959559909662455084e+02 1.632124211618348197e-01 1.358719280853704359e-01 1.495421746236026417e-01
-1.949559604468045109e+02 1.633992368473014267e-01 1.363115398351643637e-01 1.498553883412329091e-01
-1.939559299273637407e+02 1.635720908041468635e-01 1.363389817185190478e-01 1.499555362613329557e-01
-1.929558994079229706e+02 1.636889233249001208e-01 1.370761687664499850e-01 1.503825460456750529e-01
-1.919558688884819730e+02 1.637029335317455869e-01 1.364259918729094079e-01 1.500644627023274835e-01
-1.909558383690409755e+02 1.635300601836103263e-01 1.356888523351645059e-01 1.496094562593874300e-01
-1.899558078496002054e+02 1.633852460317456456e-01 1.356750933853384800e-01 1.495301697085420489e-01
-1.889557773301594352e+02 1.637169825211705620e-01 1.353912770370275243e-01 1.495541297790990432e-01
-1.879557468107184377e+02 1.640627970869553143e-01 1.358583021640648592e-01 1.499605496255100867e-01
-1.869557162912774402e+02 1.648148397817455757e-01 1.361696554161020145e-01 1.504922475989237951e-01
-1.859556857718366700e+02 1.646559960317456051e-01 1.363115398351643914e-01 1.504837679334549982e-01
-1.849556552523958999e+02 1.648148397817455757e-01 1.362977333751525244e-01 1.505562865784490501e-01
-1.839556247329549024e+02 1.646418985640961952e-01 1.361696839222134858e-01 1.504057912431548405e-01
-1.829555942135139048e+02 1.644971522817456344e-01 1.364810371742507800e-01 1.504890947279982072e-01
-1.819555636940731347e+02 1.643383085317456360e-01 1.362977048690411086e-01 1.503180067003933584e-01
-1.809555331746323645e+02 1.644971522817456344e-01 1.363115398351644192e-01 1.504043460584550407e-01
-1.799555026551913670e+02 1.645254247822034166e-01 1.361143060495711710e-01 1.503198654158872938e-01
-1.789554721357503695e+02 1.649736835317455463e-01 1.351802462934595384e-01 1.500769649126025285e-01
-1.779554416163095993e+02 1.649736835317455463e-01 1.346268951587087093e-01 1.498002893452271278e-01
-1.769554110968688292e+02 1.648148397817455757e-01 1.350939297877829237e-01 1.499543847847642497e-01
-1.759553805774278317e+02 1.648290148145539757e-01 1.353497246284715572e-01 1.500893697215127665e-01
-1.749553500579868341e+02 1.654643995101988674e-01 1.352496396709317317e-01 1.503570195905652995e-01
-1.739553195385460640e+02 1.652629821835492896e-01 1.355053584953228585e-01 1.503841703394360740e-01
-1.729552890191052938e+02 1.651609355212314834e-01 1.350800853196223728e-01 1.501205104204269281e-01
-1.719552584996642963e+02 1.656232723471335044e-01 1.352079067236692522e-01 1.504155895354013783e-01
-1.709552279802232988e+02 1.657536787707127868e-01 1.347130026195674513e-01 1.502333406951401051e-01
-1.699551974607825287e+02 1.654502147817455138e-01 1.343157034413034467e-01 1.498829591115244941e-01
-1.689551669413417585e+02 1.656090585317455954e-01 1.347687795777711139e-01 1.501889190547583408e-01
-1.679551364219007610e+02 1.654502147817455138e-01 1.352497726994520699e-01 1.503499937405987918e-01
-1.669551059024597635e+02 1.657964268689701981e-01 1.358445242101644634e-01 1.508204755395673446e-01
-1.659550753830189933e+02 1.664175492710027460e-01 1.356748653364462931e-01 1.510462073037245334e-01
-1.649550448635782232e+02 1.663747139119415852e-01 1.351798472078984126e-01 1.507772805599200128e-01
-1.639550143441372256e+02 1.657393195206517678e-01 1.344294713323719581e-01 1.500843954265118629e-01
-1.629549838246962281e+02 1.654502147817455415e-01 1.339904772149941303e-01 1.497203459983698359e-01
-1.619549533052554580e+02 1.654788363254188488e-01 1.346271992238982362e-01 1.500530177746585425e-01
-1.609549227858146878e+02 1.660855897817455074e-01 1.354055776029724767e-01 1.507455836923589920e-01
-1.599548922663736903e+02 1.660999199448719155e-01 1.356748083242232950e-01 1.508873641345476191e-01
-1.589548617469326928e+02 1.663889374229742257e-01 1.355191269471860138e-01 1.509540321850801337e-01
-1.579548312274919226e+02 1.659267460317455645e-01 1.350521018201488732e-01 1.504894239259472188e-01
-1.569548007080511525e+02 1.662444335317455890e-01 1.345991492101644982e-01 1.504217913709550436e-01
-1.559547701886101549e+02 1.659267460317455645e-01 1.349386569983442585e-01 1.504327015150448976e-01
-1.549547396691691574e+02 1.659555033144471947e-01 1.350097987506559127e-01 1.504826510325515398e-01
-1.539547091497283873e+02 1.665765093687412990e-01 1.341462346083286128e-01 1.503613719885349420e-01
-1.529546786302876171e+02 1.667065667491051117e-01 1.344434773351645129e-01 1.505750220421347985e-01
-1.519546481108466196e+02 1.665621210317456413e-01 1.346415092918802625e-01 1.506018151618129519e-01
-1.509546175914056221e+02 1.667497996296062601e-01 1.353916381144401049e-01 1.510707188720231686e-01
-1.499545870719648519e+02 1.670386522817455255e-01 1.355049023975384848e-01 1.512717773396420051e-01
-1.489545565525240818e+02 1.672263696621855145e-01 1.348821958934642296e-01 1.510542827778248720e-01
-1.479545260330830843e+02 1.678328710317456007e-01 1.344576353705517757e-01 1.511452532011486882e-01
-1.469544955136420867e+02 1.678617834447652668e-01 1.349104929601643854e-01 1.513861382024648261e-01
-1.459544649942013166e+02 1.684537801295908077e-01 1.347548210851644002e-01 1.516043006073776178e-01
-1.449544344747605464e+02 1.683383534773445489e-01 1.345991492101644149e-01 1.514687513437544819e-01
-1.439544039553195489e+02 1.687424776514124258e-01 1.345849531666284404e-01 1.516637154090204331e-01
-1.429543734358785514e+02 1.676595322926562048e-01 1.344718884263108316e-01 1.510657103594835182e-01
-1.419543429164377812e+02 1.675151835317454929e-01 1.352502668053849610e-01 1.513827251685652131e-01
-1.409543123969970111e+02 1.674861547709874665e-01 1.358587487598118815e-01 1.516724517653996740e-01
-1.399542818775560136e+02 1.672410682598172993e-01 1.360144301368490238e-01 1.516277491983331616e-01
-1.389542513581150160e+02 1.683384698250833256e-01 1.359717089777206234e-01 1.521550894014019883e-01
-1.379542208386742459e+02 1.689738642163728655e-01 1.355474335159233823e-01 1.522606488661481239e-01
-1.369541903192334757e+02 1.692770179447040668e-01 1.361701305179604804e-01 1.527235742313322597e-01
-1.359541597997924782e+02 1.694213085317455292e-01 1.361415959003309806e-01 1.527814522160382549e-01
-1.349541292803514807e+02 1.690453308147522316e-01 1.360001960851643654e-01 1.525227634499582985e-01
-1.339540987609107106e+02 1.683094022817454849e-01 1.358445242101644079e-01 1.520769632459549325e-01
-1.329540682414699404e+02 1.683385861728215194e-01 1.363401409670541298e-01 1.523393635699378246e-01
-1.319540377220289429e+02 1.688005351729285342e-01 1.367928655281464845e-01 1.527967003505374954e-01
-1.309540072025879454e+02 1.685978671080898272e-01 1.371042187801836398e-01 1.528510429441367335e-01
-1.299539766831471752e+02 1.688444176616362424e-01 1.374442301763335039e-01 1.531443239189848593e-01
-1.289539461637064051e+02 1.699563626942156014e-01 1.383352742101643662e-01 1.541458184521899977e-01
-1.279539156442654075e+02 1.709951056079831722e-01 1.383352742101643662e-01 1.546651899090737692e-01
-1.269538851248244100e+02 1.705039145429308178e-01 1.381652447569964304e-01 1.543345796499636102e-01
-1.259538546053836399e+02 1.700566835317456060e-01 1.377125867101643697e-01 1.538846351209549879e-01
-1.249538240859428697e+02 1.701006920638366837e-01 1.378682585851644937e-01 1.539844753245006026e-01
-1.239537935665018722e+02 1.710391044444294906e-01 1.376982006258849478e-01 1.543686525351572192e-01
-1.229537630470608747e+02 1.716451210317455067e-01 1.377269822964810320e-01 1.546860516641132555e-01
-1.219537325276201045e+02 1.718627591722722281e-01 1.378538534968107021e-01 1.548583063345414512e-01
-1.209537020081793344e+02 1.731041313682984972e-01 1.377125867101643697e-01 1.554083590392314473e-01
-1.199536714887383368e+02 1.735659640206670129e-01 1.377414348950206369e-01 1.556536994578438249e-01
-1.189536409692973393e+02 1.740130495971791147e-01 1.381940359296297272e-01 1.561035427634044348e-01
-1.179536104498565692e+02 1.739131456723790881e-01 1.384909460851643237e-01 1.562020458787717059e-01
-1.169535799304157990e+02 1.746484052058895065e-01 1.383352742101643662e-01 1.564918397080269363e-01
-1.159535494109748015e+02 1.739982637387435249e-01 1.384909460851643237e-01 1.562446049119539104e-01
-1.149535188915338040e+02 1.739132329331830040e-01 1.388312330403924377e-01 1.563722329867877070e-01
-1.139534883720930338e+02 1.748367721945361941e-01 1.389289995008620160e-01 1.568828858476991051e-01
-1.129534578526522637e+02 1.749660539233099110e-01 1.388312710485409829e-01 1.568986624859254331e-01
-1.119534273332112662e+02 1.748663826939868271e-01 1.392983056776153916e-01 1.570823441858011094e-01
-1.109533968137702686e+02 1.754425657820200268e-01 1.398919929601643852e-01 1.576672793710922060e-01
-1.099533662943294985e+02 1.754870009224858696e-01 1.400767030607640573e-01 1.577818519916249773e-01
-1.089533357748887283e+02 1.759635515637755498e-01 1.402033367101643835e-01 1.580834441369699528e-01
-1.079533052554477308e+02 1.766137802917253086e-01 1.403444704682901834e-01 1.584791253800077460e-01
-1.069532747360067333e+02 1.770309644994405851e-01 1.400476648351643982e-01 1.585393146673024778e-01
-1.059532442165659631e+02 1.774229109435442042e-01 1.398774358392157746e-01 1.586501733913799894e-01
-1.049532136971251930e+02 1.783314219553399360e-01 1.397508877081499179e-01 1.590411548317449131e-01
-1.039531831776841955e+02 1.786491191509848031e-01 1.404027369602329767e-01 1.595259280556088899e-01
-1.029531526582431979e+02 1.788079725966297828e-01 1.413076254622243622e-01 1.600577990294270725e-01
-1.019531221388024278e+02 1.794284647817454004e-01 1.412638495769699132e-01 1.603461571793576568e-01
-1.009530916193616576e+02 1.791256794879194925e-01 1.406703523351642837e-01 1.598980159115419020e-01
-9.995306109992066013e+01 1.795873085317453433e-01 1.406849664683358647e-01 1.601361375000406040e-01
-9.895303058047966260e+01 1.799497608241369950e-01 1.409670724499554328e-01 1.604584166370462139e-01
-9.795300006103889245e+01 1.805403710317453891e-01 1.406849854724102067e-01 1.606126782520778118e-01
-9.695296954159812231e+01 1.805553120204989315e-01 1.411520105994473750e-01 1.608536613099731394e-01
-9.595293902215712478e+01 1.813943925193391704e-01 1.411227158188440300e-01 1.612585541690916002e-01
-9.495290850271612726e+01 1.823175730418320761e-01 1.409670344418067489e-01 1.616423037418194264e-01
-9.395287798327535711e+01 1.827342433803689214e-01 1.405000093147696916e-01 1.616171263475693065e-01
-9.295284746383458696e+01 1.819699647817452637e-01 1.401886560627326195e-01 1.610793104222389416e-01
-9.195281694439358944e+01 1.824614854987232637e-01 1.405587509085711728e-01 1.615101182036472183e-01
-9.095278642495259191e+01 1.824464960317454254e-01 1.408113245586581352e-01 1.616289102952017664e-01
-8.995275590551182177e+01 1.826053397817453960e-01 1.406850614887076301e-01 1.616452006352265269e-01
-8.895272538607105162e+01 1.824464960317454254e-01 1.406261963684229954e-01 1.615363462000842243e-01
-8.795269486663005409e+01 1.829831402799751705e-01 1.400476648351643982e-01 1.615154025575697982e-01
-8.695266434718905657e+01 1.833544446961382079e-01 1.399067306198191751e-01 1.616305876579786915e-01
-8.595263382774828642e+01 1.826203874225926227e-01 1.403590085851643410e-01 1.614896980038784680e-01
-8.495260330830751627e+01 1.829079699452532681e-01 1.400329081714351553e-01 1.614704390583442117e-01
-8.395257278886651875e+01 1.826204068138823633e-01 1.402033367101643280e-01 1.614118717620233456e-01
-8.295254226942552123e+01 1.830969477595271455e-01 1.398772172923607449e-01 1.614870825259439591e-01
-8.195251174998475108e+01 1.832407147817452508e-01 1.395658640403235617e-01 1.614032894110344063e-01
-8.095248123054398093e+01 1.833995585317452215e-01 1.394249773351642907e-01 1.614122679334547561e-01
-7.995245071110298340e+01 1.830667652170288318e-01 1.397511252590793451e-01 1.614089452380541023e-01
-7.895242019166198588e+01 1.829230272817453373e-01 1.391656097284985349e-01 1.610443185051219361e-01
-7.795238967222121573e+01 1.825297137517141732e-01 1.374160661381536308e-01 1.599728899449339159e-01
-7.695235915278044558e+01 1.814934335317453795e-01 1.382241003752438246e-01 1.598587669534946021e-01
-7.595232863333944806e+01 1.815085781290413369e-01 1.388022898351641832e-01 1.601554339821027462e-01
-7.495229811389845054e+01 1.817959667388044376e-01 1.386169145919623757e-01 1.602064406653834205e-01
-7.395226759445768039e+01 1.818262850203310188e-01 1.380090692740262859e-01 1.599176771471786385e-01
-7.295223707501691024e+01 1.816067562290536452e-01 1.378533878969891435e-01 1.597300720630213944e-01
-7.195220655557591272e+01 1.810320856616207397e-01 1.375569148351641624e-01 1.592945002483924510e-01
-7.095217603613491519e+01 1.811757460317452162e-01 1.373714635756649594e-01 1.592736048037050878e-01
-6.995214551669414504e+01 1.811757460317452162e-01 1.367487570715908152e-01 1.589622515516680157e-01
-6.895211499725337490e+01 1.807972086645049936e-01 1.366527009778120416e-01 1.587249548211585037e-01
-6.795208447781237737e+01 1.798745517068353061e-01 1.369193091368031967e-01 1.583969304218192375e-01
-6.695205395837137985e+01 1.794436966398451905e-01 1.369491550355626253e-01 1.581964258377039079e-01
-6.595202343893060970e+01 1.794132232280005734e-01 1.367486810552934473e-01 1.580809521416470242e-01
-6.495199291948983955e+01 1.794437160311348478e-01 1.363115398351641694e-01 1.578776279331495225e-01
-6.395196240004884203e+01 1.794132038367108328e-01 1.362965836286543775e-01 1.578548937326826052e-01
-6.295193188060784450e+01 1.790802360003865557e-01 1.358145927930702601e-01 1.574474143967284079e-01
-6.195190136116707436e+01 1.787930897817453235e-01 1.355481556707483770e-01 1.571706227262468503e-01
-6.095187084172630421e+01 1.788542499096216487e-01 1.356738676225430207e-01 1.572640587660823486e-01
-5.995184032228530668e+01 1.795720088041312945e-01 1.355481746748227190e-01 1.575600917394769929e-01
-5.895180980284430916e+01 1.792083833387097536e-01 1.356888523351643117e-01 1.574486178369370326e-01
-5.795177928340353901e+01 1.779835519128415144e-01 1.358595374288970870e-01 1.569215446708693007e-01
-5.695174876396276886e+01 1.778246984671966735e-01 1.358144787686243193e-01 1.568195886179105103e-01
-5.595171824452177134e+01 1.777118605521321726e-01 1.353925408079713344e-01 1.565522006800517674e-01
-5.495168772508077382e+01 1.781270183700685295e-01 1.357038940600086563e-01 1.569154562150386067e-01
-5.395165720564000367e+01 1.776811835317451960e-01 1.359700936314011954e-01 1.568256385815731957e-01
-5.295162668619923352e+01 1.776811835317451960e-01 1.350511041062455730e-01 1.563661438189953845e-01
-5.195159616675823600e+01 1.780603802028372373e-01 1.348652822672966600e-01 1.564628312350669348e-01
-5.095156564731723847e+01 1.787469288164915959e-01 1.341472133181572934e-01 1.564470710673244447e-01
-4.995153512787646832e+01 1.781885081498708334e-01 1.342878054601642779e-01 1.562381568050175695e-01
-4.895150460843569817e+01 1.788239025411604843e-01 1.346444454213663600e-01 1.567341739812634360e-01
-4.795147408899470065e+01 1.796335567578027925e-01 1.353624003460596192e-01 1.574979785519312059e-01
-4.695144356955370313e+01 1.805866483447375603e-01 1.346943501205972449e-01 1.576404992326674026e-01
-4.595141305011293298e+01 1.811757460317452162e-01 1.338510443215220613e-01 1.575133951766336526e-01
-4.495138253067216283e+01 1.811911911940323194e-01 1.342726687149482234e-01 1.577319299544902576e-01
-4.395135201123116531e+01 1.814625238158814047e-01 1.341472798324174487e-01 1.578049018241494128e-01
-4.295132149179016778e+01 1.811912105853222543e-01 1.346143049594547836e-01 1.579027577723885190e-01
-4.195129097234939763e+01 1.813500640309670675e-01 1.345839839588367226e-01 1.579670239949018951e-01
-4.095126045290862749e+01 1.820009326714785991e-01 1.349408424668937512e-01 1.584708875691861751e-01
-3.995122993346762996e+01 1.825084705937913276e-01 1.350661648351642596e-01 1.587873177144777936e-01
-3.895119941402663244e+01 1.834150618679016576e-01 1.348952992027251385e-01 1.591551805353134119e-01
-3.795116889458586229e+01 1.833840454999441094e-01 1.349104929601642744e-01 1.591472692300541780e-01
-3.695113837514509214e+01 1.833995585317452492e-01 1.345839364486509371e-01 1.589917474901980932e-01
-3.595110785570409462e+01 1.834306233779272599e-01 1.342878054601643056e-01 1.588592144190457689e-01
-3.495107733626309710e+01 1.840504756504812434e-01 1.345991492101643594e-01 1.593248124303228153e-01
-3.395104681682232695e+01 1.843681728461260272e-01 1.340864097822894174e-01 1.592272913142077084e-01
-3.295101629738155680e+01 1.846703085317454307e-01 1.336956194994885494e-01 1.591829640156169901e-01
-3.195098577794055927e+01 1.845114647817453490e-01 1.342725451884649868e-01 1.593920049851051679e-01
-3.095095525849956175e+01 1.848603140843762260e-01 1.336498481864278054e-01 1.592550811354020157e-01
-2.995092473905879160e+01 1.851624303787056114e-01 1.334941668093906630e-01 1.593282985940481233e-01
-2.895089421961802145e+01 1.856233710317452823e-01 1.333843517657858635e-01 1.595038613987655729e-01
-2.795086370017702393e+01 1.856389810199952917e-01 1.338360881150123249e-01 1.597375345675038083e-01
-2.695083318073602641e+01 1.859722978995352605e-01 1.337595587076234604e-01 1.598659283035793743e-01
-2.595080266129525626e+01 1.867352772817453821e-01 1.330730650280090022e-01 1.599041711548772060e-01
-2.495077214185448611e+01 1.867196382065607896e-01 1.336957715320833684e-01 1.602077048693220651e-01
-2.395074162241348859e+01 1.862430972609158408e-01 1.343031417481610756e-01 1.602731195045384582e-01
-2.295071110297249106e+01 1.857822147817453362e-01 1.346144950001983143e-01 1.601983548909718391e-01
-2.195068058353172091e+01 1.860842341196261018e-01 1.345530833339512733e-01 1.603186587267886876e-01
-2.095065006409095076e+01 1.855920153162170794e-01 1.338054250410561641e-01 1.596987201786366217e-01
-1.995061954464995324e+01 1.851468397817453704e-01 1.335094460851643794e-01 1.593281429334548749e-01
-1.895058902520895572e+01 1.851625370307993235e-01 1.336958855565295590e-01 1.594292112936644412e-01
-1.795055850576818557e+01 1.850997189476490390e-01 1.342878054601643611e-01 1.596937622039066862e-01
-1.695052798632741542e+01 1.843840543124324882e-01 1.343032082624212586e-01 1.593436312874268734e-01
-1.595049746688641790e+01 1.851468397817453426e-01 1.342723931558702788e-01 1.597096164688078246e-01
-1.495046694744542037e+01 1.848448883133788634e-01 1.339456180975017452e-01 1.593952532054402904e-01
-1.395043642800465022e+01 1.853214292590236179e-01 1.333383429017959143e-01 1.593298860804097661e-01
-1.295040590856388008e+01 1.854487718588222200e-01 1.335403277059754590e-01 1.594945497823988534e-01
-1.195037538912288255e+01 1.851468397817453426e-01 1.340073623350498955e-01 1.595771010583976190e-01
-1.095034486968188503e+01 1.851626145959582859e-01 1.344280175206844785e-01 1.597953160583213683e-01
-9.950314350241114880e+00 1.856233710317452823e-01 1.338207898351643776e-01 1.597220804334548161e-01
-8.950283830800344731e+00 1.852898893262427404e-01 1.344744349722728494e-01 1.598821621492577949e-01
-7.950253311359347208e+00 1.852898796305978146e-01 1.347703094057558504e-01 1.600300945181768464e-01
-6.950222791918349685e+00 1.846386813381604153e-01 1.352373345327929910e-01 1.599380079354766893e-01
-5.950192272477579536e+00 1.845431113666199108e-01 1.353620012604984657e-01 1.599525563135592021e-01
-4.950161753036809387e+00 1.849721630436632347e-01 1.350661648351643429e-01 1.600191639394137888e-01
-3.950131233595811864e+00 1.848449949654724089e-01 1.350506385064242088e-01 1.599478167359483227e-01
-2.950100714154814341e+00 1.851785445404892372e-01 1.347703569159417469e-01 1.599744507282154782e-01
-1.950070194714044192e+00 1.859727826817788587e-01 1.350661648351643707e-01 1.605194737584716147e-01
-9.500396752732740424e-01 1.864334615524069205e-01 1.350661648351643707e-01 1.607498131937856456e-01
4.999084416772348050e-02 1.872435714643583549e-01 1.352529653839420476e-01 1.612482684241501874e-01
1.050021363608721003e+00 1.872276996936967919e-01 1.356888523351644504e-01 1.614582760144306350e-01
2.050051883049491153e+00 1.874976943165527488e-01 1.358601075511276235e-01 1.616789009338401861e-01
3.050082402490261302e+00 1.868782104785043086e-01 1.363115398351644469e-01 1.615948751568343777e-01
4.050112921931258825e+00 1.865764335317452449e-01 1.361714703052018527e-01 1.613739519184735349e-01
5.050143441372256348e+00 1.867830671153381805e-01 1.361402561130895805e-01 1.614616616142138805e-01
6.050173960813026497e+00 1.878950024522726969e-01 1.362027320074999659e-01 1.620488672298863175e-01
7.050204480253796646e+00 1.888480940392071594e-01 1.371367917636114597e-01 1.629924429014092957e-01
8.050234999694794169e+00 1.894356210317453826e-01 1.380239304601644790e-01 1.637297757459549308e-01
9.050265519135791692e+00 1.892927460088557334e-01 1.380395803153879053e-01 1.636661631621218194e-01
1.005029603857656184e+01 1.897692869545005989e-01 1.383196148529038660e-01 1.640444509037022325e-01
1.105032655801733199e+01 1.901029722685455281e-01 1.378682585851645215e-01 1.639856154268550248e-01
1.205035707745832951e+01 1.905635250957904148e-01 1.378682585851645215e-01 1.642158918404774681e-01
1.305038759689932704e+01 1.908492072720553712e-01 1.378839464485366317e-01 1.643665768602959876e-01
1.405041811634009719e+01 1.909292836030845320e-01 1.381796023351644365e-01 1.645544429691244703e-01
1.505044863578086733e+01 1.919771210317453292e-01 1.380239304601644790e-01 1.650005257459549179e-01
1.605047915522186486e+01 1.918182772817453585e-01 1.383824233186152219e-01 1.651003503001802764e-01
1.705050967466286238e+01 1.919610747394758510e-01 1.391136335851644867e-01 1.655373541623201827e-01
1.805054019410363253e+01 1.916915455075739738e-01 1.389422263366064392e-01 1.653168859220902065e-01
1.905057071354440268e+01 1.925018493324228142e-01 1.389579617101643905e-01 1.657299055212936023e-01
2.005060123298540020e+01 1.932478710317453163e-01 1.389579617101643905e-01 1.661029163709548673e-01
2.105063175242639772e+01 1.934067147817452870e-01 1.389894894695034022e-01 1.661981021256243585e-01
2.205066227186716787e+01 1.935655585317453964e-01 1.395806492101643592e-01 1.665731038709548639e-01
2.305069279130793802e+01 1.932156620994680829e-01 1.392377396926768596e-01 1.662267008960724712e-01
2.405072331074893555e+01 1.927874539435290024e-01 1.390211312532883270e-01 1.659042925984086647e-01
2.505075383018993307e+01 1.932639948891738124e-01 1.397363210851644277e-01 1.665001579871691062e-01
2.605078434963070322e+01 1.935655585317453964e-01 1.400476648351644815e-01 1.668066116834549528e-01
2.705081486907147337e+01 1.934067147817452870e-01 1.400793066189494340e-01 1.667430107003473605e-01
2.805084538851247089e+01 1.930728743373822942e-01 1.408260242101643522e-01 1.669494492737733093e-01
2.905087590795346841e+01 1.929140208917374255e-01 1.406545124391975210e-01 1.667842666654674733e-01
3.005090642739423856e+01 1.927875121173982242e-01 1.401557885161524020e-01 1.664716503167752992e-01
3.105093694683500871e+01 1.927713397817454322e-01 1.394566951352467499e-01 1.661140174584960771e-01
3.205096746627600623e+01 1.930728355548028130e-01 1.404066137913995427e-01 1.667397246731011640e-01
3.305099798571700376e+01 1.925962946091579753e-01 1.407942684019332091e-01 1.666952815055455783e-01
3.405102850515777391e+01 1.921359647817453276e-01 1.403907833974699093e-01 1.662633740896076184e-01
3.505105902459854406e+01 1.921359647817453276e-01 1.411373679601644060e-01 1.666366663709548668e-01
3.605108954403954158e+01 1.923110390412673953e-01 1.409657896749372807e-01 1.666384143581023380e-01
3.705112006348053910e+01 1.924536522817454076e-01 1.408578560346929187e-01 1.666557541582191493e-01
3.805115058292130925e+01 1.922785586309336270e-01 1.416680852423700676e-01 1.669733219366518473e-01
3.905118110236207940e+01 1.921359647817453553e-01 1.423668080438259542e-01 1.672513864127856409e-01
4.005121162180307692e+01 1.922622699475421970e-01 1.422270710851645248e-01 1.672446705163533609e-01
4.105124214124407445e+01 1.916757125194919475e-01 1.420394913693385219e-01 1.668576019444152347e-01
4.205127266068484460e+01 1.917856999149627761e-01 1.417760188826144852e-01 1.667808593987886168e-01
4.305130318012561474e+01 1.913417460317453078e-01 1.417440825356771628e-01 1.665429142837112353e-01
4.405133369956661227e+01 1.913254379570642483e-01 1.416043835851643895e-01 1.664649107711143050e-01
4.505136421900760979e+01 1.913417460317454188e-01 1.416203755137260267e-01 1.664810607727357228e-01
4.605139473844837994e+01 1.911992297477161651e-01 1.421034020713620172e-01 1.666513159095390773e-01
4.705142525788915009e+01 1.916757706933610306e-01 1.426940867101643973e-01 1.671849287017627139e-01
4.805145577733014761e+01 1.912927054599637133e-01 1.423346816561450456e-01 1.668136935580543656e-01
4.905148629677114513e+01 1.908815713346508902e-01 1.414326817734540553e-01 1.661571265540524589e-01
5.005151681621191528e+01 1.908161160360944408e-01 1.412770003964169407e-01 1.660465582162556908e-01
5.105154733565268543e+01 1.900873719759405278e-01 1.409656471443796466e-01 1.655265095601600733e-01
5.205157785509368296e+01 1.907227566715855305e-01 1.407024692208079797e-01 1.657126129461967690e-01
5.305160837453468048e+01 1.907063710317454808e-01 1.416686553646004931e-01 1.661875131981729870e-01
5.405163889397545063e+01 1.907227760628752988e-01 1.427101641570605317e-01 1.667164701099679291e-01
5.505166941341622078e+01 1.908488000549707631e-01 1.426779997612310502e-01 1.667633999081009066e-01
5.605169993285721830e+01 1.903886835317454007e-01 1.423344536072528865e-01 1.663615685694991297e-01
5.705173045229821582e+01 1.905639613998099668e-01 1.416043835851643895e-01 1.660841724924871921e-01
5.805176097173898597e+01 1.910240585317453943e-01 1.417922863702541225e-01 1.664081724509997584e-01
5.905179149117975612e+01 1.910569655504537334e-01 1.420391492960004221e-01 1.665480574232270916e-01
6.005182201062075364e+01 1.916429703267463758e-01 1.416205180442835776e-01 1.666317441855149628e-01
6.105185253006175117e+01 1.911829022817453372e-01 1.419318712963207885e-01 1.665573867890330628e-01
6.205188304950252132e+01 1.911499370891676930e-01 1.420552457469708707e-01 1.666025914180692680e-01
6.305191356894329147e+01 1.905310349898117761e-01 1.420875621753951434e-01 1.663092985826034598e-01
6.405194408838428899e+01 1.902133377941667980e-01 1.425707597697002393e-01 1.663920487819335325e-01
6.505197460782528651e+01 1.899121522817453500e-01 1.424898689272491581e-01 1.662010106044972679e-01
6.605200512726605666e+01 1.900709960317453207e-01 1.417114810461376495e-01 1.658912385389414990e-01
6.705203564670682681e+01 1.902133087072322148e-01 1.411535689335437771e-01 1.656834388203879960e-01
6.805206616614782433e+01 1.899121522817453500e-01 1.413092503105810305e-01 1.656107012961631764e-01
6.905209668558882186e+01 1.898956018159423387e-01 1.419806072449796008e-01 1.659381045304609836e-01
7.005212720502959201e+01 1.890682530474018797e-01 1.429892009806733588e-01 1.660287270140376192e-01
7.105215772447036215e+01 1.886414022817453628e-01 1.421783541405801654e-01 1.654098782111627641e-01
7.205218824391135968e+01 1.886745613872205518e-01 1.415881351015990386e-01 1.651313482444097813e-01
7.305221876335235720e+01 1.891345227801277673e-01 1.413092978207668715e-01 1.652219103004473055e-01
7.405224928279312735e+01 1.891013345877180230e-01 1.417763229478039566e-01 1.654388287677610037e-01
7.505227980223389750e+01 1.892601686420731788e-01 1.422759020541946584e-01 1.657680353481339186e-01
7.605231032167489502e+01 1.886081656111111837e-01 1.426452272350224593e-01 1.656266964230668215e-01
7.705234084111589254e+01 1.883403428127074508e-01 1.417111674789107989e-01 1.650257551458091387e-01
7.805237136055666269e+01 1.883070770551386053e-01 1.409653905893759329e-01 1.646362338222572830e-01
7.905240187999743284e+01 1.881815184539971653e-01 1.404820504645134527e-01 1.643317844592553090e-01
8.005243239943843037e+01 1.886414022817453628e-01 1.398919929601643575e-01 1.642666976209548602e-01
8.105246291887942789e+01 1.881148705911208086e-01 1.402196707120642316e-01 1.641672706515925340e-01
8.205249343832019804e+01 1.869862587449999392e-01 1.403590085851643687e-01 1.636726336650821678e-01
8.305252395776096819e+01 1.862587460317453869e-01 1.403590085851643687e-01 1.633088773084548917e-01
8.405255447720196571e+01 1.862587460317453869e-01 1.401542491861303141e-01 1.632064976089378505e-01
8.505258499664296323e+01 1.856986868011403224e-01 1.396297652403099554e-01 1.626642260207251389e-01
8.605261551608373338e+01 1.844947494899795148e-01 1.403426270730786518e-01 1.624186882815290833e-01
8.705264603552450353e+01 1.843358960443346184e-01 1.400312738210414965e-01 1.621835849326880574e-01
8.805267655496550105e+01 1.840014641656341488e-01 1.395970497263242793e-01 1.617992569459792140e-01
8.905270707440649858e+01 1.835918910391463321e-01 1.402033367101643280e-01 1.618976138746553439e-01
9.005273759384726873e+01 1.840516876060906692e-01 1.398755734399299011e-01 1.619636305230102713e-01
9.105276811328803888e+01 1.841267222017845540e-01 1.395642201878927180e-01 1.618454711948386360e-01
9.205279863272903640e+01 1.830315506348399457e-01 1.392528669358555904e-01 1.611422087853477680e-01
9.305282915217003392e+01 1.820952422091851874e-01 1.392693054601643055e-01 1.606822738346747603e-01
9.405285967161080407e+01 1.816690701386701468e-01 1.390971760567812632e-01 1.603831230977257050e-01
9.505289019105157422e+01 1.814598284266058237e-01 1.386136838993238252e-01 1.600367561629648105e-01
9.605292071049257174e+01 1.808076217871014413e-01 1.383352742101643107e-01 1.595714479986328760e-01
9.705295122993356927e+01 1.798881740878858215e-01 1.380074444256697286e-01 1.589478092567777612e-01
9.805298174937433942e+01 1.802395151712496424e-01 1.381960978716961219e-01 1.592178065214728822e-01
9.905301226881510956e+01 1.798376306911485534e-01 1.381796023351643254e-01 1.590086165131564533e-01
1.000530427882561071e+02 1.786005439701571496e-01 1.381630877945582148e-01 1.583818158823576683e-01
1.010530733076971046e+02 1.781239933288673027e-01 1.375403907925210056e-01 1.578321920606941542e-01
1.020531038271378748e+02 1.773297551875775979e-01 1.378847921298447243e-01 1.576072736587111611e-01
1.030531343465786449e+02 1.765017568108305512e-01 1.378682585851644105e-01 1.571850076979974808e-01
1.040531648660196424e+02 1.755993249683717450e-01 1.378682585851644105e-01 1.567337917767680777e-01
1.050531953854606400e+02 1.751227840227267962e-01 1.375072286827882795e-01 1.563150063527575240e-01
1.060532259049014101e+02 1.747712684177552822e-01 1.367785554601643749e-01 1.557749119389598147e-01
1.070532564243421803e+02 1.740108583814370946e-01 1.369176462802980387e-01 1.554642523308675806e-01
1.080532869437831778e+02 1.733077593019797524e-01 1.364340305963573363e-01 1.548708949491685583e-01
1.090533174632241753e+02 1.719458702401473471e-01 1.363447399530458015e-01 1.541453050965965743e-01
1.100533479826649454e+02 1.723143920062310541e-01 1.366228835851644174e-01 1.544686377956977497e-01
1.110533785021057156e+02 1.723715090501945768e-01 1.367785554601644027e-01 1.545750322551794897e-01
1.120534090215467131e+02 1.706072216390822627e-01 1.361226108300600257e-01 1.533649162345711581e-01
1.130534395409877106e+02 1.698808627075677757e-01 1.359835580180749348e-01 1.529322103628213414e-01
1.140534700604284808e+02 1.692284912421005982e-01 1.356888523351643949e-01 1.524586717886324827e-01
1.150535005798692509e+02 1.685761003853437079e-01 1.356888523351643949e-01 1.521324763602540653e-01
1.160535310993102485e+02 1.676230087984089401e-01 1.354998473137625503e-01 1.515614280560857452e-01
1.170535616187512460e+02 1.668627926749883250e-01 1.347214689346881711e-01 1.507921308048382480e-01
1.180535921381920161e+02 1.663522006245397311e-01 1.342711198828890895e-01 1.503116602537143964e-01
1.190536226576327863e+02 1.655920232836987083e-01 1.341488286644766104e-01 1.498704259740876732e-01
1.200536531770737838e+02 1.650813924506704389e-01 1.342711008788147475e-01 1.496762466647426071e-01
1.210536836965147813e+02 1.641624101424088433e-01 1.339597476267775089e-01 1.490610788845931900e-01
1.220537142159555515e+02 1.638788416167267226e-01 1.341488571705882760e-01 1.490138493936574993e-01
1.230537447353963216e+02 1.643383085317454417e-01 1.341321335851642649e-01 1.492352210584548533e-01
1.240537752548373192e+02 1.643553922580165694e-01 1.337873046561678103e-01 1.490713484570921898e-01
1.250538057742783167e+02 1.644458720159972798e-01 1.331813502436288710e-01 1.488136111298130615e-01
1.260538362937190868e+02 1.635440897817453665e-01 1.331813407415916306e-01 1.483627152616684985e-01
1.270538668131598570e+02 1.635269769685396557e-01 1.330088882689448304e-01 1.482679326187422431e-01
1.280538973326008545e+02 1.630504360228947347e-01 1.320916186125173919e-01 1.475710273177060494e-01
1.290539278520418520e+02 1.632949310997276471e-01 1.320030976342166928e-01 1.476490143669721700e-01
1.300539583714826222e+02 1.643383085317454417e-01 1.328699589834430039e-01 1.486041337575942367e-01
1.310539888909233923e+02 1.640034694359601697e-01 1.324029338564060021e-01 1.482032016461830859e-01
1.320540194103643898e+02 1.640206210317453062e-01 1.324029243543687617e-01 1.482117726930570201e-01
1.330540499298053874e+02 1.638274353075952483e-01 1.317970554601642919e-01 1.478122453838797701e-01
1.340540804492461575e+02 1.633852460317454236e-01 1.317465426305543530e-01 1.475658943311498883e-01
1.350541109686869277e+02 1.633508652750159662e-01 1.308630242101642416e-01 1.471069447425901178e-01
1.360541414881279252e+02 1.629087147817454007e-01 1.311912245741085892e-01 1.470499696779269949e-01
1.370541720075689227e+02 1.625566077424362432e-01 1.311406357282011992e-01 1.468486217353187073e-01
1.380542025270096929e+02 1.624666224623441402e-01 1.307073523351642563e-01 1.465869873987541983e-01
1.390542330464504630e+02 1.628742564598569253e-01 1.305347953401084782e-01 1.467045258999827018e-01
1.400542635658914605e+02 1.619384134251561913e-01 1.305685750822573044e-01 1.462534942537067617e-01
1.410542940853324581e+02 1.615517220205750226e-01 1.307073523351642563e-01 1.461295371778696395e-01
1.420543246047732282e+02 1.599804942902297855e-01 1.303621813328296186e-01 1.451713378115296882e-01
1.430543551242139984e+02 1.585508617576503743e-01 1.299120698319598255e-01 1.442314657948051138e-01
1.440543856436549959e+02 1.574734720034079993e-01 1.297563884549225444e-01 1.436149302291652718e-01
1.450544161630959934e+02 1.568380776121182374e-01 1.294619773351642911e-01 1.431500274736412504e-01
1.460544466825367635e+02 1.558331046294534339e-01 1.298241759881124946e-01 1.428286403087829504e-01
1.470544772019775337e+02 1.548249902578485715e-01 1.307412746078706334e-01 1.427831324328596163e-01
1.480545077214185312e+02 1.549665272817454253e-01 1.312083092369450699e-01 1.430874182593452337e-01
1.490545382408595287e+02 1.549492011643523459e-01 1.316583637255918926e-01 1.433037824449721054e-01
1.500545687603002989e+02 1.542964806556695045e-01 1.315904146577700218e-01 1.429434476567197632e-01
1.510545992797410690e+02 1.539961192730626149e-01 1.310186960851641713e-01 1.425074076791134070e-01
1.520546297991820666e+02 1.536784220774176923e-01 1.312253938997815506e-01 1.424519079885996353e-01
1.530546603186230641e+02 1.533954546817179465e-01 1.321083992101643456e-01 1.427519269459411322e-01
1.540546908380638342e+02 1.533607151861279549e-01 1.319527273351642493e-01 1.426567212606461021e-01
1.550547213575046044e+02 1.535543178230076022e-01 1.321254363628149298e-01 1.428398770929112660e-01
1.560547518769456019e+02 1.538720150186524693e-01 1.322981643945400076e-01 1.430850897065962246e-01
1.570547823963865994e+02 1.541723085317454611e-01 1.328867585851642996e-01 1.435295335584548804e-01
1.580548129158273696e+02 1.541548951535485490e-01 1.329208899026885771e-01 1.435378925281185492e-01
1.590548434352681397e+02 1.538894671794287794e-01 1.336992682817629008e-01 1.437943677305958401e-01
1.600548739547091373e+02 1.544899960317453746e-01 1.341150489223278119e-01 1.443025224770365933e-01
1.610549044741501348e+02 1.546662822468769238e-01 1.339935558750380007e-01 1.443299190609574623e-01
1.620549349935909049e+02 1.551602753532981827e-01 1.343049091270751838e-01 1.447325922401866971e-01
1.630549655130316751e+02 1.552492910689029226e-01 1.342706922912163814e-01 1.447599916800596520e-01
1.640549960324726726e+02 1.547902119796790987e-01 1.343220508021346904e-01 1.445561313909068946e-01
1.650550265519136701e+02 1.541198647886120598e-01 1.345820170371420377e-01 1.443509409128770349e-01
1.660550570713544403e+02 1.533256169516775957e-01 1.347891044352834133e-01 1.440573606934805184e-01
1.670550875907952104e+02 1.525313691147429651e-01 1.347033675538744368e-01 1.436173683343087149e-01
1.680551181102362079e+02 1.514369441124538973e-01 1.344949593725658643e-01 1.429659517425098669e-01
1.690551486296772055e+02 1.508190697514548151e-01 1.350489946539932817e-01 1.429340322027240484e-01
1.700551791491179756e+02 1.504838428298744812e-01 1.347720007683725352e-01 1.426279217991235082e-01
1.710552096685587458e+02 1.498659878601650841e-01 1.350833540204096628e-01 1.424746709402873734e-01
1.720552401879997433e+02 1.495482906645201338e-01 1.352218367101643004e-01 1.423850636873422171e-01
1.730552707074407408e+02 1.494069960317452039e-01 1.352390448994840455e-01 1.423230204656146247e-01
1.740553012268815110e+02 1.490541715147154500e-01 1.358789595928781291e-01 1.424665655537967757e-01
1.750553317463222811e+02 1.489480429859050548e-01 1.362770854483762173e-01 1.426125642171406360e-01
1.760553622657632786e+02 1.488952889821359704e-01 1.355159437647330822e-01 1.422056163734345402e-01
1.770553927852042762e+02 1.483126873771949128e-01 1.357060985326327407e-01 1.420093929549138267e-01
1.780554233046450463e+02 1.486127772817453785e-01 1.354814133616475680e-01 1.420470953216964594e-01
1.790554538240858164e+02 1.485951602950061068e-01 1.349277581617070731e-01 1.417614592283565900e-01
1.800554843435268140e+02 1.486127772817453785e-01 1.350661648351643151e-01 1.418394710584548468e-01
1.810555148629678115e+02 1.484362971537163123e-01 1.350661648351643151e-01 1.417512309944403137e-01
1.820555453824085816e+02 1.483303819290931747e-01 1.350488711275100451e-01 1.416896265283016099e-01
1.830555759018493518e+02 1.492834638203828779e-01 1.347375178754729452e-01 1.420104908479279116e-01
1.840556064212903493e+02 1.497776799266362924e-01 1.342358673249784973e-01 1.420067736258073809e-01
1.850556369407313468e+02 1.503600585317452498e-01 1.333364519963984585e-01 1.418482552640718541e-01
1.860556674601721170e+02 1.507131157442521963e-01 1.331634389035583066e-01 1.419382773239052375e-01
1.870556979796128871e+02 1.513485101355418194e-01 1.322293886494840809e-01 1.417889493925129640e-01
1.880557284990538847e+02 1.517542437866589711e-01 1.319527273351642493e-01 1.418534855609115963e-01
1.890557590184948822e+02 1.507834479521810989e-01 1.319180068913352044e-01 1.413507274217581378e-01
1.900557895379356523e+02 1.494594979487477160e-01 1.309665869133093685e-01 1.402130424310285561e-01
1.910558200573764225e+02 1.477653585283120186e-01 1.301881990321979987e-01 1.389767787802549948e-01
1.920558505768174200e+02 1.471831835317454207e-01 1.294445886071382834e-01 1.383138860694418382e-01
1.930558810962584175e+02 1.469888343302101497e-01 1.292889072301011133e-01 1.381388707801556315e-01
1.940559116156991877e+02 1.463356775175080893e-01 1.288741052993651048e-01 1.376048914084365971e-01
1.950559421351399578e+02 1.454181301646880475e-01 1.296176492101642763e-01 1.375178896874261758e-01
1.960559726545809553e+02 1.452770585317453844e-01 1.292888787239896697e-01 1.372829686278675410e-01
1.970560031740219529e+02 1.450648402567040751e-01 1.289949617101644186e-01 1.370299009834342607e-01
1.980560336934627230e+02 1.441295498737614478e-01 1.285963892589191970e-01 1.363629695663403085e-01
1.990560642129034932e+02 1.435653990810187852e-01 1.272651158428781404e-01 1.354152574619484628e-01
2.000560947323444907e+02 1.438296441864635733e-01 1.272825710851643310e-01 1.355561076358139383e-01
2.010561252517854882e+02 1.434762864089655365e-01 1.269537530888038279e-01 1.352150197488846683e-01
2.020561557712262584e+02 1.428408823220310153e-01 1.271268992101643736e-01 1.349838907660976806e-01
2.030561862906670285e+02 1.417289469850964156e-01 1.266248970842946131e-01 1.341769220346955005e-01
2.040562168101080260e+02 1.407937147760229546e-01 1.263135343302201619e-01 1.335536245531215582e-01
2.050562473295490236e+02 1.404938769582392832e-01 1.255701804601643268e-01 1.330320287092018050e-01
2.060562778489897937e+02 1.401940585317452415e-01 1.259165677232572111e-01 1.330553131275012402e-01
2.070563083684305639e+02 1.401582816021536837e-01 1.258289304344135939e-01 1.329936060182836388e-01
2.080563388878715614e+02 1.395407853713047097e-01 1.254145085851642305e-01 1.324776469782344701e-01
2.090563694073125589e+02 1.393640240695742105e-01 1.258136036484541476e-01 1.325888138590141652e-01
2.100563999267533291e+02 1.387465472300148661e-01 1.267628761660790637e-01 1.327547116980469788e-01
2.110564304461940992e+02 1.384647045291206857e-01 1.258815242101643528e-01 1.321731143696425193e-01
2.120564609656350967e+02 1.389591824177858204e-01 1.262104467289337506e-01 1.325848145733597994e-01
2.130564914850760942e+02 1.392230493930803337e-01 1.263309515643575853e-01 1.327770004787189595e-01
2.140565220045168644e+02 1.389233085317453098e-01 1.258463286644767309e-01 1.323848185981110204e-01
2.150565525239576345e+02 1.392589620617001589e-01 1.254145085851641750e-01 1.323367353234321531e-01
2.160565830433986321e+02 1.392589717573451680e-01 1.252940702640004955e-01 1.322765210106728317e-01
2.170566135628396296e+02 1.392409960317453343e-01 1.260019435272536070e-01 1.326214697794994568e-01
2.180566440822803997e+02 1.393818446648559528e-01 1.257963954591342359e-01 1.325891200619950805e-01
2.190566746017211699e+02 1.388692940941425313e-01 1.264689211441050731e-01 1.326691076191238161e-01
2.200567051211621674e+02 1.379522315235661989e-01 1.260548508702311610e-01 1.320035411968986661e-01
2.210567356406031649e+02 1.379882702355693935e-01 1.265572045714764560e-01 1.322727374035229109e-01
2.220567661600439351e+02 1.379341782328074584e-01 1.276292624134466591e-01 1.327817203231270726e-01
2.230567966794847052e+02 1.371399400915176703e-01 1.275408649616293633e-01 1.323404025265735307e-01
2.240568271989257028e+02 1.368402864909865901e-01 1.267801698737333060e-01 1.318102281823599342e-01
2.250568577183667003e+02 1.363456825589380583e-01 1.265396163006697605e-01 1.314426494298039094e-01
2.260568882378074704e+02 1.359052772817452848e-01 1.267978436628744709e-01 1.313515604723098917e-01
2.270569187572482406e+02 1.362229647817453371e-01 1.265042117101642660e-01 1.313635882459547877e-01
2.280569492766892381e+02 1.362229647817453371e-01 1.264864809088000475e-01 1.313547228452726923e-01
2.290569797961302356e+02 1.358690737437790175e-01 1.263662801385656287e-01 1.311176769411723231e-01
2.300570103155710058e+02 1.350748356024893959e-01 1.266598835851643345e-01 1.308673595938268652e-01
2.310570408350117759e+02 1.347752498714725466e-01 1.263130212202129010e-01 1.305441355458427100e-01
2.320570713544527734e+02 1.348477635994983770e-01 1.260371960851642548e-01 1.304424798423313159e-01
2.330571018738937710e+02 1.354287460317452341e-01 1.260549743967143699e-01 1.307418602142297881e-01
2.340571323933345411e+02 1.354105957845377628e-01 1.263663276487514697e-01 1.308884617166446163e-01
2.350571629127753113e+02 1.354469059745975201e-01 1.266598835851643345e-01 1.310533947798809273e-01
2.360571934322163088e+02 1.357827728087397101e-01 1.266420767675027481e-01 1.312124247881212291e-01
2.370572239516573063e+02 1.364181672000294998e-01 1.261750516404654132e-01 1.312966094202474565e-01
2.380572544710980765e+02 1.365042742221712624e-01 1.258815242101642973e-01 1.311928992161677798e-01
2.390572849905388466e+02 1.358506811054498165e-01 1.262107032839372978e-01 1.310306921946935432e-01
2.400573155099798441e+02 1.345616935974383588e-01 1.263306950093538994e-01 1.304461943033961291e-01
2.410573460294208417e+02 1.336632466650236051e-01 1.258815242101642973e-01 1.297723854375939512e-01
2.420573765488616118e+02 1.333455494693787102e-01 1.258100688906257647e-01 1.295778091800022236e-01
2.430574070683023820e+02 1.330278522737339542e-01 1.248275677490078006e-01 1.289277100113708774e-01
2.440574375877433795e+02 1.325148169207765458e-01 1.255701804601642158e-01 1.290424986904703808e-01
2.450574681071843770e+02 1.312440378338418090e-01 1.255522881241680488e-01 1.283981629790049150e-01
2.460574986266251472e+02 1.308405438766911677e-01 1.250852629971308805e-01 1.279629034369110241e-01
2.470575291460659173e+02 1.311034122005635960e-01 1.244446546550233013e-01 1.277740334277934486e-01
2.480575596655069148e+02 1.308405632679809083e-01 1.247257534207025509e-01 1.277831583443417296e-01
2.490575901849479123e+02 1.310177123955064415e-01 1.251512546452950569e-01 1.280844835204007492e-01
2.500576207043886825e+02 1.316348014092707519e-01 1.238219101428002233e-01 1.277283557760354737e-01
2.510576512238294526e+02 1.319341835317452138e-01 1.231992036387258710e-01 1.275666935852355355e-01
2.520576817432704502e+02 1.319341835317452138e-01 1.224387841099079388e-01 1.271864838208265902e-01
2.530577122627114477e+02 1.320746928172850387e-01 1.221274308578706724e-01 1.271010618375778556e-01
2.540577427821522178e+02 1.315798077115352960e-01 1.221813549188256881e-01 1.268805813151804851e-01
2.550577733015929880e+02 1.309444133202455340e-01 1.222291216596928520e-01 1.265867674899691930e-01
2.560578038210339855e+02 1.301501751789557459e-01 1.211753742433542003e-01 1.256627747111549731e-01
2.570578343404749830e+02 1.298692147817451792e-01 1.207623586956064476e-01 1.253157867386758273e-01
2.580578648599157532e+02 1.297103710317452085e-01 1.210556960851643382e-01 1.253830335584547595e-01
2.590578953793565233e+02 1.299060000584038310e-01 1.212293933246808286e-01 1.255676966915423298e-01
2.600579258987975209e+02 1.305229921157194939e-01 1.211933330936105502e-01 1.258581626046650359e-01
2.610579564182385184e+02 1.306634335317452267e-01 1.209000242101642558e-01 1.257817288709547343e-01
2.620579869376792885e+02 1.306818552570092051e-01 1.210376422145362368e-01 1.258597487357727140e-01
2.630580174571200587e+02 1.308038458608363763e-01 1.205525537148337822e-01 1.256781997878350654e-01
2.640580479765610562e+02 1.306818746482989457e-01 1.206609719589740448e-01 1.256714233036365092e-01
2.650580784960020537e+02 1.311768664061425393e-01 1.215046293334245964e-01 1.263407478697835540e-01
2.660581090154428239e+02 1.314576522817452742e-01 1.210556960851643382e-01 1.262566741834548201e-01
2.670581395348835940e+02 1.314391820782569442e-01 1.210556960851643382e-01 1.262474390817106551e-01
2.680581700543245915e+02 1.311030049834787381e-01 1.211751461944620689e-01 1.261390755889704174e-01
2.690582005737655891e+02 1.304861001869671022e-01 1.204511289700525845e-01 1.254686145785098295e-01
2.700582310932063592e+02 1.303087474508992927e-01 1.205524206863132775e-01 1.254305840686062989e-01
2.710582616126471294e+02 1.295330182956773712e-01 1.201216648351643157e-01 1.248273415654208435e-01
2.720582921320881269e+02 1.292338397817452689e-01 1.202773367101642871e-01 1.247555882459547849e-01
2.730583226515291244e+02 1.294112119091028745e-01 1.201035064421272919e-01 1.247573591756150901e-01
2.740583531709698946e+02 1.296732948857401424e-01 1.198103210851641648e-01 1.247418079854521467e-01
2.750583836904106647e+02 1.294483268376871998e-01 1.196546492101641934e-01 1.245514880239256966e-01
2.760584142098516622e+02 1.303643034960373925e-01 1.194626035368672318e-01 1.249134535164523052e-01
2.770584447292926598e+02 1.304860226218080843e-01 1.197092384137214416e-01 1.250976305177647629e-01
2.780584752487334299e+02 1.301497485705811752e-01 1.203137485166099752e-01 1.252317485435955891e-01
2.790585057681742001e+02 1.295887003841988405e-01 1.203783623693842897e-01 1.249835313767915651e-01
2.800585362876151976e+02 1.301869022817451482e-01 1.198285459924613439e-01 1.250077241371032599e-01
2.810585668070561951e+02 1.301869022817451482e-01 1.201034304258298685e-01 1.251451663537875014e-01
2.820585973264969653e+02 1.302055179199066992e-01 1.198285649965356858e-01 1.250170414582211786e-01
2.830586278459377354e+02 1.305232151155515663e-01 1.200851580083469317e-01 1.253041865619492490e-01
2.840586583653787329e+02 1.308222772817451696e-01 1.194989773351642082e-01 1.251606273084546750e-01
2.850586888848197304e+02 1.306634335317451989e-01 1.198285935026473376e-01 1.252460135171962752e-01
2.860587194042605006e+02 1.308595861232271784e-01 1.194441315766035239e-01 1.251518588499153650e-01
2.870587499237012707e+02 1.308878004498160164e-01 1.186657436954921679e-01 1.247767720726540852e-01
2.880587804431422683e+02 1.295515272817451824e-01 1.181345323073534348e-01 1.238430297945493086e-01
2.890588109625832658e+02 1.296916875240694822e-01 1.189312211120596013e-01 1.243114543180645348e-01
2.900588414820240359e+02 1.294113767350657251e-01 1.193249855324953479e-01 1.243681811337805365e-01
2.910588720014648061e+02 1.296916681327797971e-01 1.190319617101643357e-01 1.243618149214720664e-01
2.920589025209058036e+02 1.292151271871350149e-01 1.188396119716777083e-01 1.240273695794063546e-01
2.930589330403468011e+02 1.288974299914900368e-01 1.183725773426033134e-01 1.236350036670466751e-01
2.940589635597875713e+02 1.285984647817451643e-01 1.175941989635290730e-01 1.230963318726371186e-01
2.950589940792283414e+02 1.285609814186554900e-01 1.173012036473095321e-01 1.229310925329825110e-01
2.960590245986693390e+02 1.281406849089350430e-01 1.168525554601643618e-01 1.224966201845497094e-01
2.970590551181103365e+02 1.287760696045799624e-01 1.170082273351643332e-01 1.228921484698721478e-01
2.980590856375511066e+02 1.289349230502248034e-01 1.168341595161980773e-01 1.228845412832114403e-01
2.990591161569918768e+02 1.294114639958696134e-01 1.165228062641608664e-01 1.229671351300152399e-01
3.000591466764328743e+02 1.293926835317452673e-01 1.160189512410423757e-01 1.227058173863938284e-01
3.010591771958738718e+02 1.295891269925736056e-01 1.154515085851642309e-01 1.225203177888689182e-01
3.020592077153146420e+02 1.299904394296270971e-01 1.154330746330492347e-01 1.227117570313381589e-01
3.030592382347554121e+02 1.295703465284490929e-01 1.149660495060122051e-01 1.222681980172306559e-01
3.040592687541964096e+02 1.298692147817451792e-01 1.150029459163536688e-01 1.224360803490494309e-01
3.050592992736374072e+02 1.298692147817451792e-01 1.147734337104847346e-01 1.223213242461149569e-01
3.060593297930781773e+02 1.297480676990222515e-01 1.140319897499006141e-01 1.218900287244614328e-01
3.070593603125189475e+02 1.306822915610286184e-01 1.137206364978635420e-01 1.222014640294460802e-01
3.080593908319599450e+02 1.308600127316017769e-01 1.137391179601643654e-01 1.222995653458830712e-01
3.090594213514009425e+02 1.312988085317453868e-01 1.133907732774139532e-01 1.223447909045796700e-01
3.100594518708417127e+02 1.307656159330912726e-01 1.125938849299272515e-01 1.216797504315092621e-01
3.110594823902824828e+02 1.303079524080195950e-01 1.122009186806138814e-01 1.212544355443167382e-01
3.120595129097234803e+02 1.295893402967608077e-01 1.119711404177042430e-01 1.207802403572325323e-01
3.130595434291644779e+02 1.305235059848979251e-01 1.117709990087361327e-01 1.211472524968170289e-01
3.140595739486052480e+02 1.304667379841501773e-01 1.121453032570422365e-01 1.213060206205961999e-01
3.150596044680460182e+02 1.300280585317451221e-01 1.115597117101643915e-01 1.207938851209547637e-01
3.160596349874870157e+02 1.302058475718325115e-01 1.116782496238935551e-01 1.209420485978630333e-01
3.170596655069280132e+02 1.301869022817452037e-01 1.108812947621465456e-01 1.205340985219458816e-01
3.180596960263687834e+02 1.302058669631222243e-01 1.096358912560351645e-01 1.199208791095786875e-01
3.190597265458095535e+02 1.306824079087671175e-01 1.090689617101644471e-01 1.198756848094657823e-01
3.200597570652505510e+02 1.307843091364116472e-01 1.092246335851644046e-01 1.200044713607880259e-01
3.210597875846915485e+02 1.305425773183686577e-01 1.092060190943431042e-01 1.198742982063558810e-01
3.220598181041323187e+02 1.309811210317451957e-01 1.088760418494475746e-01 1.199285814405963851e-01
3.230598486235730888e+02 1.311019384625425610e-01 1.079419915953731546e-01 1.195219650289578578e-01
3.240598791430140864e+02 1.301298337160063934e-01 1.074935999632315176e-01 1.188117168396189555e-01
3.250599096624550839e+02 1.293926835317452950e-01 1.073192660872243354e-01 1.183559748094848152e-01
3.260599401818958540e+02 1.293736412852092565e-01 1.067525455861715877e-01 1.180630934356904221e-01
3.270599707013366242e+02 1.295896311661070277e-01 1.068522124540758761e-01 1.182209218100914450e-01
3.280600012207776217e+02 1.295324656439194866e-01 1.065968927152458751e-01 1.180646791795826878e-01
3.290600317402186192e+02 1.295896699486866754e-01 1.066778120638083860e-01 1.181337410062475307e-01
3.300600622596593894e+02 1.301869022817452592e-01 1.056254804510086409e-01 1.179061913663769501e-01
3.310600927791001595e+02 1.300280585317451776e-01 1.055072180963574635e-01 1.177676383140513205e-01
3.320601232985411571e+02 1.301869022817452592e-01 1.054510705587040492e-01 1.178189864202246473e-01
3.330601538179821546e+02 1.300280585317451776e-01 1.051584363198969918e-01 1.175932474258210847e-01
3.340601843374229247e+02 1.300662981551352626e-01 1.045170013005553150e-01 1.172916497278452819e-01
3.350602148568636949e+02 1.306251745170654566e-01 1.042431335851643215e-01 1.174341540511148890e-01
3.360602453763046924e+02 1.302251806877148532e-01 1.040687046887854850e-01 1.171469426882501691e-01
3.370602758957456899e+02 1.308222772817452528e-01 1.037573514367483435e-01 1.172898143592467912e-01
3.380603064151864601e+02 1.303074288431960992e-01 1.036204460851644499e-01 1.169639374641802676e-01
3.390603369346272302e+02 1.296912027418258562e-01 1.032715312801837093e-01 1.164813670110047827e-01
3.400603674540682277e+02 1.295323492961809875e-01 1.028044966511093006e-01 1.161684229736451440e-01
3.410603979735092253e+02 1.292146521005361481e-01 1.022005946785996544e-01 1.157076233895679013e-01
3.420604284929499954e+02 1.289161522817452998e-01 1.018704273929605941e-01 1.153932898373529470e-01
3.430604590123907656e+02 1.290365818867476033e-01 1.012665444245254842e-01 1.151515631556365438e-01
3.440604895318317631e+02 1.282423437454576765e-01 1.011108630474883002e-01 1.146766033964729814e-01
3.450605200512727606e+02 1.281411599955339375e-01 1.007995097954509506e-01 1.144703348954924371e-01
3.460605505707135308e+02 1.282807772817453063e-01 1.003324846684139071e-01 1.143066309750796067e-01
3.470605810901543009e+02 1.284588668868236749e-01 1.001956648351645385e-01 1.143272658609941067e-01
3.480606116095952984e+02 1.282422661802986863e-01 9.998337982268964974e-02 1.141128230014941680e-01
3.490606421290362960e+02 1.281604640244816684e-01 9.906820061444022996e-02 1.136143323194609422e-01
3.500606726484770661e+02 1.286177397237582842e-01 9.844549411036589148e-02 1.135316169170620948e-01
3.510607031679178363e+02 1.290942806694031775e-01 9.764821617935523501e-02 1.133712484243792062e-01
3.520607336873588338e+02 1.290557016984425487e-01 9.723789921016447180e-02 1.131468004543035033e-01
3.530607642067998313e+02 1.287573085317452182e-01 9.692655546016452905e-02 1.128419319959548806e-01
3.540607947262406014e+02 1.285791510571526464e-01 9.686977128602060338e-02 1.127244611715866318e-01
3.550608252456813716e+02 1.279051195210330338e-01 9.616713364524959173e-02 1.120361265831413128e-01
3.560608557651223691e+02 1.275058916476275450e-01 9.628492089804213672e-02 1.118954062728348409e-01
3.570608862845633666e+02 1.278235888432723844e-01 9.612923952100496661e-02 1.119764141821386755e-01
3.580609168040041368e+02 1.281412860389173625e-01 9.599252421016452042e-02 1.120669051245409414e-01
3.590609473234449069e+02 1.280832091261114025e-01 9.562425375546318440e-02 1.118537314407872935e-01
3.600609778428859045e+02 1.276260303832833787e-01 9.490282108516454040e-02 1.112644257342239595e-01
3.610610083623269020e+02 1.271494894376385687e-01 9.503949838785628879e-02 1.110944939127474218e-01
3.620610388817676721e+02 1.272076536112484169e-01 9.439779731147381059e-02 1.108027254613611068e-01
3.630610694012084423e+02 1.276260012963487678e-01 9.340670632825205655e-02 1.105163538123004052e-01
3.640610999206494398e+02 1.274865585317452032e-01 9.223737613174480543e-02 1.098619673317449974e-01
3.650611304400904373e+02 1.274671381550590010e-01 9.225639921016451361e-02 1.098617686826117573e-01
3.660611609595312075e+02 1.268123233870830924e-01 9.192601337767042358e-02 1.093691683823767580e-01
3.670611914789719776e+02 1.265334960317452129e-01 9.161466012563335148e-02 1.090740780786892822e-01
3.680612219984129752e+02 1.266923397817452668e-01 9.165277279673290922e-02 1.091725562892390811e-01
3.690612525178539727e+02 1.263357339632137644e-01 9.159557053295333540e-02 1.089656522480835499e-01
3.700612830372947428e+02 1.258591833219241674e-01 9.116669608516463075e-02 1.085129397035443921e-01
3.710613135567355130e+02 1.254410683323005926e-01 9.099193461748467104e-02 1.082165014748926318e-01
3.720613440761765105e+02 1.257392772817452209e-01 9.064238317601329420e-02 1.081908302288792645e-01
3.730613745956175080e+02 1.254020918398999485e-01 8.959086873841035081e-02 1.074964802891551496e-01
3.740614051150582782e+02 1.252822536692352884e-01 8.976564921016461085e-02 1.075239514396999496e-01
3.750614356344990483e+02 1.259176383648801523e-01 8.960997733516452846e-02 1.077638078500223473e-01
3.760614661539400458e+02 1.258785940029655270e-01 8.941603125443302325e-02 1.076473126286992821e-01
3.770614966733810434e+02 1.255804335317451947e-01 8.918125491997058729e-02 1.073808442258578910e-01
3.780615271928218135e+02 1.255413406916060237e-01 8.927947747822448377e-02 1.074104090849152537e-01
3.790615577122625837e+02 1.247666586660309412e-01 8.929863358516459959e-02 1.070326461255977635e-01
3.800615882317035812e+02 1.246469368431047248e-01 8.931780869617905738e-02 1.069823727696418980e-01
3.810616187511445787e+02 1.249646340387495641e-01 8.943512084711290056e-02 1.071998774429312323e-01
3.820616492705853489e+02 1.250451466737980410e-01 8.914296171016462822e-02 1.070940541919813416e-01
3.830616797900261190e+02 1.245077170783331633e-01 8.927942996803865661e-02 1.068935735231859030e-01
3.840617103094671165e+02 1.247470055938676992e-01 8.918138794849093942e-02 1.069641967711793262e-01
3.850617408289081141e+02 1.239723817421615748e-01 8.959075471396417412e-02 1.067815682280628675e-01
3.860617713483488842e+02 1.241508397817452924e-01 8.949276970663956610e-02 1.068218047441924223e-01
3.870618018677896544e+02 1.239919960317453357e-01 9.011547621071391845e-02 1.070537361212296201e-01
3.880618323872306519e+02 1.238331522817453650e-01 9.077668496941189435e-02 1.073049186255786297e-01
3.890618629066716494e+02 1.238331522817453650e-01 9.194505546016448760e-02 1.078891038709549333e-01
3.900618934261124195e+02 1.237938267461291819e-01 9.198359572293687836e-02 1.078887112345330301e-01
3.910619239455531897e+02 1.235154647817454376e-01 9.223711957674120276e-02 1.078762921792433271e-01
3.920619544649941872e+02 1.231780951226475185e-01 9.229497748108561606e-02 1.077365363018665673e-01
3.930619849844351847e+02 1.229995498222597877e-01 9.307335586016009243e-02 1.080364528412099401e-01
3.940620155038759549e+02 1.227212460317453485e-01 9.334610233516464628e-02 1.080336741834549974e-01
3.950620460233167250e+02 1.221855810436480450e-01 9.342337290145270867e-02 1.078044769725503838e-01
3.960620765427577226e+02 1.218273463567773607e-01 9.480513064099226062e-02 1.083162384988848037e-01
3.970621070621987201e+02 1.223838278944231611e-01 9.606987079275029762e-02 1.092268493435867294e-01
3.980621375816394902e+02 1.224430391976795152e-01 9.698459390321530205e-02 1.097138165504474017e-01
3.990621681010802604e+02 1.227212460317453485e-01 9.774362613460604865e-02 1.102324360831757055e-01
4.000621986205212579e+02 1.227410057560021917e-01 9.902775044219616629e-02 1.108843780990991790e-01
4.010622291399622554e+02 1.230389335317452898e-01 9.998119435414017098e-02 1.115100639429427304e-01
4.020622596594030256e+02 1.228405315506521378e-01 1.013241362718291100e-01 1.120823339112406170e-01
4.030622901788437957e+02 1.224035585317454211e-01 1.019662364337726584e-01 1.121848974827590328e-01
4.040623206982847933e+02 1.224035585317454211e-01 1.030559680648843873e-01 1.127297632983149112e-01
4.050623512177257908e+02 1.225822104842266419e-01 1.038343559459959653e-01 1.132082832151113105e-01
4.060623817371665609e+02 1.221654431892409409e-01 1.043988054601645010e-01 1.132821243247027210e-01
4.070624122566073311e+02 1.212718246879744832e-01 1.049435477492368790e-01 1.131076862186056742e-01
4.080624427760483286e+02 1.209938020711612133e-01 1.060138477143304087e-01 1.135038248927458110e-01
4.090624732954893261e+02 1.212718052966846455e-01 1.071035793454420126e-01 1.141876923210633221e-01
4.100625038149300963e+02 1.207754076703341922e-01 1.080376391015533816e-01 1.144065233859437869e-01
4.110625343343708664e+02 1.204974335317453571e-01 1.088160269826648485e-01 1.146567302572051028e-01
4.120625648538116366e+02 1.203187137097500997e-01 1.099057586137762443e-01 1.151122361617631651e-01
4.130625953732528615e+02 1.201996317993856700e-01 1.108787957263705076e-01 1.155392137628780957e-01
4.140626258926936316e+02 1.205372244583155922e-01 1.122408937509994653e-01 1.163890591046575218e-01
4.150626564121344018e+02 1.209540596228154130e-01 1.133501330644263450e-01 1.171520963436208790e-01
4.160626869315756267e+02 1.211726382408952057e-01 1.147317007632226576e-01 1.179521695020589317e-01
4.170627174510163968e+02 1.218279571824046476e-01 1.153348900829441748e-01 1.185814236326744042e-01
4.180627479704571670e+02 1.221849120441515224e-01 1.159380603985915165e-01 1.190614862213715264e-01
4.190627784898979371e+02 1.215893958402359115e-01 1.164050855256286432e-01 1.189972406829322704e-01
4.200628090093387073e+02 1.212916522817454185e-01 1.162494231526657318e-01 1.187705377172055821e-01
4.210628395287799322e+02 1.211328085317454478e-01 1.171060508078573675e-01 1.191194296698014077e-01
4.220628700482207023e+02 1.212916522817454185e-01 1.184288484067401309e-01 1.198602503442427747e-01
4.230629005676614725e+02 1.211527912558343911e-01 1.189546246296158544e-01 1.200537079427251297e-01
4.240629310871026973e+02 1.212516674422775276e-01 1.201608512364646802e-01 1.207062593393710970e-01
4.250629616065434675e+02 1.209939668971241611e-01 1.209980377236008070e-01 1.209960023103624771e-01
4.260629921259842376e+02 1.213316759037926379e-01 1.219701151304399822e-01 1.216508955171163031e-01
4.270630226454250078e+02 1.214504960317453891e-01 1.217176269986874754e-01 1.215840615152164322e-01
4.280630531648657779e+02 1.218282771386852287e-01 1.226516772527617705e-01 1.222399771957234926e-01
4.290630836843070028e+02 1.227412869297036246e-01 1.231579933035081981e-01 1.229496401166059183e-01
4.300631142037477730e+02 1.230589841253484223e-01 1.243444556730375489e-01 1.237017198991929856e-01
4.310631447231885431e+02 1.233766813209934282e-01 1.245197967649849941e-01 1.239482390429892111e-01
4.320631752426297680e+02 1.235154647817454376e-01 1.258241984199019448e-01 1.246698316008236912e-01
4.330632057620705382e+02 1.236943882122831795e-01 1.266992410231338462e-01 1.251968146177085128e-01
4.340632362815113083e+02 1.238331522817453650e-01 1.274776194022080034e-01 1.256553858419766911e-01
4.350632668009520785e+02 1.240120951035727920e-01 1.277298889871055221e-01 1.258709920453391640e-01
4.360632973203928486e+02 1.241106222468006948e-01 1.275939148351643848e-01 1.258522685409825259e-01
4.370633278398340735e+02 1.234953463186281436e-01 1.277890201644311385e-01 1.256421832415296480e-01
4.380633583592748437e+02 1.235355929405075465e-01 1.286463034601874056e-01 1.260909482003474691e-01
4.390633888787156138e+02 1.238331522817453650e-01 1.301044005663721248e-01 1.269687764240587380e-01
4.400634193981568387e+02 1.238734473818492582e-01 1.309420051431440801e-01 1.274077262624966622e-01
4.410634499175976089e+02 1.242895262860484740e-01 1.316413835851644454e-01 1.279654549356064597e-01
4.420634804370383790e+02 1.239516621490620724e-01 1.316216193478452756e-01 1.277866407484536670e-01
4.430635109564791492e+02 1.231776006447588973e-01 1.315450329282333852e-01 1.273613167864961482e-01
4.440635414759199193e+02 1.227010596991140595e-01 1.320886159687710004e-01 1.273948378339425369e-01
4.450635719953611442e+02 1.227414420600216466e-01 1.320688137233030635e-01 1.274051278916623620e-01
4.460636025148019144e+02 1.235962876774298336e-01 1.314857117101645156e-01 1.275409996937971746e-01
4.470636330342426845e+02 1.241306243621793232e-01 1.317008188276794778e-01 1.279157215949293935e-01
4.480636635536839094e+02 1.241508397817452924e-01 1.322640710851646084e-01 1.282074554334549643e-01
4.490636940731246796e+02 1.236136040991780011e-01 1.326349070899027760e-01 1.281242555945403816e-01
4.500637245925654497e+02 1.228396007687440616e-01 1.328470780779313909e-01 1.278433394233377263e-01
4.510637551120062199e+02 1.220656168295999044e-01 1.325952645908182181e-01 1.273304407102090474e-01
4.520637856314469900e+02 1.221061349295355924e-01 1.328668993274736698e-01 1.274865171285046173e-01
4.530638161508882149e+02 1.223832849383101051e-01 1.325952835948926156e-01 1.274892842666013604e-01
4.540638466703289851e+02 1.219270272817453010e-01 1.332378588586949908e-01 1.275824430702201528e-01
4.550638771897697552e+02 1.223055937359202872e-01 1.334696705575597886e-01 1.278876321467400379e-01
4.560639077092109801e+02 1.226806406710054392e-01 1.323600511626454590e-01 1.275203459168254561e-01
4.570639382286517503e+02 1.220249339037009634e-01 1.319527273351643881e-01 1.269888306194326688e-01
4.580639687480925204e+02 1.210718423167664037e-01 1.319726436050783491e-01 1.265222429609223764e-01
4.590639992675332905e+02 1.205177652990498394e-01 1.322640710851646084e-01 1.263909181921072378e-01
4.600640297869740607e+02 1.207947795687959874e-01 1.320884639361762924e-01 1.264416217524861330e-01
4.610640603064152856e+02 1.204770823731510510e-01 1.317771106841389428e-01 1.261270965286450108e-01
4.620640908258560557e+02 1.200209022817453342e-01 1.320125901693523784e-01 1.260167462255488702e-01
4.630641213452968259e+02 1.201390049319774195e-01 1.322441073050646954e-01 1.261915561185210644e-01
4.640641518647380508e+02 1.196828345362163232e-01 1.320484793637533572e-01 1.258656569499848332e-01
4.650641823841788209e+02 1.194059172229191557e-01 1.313100570509903586e-01 1.253579871369547571e-01
4.660642129036195911e+02 1.195443710317453251e-01 1.312143525325870641e-01 1.253793617821661877e-01
4.670642434230603612e+02 1.195647803642088114e-01 1.314457081336675714e-01 1.255052442489381914e-01
4.680642739425011314e+02 1.200209022817453342e-01 1.311743679601644341e-01 1.255976351209548980e-01
4.690643044619423563e+02 1.200209022817453342e-01 1.310387168774872213e-01 1.255298095796162916e-01
4.700643349813831264e+02 1.197236532011434346e-01 1.313100095408045176e-01 1.255168313709739691e-01
4.710643655008238966e+02 1.203794860118313631e-01 1.310186960851643379e-01 1.256990910484978574e-01
4.720643960202651215e+02 1.208151210317452984e-01 1.306472044398611643e-01 1.257311627358032313e-01
4.730644265397058916e+02 1.206767447880781469e-01 1.297332034842213766e-01 1.252049741361497548e-01
4.740644570591466618e+02 1.213530838876783619e-01 1.296377175126731396e-01 1.254954007001757577e-01
4.750644875785874319e+02 1.219065403841228107e-01 1.293816661169811810e-01 1.256441032505520028e-01
4.760645180980282021e+02 1.219270272817453010e-01 1.287037052667475423e-01 1.253153662742464147e-01
4.770645486174694270e+02 1.217271709539207158e-01 1.286635211515443078e-01 1.251953460527325257e-01
4.780645791369101971e+02 1.209739647817453662e-01 1.285279460851644906e-01 1.247509554334549353e-01
4.790646096563509673e+02 1.211328085317454478e-01 1.285279460851644906e-01 1.248303773084549761e-01
4.800646401757921922e+02 1.211533439075924146e-01 1.283521488954327272e-01 1.247527464015125709e-01
4.810646706952329623e+02 1.218503638177126230e-01 1.281561978848577421e-01 1.250032808512851756e-01
4.820647012146737325e+02 1.225624022817453918e-01 1.271067548913584755e-01 1.248345785865519336e-01
4.830647317341145026e+02 1.229212187073083357e-01 1.266195759434780854e-01 1.247703973253932175e-01
4.840647622535552728e+02 1.235360389401717607e-01 1.263485398351644751e-01 1.249422893876681179e-01
4.850647927729964977e+02 1.238125684276740468e-01 1.261525223103292515e-01 1.249825453690016491e-01
4.860648232924372678e+02 1.234948712320292491e-01 1.255096334793001922e-01 1.245022523556647276e-01
4.870648538118780380e+02 1.232389837724673920e-01 1.247514374271807003e-01 1.239952105998240461e-01
4.880648843313192629e+02 1.238743781637573343e-01 1.239730590481060990e-01 1.239237186059317097e-01
4.890649148507600330e+02 1.239507507584436813e-01 1.235464460851645602e-01 1.237485984218041207e-01
4.900649453702008032e+02 1.236743085317453944e-01 1.233301132048540971e-01 1.235022108682997388e-01
4.910649758896415733e+02 1.236743085317453944e-01 1.222403815737426874e-01 1.229573450527440409e-01
4.920650064090823435e+02 1.238744557289160608e-01 1.216581442459867130e-01 1.227662999874513938e-01
4.930650369285235683e+02 1.239713346125149995e-01 1.211708702777345159e-01 1.225711024451247577e-01
4.940650674479643385e+02 1.241715108966204711e-01 1.207038356486601488e-01 1.224376732726403100e-01
4.950650979674051086e+02 1.243303643422652843e-01 1.201013969898752642e-01 1.222158806660702812e-01
4.960651284868463335e+02 1.246480615379104290e-01 1.198103210851644146e-01 1.222291913115374218e-01
4.970651590062871037e+02 1.243857264745059921e-01 1.199862798095281957e-01 1.221860031420170939e-01
4.980651895257278738e+02 1.238538621792000111e-01 1.199051039059619711e-01 1.218794830425809911e-01
4.990652200451686440e+02 1.236535889386458781e-01 1.191673277317265717e-01 1.214104583351862249e-01
5.000652505646094141e+02 1.236950378204897255e-01 1.186596718937392020e-01 1.211773548571144637e-01
5.010652810840506390e+02 1.238746302505240315e-01 1.179422585851645916e-01 1.209084444178443185e-01
5.020653116034914092e+02 1.244477786017111343e-01 1.175699117565159740e-01 1.210088451791135611e-01
5.030653421229321793e+02 1.241093230303872558e-01 1.171638992101645266e-01 1.206366111202758912e-01
5.040653726423734042e+02 1.235154647817454099e-01 1.167711420056688210e-01 1.201433033937071154e-01
5.050654031618141744e+02 1.236535307647765314e-01 1.154311457195034557e-01 1.195423382421400005e-01
5.060654336812549445e+02 1.233566210317454392e-01 1.156275528278627313e-01 1.194920869298040922e-01
5.070654642006957147e+02 1.231353858069697965e-01 1.157220885956938561e-01 1.194287372013318194e-01
5.080654947201364848e+02 1.222031010739385859e-01 1.151197734633920000e-01 1.186614372686652930e-01
5.090655252395777097e+02 1.219478438312936175e-01 1.144766755875449432e-01 1.182122597094192873e-01
5.100655557590184799e+02 1.219062010365521004e-01 1.141653128334706307e-01 1.180357569350113656e-01
5.110655862784592500e+02 1.221275429134213997e-01 1.133869344543965291e-01 1.177572386839089713e-01
5.120656167979004749e+02 1.223827128952623688e-01 1.127846573302432043e-01 1.175836851127527866e-01
5.130656473173412451e+02 1.224244138638731355e-01 1.122767544392891392e-01 1.173505841515811443e-01
5.140656778367820152e+02 1.225624022817453640e-01 1.113426946831778119e-01 1.169525484824615880e-01
5.150657083562227854e+02 1.224244332551629177e-01 1.104086349270663597e-01 1.164165340911146318e-01
5.160657388756635555e+02 1.228800897817452914e-01 1.098063863090247422e-01 1.163432380453850168e-01
5.170657693951047804e+02 1.227421401464526690e-01 1.088109053846288005e-01 1.157765227655407347e-01
5.180657999145455506e+02 1.228591859713931006e-01 1.073360846930202644e-01 1.150976353322066825e-01
5.190658304339863207e+02 1.225624022817453640e-01 1.075327388543459439e-01 1.150475705680456540e-01
5.200658609534275456e+02 1.227630924350293640e-01 1.074507267715084091e-01 1.151069096032688865e-01
5.210658914728683158e+02 1.231977772817453437e-01 1.066928537886529804e-01 1.149453155351991551e-01
5.220659219923090859e+02 1.233985062176088110e-01 1.058939510092856834e-01 1.146462286134472541e-01
5.230659525117498561e+02 1.241717920703217931e-01 1.050214929601646086e-01 1.145966425152432078e-01
5.240659830311906262e+02 1.241298777975239076e-01 1.053328367101646484e-01 1.147313572538442850e-01
5.250660135506318511e+02 1.238331522817453373e-01 1.048452681787600954e-01 1.143392102302527163e-01
5.260660440700726213e+02 1.241928025327676682e-01 1.044927901098395562e-01 1.143427963213036191e-01
5.270660745895133914e+02 1.247862147817453832e-01 1.037761179601646155e-01 1.142811663709550063e-01
5.280661051089546163e+02 1.242466812313422764e-01 1.037555365476485331e-01 1.140011088894954117e-01
5.290661356283953864e+02 1.239171941315287545e-01 1.032679205060581390e-01 1.135925573187934468e-01
5.300661661478361566e+02 1.250828821236546207e-01 1.026246135853935287e-01 1.138537478545240678e-01
5.310661966672769267e+02 1.246063411780098662e-01 1.020637273351645141e-01 1.133350342565871971e-01
5.320662271867176969e+02 1.242886439823648742e-01 1.023956905058292094e-01 1.133421672440970418e-01
5.330662577061589218e+02 1.241508397817452647e-01 1.019605827216550215e-01 1.130557112517001361e-01
5.340662882255996919e+02 1.240130549724155068e-01 1.006626804601645497e-01 1.123378677162900352e-01
5.350663187450404621e+02 1.243307521680602767e-01 1.006007366798359892e-01 1.124657444239481330e-01
5.360663492644816870e+02 1.247862147817453832e-01 9.972864921016452722e-02 1.122574319959549483e-01
5.370663797839224571e+02 1.246273710317454125e-01 1.000399929601645671e-01 1.123336819959549898e-01
5.380664103033632273e+02 1.248284102282447711e-01 9.968729634438903975e-02 1.122578532863169054e-01
5.390664408228039974e+02 1.256648632073235350e-01 9.908527577523977559e-02 1.123750694912816483e-01
5.400664713422447676e+02 1.265123789172058755e-01 9.892959439820266099e-02 1.127209866577042752e-01
5.410665018616859925e+02 1.260358379715609822e-01 9.840045445416738257e-02 1.122181462128641893e-01
5.420665323811267626e+02 1.260781012875745455e-01 9.737285664412813346e-02 1.117254789658513325e-01
5.430665629005675328e+02 1.260781109832193880e-01 9.708222733516463920e-02 1.115801691591920136e-01
5.440665934200087577e+02 1.263746522817452977e-01 9.672941669494287964e-02 1.115520344883440818e-01
5.450666239394495278e+02 1.263534866889814146e-01 9.645953983516454555e-02 1.114065132620729870e-01
5.460666544588902980e+02 1.260569647817453565e-01 9.661521171016462795e-02 1.113360882459549922e-01
5.470666849783310681e+02 1.264382072339059471e-01 9.659444975894236618e-02 1.115163284964241497e-01
5.480667154977718383e+02 1.266287557426501731e-01 9.595098130364583533e-02 1.112898685231480111e-01
5.490667460172130632e+02 1.260781691570887209e-01 9.548394667457137108e-02 1.107810579158300390e-01
5.500667765366538333e+02 1.265547101027334753e-01 9.486124017049700485e-02 1.107079751366152331e-01
5.510668070560946035e+02 1.268299597651123267e-01 9.390638995705176406e-02 1.103681748610820523e-01
5.520668375755358284e+02 1.263321853571892361e-01 9.336691179657295725e-02 1.098495485768810898e-01
5.530668680949765985e+02 1.261206942555139765e-01 9.332528337171926147e-02 1.097229888136166120e-01
5.540668986144173687e+02 1.272326295924484652e-01 9.316960199468214687e-02 1.102011157935653130e-01
5.550669291338581388e+02 1.278042460317452278e-01 9.281657280760567674e-02 1.103104094196754592e-01
5.560669596532989090e+02 1.278042460317452278e-01 9.170599370693748031e-02 1.097551198693413610e-01
5.570669901727401339e+02 1.279630897817453095e-01 9.065796651697649589e-02 1.093105281493609027e-01
5.580670206921809040e+02 1.278042460317452278e-01 9.023266483516469150e-02 1.090184554334549527e-01
5.590670512116216742e+02 1.278255473635372952e-01 9.021178885949636406e-02 1.090186681115168366e-01
5.600670817310628991e+02 1.283020883091824105e-01 8.974476373245907079e-02 1.090234260208207406e-01
5.610671122505036692e+02 1.287786292548272482e-01 8.941251550067914888e-02 1.090955723777531916e-01
5.620671427699444394e+02 1.287786389504720630e-01 8.900819431694463602e-02 1.088934166337083564e-01
5.630671732893852095e+02 1.289161522817453831e-01 8.929863358516468286e-02 1.091073929334550330e-01
5.640672038088259796e+02 1.290749960317454648e-01 8.912203822431055689e-02 1.090985171280280108e-01
5.650672343282672045e+02 1.294781215543909236e-01 8.861314712149039041e-02 1.090456343379406501e-01
5.660672648477079747e+02 1.306848027330515805e-01 8.825081544002184863e-02 1.094678090865367215e-01
5.670672953671487448e+02 1.305045897817453948e-01 8.814607448426756142e-02 1.093253321330064781e-01
5.680673258865899697e+02 1.310666754021296010e-01 8.767903035315581517e-02 1.093728528776427011e-01
5.690673564060307399e+02 1.319555818199862063e-01 8.665221171016469770e-02 1.093038967650754589e-01
5.700673869254715100e+02 1.324749387334024919e-01 8.680788358516478009e-02 1.096414111592836360e-01
5.710674174449122802e+02 1.334494479998675209e-01 8.645455983493592622e-02 1.099520039174017305e-01
5.720674479643530503e+02 1.343596945320960911e-01 8.636186746231620803e-02 1.103607809972061427e-01
5.730674784837942752e+02 1.353342134942064900e-01 8.647553083097582471e-02 1.109048721625911504e-01
5.740675090032350454e+02 1.366478861140715817e-01 8.600850570393878125e-02 1.113281959090051815e-01
5.750675395226758155e+02 1.380989848044057722e-01 8.549942456037543104e-02 1.117992046823906016e-01
5.760675700421170404e+02 1.399407695050104428e-01 8.489774606456400308e-02 1.124192577847872299e-01
5.770676005615578106e+02 1.412759761521447388e-01 8.467057135983974137e-02 1.129732737559922401e-01
5.780676310809985807e+02 1.433839741741032014e-01 8.434646637391682300e-02 1.138652202740100122e-01
5.790676616004393509e+02 1.457237174998828044e-01 8.329062850940013862e-02 1.145071730046414715e-01
5.800676921198801210e+02 1.472907082334173889e-01 8.382904244171583696e-02 1.155598753375666199e-01
5.810677226393213459e+02 1.492399109836011761e-01 8.349660416919239825e-02 1.163682575763967941e-01
5.820677531587621161e+02 1.513049476031149698e-01 8.305066406264136059e-02 1.171778058328781652e-01
5.830677836782028862e+02 1.537092057498980480e-01 8.293719073472520520e-02 1.183231982423116335e-01
5.840678141976441111e+02 1.564311707879718905e-01 8.289497318356696398e-02 1.196630719857694203e-01
5.850678447170848813e+02 1.592904455487754445e-01 8.271816877789497924e-02 1.210043071633352119e-01
5.860678752365256514e+02 1.619477503311715361e-01 8.193979039882072490e-02 1.219437703649961235e-01
5.870679057559664216e+02 1.644167656900797359e-01 8.169185374287390999e-02 1.230543097164768229e-01
5.880679362754071917e+02 1.675289998256927204e-01 8.215887886991107836e-02 1.248439393478018994e-01
5.890679667948484166e+02 1.702510133419909422e-01 8.227223817338122358e-02 1.262616257576860690e-01
5.900679973142891868e+02 1.727493968092280452e-01 8.200322599898551834e-02 1.273763114041067679e-01
5.910680278337299569e+02 1.755362547984543053e-01 8.193969537844905671e-02 1.287379750884516949e-01
5.920680583531711818e+02 1.790525452386221572e-01 8.133817841726968811e-02 1.301953618279459157e-01
5.930680888726119520e+02 1.828432806026422941e-01 8.169191075509713018e-02 1.322675956788696983e-01
5.940681193920527221e+02 1.863379497547356101e-01 8.151503983516478202e-02 1.339264947949501960e-01
5.950681499114934923e+02 1.898326189068288150e-01 8.147260373715167758e-02 1.356526113219902463e-01
5.960681804309342624e+02 1.931467842382695033e-01 8.053855348307738249e-02 1.368426688606734498e-01
5.970682109503754873e+02 1.963020864284220346e-01 8.011399296016484539e-02 1.382080396942934331e-01
5.980682414698162574e+02 1.993635638631101326e-01 7.991582797492854939e-02 1.396396959190193410e-01
5.990682719892570276e+02 2.029736984500291608e-01 7.949130546016475174e-02 1.412325019550969563e-01
6.000683025086982525e+02 2.056958283140661314e-01 7.964697733516472311e-02 1.426714028246154342e-01
6.010683330281390226e+02 2.088510917216375440e-01 7.947003039893510423e-02 1.441605610602863241e-01
6.020683635475797928e+02 2.113492424933976210e-01 7.935691814843158498e-02 1.453530803209145961e-01
6.030683940670205629e+02 2.141365658735778221e-01 7.964697733516472311e-02 1.468917716043712796e-01
6.040684245864613331e+02 2.172483346182368935e-01 7.925041931580051324e-02 1.482493769670187034e-01
6.050684551059025580e+02 2.198116595148531527e-01 7.822461739078642728e-02 1.490181384528198039e-01
6.060684856253433281e+02 2.230103788027578970e-01 7.791326413874936907e-02 1.504618214707536261e-01
6.070685161447840983e+02 2.261873507592063459e-01 7.795591878361747551e-02 1.520716347714119177e-01
6.080685466642253232e+02 2.291401497104829099e-01 7.809025858516481511e-02 1.536152041478238695e-01
6.090685771836660933e+02 2.308657127159608469e-01 7.824593046016478648e-02 1.545558215880628028e-01
6.100686077031068635e+02 2.329525354495106670e-01 7.809025858516481511e-02 1.555213970173377480e-01
6.110686382225476336e+02 2.353570650743502246e-01 7.809025858516481511e-02 1.567236618297575268e-01
6.120686687419884038e+02 2.379422730414497977e-01 7.789182754288793975e-02 1.579170502921688757e-01
6.130686992614296287e+02 2.412780887478996328e-01 7.729051012448903690e-02 1.592842994361943210e-01
6.140687297808703988e+02 2.444113915198274367e-01 7.682348499745188242e-02 1.606174382586396665e-01
6.150687603003111690e+02 2.467941253349862640e-01 7.664639553066475430e-02 1.617202604328255022e-01
6.160687908197523939e+02 2.491768591501461183e-01 7.642070314373929085e-02 1.627987811469427115e-01
6.170688213391931640e+02 2.522605590028895173e-01 7.686631067898924696e-02 1.645634348409393821e-01
6.180688518586339342e+02 2.550542330304634842e-01 7.695768226844168503e-02 1.660059576494525846e-01
6.190688823780747043e+02 2.581161079865913477e-01 7.637786796016469981e-02 1.672469879733780307e-01
6.200689128975154745e+02 2.614957092252987447e-01 7.617928488529306097e-02 1.688374970552959098e-01
6.210689434169566994e+02 2.653080755730384821e-01 7.591085233516479958e-02 1.706094639541016478e-01
6.220689739363974695e+02 2.694600415781958636e-01 7.610947341818524725e-02 1.727847574981905554e-01
6.230690044558382397e+02 2.730258864593224089e-01 7.633489974806993705e-02 1.746803931036961799e-01
6.240690349752794646e+02 2.762686433662545071e-01 7.535786227782610702e-02 1.758132528220403001e-01
6.250690654947202347e+02 2.799441072083465043e-01 7.446679923992124972e-02 1.772054532241338909e-01
6.260690960141610049e+02 2.844138091917281508e-01 7.404278983516474066e-02 1.792282995134464318e-01
6.270691265336017750e+02 2.883411174094686613e-01 7.421998382436090225e-02 1.812805506169147818e-01
6.280691570530425452e+02 2.922903571759182806e-01 7.455286869263128002e-02 1.834216129342747803e-01
6.290691875724837701e+02 2.955822225241462320e-01 7.493373884862376821e-02 1.852579806863849932e-01
6.300692180919245402e+02 2.984854767301062806e-01 7.453135608047248284e-02 1.865084164052893678e-01
6.310692486113653104e+02 3.025226753868689444e-01 7.448824533782008595e-02 1.885054603623445013e-01
6.320692791308065352e+02 3.067895832620305963e-01 7.435413358516489157e-02 1.905718584235977509e-01
6.330693096502473054e+02 3.107387842459006788e-01 7.435413358516489157e-02 1.925464589155327921e-01
6.340693401696880755e+02 3.145511505936387509e-01 7.437572221362120928e-02 1.944634364036299801e-01
6.350693706891288457e+02 3.182046731913767967e-01 7.426774106319095070e-02 1.962362071272838737e-01
6.360694012085696158e+02 3.221758832891148949e-01 7.339849470263423714e-02 1.977871889958745522e-01
6.370694317280108407e+02 3.260103072289471382e-01 7.330766472930053124e-02 1.996589859791238486e-01
6.380694622474516109e+02 3.297785486968555779e-01 7.370981944855979628e-02 2.017441840727076940e-01
6.390694927668923810e+02 3.336571362990950473e-01 7.339846619652271031e-02 2.035278012478088927e-01
6.400695232863336059e+02 3.379018799300706477e-01 7.297473235084420140e-02 2.054383061404574384e-01
6.410695538057743761e+02 3.422791630264964691e-01 7.361908449559796674e-02 2.079491237610472110e-01
6.420695843252151462e+02 3.469562063755468051e-01 7.399946054565736953e-02 2.104778334606020873e-01
6.430696148446559164e+02 3.509937637711697533e-01 7.337675404158321146e-02 2.121852589063764893e-01
6.440696453640966865e+02 3.557370962442358286e-01 7.279741483516481704e-02 2.142672555397003298e-01
6.450696758835379114e+02 3.603437007332656039e-01 7.279741483516481704e-02 2.165705577842152174e-01
6.460697064029786816e+02 3.644516291193971580e-01 7.279741483516481704e-02 2.186245219772809945e-01
6.470697369224194517e+02 3.691246875584034415e-01 7.295308671016477453e-02 2.210388871342841011e-01
6.480697674418606766e+02 3.741856784445370954e-01 7.281913649214161177e-02 2.235024074683393536e-01
6.490697979613014468e+02 3.787922926292095482e-01 7.313048974417871162e-02 2.259613911866941161e-01
6.500698284807422169e+02 3.831735121574548208e-01 7.361925553226704444e-02 2.283963838448609396e-01
6.510698590001829871e+02 3.875733764107960888e-01 7.404278983516479617e-02 2.308080831229804564e-01
6.520698895196237572e+02 3.929520257099929359e-01 7.419846171016486469e-02 2.335752437100789003e-01
6.530699200390649821e+02 3.978319116454916982e-01 7.404278983516479617e-02 2.359373507403282333e-01
6.540699505585057523e+02 4.026640271386854320e-01 7.419846171016486469e-02 2.384312444244251483e-01
6.550699810779465224e+02 4.077027277372474168e-01 7.368786974269102286e-02 2.406952987399692268e-01
6.560700115973877473e+02 4.124459438625769914e-01 7.322083511361643371e-02 2.428333894880967125e-01
6.570700421168285175e+02 4.167571123565947389e-01 7.259812860954219238e-02 2.446776204830684587e-01
6.580700726362692876e+02 4.217481976431717294e-01 7.237403256486184266e-02 2.470611151040167930e-01
6.590701031557100578e+02 4.274222053722195325e-01 7.319606330270726768e-02 2.503091343374633793e-01
6.600701336751508279e+02 4.323242361606126627e-01 7.424213307301034959e-02 2.532831846168114853e-01
6.610701641945920528e+02 4.371119843828568108e-01 7.448796027670488706e-02 2.557999723297808559e-01
6.620701947140328230e+02 4.422174394963884203e-01 7.433227889966777246e-02 2.582748591980281172e-01
6.630702252334735931e+02 4.478217549300689826e-01 7.404278983516479617e-02 2.609322723826169033e-01
6.640702557529148180e+02 4.536098803993071638e-01 7.390899164973641078e-02 2.637594360245217873e-01
6.650702862723555882e+02 4.583976674041289057e-01 7.435413358516494708e-02 2.663759004946469333e-01
6.660703167917963583e+02 4.636620050502400225e-01 7.435413358516494708e-02 2.690080693177024918e-01
6.670703473112371285e+02 4.690405089147636764e-01 7.455360985153086650e-02 2.717970593831472437e-01
6.680703778306778986e+02 4.741236640450811057e-01 7.482114921016483344e-02 2.744724066276229557e-01
6.690704083501191235e+02 4.790256075726724294e-01 7.497682108516480481e-02 2.770012143289186102e-01
6.700704388695598936e+02 4.839499092573449901e-01 7.495489038337026233e-02 2.794523998203576332e-01
6.710704693890006638e+02 4.887377544360357318e-01 7.466547733516487595e-02 2.817016158856002761e-01
6.720704999084418887e+02 4.940245471956817291e-01 7.488699832777170884e-02 2.844557727617267329e-01
6.730705304278826588e+02 4.994946264260569646e-01 7.575518046016486984e-02 2.876249034431109242e-01
6.740705609473234290e+02 5.039648034960376721e-01 7.557753987522164429e-02 2.897711716856296582e-01
6.750705914667641991e+02 5.089339572339053319e-01 7.533212125912548685e-02 2.921330392465154024e-01
6.760706219862049693e+02 5.143572452821102425e-01 7.575518046016485596e-02 2.950562128711375354e-01
6.770706525056461942e+02 5.203934823037199564e-01 7.575518046016485596e-02 2.980743313819423923e-01
6.780706830250869643e+02 5.253868363711978740e-01 7.593285905325673768e-02 3.006598477122273128e-01
6.790707135445277345e+02 5.304009875969342147e-01 7.622219608516475620e-02 3.033115918410494993e-01
6.800707440639689594e+02 5.359606933685439056e-01 7.655556555733113167e-02 3.062581294629375117e-01
6.810707745834097295e+02 5.412941027887502310e-01 7.671124693436824626e-02 3.090026748615592456e-01
6.820708051028504997e+02 5.460820546195344072e-01 7.722236151388661707e-02 3.116522080667105121e-01
6.830708356222912698e+02 5.513465570916085134e-01 7.800074939499808402e-02 3.146736532433033195e-01
6.840708661417320400e+02 5.563171554805632635e-01 7.873500981547956745e-02 3.175260826480214016e-01
6.850708966611732649e+02 5.604009804935353722e-01 7.942392651457341746e-02 3.199124535040543948e-01
6.860709271806140350e+02 5.659832092481890120e-01 8.046950217894335844e-02 3.232263557135661713e-01
6.870709577000548052e+02 5.714527455224515107e-01 8.124788055801759890e-02 3.263503130402345409e-01
6.880709882194960301e+02 5.760819020814623714e-01 8.191479053901966345e-02 3.289983463102409966e-01
6.890710187389368002e+02 5.808699217817611116e-01 8.240484860416308344e-02 3.316373851929620975e-01
6.900710492583775704e+02 5.855902464895370585e-01 8.231551995270279531e-02 3.339528832211199338e-01
6.910710797778183405e+02 5.900154260716491406e-01 8.227126896558968616e-02 3.361433475186194064e-01
6.920711102972591107e+02 5.941680804675926186e-01 8.233767870338933037e-02 3.382528795854909953e-01
6.930711408167003356e+02 5.991375735530334312e-01 8.311605708246386226e-02 3.411268153177486329e-01
6.940711713361411057e+02 6.040392746895005827e-01 8.320527170947805695e-02 3.436222731994893476e-01
6.950712018555818759e+02 6.086006489951827358e-01 8.362744722105995565e-02 3.461140481081213527e-01
6.960712323750231008e+02 6.131389185791282781e-01 8.449498321492582287e-02 3.488169508970270227e-01
6.970712628944638709e+02 6.182903698319504038e-01 8.500638285555943419e-02 3.516483763437548982e-01
6.980712934139046411e+02 6.226925222574823948e-01 8.558470534400018648e-02 3.541386138007412976e-01
6.990713239333454112e+02 6.281615931407907860e-01 8.622960860690968843e-02 3.571956008738502164e-01
7.000713544527861814e+02 6.322689979620991219e-01 8.689674663680324596e-02 3.595828722994511839e-01
7.010713849722274063e+02 6.365352271421195196e-01 8.809770911505858393e-02 3.623164681285890310e-01
7.020714154916681764e+02 6.402114375488668907e-01 8.874265038611690859e-02 3.644770439674919205e-01
7.030714460111089465e+02 6.443868961015581931e-01 8.969895441124954572e-02 3.670429252564038625e-01
7.040714765305501714e+02 6.489253886853354469e-01 9.089985987728166350e-02 3.699126242813085552e-01
7.050715070499909416e+02 6.525107605952414902e-01 9.116669608516474177e-02 3.718387283402030952e-01
7.060715375694317117e+02 6.555970588808117672e-01 9.121124163543023466e-02 3.734041502581210148e-01
7.070715680888724819e+02 6.595910052657835143e-01 9.218985644384422584e-02 3.758904308548138840e-01
7.080715986083132520e+02 6.635167330934093055e-01 9.339068589357869821e-02 3.784537094934939949e-01
7.090716291277544769e+02 6.672157573525511198e-01 9.332380105392035219e-02 3.802697792032357360e-01
7.100716596471952471e+02 6.711642117717656619e-01 9.405803296829053084e-02 3.826111223700280894e-01
7.110716901666360172e+02 6.751581969393170013e-01 9.461379762048331699e-02 3.848859972799001383e-01
7.120717206860772421e+02 6.793338300136180230e-01 9.510315253487636178e-02 3.872184912742471785e-01
7.130717512055180123e+02 6.841897483149816939e-01 9.570351974955770835e-02 3.899466340322697011e-01
7.140717817249587824e+02 6.878432709127196842e-01 9.601487300159478044e-02 3.919290719571572046e-01
7.150718122443995526e+02 6.918144810104575049e-01 9.597016591669738084e-02 3.938923234635774429e-01
7.160718427638403227e+02 6.954451800601582079e-01 9.585922013066909553e-02 3.956522000954136309e-01
7.170718732832815476e+02 6.989398492122530504e-01 9.634862255524796748e-02 3.976442358837505298e-01
7.180719038027223178e+02 7.026390479930010313e-01 9.697132905932230595e-02 3.998051885261616478e-01
7.190719343221630879e+02 7.067691115363838872e-01 9.774970743839654641e-02 4.022594094873901960e-01
7.200719648416043128e+02 7.108763127491514178e-01 9.823914787112433822e-02 4.045577303101378641e-01
7.210719953610450830e+02 7.145298353468895192e-01 9.932887950223576179e-02 4.069293574245626544e-01
7.220720258804858531e+02 7.185010454446276729e-01 9.988432108516449859e-02 4.091926832648961065e-01
7.230720563999266233e+02 7.225180383774689741e-01 9.990675539492915869e-02 4.112123968861990386e-01
7.240720869193673934e+02 7.269428980033003640e-01 1.003962243337681720e-01 4.136695611685342611e-01
7.250721174388086183e+02 7.307094524290020932e-01 1.008408056490035926e-01 4.157751290390028220e-01
7.260721479582493885e+02 7.344088063400682209e-01 1.011296960851646581e-01 4.177692512126164326e-01
7.270721784776901586e+02 7.382211823834511355e-01 1.011746407209913323e-01 4.196979115522212478e-01
7.280722089971313835e+02 7.423512459268358787e-01 1.015742298902139323e-01 4.219627379085248986e-01
7.290722395165721537e+02 7.465942540373767811e-01 1.018198575511278098e-01 4.242070557942522746e-01
7.300722700360129238e+02 7.499300794394699876e-01 1.023750710851646095e-01 4.261525752623173124e-01
7.310723005554536940e+02 7.535606233588526548e-01 1.026207842644127205e-01 4.280907038116326668e-01
7.320723310748944641e+02 7.567835526720120276e-01 1.038436774444620597e-01 4.303136150582370645e-01
7.330723615943356890e+02 7.603910985217507967e-01 1.045544773351645973e-01 4.324727879284576693e-01
7.340723921137764592e+02 7.633632305889084257e-01 1.045093996708174183e-01 4.339363151298629151e-01
7.350724226332172293e+02 7.662915189499377444e-01 1.037310212917431085e-01 4.350112701208403987e-01
7.360724531526584542e+02 7.696503618129677537e-01 1.035098898826606190e-01 4.365801258478141933e-01
7.370724836720992243e+02 7.735985447541258164e-01 1.044890748133051050e-01 4.390438097837154885e-01
7.380725141915399945e+02 7.771392876106687497e-01 1.053779903908091398e-01 4.412586390007389170e-01
7.390725447109807646e+02 7.813821018083121350e-01 1.062015414546021858e-01 4.437918216314571396e-01
7.400725752304215348e+02 7.843541272233764960e-01 1.070678231795610946e-01 4.457109752014687953e-01
7.410726057498627597e+02 7.875772213625004126e-01 1.075122429601644558e-01 4.475447321613324481e-01
7.420726362693035298e+02 7.908899711297892043e-01 1.073565710851644844e-01 4.491232711074768513e-01
7.430726667887443000e+02 7.942488721666868257e-01 1.075801160116887784e-01 4.509144940891878228e-01
7.440726973081855249e+02 7.979254800948758497e-01 1.082906023351645347e-01 4.531080412150201853e-01
7.450727278276262950e+02 8.013277400556577668e-01 1.083358890443295725e-01 4.548318145499936627e-01
7.460727583470670652e+02 8.039155464555842734e-01 1.091369202800235444e-01 4.565262333678039020e-01
7.470727888665078353e+02 8.072976103880900034e-01 1.098699834438212203e-01 4.585837969159556327e-01
7.480728193859486055e+02 8.107228878098076130e-01 1.101813366958584867e-01 4.604521122528330568e-01
7.490728499053898304e+02 8.134001753162938275e-01 1.104926899478957114e-01 4.619464326320947833e-01
7.500728804248306005e+02 8.163288999813426150e-01 1.109597150749328520e-01 4.636443075281377335e-01
7.510729109442713707e+02 8.196183995922194931e-01 1.112937686937755105e-01 4.654560841429974949e-01
7.520729414637125956e+02 8.226596906942774678e-01 1.118710554601644036e-01 4.672653730772209357e-01
7.530729719831533657e+02 8.256546366138279858e-01 1.118937748310443042e-01 4.687742057224361658e-01
7.540730025025941359e+02 8.285139113746312622e-01 1.122278569559985451e-01 4.703708841653149175e-01
7.550730330220349060e+02 8.314195894918104957e-01 1.132073839599811865e-01 4.723134867258958480e-01
7.560730635414756762e+02 8.346393580247410959e-01 1.139630334661383970e-01 4.743011957454397187e-01
7.570730940609169011e+02 8.364099185180884355e-01 1.150300077182216107e-01 4.757199631181550092e-01
7.580731245803576712e+02 8.393853277132141688e-01 1.152958367101643705e-01 4.773405822116892905e-01
7.590731550997984414e+02 8.427870447178834601e-01 1.154287322020614848e-01 4.791078884599724863e-01
7.600731856192396663e+02 8.453518724394553097e-01 1.151629507203045522e-01 4.802574115798799448e-01
7.610732161386804364e+02 8.478469399961450215e-01 1.152958367101643705e-01 4.815713883531547168e-01
7.620732466581212066e+02 8.503885078656588936e-01 1.156527902385932616e-01 4.830206490521260498e-01
7.630732771775619767e+02 8.529067964918258804e-01 1.159185242101644642e-01 4.844126603509951723e-01
7.640733076970027469e+02 8.545185811046863700e-01 1.159185242101644642e-01 4.852185526574254171e-01
7.650733382164439718e+02 8.569246038588379522e-01 1.160741960851644217e-01 4.864993999720012008e-01
7.660733687358847419e+02 8.596949501648407654e-01 1.166325832996168987e-01 4.881637667322288321e-01
7.670733992553255121e+02 8.631429832650816536e-01 1.173195710851644008e-01 4.902312771751230480e-01
7.680734297747667370e+02 8.656379150827441249e-01 1.173424329866019356e-01 4.914901740346730441e-01
7.690734602942075071e+02 8.678384580350418931e-01 1.180337441990630676e-01 4.929361011170524942e-01
7.700734908136482773e+02 8.697679883217720453e-01 1.188762898351645309e-01 4.943221390784682812e-01
7.710735213330890474e+02 8.721740692497914615e-01 1.187206179601644485e-01 4.954473436049779411e-01
7.720735518525298176e+02 8.743745928107997667e-01 1.186977180505783547e-01 4.965361554306890746e-01
7.730735823719710424e+02 8.765984731803145857e-01 1.185878554967877557e-01 4.975931643385511638e-01
7.740736128914118126e+02 8.788223535498285166e-01 1.190319617101644883e-01 4.989271576299965094e-01
7.750736434108525827e+02 8.810696295104276654e-01 1.194120907072573068e-01 5.002408601088425000e-01
7.760736739302938076e+02 8.834055527521270657e-01 1.198103210851643313e-01 5.016079369186456915e-01
7.770737044497345778e+02 8.854939946583711974e-01 1.198332685049363910e-01 5.026636315816538358e-01
7.780737349691753479e+02 8.873064888158054275e-01 1.201216648351644822e-01 5.037140768254849688e-01
7.790737654886161181e+02 8.886710053973988499e-01 1.203003031340107720e-01 5.044856542657047971e-01
7.800737960080568882e+02 8.908948857669126697e-01 1.206346323119313196e-01 5.057647590394219739e-01
7.810738265274981131e+02 8.931187661364274888e-01 1.212343533880851920e-01 5.071765597622563959e-01
7.820738570469388833e+02 8.951603392953420002e-01 1.211883730302065754e-01 5.081743561627742878e-01
7.830738875663796534e+02 8.972253662192111179e-01 1.212343723921594646e-01 5.092298693056852565e-01
7.840739180858208783e+02 8.989492227911917155e-01 1.217244114532289728e-01 5.103368171222103511e-01
7.850739486052616485e+02 9.005142162218817692e-01 1.223471179573032280e-01 5.114306670895925055e-01
7.860739791247024186e+02 9.023555452271767585e-01 1.227911196482709688e-01 5.125733324377238498e-01
7.870740096441431888e+02 9.044853875370405527e-01 1.229237585851643971e-01 5.137045730611025096e-01
7.880740401635839589e+02 9.057796979540885252e-01 1.227680867101643980e-01 5.142738923321265032e-01
7.890740706830251838e+02 9.075976216726538981e-01 1.229237585851643971e-01 5.152606901289091823e-01
7.900741012024659540e+02 9.101156582120540905e-01 1.231025014064196094e-01 5.166090798092368708e-01
7.910741317219067241e+02 9.119040974745518113e-01 1.230332695635795587e-01 5.174686835190657197e-01
7.920741622413479490e+02 9.127925772840347340e-01 1.229930284361533954e-01 5.178928028600940925e-01
7.930741927607887192e+02 9.144927764825176997e-01 1.237714163172648485e-01 5.191320963998913296e-01
7.940742232802294893e+02 9.155575618984211905e-01 1.245498041983763293e-01 5.200536830483987183e-01
7.950742537996702595e+02 9.162401352976761171e-01 1.254376270416054096e-01 5.208388811696407217e-01
7.960742843191110296e+02 9.180346537295106524e-01 1.255701804601643823e-01 5.218024170948375451e-01
7.970743148385522545e+02 9.195995405081081042e-01 1.257258523351644786e-01 5.226626964216363191e-01
7.980743453579930247e+02 9.209347083726625582e-01 1.255238865350591093e-01 5.232292974538608199e-01
7.990743758774337948e+02 9.213705470011185339e-01 1.251031648351643710e-01 5.232368559181415080e-01
8.000744063968750197e+02 9.232058162283667269e-01 1.252820026767914041e-01 5.242439094525790377e-01
8.010744369163157899e+02 9.243650469210054066e-01 1.254145085851643138e-01 5.248897777530848741e-01
8.020744674357565600e+02 9.257237170287390127e-01 1.254145085851643138e-01 5.255691128069516216e-01
8.030744979551973302e+02 9.262239347391703070e-01 1.255933749329028737e-01 5.259086548360365487e-01
8.040745284746381003e+02 9.275420673556781237e-01 1.257490563099400993e-01 5.266455618328090837e-01
8.050745589940793252e+02 9.289243366630397514e-01 1.260371960851644213e-01 5.274807663741021280e-01
8.060745895135200954e+02 9.300125758438979595e-01 1.258583012313144178e-01 5.279354385376061609e-01
8.070746200329608655e+02 9.305365381886301357e-01 1.259047566910516114e-01 5.282206474398408735e-01
8.080746505524020904e+02 9.321487300185762326e-01 1.260371960851644213e-01 5.290929630518703686e-01
8.090746810718428605e+02 9.333483527677672864e-01 1.260371960851644213e-01 5.296927744264658955e-01
8.100747115912836307e+02 9.341425909090568247e-01 1.258582632231657339e-01 5.300004270661112793e-01
8.110747421107244008e+02 9.346191415503465327e-01 1.257258523351644786e-01 5.301724969427554779e-01
8.120747726301651710e+02 9.354371340215820174e-01 1.262627079333834557e-01 5.308499209774827365e-01
8.130748031496063959e+02 9.362313818585168423e-01 1.265042117101644326e-01 5.313677967843406513e-01
8.140748336690471660e+02 9.377323258591576671e-01 1.268388544553119002e-01 5.322855901572347559e-01
8.150748641884879362e+02 9.390192772817450573e-01 1.269712273351644993e-01 5.329952523084547922e-01
8.160748947079291611e+02 9.390430703942703738e-01 1.267689194617208637e-01 5.329059949279956188e-01
8.170749252273699312e+02 9.397974691307657835e-01 1.261695404589054659e-01 5.329835047948355831e-01
8.180749557468107014e+02 9.414495585393750643e-01 1.263718768384605728e-01 5.339107176889178463e-01
8.190749862662514715e+02 9.419022869812050391e-01 1.265509047208309146e-01 5.342265958510179491e-01
8.200750167856922417e+02 9.422914798621637722e-01 1.271268992101644291e-01 5.347091895361640868e-01
8.210750473051334666e+02 9.433080585317451527e-01 1.269945928445720962e-01 5.351513256881585967e-01
8.220750778245742367e+02 9.431015122089561054e-01 1.271268992101644291e-01 5.351142057095602533e-01
8.230751083440150069e+02 9.430858149599024021e-01 1.274616274736462829e-01 5.352737212167743008e-01
8.240751388634562318e+02 9.439911748871135933e-01 1.276173088506835362e-01 5.358042418688985231e-01
8.250751693828970019e+02 9.444199647817453913e-01 1.280843339777207879e-01 5.362521493797330896e-01
8.260751999023377721e+02 9.447854324196931497e-01 1.280375174405709859e-01 5.364114749301320817e-01
8.270752304217785422e+02 9.450553397817451629e-01 1.279521036284256563e-01 5.365037217050854235e-01
8.280752609412193124e+02 9.451902740714815954e-01 1.283957062338321464e-01 5.367929901526569125e-01
8.290752914606605373e+02 9.453098601553796554e-01 1.288392898351644889e-01 5.370745749952721138e-01
8.300753219801013074e+02 9.459605445786383182e-01 1.292209866683909081e-01 5.375907656235145993e-01
8.310753524995420776e+02 9.455558095789436956e-01 1.299289929601643856e-01 5.377424012695540823e-01
8.320753830189833025e+02 9.462151425174318842e-01 1.301785449624306701e-01 5.381968437399312633e-01
8.330754135384240726e+02 9.465088914702335376e-01 1.314004784367254763e-01 5.389546849534795347e-01
8.340754440578648428e+02 9.471922114341438936e-01 1.319762163710551939e-01 5.395842139025995854e-01
8.350754745773056129e+02 9.480733710317450491e-01 1.325137371118764174e-01 5.402935540718107887e-01
8.360755050967463831e+02 9.481693191334354953e-01 1.337121340400946323e-01 5.409407265867650638e-01
8.370755356161876080e+02 9.493681177528128234e-01 1.341086160431618768e-01 5.417383668979873779e-01
8.380755661356283781e+02 9.495269711984576366e-01 1.338207898351643499e-01 5.416738805168109794e-01
8.390755966550691483e+02 9.497098407564598110e-01 1.344290247366244639e-01 5.420694327465421791e-01
8.400756271745103732e+02 9.505040788977497934e-01 1.362971442488481733e-01 5.434006115732989972e-01
8.410756576939511433e+02 9.511394732890392500e-01 1.380095918860709259e-01 5.445745325875550602e-01
8.420756882133919135e+02 9.517508224810371509e-01 1.398305812939173443e-01 5.457907018874772476e-01
8.430757187328326836e+02 9.518615661368082792e-01 1.408967478728404277e-01 5.463791570048243118e-01
8.440757492522734537e+02 9.518471002346532428e-01 1.424157435352644552e-01 5.471314218849588906e-01
8.450757797717146786e+02 9.535462813904249657e-01 1.446801170016633054e-01 5.491131991960441772e-01
8.460758102911554488e+02 9.543405292273597906e-01 1.462368832618489989e-01 5.502887062446043531e-01
8.470758408105962189e+02 9.548795586042290173e-01 1.476615902094088328e-01 5.512705744068189251e-01
8.480758713300374438e+02 9.551348061512289211e-01 1.493267937178097970e-01 5.522307999345194007e-01
8.490759018494782140e+02 9.555631403505511212e-01 1.510628539174067864e-01 5.533129971339789677e-01
8.500759323689189841e+02 9.558567147817451648e-01 1.523082764275924539e-01 5.540824956046688232e-01
8.510759628883597543e+02 9.562467996620324096e-01 1.536620696717326540e-01 5.549544346668825456e-01
8.520759934078005244e+02 9.568339194374858581e-01 1.552051054882034042e-01 5.560195124628446450e-01
8.530760239272417493e+02 9.575176078359021181e-01 1.581392870569416909e-01 5.578284474464219045e-01
8.540760544466825195e+02 9.586295431728364402e-01 1.604507621216044733e-01 5.595401526472204567e-01
8.550760849661232896e+02 9.591682622890699284e-01 1.620447763675071651e-01 5.606065193282885328e-01
8.560761154855645145e+02 9.594480010350260324e-01 1.630736189444167705e-01 5.612608099897213876e-01
8.570761460050052847e+02 9.605115647996753658e-01 1.655272919953688082e-01 5.630194283975220593e-01
8.580761765244460548e+02 9.609639151113550382e-01 1.685459656786454097e-01 5.647549403950001823e-01
8.590762070438868250e+02 9.616719298827643980e-01 1.705934931547253841e-01 5.661327115187448911e-01
8.600762375633275951e+02 9.627354354735446762e-01 1.734431350987371001e-01 5.680892852861408882e-01
8.610762680827688200e+02 9.633950592813790292e-01 1.763535045623208508e-01 5.698742819218499678e-01
8.620762986022095902e+02 9.641650680061238932e-01 1.790237575465495612e-01 5.715944127763367133e-01
8.630763291216503603e+02 9.647762135895793234e-01 1.814432992799772382e-01 5.731097564347782392e-01
8.640763596410915852e+02 9.653497885491414410e-01 1.835384129582192936e-01 5.744441007536803534e-01
8.650763901605323554e+02 9.668654699299930044e-01 1.861135695544237079e-01 5.764895197422084117e-01
8.660764206799731255e+02 9.673420205712827125e-01 1.880292752688073610e-01 5.776856479200450645e-01
8.670764511994138957e+02 9.677942836221584688e-01 1.903406268069869345e-01 5.790674552145727016e-01
8.680764817188546658e+02 9.685025601759795766e-01 1.930347394065562439e-01 5.807686497912678547e-01
8.690765122382958907e+02 9.695658912451522449e-01 1.956812467998917671e-01 5.826235690225219921e-01
8.700765427577366609e+02 9.702499189911388822e-01 1.982800919747677582e-01 5.842650054829533479e-01
8.710765732771774310e+02 9.713132112777314031e-01 2.004595647390277346e-01 5.858863880083795550e-01
8.720766037966186559e+02 9.717897619190215552e-01 2.026151873899852129e-01 5.872024746545033702e-01
8.730766343160594261e+02 9.727671895745942932e-01 2.048423698828892581e-01 5.888047797287417895e-01
8.740766648355001962e+02 9.738791249115287263e-01 2.070218521491863917e-01 5.904504885303575312e-01
8.750766953549409664e+02 9.744657986873177524e-01 2.098479005348983795e-01 5.921568496111080382e-01
8.760767258743817365e+02 9.748078707341799598e-01 2.122909598103285833e-01 5.935494152722542438e-01
8.770767563938229614e+02 9.759929500160580140e-01 2.144943301980788697e-01 5.952436401070684280e-01
8.780767869132637315e+02 9.771661715242522250e-01 2.172964999643759720e-01 5.972313357443140847e-01
8.790768174327045017e+02 9.771661812198970676e-01 2.196555707332366325e-01 5.984108759765668362e-01
8.800768479521457266e+02 9.782413215845284782e-01 2.220985539923704399e-01 6.001699377884495146e-01
8.810768784715864967e+02 9.800986580995132424e-01 2.244815698949064187e-01 6.022901139972098861e-01
8.820769089910272669e+02 9.811861701070057062e-01 2.274394210382406079e-01 6.043127955726231848e-01
8.830769395104680370e+02 9.821392616939403908e-01 2.301936910351502774e-01 6.061664763645453480e-01
8.840769700299088072e+02 9.828846046981212226e-01 2.321935277866608582e-01 6.075390662423910682e-01
8.850770005493500321e+02 9.833611456437663101e-01 2.341095945784578691e-01 6.087353701111121174e-01
8.860770310687908022e+02 9.837033146470778311e-01 2.367081261861073427e-01 6.102057204165926008e-01
8.870770615882315724e+02 9.847543225516126597e-01 2.384685591110521086e-01 6.116114408313323425e-01
8.880770921076727973e+02 9.864526795775701018e-01 2.413187331691468429e-01 6.138857063733584862e-01
8.890771226271135674e+02 9.871489335317445990e-01 2.446119492124535777e-01 6.158804413720990745e-01
8.900771531465543376e+02 9.871979547122365917e-01 2.480128138348895450e-01 6.176053842735630406e-01
8.910771836659951077e+02 9.878578693894174423e-01 2.509466438282512146e-01 6.194022566088343007e-01
8.920772141854358779e+02 9.891777084394232089e-01 2.534134391925387253e-01 6.212955738159809949e-01
8.930772447048771028e+02 9.903503482089255350e-01 2.564193801460050715e-01 6.233848641774653032e-01
8.940772752243178729e+02 9.907416935230465294e-01 2.589937195670128367e-01 6.248677065450296553e-01
8.950773057437586431e+02 9.921467669871557593e-01 2.613770015265894364e-01 6.267618842568726256e-01
8.960773362631998680e+02 9.930998585740907769e-01 2.645868371937074026e-01 6.288433478838990620e-01
8.970773667826406381e+02 9.938449494915051474e-01 2.686103418059574977e-01 6.312276456487313503e-01
8.980773973020814083e+02 9.945786868087700405e-01 2.721427146228633243e-01 6.333607007158166269e-01
8.990774278215221784e+02 9.961179770848944681e-01 2.754119190182346966e-01 6.357649480515645823e-01
9.000774583409629486e+02 9.970956762185237965e-01 2.781658754479176543e-01 6.376307758332206976e-01
9.010774888604041735e+02 9.983664650011031538e-01 2.813758916537417720e-01 6.398711783274224629e-01
9.020775193798449436e+02 9.996372537836829553e-01 2.845968447043502048e-01 6.421170492440165800e-01
9.030775498992857138e+02 1.000675288915374050e+00 2.879143384526330340e-01 6.442948136840035422e-01
9.040775804187269387e+02 1.001017632440293736e+00 2.916264232985874560e-01 6.463220278694405962e-01
9.050776109381677088e+02 1.002020026381421181e+00 2.950513090709959707e-01 6.485356677262086311e-01
9.060776414576084790e+02 1.002899130502308722e+00 2.984520216608371745e-01 6.506755760815730039e-01
9.070776719770492491e+02 1.003082659364162188e+00 3.019978113542307052e-01 6.525402353591964744e-01
9.080777024964900193e+02 1.004109796591013293e+00 3.064640538865046615e-01 6.552869252387589771e-01
9.090777330159312442e+02 1.005440659589243779e+00 3.101276973469528353e-01 6.577841784680983350e-01
9.100777635353720143e+02 1.005991314044319074e+00 3.130613468016081868e-01 6.595263304229636026e-01
9.110777940548127845e+02 1.007078544878109883e+00 3.160434186376955279e-01 6.615609817579026775e-01
9.120778245742540093e+02 1.008165756320611450e+00 3.191811813528588337e-01 6.636734688367351698e-01
9.130778550936947795e+02 1.008667040551979310e+00 3.228102183939223768e-01 6.657386294729508158e-01
9.140778856131355496e+02 1.009436545103190808e+00 3.266293911988110699e-01 6.680329681510008832e-01
9.150779161325763198e+02 1.010047186513112871e+00 3.299956303977897298e-01 6.700214084554513283e-01
9.160779466520170899e+02 1.010598015489795110e+00 3.344859795983706752e-01 6.725419975440829479e-01
9.170779771714583148e+02 1.012027648022375326e+00 3.381493950099265788e-01 6.750885215161509523e-01
9.180780076908990850e+02 1.013065246850047174e+00 3.414914610263380945e-01 6.772783539381925788e-01
9.190780382103398551e+02 1.013248892059639195e+00 3.453347880097198952e-01 6.792918400346795726e-01
9.200780687297810800e+02 1.014435222079705934e+00 3.487353675710421208e-01 6.815852948253739996e-01
9.210780992492218502e+02 1.015631587092218568e+00 3.520532033926633275e-01 6.838423952424409480e-01
9.220781297686626203e+02 1.016083316882626209e+00 3.555851201117848914e-01 6.858342184972054945e-01
9.230781602881033905e+02 1.016818023764378465e+00 3.588786592243554119e-01 6.878483414943669105e-01
9.240781908075441606e+02 1.018699357000430794e+00 3.621965615602366073e-01 6.904479592803336452e-01
9.250782213269853855e+02 1.019577908469560645e+00 3.663998257117213053e-01 6.929888670906410031e-01
9.260782518464261557e+02 1.019553058531744050e+00 3.704230547648932337e-01 6.949880566483186417e-01
9.270782823658669258e+02 1.020153936427275809e+00 3.741592937893389870e-01 6.971566151083073981e-01
9.280783128853081507e+02 1.021717543380749493e+00 3.778955328137862391e-01 6.998065380972678939e-01
9.290783434047489209e+02 1.022412246031743521e+00 3.815004916926542644e-01 7.019563688621989206e-01
9.300783739241896910e+02 1.022595988197784855e+00 3.858594277191369493e-01 7.042277079584609023e-01
9.310784044436304612e+02 1.023281189116801659e+00 3.897025266536267019e-01 7.064918578852141806e-01
9.320784349630712313e+02 1.024234280703736122e+00 3.929961607865689599e-01 7.086152207451525964e-01
9.330784654825124562e+02 1.025237227296622367e+00 3.973215641238711515e-01 7.112793957102467868e-01
9.340784960019532264e+02 1.026666869524846426e+00 4.023611405750699976e-01 7.145140050499582118e-01
9.350785265213939965e+02 1.028021671070274534e+00 4.061552660099717604e-01 7.170884685401230918e-01
9.360785570408352214e+02 1.028865822391385354e+00 4.088751481343547711e-01 7.188704852628700070e-01
9.370785875602759916e+02 1.029877902281743918e+00 4.131273382752397860e-01 7.215026202784918796e-01
9.380786180797167617e+02 1.029744034512944051e+00 4.174862838037598500e-01 7.236151591583519505e-01
9.390786485991575319e+02 1.030295532489123200e+00 4.216160972078979996e-01 7.259558148485105722e-01
9.400786791185983020e+02 1.031909004144192288e+00 4.247786317339685702e-01 7.283438179390804290e-01
9.410787096380395269e+02 1.032945943668013289e+00 4.285970348738479818e-01 7.307714892709306076e-01
9.420787401574802971e+02 1.033581338059302857e+00 4.320464264001249166e-01 7.328138822297138866e-01
9.430787706769210672e+02 1.034375576200592395e+00 4.355203616884187334e-01 7.349479689445055364e-01
9.440788011963622921e+02 1.035269950962159458e+00 4.395924882248833376e-01 7.374312195935214254e-01
9.450788317158030623e+02 1.036574383632457907e+00 4.439023462293690825e-01 7.402383649309134395e-01
9.460788622352438324e+02 1.037627670013538728e+00 4.475894787257064245e-01 7.426085743696225761e-01
9.470788927546846026e+02 1.038848342007755221e+00 4.509323714193518295e-01 7.448903567135535253e-01
9.480789232741253727e+02 1.039776360657041154e+00 4.548734363570915429e-01 7.473248985070664041e-01
9.490789537935665976e+02 1.040595681431624842e+00 4.596502434723192532e-01 7.501229624519720751e-01
9.500789843130073677e+02 1.041339744610682017e+00 4.632881269099903832e-01 7.523139357603362276e-01
9.510790148324481379e+02 1.041682543830910523e+00 4.662951796018047212e-01 7.539888617163575946e-01
9.520790453518893628e+02 1.042685849162656941e+00 4.699249578017693496e-01 7.563054034822132010e-01
9.530790758713301329e+02 1.043588707613489985e+00 4.734070553399943870e-01 7.584978814767422417e-01
9.540791063907709031e+02 1.044198970893261524e+00 4.765698369190317640e-01 7.603844039061466997e-01
9.550791369102116732e+02 1.044700652646069150e+00 4.800440002562177400e-01 7.623723264511435005e-01
9.560791674296524434e+02 1.045152052784551255e+00 4.842226161232747184e-01 7.646873344539130146e-01
9.570791979490936683e+02 1.045520070377101485e+00 4.879341973612587591e-01 7.667271338691801219e-01
9.580792284685344384e+02 1.046473161964035725e+00 4.910477393836674698e-01 7.687604506738515697e-01
9.590792589879752086e+02 1.047610276890712733e+00 4.950383479432255984e-01 7.713243124169691933e-01
9.600792895074164335e+02 1.048697032637905480e+00 4.991428859284860464e-01 7.739199592831957908e-01
9.610793200268572036e+02 1.049859365936903988e+00 5.026171632901181852e-01 7.762382646135110864e-01
9.620793505462979738e+02 1.051238590811774509e+00 5.067957221449519434e-01 7.790171564783632263e-01
9.630793810657387439e+02 1.052007620276386834e+00 5.105566759680837396e-01 7.812821481222352871e-01
9.640794115851795141e+02 1.052801858417676595e+00 5.145795439438431984e-01 7.836907011807598966e-01
9.650794421046207390e+02 1.053671809849801910e+00 5.181353772905300525e-01 7.859035935701659259e-01
9.660794726240615091e+02 1.055000462240999637e+00 5.211746893985458318e-01 7.880875758197727343e-01
9.670795031435022793e+02 1.055159315686644339e+00 5.242067894603472666e-01 7.896830525734958028e-01
9.680795336629435042e+02 1.055895767784474693e+00 5.276811998505014367e-01 7.917884838174880091e-01
9.690795641823842743e+02 1.057484253762699389e+00 5.317040203160749989e-01 7.945941370393871939e-01
9.700795947018250445e+02 1.058996881015415115e+00 5.353906967146279117e-01 7.971937888650215687e-01
9.710796252212658146e+02 1.059289291969224056e+00 5.381928854849993282e-01 7.987410887271116922e-01
9.720796557407065848e+02 1.059765832914868922e+00 5.414372895633501326e-01 8.006015612391095271e-01
9.730796862601478097e+02 1.060293004518055193e+00 5.444447603448013817e-01 8.023688824314283430e-01
9.740797167795885798e+02 1.061296746153820747e+00 5.476891549211148069e-01 8.044929505374678325e-01
9.750797472990293500e+02 1.062885232132044999e+00 5.508026874414863050e-01 8.068439597867655966e-01
9.760797778184705749e+02 1.064188152281743127e+00 5.539162199618590243e-01 8.090521861218010757e-01
9.770798083379113450e+02 1.064213506393093311e+00 5.568243849528172751e-01 8.105189456729553488e-01
9.780798388573521152e+02 1.064346996031743320e+00 5.601367571030640979e-01 8.122418765674037644e-01
9.790798693767928853e+02 1.064372369534383189e+00 5.648632699355347064e-01 8.146178197349589478e-01
9.800798998962336555e+02 1.065058520626597671e+00 5.683940844183444918e-01 8.167263025224711370e-01
9.810799304156748804e+02 1.066195848857461881e+00 5.715325027740726371e-01 8.188641758157673145e-01
9.820799609351156505e+02 1.067466637640041460e+00 5.749822838838735128e-01 8.212244607619574310e-01
9.830799914545564206e+02 1.068210070602182205e+00 5.784881365150303933e-01 8.233491035586062434e-01
9.840800219739976455e+02 1.069004308743471965e+00 5.812903157833660961e-01 8.251473122634189750e-01
9.850800524934384157e+02 1.069690566487780048e+00 5.842730907702042842e-01 8.269818286289921661e-01
9.860800830128791858e+02 1.071069316276051397e+00 5.870752795405755897e-01 8.290722979083134936e-01
9.870801135323199560e+02 1.071571317985139826e+00 5.907057133811036698e-01 8.311385156831216925e-01
9.880801440517607261e+02 1.072524409572074733e+00 5.942363758313184974e-01 8.333803927016966151e-01
9.890801745712019510e+02 1.073057931822654298e+00 5.973998320549965824e-01 8.352288819388253849e-01
9.900802050906427212e+02 1.072950038686476537e+00 6.007997559757523032e-01 8.368748973311144201e-01
9.910802356100834913e+02 1.073636403082878443e+00 6.045359854981607883e-01 8.390861942905196713e-01
9.920802661295247162e+02 1.074220808077766875e+00 6.078051993955708721e-01 8.410130037366688738e-01
9.930802966489654864e+02 1.074564014515079879e+00 6.116164284973832910e-01 8.430902215062315852e-01
9.940803271684062565e+02 1.075148371031743544e+00 6.157696834272263775e-01 8.454590272294849607e-01
9.950803576878470267e+02 1.075358272047658881e+00 6.189388313711696732e-01 8.471485517094142770e-01
9.960803882072877968e+02 1.075968128110346145e+00 6.219717581102051085e-01 8.489699431102756266e-01
9.970804187267290217e+02 1.076495765104486413e+00 6.253966438826150664e-01 8.509462044935507397e-01
9.980804492461697919e+02 1.077028938311850981e+00 6.290022489000106631e-01 8.530155936059308219e-01
9.990804797656105620e+02 1.076762375947280637e+00 6.321963016833833660e-01 8.544793388153320013e-01
1.000080510285051787e+03 1.077658912837655469e+00 6.353850238239038273e-01 8.565219683307796483e-01
1.001080540804492557e+03 1.078642933531743342e+00 6.392518588472506647e-01 8.589473961894970033e-01
1.002080571323933327e+03 1.078458493279271124e+00 6.425712435009307555e-01 8.605148683901009399e-01
1.003080601843374097e+03 1.078694145927976633e+00 6.467996025325866150e-01 8.627468742302816240e-01
1.004080632362814868e+03 1.079145080675504742e+00 6.509275630394761869e-01 8.650363218574904645e-01
1.005080662882256092e+03 1.079303934121149888e+00 6.538100915341439334e-01 8.665570128276469664e-01
1.006080693401696863e+03 1.079647266601846622e+00 6.568433033342946370e-01 8.682452849680706297e-01
1.007080723921137633e+03 1.080308305973832539e+00 6.604489938700247587e-01 8.703786499219285933e-01
1.008080754440578858e+03 1.081184433531743316e+00 6.642103752848311782e-01 8.726974044082872473e-01
1.009080784960019628e+03 1.080656573537770893e+00 6.676903443667294713e-01 8.741734589522501819e-01
1.010080815479460398e+03 1.080574732599374643e+00 6.706985182989301242e-01 8.756366254491523282e-01
1.011080845998901168e+03 1.080549058531743212e+00 6.739425612998682924e-01 8.772458099158058076e-01
1.012080876518341938e+03 1.081051283240664018e+00 6.772369460937471830e-01 8.791441146672056561e-01
1.013080907037783163e+03 1.081210136686309164e+00 6.806366419656123545e-01 8.809233893259607040e-01
1.014080937557223933e+03 1.081502121031743702e+00 6.838257726937296832e-01 8.826639468627366369e-01
1.015080968076664703e+03 1.081553566123454324e+00 6.877977382563551512e-01 8.846756521899047376e-01
1.016080998596105928e+03 1.081952920040242683e+00 6.905494902134152735e-01 8.862512051268289781e-01
1.017081029115546698e+03 1.081819808531742977e+00 6.933768878884059017e-01 8.875983482100744393e-01
1.018081059634987469e+03 1.082373594680113182e+00 6.961790671567400501e-01 8.892763309184266163e-01
1.019081090154428239e+03 1.082957476110178119e+00 6.989559995123064695e-01 8.909567378112422942e-01
1.020081120673869009e+03 1.083249402281743157e+00 7.013416664832136105e-01 8.922955343824783281e-01
1.021081151193310234e+03 1.083064777812018598e+00 7.044551990035863298e-01 8.937599884078024637e-01
1.022081181712751004e+03 1.082931714781743215e+00 7.075181806861988720e-01 8.952249477339710992e-01
1.023081212232191774e+03 1.082983315003771985e+00 7.102911031820783316e-01 8.966372090929251026e-01
1.024081242751632999e+03 1.083751743338402740e+00 7.144690729106092375e-01 8.991104081245060442e-01
1.025081273271073769e+03 1.083674294527134707e+00 7.182053119350548798e-01 9.009398032310947935e-01
1.026081303790514539e+03 1.083275231479692291e+00 7.217352522304445461e-01 9.025052418550684186e-01
1.027081334309955309e+03 1.083618767568931052e+00 7.246677899467508510e-01 9.041432787578409513e-01
1.028081364829396080e+03 1.084438854299459631e+00 7.274446367839826344e-01 9.059417455417211329e-01
1.029081395348837304e+03 1.084811981496859756e+00 7.299101208671412433e-01 9.073610511820004998e-01
1.030081425868278075e+03 1.084863707762272034e+00 7.319339217564012623e-01 9.083988147593367035e-01
1.031081456387718845e+03 1.085022561207916958e+00 7.343197882700889245e-01 9.096711747390029412e-01
1.032081486907160070e+03 1.084996683531743056e+00 7.370965970991734117e-01 9.110466403154582338e-01
1.033081517426600840e+03 1.085314371031742997e+00 7.394317512404704473e-01 9.123730611361067222e-01
1.034081547946041610e+03 1.085155527281743248e+00 7.422846998934183871e-01 9.137201135875807623e-01
1.035081578465482380e+03 1.085129610822990420e+00 7.457349751091522094e-01 9.154322929660713148e-01
1.036081608984923150e+03 1.085207379590538812e+00 7.486166199143616806e-01 9.169119997524501908e-01
1.037081639504364375e+03 1.085632058531743382e+00 7.513393716539708000e-01 9.184857150928571468e-01
1.038081670023805145e+03 1.085473214781743190e+00 7.545577306484312352e-01 9.200154727150872125e-01
1.039081700543245915e+03 1.085764947040410933e+00 7.576966906202765584e-01 9.217308188303436900e-01
1.040081731062687140e+03 1.085473214781743190e+00 7.604225400240038901e-01 9.229478774028735399e-01
1.041081761582127911e+03 1.085868826179609670e+00 7.626529247034350423e-01 9.242608754415223560e-01
1.042081792101568681e+03 1.086267433531743043e+00 7.655853103871463894e-01 9.259263719594447162e-01
1.043081822621009451e+03 1.086452271305655026e+00 7.677393176917836071e-01 9.270957944987192612e-01
1.044081853140450221e+03 1.086585121031743428e+00 7.703065875971348841e-01 9.284458543144391562e-01
1.045081883659891446e+03 1.086743964781743399e+00 7.729813065388360105e-01 9.298626356602897047e-01
1.046081914179332216e+03 1.086769987892589828e+00 7.744079043917930782e-01 9.305889461421914532e-01
1.047081944698772986e+03 1.087087685088234945e+00 7.766128806238244975e-01 9.318502828560297768e-01
1.048081975218214211e+03 1.087538183531743474e+00 7.786622039849312449e-01 9.331001937583374151e-01
1.049082005737654981e+03 1.087564235729524764e+00 7.813087018762283620e-01 9.344364688028765631e-01
1.050082036257095751e+03 1.087459997851465632e+00 7.837995278925253828e-01 9.356297628719955073e-01
1.051082066776536522e+03 1.086796107959885793e+00 7.861091310558652179e-01 9.364526195078755055e-01
1.052082097295977292e+03 1.087616427385891482e+00 7.882630433401306425e-01 9.379397353630110068e-01
1.053082127815418517e+03 1.088384584242465758e+00 7.901311628523545183e-01 9.392578735474101936e-01
1.054082158334859287e+03 1.088861134883755133e+00 7.923362055986460373e-01 9.405986702412005851e-01
1.055082188854300057e+03 1.089470418903395021e+00 7.942299235990119000e-01 9.418501712512035162e-01
1.056082219373741282e+03 1.089048260829857950e+00 7.966695526390236148e-01 9.428589067344408381e-01
1.057082249893182052e+03 1.088650089781744157e+00 7.983820002762463952e-01 9.435160450289952205e-01
1.058082280412622822e+03 1.089020056198914288e+00 8.006126985229042869e-01 9.448163773609092875e-01
1.059082310932063592e+03 1.089285464781744261e+00 8.028965986756920747e-01 9.460910317287181126e-01
1.060082341451504362e+03 1.089233147081994701e+00 8.047647181879150624e-01 9.469989326349548264e-01
1.061082371970945587e+03 1.088465077486224120e+00 8.066584836984677098e-01 9.475617805923459702e-01
1.062082402490386357e+03 1.088306224040579639e+00 8.086053180866290546e-01 9.484557710636043470e-01
1.063082433009827128e+03 1.088147370594934715e+00 8.102647348543910999e-01 9.492060527246628521e-01
1.064082463529268352e+03 1.088014714781744052e+00 8.123671936073673105e-01 9.501909541945556814e-01
1.065082494048709123e+03 1.088040922109843267e+00 8.138982758610752155e-01 9.509695989854591858e-01
1.066082524568149893e+03 1.088358619305488384e+00 8.151693823777386161e-01 9.517640008416135000e-01
1.067082555087590663e+03 1.088438792592966609e+00 8.169075235234766197e-01 9.526731580582216141e-01
1.068082585607031433e+03 1.088067187611811537e+00 8.183871617479318017e-01 9.532271746798717249e-01
1.069082616126472658e+03 1.088650089781744157e+00 8.197354533125493781e-01 9.541927715471467675e-01
1.070082646645913428e+03 1.088623833975420396e+00 8.220448664351456269e-01 9.553343502052830116e-01
1.071082677165354198e+03 1.088543777035680948e+00 8.235759011786679684e-01 9.560598391071744029e-01
1.072082707684795423e+03 1.088782658334130460e+00 8.248997440016402338e-01 9.568412011678852913e-01
1.073082738204236193e+03 1.088253547601969462e+00 8.255739705512648019e-01 9.569137590766171320e-01
1.074082768723676963e+03 1.087379339781744170e+00 8.272080358838502789e-01 9.572936878327972243e-01
1.075082799243117734e+03 1.086982739428100420e+00 8.297246314249595578e-01 9.583536854265299887e-01
1.076082829762558504e+03 1.086796592742129919e+00 8.312565783640506467e-01 9.590265855530902828e-01
1.077082860281999729e+03 1.087035328605906459e+00 8.319566694588595990e-01 9.594959990323830290e-01
1.078082890801440499e+03 1.086902808531744258e+00 8.335908488158911833e-01 9.602468286738177206e-01
1.079082921320881269e+03 1.087008966147489319e+00 8.355630156351546711e-01 9.612859908913220508e-01
1.080082951840322494e+03 1.086108589781744627e+00 8.374569521823764795e-01 9.617827709820605531e-01
1.081082982359763264e+03 1.086082227323327487e+00 8.384692042023819125e-01 9.622757157628547553e-01
1.082083012879204034e+03 1.085949746031744878e+00 8.395330902923836547e-01 9.627414181620642664e-01
1.083083043398644804e+03 1.086161353481158720e+00 8.403890338008983552e-01 9.632751936410285376e-01
1.084083073918085574e+03 1.086426277281744568e+00 8.421273364812679185e-01 9.642768068815061877e-01
1.085083104437526799e+03 1.086029386058754431e+00 8.436323641490491854e-01 9.648308751039018638e-01
1.086083134956967569e+03 1.085420392908461373e+00 8.447742429601643455e-01 9.650973179343128594e-01
1.087083165476408340e+03 1.084811419149458223e+00 8.450593800916419429e-01 9.649353996205500827e-01
1.088083195995849564e+03 1.084837839781744862e+00 8.465902437984954565e-01 9.657140417901202145e-01
1.089083226515290335e+03 1.084652556008168123e+00 8.479913286816441742e-01 9.663219423449060930e-01
1.090083257034731105e+03 1.084520152281744476e+00 8.490551482573854836e-01 9.667876502695649243e-01
1.091083287554171875e+03 1.084361308531744283e+00 8.498594671979412540e-01 9.671103878648428243e-01
1.092083318073612645e+03 1.084334839421233543e+00 8.510529990831270375e-01 9.676939192521802902e-01
1.093083348593053870e+03 1.084175985975588841e+00 8.517016556507202019e-01 9.679388208131545213e-01
1.094083379112494640e+03 1.083725933531744623e+00 8.528433064129431473e-01 9.682846199723438296e-01
1.095083409631935410e+03 1.083699435334299022e+00 8.543481345379431158e-01 9.690237849361210687e-01
1.096083440151376635e+03 1.083381738138653683e+00 8.551005438494247990e-01 9.692411409940392408e-01
1.097083470670817405e+03 1.082931714781744548e+00 8.557232503534989432e-01 9.693274825676216899e-01
1.098083501190258175e+03 1.082905187497364530e+00 8.565536238799821289e-01 9.697294056886733848e-01
1.099083531709698946e+03 1.082746334051719383e+00 8.581623947896138693e-01 9.704543644206666819e-01
1.100083562229139716e+03 1.082508276883083820e+00 8.594334157879430780e-01 9.709708463355134489e-01
1.101083592748580941e+03 1.082719758289114598e+00 8.597707951197964826e-01 9.712452767044554847e-01
1.102083623268021711e+03 1.081845821946946229e+00 8.609906951581360879e-01 9.714182585525411584e-01
1.103083653787462481e+03 1.080522482769139536e+00 8.627806889207254581e-01 9.716515858449324972e-01
1.104083684306903706e+03 1.080337043865245317e+00 8.640261019288745237e-01 9.721815728970599757e-01
1.105083714826344476e+03 1.079701649473955527e+00 8.648819789231290134e-01 9.722918141985422702e-01
1.106083745345785246e+03 1.078907411332665989e+00 8.655568231051696815e-01 9.722321172189178906e-01
1.107083775865226016e+03 1.078616318986560296e+00 8.663091278942421924e-01 9.724627234404012999e-01
1.108083806384666786e+03 1.078325246031744067e+00 8.671135988673925876e-01 9.727194224495683272e-01
1.109083836904108011e+03 1.078113134408796636e+00 8.679180888446176301e-01 9.730156116267071331e-01
1.110083867423548782e+03 1.077663227399625390e+00 8.692930621296157678e-01 9.734781447646205788e-01
1.111083897942989552e+03 1.077160033126217220e+00 8.700453289105394283e-01 9.736026810183783242e-01
1.112083928462430777e+03 1.076710145508335659e+00 8.708498378918391181e-01 9.737799917000873329e-01
1.113083958981871547e+03 1.076604637500797379e+00 8.718100377522124411e-01 9.742073376265049101e-01
1.114083989501312317e+03 1.076736808531744138e+00 8.730293011540618542e-01 9.748830548429030518e-01
1.115084020020753087e+03 1.076339044700715286e+00 8.738338481435095062e-01 9.750864464221123962e-01
1.116084050540193857e+03 1.075730342419768393e+00 8.750530925412846051e-01 9.753917174805264434e-01
1.117084081059635082e+03 1.075068236526845800e+00 8.761428241723964172e-01 9.756055303496211639e-01
1.118084111579075852e+03 1.074115144939911337e+00 8.770506963140599632e-01 9.755829206269857057e-01
1.119084142098516622e+03 1.073003209602976460e+00 8.775439280596193381e-01 9.752735688312978990e-01
1.120084172617957847e+03 1.072262442943176630e+00 8.786074530722088882e-01 9.754349480076927037e-01
1.121084203137398617e+03 1.071971496031743687e+00 8.791269199424018854e-01 9.755492079870727862e-01
1.122084233656839388e+03 1.071971496031743687e+00 8.805280048255504921e-01 9.762497504286471450e-01
1.123084264176280158e+03 1.071627038856241887e+00 8.814096038344314543e-01 9.765183213453366706e-01
1.124084294695720928e+03 1.071229003547156555e+00 8.820323103385059316e-01 9.766306569428312434e-01
1.125084325215162153e+03 1.070011792898160063e+00 8.830188688499966965e-01 9.765153308740783800e-01
1.126084355734602923e+03 1.069747683531743876e+00 8.840298190909094966e-01 9.768887513113266863e-01
1.127084386254043693e+03 1.069747683531743876e+00 8.843937186085113478e-01 9.770707010701276118e-01
1.128084416773484918e+03 1.069588839781743683e+00 8.856916873842627380e-01 9.776402635830032661e-01
1.129084447292925688e+03 1.069720855682372296e+00 8.870139053588778077e-01 9.783673805206249963e-01
1.130084477812366458e+03 1.068872952146694866e+00 8.874809399879521887e-01 9.781769460673235272e-01
1.131084508331807228e+03 1.068291242541082653e+00 8.877396804601641600e-01 9.780154615006233509e-01
1.132084538851247999e+03 1.068318089781743696e+00 8.881563067820372748e-01 9.782371982818904854e-01
1.133084569370689223e+03 1.067734092003940205e+00 8.896100519551972674e-01 9.786720719795687362e-01
1.134084599890129994e+03 1.067020463454147805e+00 8.912434806512921082e-01 9.791319720527199566e-01
1.135084630409570764e+03 1.066358192735262556e+00 8.923332122824035872e-01 9.793457025088330159e-01
1.136084660929011989e+03 1.065695902625087399e+00 8.932672720385154141e-01 9.794815873318014621e-01
1.137084691448452759e+03 1.064769716452683035e+00 8.942540681009352177e-01 9.795118922768091263e-01
1.138084721967893529e+03 1.064373911141918816e+00 8.955760295205468235e-01 9.799749703312328197e-01
1.139084752487334299e+03 1.064637758725923922e+00 8.958610051173926392e-01 9.802493819216582249e-01
1.140084783006775069e+03 1.064478905280278997e+00 8.963280302444298631e-01 9.804034677623544303e-01
1.141084813526216294e+03 1.063576900046194318e+00 8.969771334077700775e-01 9.802770167269821977e-01
1.142084844045657064e+03 1.062866374102762190e+00 8.976526712385244355e-01 9.802595226706433129e-01
1.143084874565097834e+03 1.063843501193344254e+00 8.988980842466728349e-01 9.813707927200086001e-01
1.144084905084539059e+03 1.063393933531743496e+00 9.003256037972365844e-01 9.818597686644900957e-01
1.145084935603979829e+03 1.063181123822364738e+00 9.015181379685189844e-01 9.823496308954418055e-01
1.146084966123420600e+03 1.062518736755741156e+00 9.029985743640964735e-01 9.827586555599188145e-01
1.147084996642861370e+03 1.061619649910764629e+00 9.046580956542678020e-01 9.831388727825162155e-01
1.148085027162302140e+03 1.061646652281743597e+00 9.057213641118532221e-01 9.836840081967983540e-01
1.149085057681743365e+03 1.061062033982668407e+00 9.066554238679650490e-01 9.838587289253166723e-01
1.150085088201184135e+03 1.060031183323830062e+00 9.071986648351644256e-01 9.836149240794972437e-01
1.151085118720624905e+03 1.060085255935302229e+00 9.074338402551880289e-01 9.837595480952451288e-01
1.152085149240066130e+03 1.060085265630947182e+00 9.085765932537234191e-01 9.843309294423352451e-01
1.153085179759506900e+03 1.060534746031743358e+00 9.102359910174112612e-01 9.853853685245772542e-01
1.154085210278947670e+03 1.060135847810264043e+00 9.108587070235225625e-01 9.854972774168933025e-01
1.155085240798388440e+03 1.059182756223329358e+00 9.119484386546340415e-01 9.855655974389816443e-01
1.156085271317829211e+03 1.058574441768177499e+00 9.128824984107453133e-01 9.857284700894614060e-01
1.157085301837270435e+03 1.057993246031743384e+00 9.137140026796524150e-01 9.858536243556978995e-01
1.158085332356711206e+03 1.058365151577888685e+00 9.152707689398381641e-01 9.868179602588633692e-01
1.159085362876151976e+03 1.058256696094308280e+00 9.169300526790801209e-01 9.875933743866942560e-01
1.160085393395593201e+03 1.058578290939193645e+00 9.180463710102011454e-01 9.883123309746973950e-01
1.161085423915033971e+03 1.059078014171736415e+00 9.187183835851642222e-01 9.888981988784503185e-01
1.162085454434474741e+03 1.058864865114786946e+00 9.189538725724146762e-01 9.889093688436008112e-01
1.163085484953915511e+03 1.057752929777852513e+00 9.202258912846468242e-01 9.889894105312496686e-01
1.164085515473356281e+03 1.056799838190918051e+00 9.211333358346375233e-01 9.889665870127777314e-01
1.165085545992797506e+03 1.056486339209504077e+00 9.224586419713346475e-01 9.894724905904193069e-01
1.166085576512238276e+03 1.057199027281743531e+00 9.237531710096286153e-01 9.904760991456860175e-01
1.167085607031679046e+03 1.056668103463990427e+00 9.245582026029723899e-01 9.906131530334814084e-01
1.168085637551120271e+03 1.056218758802221824e+00 9.252566023351644908e-01 9.907376805686931576e-01
1.169085668070561042e+03 1.055928277281743544e+00 9.254656186468519508e-01 9.906969479642977472e-01
1.170085698590001812e+03 1.056141571773365762e+00 9.262973604666878691e-01 9.912194661200268708e-01
1.171085729109442582e+03 1.056563652281743870e+00 9.275694646972545421e-01 9.920665584894992062e-01
1.172085759628883352e+03 1.056590897043844679e+00 9.292552021079850677e-01 9.929230495759149289e-01
1.173085790148324577e+03 1.056881339781743590e+00 9.303182330146417822e-01 9.935997863981926859e-01
1.174085820667765347e+03 1.056268487764790098e+00 9.310966208957531798e-01 9.936825543302716390e-01
1.175085851187206117e+03 1.055479019880779301e+00 9.321863525268645478e-01 9.938326862038219245e-01
1.176085881706647342e+03 1.055928277281743544e+00 9.329380016753725524e-01 9.944331394785580480e-01
1.177085912226088112e+03 1.055955570522068898e+00 9.337966247583701085e-01 9.948760976402195588e-01
1.178085942745528882e+03 1.056245964781743485e+00 9.349617740585212111e-01 9.956038694201323480e-01
1.179085973264969653e+03 1.055687495636898232e+00 9.359761260287414730e-01 9.958318108328199081e-01
1.180086003784410423e+03 1.055106736204483475e+00 9.371412183166697440e-01 9.961239772605765541e-01
1.181086034303851648e+03 1.054707042940123962e+00 9.379731691813238958e-01 9.963401060607239845e-01
1.182086064823292418e+03 1.053518279313193196e+00 9.393474583196455008e-01 9.964328688164193482e-01
1.183086095342733188e+03 1.053441480110132389e+00 9.400990409538925174e-01 9.967702605320124531e-01
1.184086125862174413e+03 1.053994791171903422e+00 9.413228368274740854e-01 9.976588139996886984e-01
1.185086156381615183e+03 1.053731835587227605e+00 9.431104930889188109e-01 9.984211643380731527e-01
1.186086186901055953e+03 1.053835928030613989e+00 9.441465667161158537e-01 9.989912473733648657e-01
1.187086217420496723e+03 1.053359387084969123e+00 9.447692732201901089e-01 9.990643301525796716e-01
1.188086247939937493e+03 1.053173133746905688e+00 9.457570289883640013e-01 9.994650813676348999e-01
1.189086278459378718e+03 1.052833631045934748e+00 9.466105114692517919e-01 9.997220712575932700e-01
1.190086308978819488e+03 1.053331938714325844e+00 9.475501109130349819e-01 1.000441024813680357e+00
1.191086339498260259e+03 1.052696544323036054e+00 9.494932680128105318e-01 1.001094906167923293e+00
1.192086370017701483e+03 1.051929744856744620e+00 9.501909931003634791e-01 1.001060368978553994e+00
1.193086400537142254e+03 1.051584599290456445e+00 9.506849184946364328e-01 1.001134758892546550e+00
1.194086431056583024e+03 1.051349266598031296e+00 9.513345347679837971e-01 1.001341900683007546e+00
1.195086461576023794e+03 1.051211937484010761e+00 9.528163679630257121e-01 1.002014152723518237e+00
1.196086492095464564e+03 1.050582544696898823e+00 9.539540848818591767e-01 1.002268314789378945e+00
1.197086522614905789e+03 1.051431757144634549e+00 9.549689499620876987e-01 1.003200353553361124e+00
1.198086553134346559e+03 1.052274871031743331e+00 9.564448728900081242e-01 1.004359871960875727e+00
1.199086583653787329e+03 1.051715820148205527e+00 9.567292783646234033e-01 1.004222549256414521e+00
1.200086614173228554e+03 1.051535684762058054e+00 9.576155143676453596e-01 1.004575599564851762e+00
1.201086644692669324e+03 1.051770813845940733e+00 9.589626561857643727e-01 1.005366735015852608e+00
1.202086675212110094e+03 1.051667031663190199e+00 9.597410440668757703e-01 1.005704037865033040e+00
1.203086705731550865e+03 1.051929638204651019e+00 9.606481085353796301e-01 1.006288873370015269e+00
1.204086736250991635e+03 1.051611941009006124e+00 9.612708150394538853e-01 1.006441378024230060e+00
1.205086766770432860e+03 1.051211549658215283e+00 9.618935215435284736e-01 1.006552535600871767e+00
1.206086797289873630e+03 1.049650647789662550e+00 9.627259475100410357e-01 1.006188297649851737e+00
1.207086827809314400e+03 1.049097996031742586e+00 9.636329834724333132e-01 1.006365489752087949e+00
1.208086858328755625e+03 1.049470871142376138e+00 9.650611016513387375e-01 1.007265986396857382e+00
1.209086888848196395e+03 1.049491716778858663e+00 9.659951709094872774e-01 1.007743443844173026e+00
1.210086919367637165e+03 1.048911539085136457e+00 9.671323367101646307e-01 1.008021937897650488e+00
1.211086949887077935e+03 1.048462621031742703e+00 9.673421511929742866e-01 1.007902386112358606e+00
1.212086980406518705e+03 1.048303777281742510e+00 9.678633474339329856e-01 1.008083562357837693e+00
1.213087010925959930e+03 1.048621464781742674e+00 9.692373420091026093e-01 1.008929403395422586e+00
1.214087041445400700e+03 1.048676768740114174e+00 9.700157298902143399e-01 1.009346249315164368e+00
1.215087071964841471e+03 1.049125657706573067e+00 9.707398991472183658e-01 1.009932778426895661e+00
1.216087102484282696e+03 1.049657541393169691e+00 9.712069242742555897e-01 1.010432232833712529e+00
1.217087133003723466e+03 1.049968015333381688e+00 9.717553343496767582e-01 1.010861674841529112e+00
1.218087163523164236e+03 1.048669545484681942e+00 9.728179376646602927e-01 1.010743741574671173e+00
1.219087194042605006e+03 1.048041490696562938e+00 9.737248501005693058e-01 1.010883170398566122e+00
1.220087224562045776e+03 1.048566044475633063e+00 9.744489148351646035e-01 1.011507479655398889e+00
1.221087255081487001e+03 1.047930650084343052e+00 9.745847464565483564e-01 1.011257698270445760e+00
1.222087285600927771e+03 1.047537288076087370e+00 9.763515362443617729e-01 1.011944412160224571e+00
1.223087316120368541e+03 1.048041568261721901e+00 9.779008814135161654e-01 1.012971224837619033e+00
1.224087346639809766e+03 1.048434872096108084e+00 9.786051629067178403e-01 1.013520017501412962e+00
1.225087377159250536e+03 1.048144933531742540e+00 9.794576191675906651e-01 1.013801276349666658e+00
1.226087407678691307e+03 1.048303777281742510e+00 9.799790719635524949e-01 1.014141424622647447e+00
1.227087438198132077e+03 1.048275999259173474e+00 9.808314617101649979e-01 1.014553730484669236e+00
1.228087468717572847e+03 1.048013877499956781e+00 9.807302555122383581e-01 1.014372066506097569e+00
1.229087499237014072e+03 1.048089338704024653e+00 9.816915481068871907e-01 1.014890443405455978e+00
1.230087529756454842e+03 1.047108449703231248e+00 9.828357834232208656e-01 1.014972116563225946e+00
1.231087560275895612e+03 1.046687522976593954e+00 9.840266832441098011e-01 1.015357103110351877e+00
1.232087590795336837e+03 1.046369825780948837e+00 9.851164148752217242e-01 1.015743120328085336e+00
1.233087621314777607e+03 1.045790113478181071e+00 9.856845701838877760e-01 1.015737341831034479e+00
1.234087651834218377e+03 1.046425498173825686e+00 9.865448086132047045e-01 1.016485153393515084e+00
1.235087682353659147e+03 1.046715339781742804e+00 9.875526516879622463e-01 1.017133995734852636e+00
1.236087712873099917e+03 1.046500765464996929e+00 9.877629507746674697e-01 1.017131858119832089e+00
1.237087743392541142e+03 1.045921121031742951e+00 9.888526824057795039e-01 1.017386901718761116e+00
1.238087773911981913e+03 1.045921121031742951e+00 9.896037424279824357e-01 1.017762431729862804e+00
1.239087804431422683e+03 1.045949015402050541e+00 9.902264489320566909e-01 1.018087732167053616e+00
1.240087834950863908e+03 1.045893216965789740e+00 9.906934835611314050e-01 1.018293350263460573e+00
1.241087865470304678e+03 1.045575519770145734e+00 9.914718619402056454e-01 1.018523690855175801e+00
1.242087895989745448e+03 1.045659280446227024e+00 9.919388965692794713e-01 1.018799088507753137e+00
1.243087926509186218e+03 1.046612362337516977e+00 9.926898995792593494e-01 1.019651130958388219e+00
1.244087957028626988e+03 1.047116855827338489e+00 9.928181960851648613e-01 1.019967525956251730e+00
1.245087987548068213e+03 1.047612497193388892e+00 9.932665117010092137e-01 1.020439504447198997e+00
1.246088018067508983e+03 1.046977102802099102e+00 9.947410663355771288e-01 1.020859084568838115e+00
1.247088048586949753e+03 1.046313736475342981e+00 9.954185995941376985e-01 1.020866168034740395e+00
1.248088079106390978e+03 1.045631415162854072e+00 9.964260720894454471e-01 1.021028743626149815e+00
1.249088109625831748e+03 1.046135947435255398e+00 9.967922901041179617e-01 1.021464118769686680e+00
1.250088140145272519e+03 1.046930185576545158e+00 9.977537917435840287e-01 1.022341988660064649e+00
1.251088170664713289e+03 1.047219881749788417e+00 9.990725224705567786e-01 1.023146202110172709e+00
1.252088201184154059e+03 1.047696422695433727e+00 9.990450710851650484e-01 1.023370746890299277e+00
1.253088231703595284e+03 1.047930029563070686e+00 9.992282133496315222e-01 1.023579121456350993e+00
1.254088262223036054e+03 1.047350714781742465e+00 9.995945263846752749e-01 1.023472620583208759e+00
1.255088292742476824e+03 1.047537608032368395e+00 1.000629279228705926e+00 1.024083443630537271e+00
1.256088323261918049e+03 1.047481499335472188e+00 1.000656787626321043e+00 1.024069143480896615e+00
1.257088353781358819e+03 1.047406852565573532e+00 1.001590837880395268e+00 1.024498845222984400e+00
1.258088384300799589e+03 1.048014168369302945e+00 1.001874682734817279e+00 1.024944425552060112e+00
1.259088414820240359e+03 1.047958001498537683e+00 1.002552434540232573e+00 1.025255218019385239e+00
1.260088445339681130e+03 1.047957991802892730e+00 1.003303285517617827e+00 1.025630638660255389e+00
1.261088475859122354e+03 1.047939676729722436e+00 1.003742773740928573e+00 1.025841225235325505e+00
1.262088506378563125e+03 1.048939152281742837e+00 1.004054126992965701e+00 1.026496639637354269e+00
1.263088536898003895e+03 1.048378239834388825e+00 1.004365480245003051e+00 1.026371860039696049e+00
1.264088567417445120e+03 1.047883519554601905e+00 1.004493586710165420e+00 1.026188553132383774e+00
1.265088597936885890e+03 1.048275630824668569e+00 1.005070939990814649e+00 1.026673285407741609e+00
1.266088628456326660e+03 1.048547089489900941e+00 1.006472024873962923e+00 1.027509557181931932e+00
1.267088658975767430e+03 1.048939152281742837e+00 1.007323283878151621e+00 1.028131218079947118e+00
1.268088689495208200e+03 1.048967327825751861e+00 1.007873147765260047e+00 1.028420237795506065e+00
1.269088720014649425e+03 1.049228654542088801e+00 1.008907644054287456e+00 1.029068149298188128e+00
1.270088750534090195e+03 1.048882762411145197e+00 1.009219006808361518e+00 1.029050884609753247e+00
1.271088781053530965e+03 1.049051970805517486e+00 1.010125415636300206e+00 1.029588693220908846e+00
1.272088811572972190e+03 1.050107487184920307e+00 1.010097774210164889e+00 1.030102630697542487e+00
1.273088842092412960e+03 1.050312297987276100e+00 1.010620110695584328e+00 1.030466204341430103e+00
1.274088872611853731e+03 1.050135759685377979e+00 1.011059475392411811e+00 1.030597617538894895e+00
1.275088903131294501e+03 1.051032364445265932e+00 1.011370828644449382e+00 1.031201596544857768e+00
1.276088933650735271e+03 1.051004121031742677e+00 1.011920920580449579e+00 1.031462520806096128e+00
1.277088964170176496e+03 1.051378334141368498e+00 1.012799592961881823e+00 1.032088963551625049e+00
1.278088994689617266e+03 1.051611223531284667e+00 1.013522555460165231e+00 1.032566889495724949e+00
1.279089025209058036e+03 1.051162964781742426e+00 1.013366883585165468e+00 1.032264924183453836e+00
1.280089055728499261e+03 1.051537236065237524e+00 1.013578009349105136e+00 1.032557622707171330e+00
1.281089086247940031e+03 1.051798339781742087e+00 1.014200715853179169e+00 1.032999527817460628e+00
1.282089116767380801e+03 1.052172649847816777e+00 1.015034586129341942e+00 1.033603617988579249e+00
1.283089147286821571e+03 1.052592558531741940e+00 1.015829878134584030e+00 1.034211218333163096e+00
1.284089177806262342e+03 1.052620889206069110e+00 1.015574054787783620e+00 1.034097471996926476e+00
1.285089208325703567e+03 1.052938586401714227e+00 1.016041079914820955e+00 1.034489833158267480e+00
1.286089238845144337e+03 1.053256283597359344e+00 1.016380217123550977e+00 1.034818250360455050e+00
1.287089269364585107e+03 1.053386777281742459e+00 1.017342060836355255e+00 1.035364419059048746e+00
1.288089299884026332e+03 1.053142825161022422e+00 1.017936973881699458e+00 1.035539899521360940e+00
1.289089330403467102e+03 1.052592558531741940e+00 1.017981414909556070e+00 1.035286986720648894e+00
1.290089360922907872e+03 1.052433714781742413e+00 1.017725696085164833e+00 1.035079705433453512e+00
1.291089391442348642e+03 1.052405316237901234e+00 1.018120534235801067e+00 1.035262925236851039e+00
1.292089421961789412e+03 1.052706191489686471e+00 1.019026753022996834e+00 1.035866472256341542e+00
1.293089452481230637e+03 1.053732882716873265e+00 1.019310265306118346e+00 1.036521574011495694e+00
1.294089483000671407e+03 1.053863308531742371e+00 1.019621618558155252e+00 1.036742463544948922e+00
1.295089513520112178e+03 1.053460309052480559e+00 1.020088643685192586e+00 1.036774476368836684e+00
1.296089544039553402e+03 1.052910246031742325e+00 1.020188567108100353e+00 1.036549406569921228e+00
1.297089574558994173e+03 1.053472147434873829e+00 1.020144439647470591e+00 1.036808293541172210e+00
1.298089605078434943e+03 1.054050618695097530e+00 1.021417741134720725e+00 1.037734179914909127e+00
1.299089635597875713e+03 1.054527159640741951e+00 1.022663154142868791e+00 1.038595156891805260e+00
1.300089666117316483e+03 1.054311353977096744e+00 1.023697061305591127e+00 1.039004207641343935e+00
1.301089696636757708e+03 1.054527179032031858e+00 1.023585374360663547e+00 1.039056276696347592e+00
1.302089727156198478e+03 1.054498683531741809e+00 1.023329883585164746e+00 1.038914283558453278e+00
1.303089757675639248e+03 1.054657527281742002e+00 1.023513500951489741e+00 1.039085514116615983e+00
1.304089788195080473e+03 1.054441634357292656e+00 1.023697137321889050e+00 1.039069385839590964e+00
1.305089818714521243e+03 1.053834774248872508e+00 1.024475515700963291e+00 1.039155144974917899e+00
1.306089849233962013e+03 1.053790096717284630e+00 1.025070248207601065e+00 1.039430172462442847e+00
1.307089879753402784e+03 1.054930585728378167e+00 1.025437568458585247e+00 1.040184077093481818e+00
1.308089910272843554e+03 1.055394619292133740e+00 1.026343635213185834e+00 1.040869127252659787e+00
1.309089940792284779e+03 1.055350048412639463e+00 1.026754664835164643e+00 1.041052356623902053e+00
1.310089971311725549e+03 1.055582007020647861e+00 1.027122032596334611e+00 1.041352019808491125e+00
1.311090001831166319e+03 1.055423153575003159e+00 1.027349330827542317e+00 1.041386242201272738e+00
1.312090032350607544e+03 1.054816371031741529e+00 1.027277742479483447e+00 1.041047056755612488e+00
1.313090062870048314e+03 1.055162670379770073e+00 1.028084161370254490e+00 1.041623415875012171e+00
1.314090093389489084e+03 1.055292902281741663e+00 1.028622727335164910e+00 1.041957814808453175e+00
1.315090123908929854e+03 1.055105427292423403e+00 1.028650786850935805e+00 1.041878107071679604e+00
1.316090154428370624e+03 1.055191340401667732e+00 1.028962140102973155e+00 1.042076740252320555e+00
1.317090184947811849e+03 1.055769433531742019e+00 1.029457243749855255e+00 1.042613338640798748e+00
1.318090215467252619e+03 1.055553269129236416e+00 1.029684342438282219e+00 1.042618805783759317e+00
1.319090245986693390e+03 1.055105388509844255e+00 1.029896199859084316e+00 1.042500794184464397e+00
1.320090276506134614e+03 1.054628847564199390e+00 1.030079988262078361e+00 1.042354417913138764e+00
1.321090307025575385e+03 1.054686216694929346e+00 1.030702694766152616e+00 1.042694455730540870e+00
1.322090337545016155e+03 1.054975214781741943e+00 1.031325401270226871e+00 1.043150308025984518e+00
1.323090368064456925e+03 1.055003923586219194e+00 1.031891836710164601e+00 1.043447880148191897e+00
1.324090398583897695e+03 1.055134058531741914e+00 1.031708019801059084e+00 1.043421039166400499e+00
1.325090429103338920e+03 1.055350358673275979e+00 1.031608647496307318e+00 1.043479503084791649e+00
1.326090459622779690e+03 1.056115858923154072e+00 1.032188328776063813e+00 1.044152093849608942e+00
1.327090490142220460e+03 1.056274712368798774e+00 1.033264710044947687e+00 1.044769711206873231e+00
1.328090520661661685e+03 1.056404808531742345e+00 1.033009722877419101e+00 1.044707265704580834e+00
1.329090551181102455e+03 1.056347274575049511e+00 1.033292883585164246e+00 1.044820079080106989e+00
1.330090581700543225e+03 1.055769433531742685e+00 1.033321085631492720e+00 1.044545259581617813e+00
1.331090612219983996e+03 1.055581803412106279e+00 1.033788110758530276e+00 1.044684957085318278e+00
1.332090642739424766e+03 1.055639385847023437e+00 1.034127685060969970e+00 1.044883535453996704e+00
1.333090673258865991e+03 1.055422940270816623e+00 1.034722161012604724e+00 1.045072550641710674e+00
1.334090703778306761e+03 1.055451746031742744e+00 1.034849602335164542e+00 1.045150674183453532e+00
1.335090734297747531e+03 1.055076408227311635e+00 1.035033523766678787e+00 1.045054965996995211e+00
1.336090764817188756e+03 1.054412178988160864e+00 1.035005274210164528e+00 1.044708726599162585e+00
1.337090795336629526e+03 1.053920997618754241e+00 1.035288349399575702e+00 1.044604673509164972e+00
1.338090825856070296e+03 1.054339839781742949e+00 1.034849602335164542e+00 1.044594721058453857e+00
1.339090856375511066e+03 1.054469819596947744e+00 1.034849602335164542e+00 1.044659710966056032e+00
1.340090886894951836e+03 1.054022152281743008e+00 1.035245837285264869e+00 1.044633994783503939e+00
1.341090917414393061e+03 1.054180996031742756e+00 1.035939305460164439e+00 1.045060150745953598e+00
1.342090947933833831e+03 1.054368732803472763e+00 1.035599645639389887e+00 1.044984189221431325e+00
1.343090978453274602e+03 1.054498683531743142e+00 1.035472289835164261e+00 1.044985486683453590e+00
1.344091008972715827e+03 1.054253102542684006e+00 1.035684631859862481e+00 1.044968867201273355e+00
1.345091039492156597e+03 1.053328933064414219e+00 1.035755289008277957e+00 1.044542111036346199e+00
1.346091070011597367e+03 1.053069089781743184e+00 1.035627961710164469e+00 1.044348525745953715e+00
1.347091100531038137e+03 1.053069089781743184e+00 1.036151704497085158e+00 1.044610397139414282e+00
1.348091131050478907e+03 1.053098040977342054e+00 1.036618739126159650e+00 1.044858390051750963e+00
1.349091161569920132e+03 1.053040128890498917e+00 1.037085773755233920e+00 1.045062951322866418e+00
1.350091192089360902e+03 1.053011148607965408e+00 1.037778975873091980e+00 1.045395062240528805e+00
1.351091222608801672e+03 1.052274871031743109e+00 1.037283549156946316e+00 1.044779210094344712e+00
1.352091253128242897e+03 1.052087037303564232e+00 1.036746075926310962e+00 1.044416556614937708e+00
1.353091283647683667e+03 1.051957183531742723e+00 1.036873336710164351e+00 1.044415260120953537e+00
1.354091314167124438e+03 1.052274871031742665e+00 1.037241540650605476e+00 1.044758205841174181e+00
1.355091344686565208e+03 1.051928164466629401e+00 1.037467584612906446e+00 1.044697874539767923e+00
1.356091375206005978e+03 1.051480652281742589e+00 1.037340352335164528e+00 1.044410502308453559e+00
1.357091405725447203e+03 1.051263731618936381e+00 1.037552941412828611e+00 1.044408336515882496e+00
1.358091436244887973e+03 1.050816229129694523e+00 1.037835836063533357e+00 1.044326032596613940e+00
1.359091466764328743e+03 1.050151786586356994e+00 1.038217428374351270e+00 1.044184607480354021e+00
1.360091497283769968e+03 1.050297104911755319e+00 1.037623208977720424e+00 1.043960156944737871e+00
1.361091527803210738e+03 1.050628279053777314e+00 1.037127687241202523e+00 1.043877983147489807e+00
1.362091558322651508e+03 1.050151728412487495e+00 1.036901842821682296e+00 1.043526785617084895e+00
1.363091588842092278e+03 1.049921311412014724e+00 1.037213196073719423e+00 1.043567253742867074e+00
1.364091619361533049e+03 1.049370783000322938e+00 1.037368877450756788e+00 1.043369830225539863e+00
1.365091649880974273e+03 1.047610170238618243e+00 1.037807367960164040e+00 1.042708769099391031e+00
1.366091680400415044e+03 1.047321589064535319e+00 1.037623151965497259e+00 1.042472370515016289e+00
1.367091710919855814e+03 1.047062162694593734e+00 1.037553131453571975e+00 1.042307647074082855e+00
1.368091741439297039e+03 1.047509558531742213e+00 1.037651696085164277e+00 1.042580627308453245e+00
1.369091771958737809e+03 1.047133561423459147e+00 1.038090139084386188e+00 1.042611850253922778e+00
1.370091802478178579e+03 1.046310158782382871e+00 1.037680278212979479e+00 1.041995218497681286e+00
1.371091832997619349e+03 1.045603433531742121e+00 1.037778776330311459e+00 1.041691104931026679e+00
1.372091863517060119e+03 1.045979488813894021e+00 1.037835969092053778e+00 1.041907728952973899e+00
1.373091894036501344e+03 1.046397652281741975e+00 1.037991650469091365e+00 1.042194651375416559e+00
1.374091924555942114e+03 1.046397652281741975e+00 1.038458675596128478e+00 1.042428163938935226e+00
1.375091955075382884e+03 1.045833482097709988e+00 1.038557097697162979e+00 1.042195289897436483e+00
1.376091985594824109e+03 1.044909613184430652e+00 1.038372777180087247e+00 1.041641195182259061e+00
1.377092016114264879e+03 1.044274218793141085e+00 1.037893313886391056e+00 1.041083766339766070e+00
1.378092046633705650e+03 1.043985753966796715e+00 1.038741399210164174e+00 1.041363576588480555e+00
1.379092077153146420e+03 1.043538464781742281e+00 1.038585727335163966e+00 1.041062096058453124e+00
1.380092107672587190e+03 1.043350359575507147e+00 1.038159674992415793e+00 1.040755017283961470e+00
1.381092138192028415e+03 1.043003391227982135e+00 1.037311665684939932e+00 1.040157528456461034e+00
1.382092168711469185e+03 1.042397277684217194e+00 1.037213376612425852e+00 1.039805327148321634e+00
1.383092199230909955e+03 1.042397267988572684e+00 1.037680401739462965e+00 1.040038834864017936e+00
1.384092229750351180e+03 1.041920727042927819e+00 1.037467309053828446e+00 1.039694018048378243e+00
1.385092260269791950e+03 1.041197412543904521e+00 1.037311627676791526e+00 1.039254520110348023e+00
1.386092290789232720e+03 1.040461794271533513e+00 1.036844602549754413e+00 1.038653198410643963e+00
1.387092321308673490e+03 1.039291209978745689e+00 1.036746408497612126e+00 1.038018809238178797e+00
1.388092351828114261e+03 1.038773152281742274e+00 1.037184680460164321e+00 1.037978916370953186e+00
1.389092382347555485e+03 1.038614308531742081e+00 1.036815811377120866e+00 1.037715059954431585e+00
1.390092412866996256e+03 1.038614308531742081e+00 1.036590765128723390e+00 1.037602536830232847e+00
1.391092443386437026e+03 1.038396728565084581e+00 1.036688883164568642e+00 1.037542805864826612e+00
1.392092473905878251e+03 1.037949555727768702e+00 1.036590784132797927e+00 1.037270169930283314e+00
1.393092504425319021e+03 1.037790702282123778e+00 1.036504391610823639e+00 1.037147546946473708e+00
1.394092534944759791e+03 1.037284764141215954e+00 1.035881685106749162e+00 1.036583224623982558e+00
1.395092565464200561e+03 1.036490525999925749e+00 1.035685601067653838e+00 1.036088063533789683e+00
1.396092595983641331e+03 1.035984558772083064e+00 1.036094977335163980e+00 1.036039768053623522e+00
1.397092626503082556e+03 1.034902049717346006e+00 1.035939305460164439e+00 1.035420677588755112e+00
1.398092657022523326e+03 1.034107811576056690e+00 1.036094977335163980e+00 1.035101394455610446e+00
1.399092687541964096e+03 1.033848996031742296e+00 1.035939305460164439e+00 1.034894150745953478e+00
1.400092718061405321e+03 1.033690152281742103e+00 1.036464055463025780e+00 1.035077103872383830e+00
1.401092748580846091e+03 1.033472378402186864e+00 1.036631034762261372e+00 1.035051706582224007e+00
1.402092779100286862e+03 1.033054777281741998e+00 1.035939305460164439e+00 1.034497041370953330e+00
1.403092809619727632e+03 1.032866449075674486e+00 1.035841424975248781e+00 1.034353937025461523e+00
1.404092840139168402e+03 1.032925427683454078e+00 1.036561992960164602e+00 1.034743710321809340e+00
1.405092870658609627e+03 1.033213621031741525e+00 1.036406321085164395e+00 1.034809971058452849e+00
1.406092901178050397e+03 1.032836906445737890e+00 1.036221725009010663e+00 1.034529315727374277e+00
1.407092931697491167e+03 1.032231035293095234e+00 1.035910371756973758e+00 1.034070703525034496e+00
1.408092962216932392e+03 1.032042648913158445e+00 1.035627961710164469e+00 1.033835305311661568e+00
1.409092992736373162e+03 1.031218868141932310e+00 1.035599009002899251e+00 1.033408938572415892e+00
1.410093023255813932e+03 1.030672121031741773e+00 1.035870520213071355e+00 1.033271320622406453e+00
1.411093053775254702e+03 1.030513277281741580e+00 1.036250649210164188e+00 1.033381963245952884e+00
1.412093084294695473e+03 1.030612977597999524e+00 1.036435302298541083e+00 1.033524139948270193e+00
1.413093114814136698e+03 1.029977583206709957e+00 1.036717664835164809e+00 1.033347624020937383e+00
1.414093145333577468e+03 1.029371779923581309e+00 1.036717664835164809e+00 1.033044722379373059e+00
1.415093175853018238e+03 1.028836037370324696e+00 1.036532983240676220e+00 1.032684510305500458e+00
1.416093206372459463e+03 1.028101010532290971e+00 1.036406321085164395e+00 1.032253665808727572e+00
1.417093236891900233e+03 1.027783313336646076e+00 1.035978862440914083e+00 1.031881087888780080e+00
1.418093267411341003e+03 1.027495246031741694e+00 1.035189984310763922e+00 1.031342615171252808e+00
1.419093297930781773e+03 1.027277123108971013e+00 1.035627961710164247e+00 1.031452542409567741e+00
1.420093328450222543e+03 1.026989065499711362e+00 1.035501347064838429e+00 1.031245206282275007e+00
1.421093358969663768e+03 1.026482865576391568e+00 1.035841767048587103e+00 1.031162316312489224e+00
1.422093389489104538e+03 1.025718296108421690e+00 1.036591069193912862e+00 1.031154682651167276e+00
1.423093420008545309e+03 1.025123041686917924e+00 1.036591078695950019e+00 1.030857060191433971e+00
1.424093450527986533e+03 1.023593931837912363e+00 1.036873336710164351e+00 1.030233634274038357e+00
1.425093481047427304e+03 1.023265860302250863e+00 1.037369457075024259e+00 1.030317658688637561e+00
1.426093511566868074e+03 1.023712703487641207e+00 1.037496024210164514e+00 1.030604363848902860e+00
1.427093542086308844e+03 1.023812122630197718e+00 1.036785965478361771e+00 1.030299044054279634e+00
1.428093572605749614e+03 1.023276127990174533e+00 1.036620259452107229e+00 1.029948193721140992e+00
1.429093603125190839e+03 1.022323036403239627e+00 1.036844193962155991e+00 1.029583615182697809e+00
1.430093633644631609e+03 1.021588281043263047e+00 1.036746817085210548e+00 1.029167549064236908e+00
1.431093664164072379e+03 1.021429427597618345e+00 1.037427837591412993e+00 1.029428632594515669e+00
1.432093694683513604e+03 1.021330105411510925e+00 1.038361897347524820e+00 1.029846001379517872e+00
1.433093725202954374e+03 1.021429408206328660e+00 1.038897071085164381e+00 1.030163239645746520e+00
1.434093755722395144e+03 1.021111711010683321e+00 1.038867880826969792e+00 1.029989795918826445e+00
1.435093786241835915e+03 1.020605375348335508e+00 1.038556527574932442e+00 1.029580951461634086e+00
1.436093816761276685e+03 1.020506121031741875e+00 1.038274383585163996e+00 1.029390252308453046e+00
1.437093847280717910e+03 1.019940147457762736e+00 1.038274383585163996e+00 1.029107265521463255e+00
1.438093877800158680e+03 1.019175723424466051e+00 1.038585727335163966e+00 1.028880725379814898e+00
1.439093908319599450e+03 1.018540329033176484e+00 1.038303621353544370e+00 1.028421975193360538e+00
1.440093938839040675e+03 1.018123464781741871e+00 1.038712151939746420e+00 1.028417808360744257e+00
1.441093969358481445e+03 1.017686365719451702e+00 1.038089454937709544e+00 1.027887910328580734e+00
1.442093999877922215e+03 1.016505164695524099e+00 1.038021572384147939e+00 1.027263368539836019e+00
1.443094030397362985e+03 1.016157595218017073e+00 1.039014174191280393e+00 1.027585884704648844e+00
1.444094060916803755e+03 1.015552082804234146e+00 1.040201016642296361e+00 1.027876549723265143e+00
1.445094091436244980e+03 1.015453012704893521e+00 1.040483084615767551e+00 1.027968048660330425e+00
1.446094121955685750e+03 1.015681005794148106e+00 1.040765133585164426e+00 1.028223069689656377e+00
1.447094152475126521e+03 1.015195166725067377e+00 1.040580147925486587e+00 1.027887657325277093e+00
1.448094182994567745e+03 1.016247260541828679e+00 1.040239471386734671e+00 1.028243365964281786e+00
1.449094213514008516e+03 1.015998635120278548e+00 1.040201111662668376e+00 1.028099873391473462e+00
1.450094244033449286e+03 1.015680928228988922e+00 1.040453789835164011e+00 1.028067359032076578e+00
1.451094274552890056e+03 1.014757796184720506e+00 1.040609461710164219e+00 1.027683628947442251e+00
1.452094305072330826e+03 1.014410139446409787e+00 1.040424428540300816e+00 1.027417283993355301e+00
1.453094335591772051e+03 1.013555962828497581e+00 1.040327488757065266e+00 1.026941725792781313e+00
1.454094366111212821e+03 1.012782735149653890e+00 1.040823894183039666e+00 1.026803314666346889e+00
1.455094396630653591e+03 1.013268186392939807e+00 1.041017697733213954e+00 1.027142942063076880e+00
1.456094427150094816e+03 1.012345093131250318e+00 1.040483189138176501e+00 1.026414141134713409e+00
1.457094457669535586e+03 1.012366278115304219e+00 1.040979623070263038e+00 1.026672950592783629e+00
1.458094488188976356e+03 1.013169290815206347e+00 1.041602329574337515e+00 1.027385810194771931e+00
1.459094518708417127e+03 1.013100519606102479e+00 1.042069364203411785e+00 1.027584941904757132e+00
1.460094549227857897e+03 1.013456921816091594e+00 1.042759430649003338e+00 1.028108176232547466e+00
1.461094579747299122e+03 1.012821527424801582e+00 1.041951614958767758e+00 1.027386571191784670e+00
1.462094610266739892e+03 1.012057345782626738e+00 1.041669708519928905e+00 1.026863527151277822e+00
1.463094640786180662e+03 1.011868426142222166e+00 1.041417286902436290e+00 1.026642856522329339e+00
1.464094671305621887e+03 1.010915344250932213e+00 1.041884312029473625e+00 1.026399828140202919e+00
1.465094701825062657e+03 1.010816652281741668e+00 1.041854836710163879e+00 1.026335744495952884e+00
1.466094732344503427e+03 1.010468869500047440e+00 1.041951519938395743e+00 1.026210194719221480e+00
1.467094762863944197e+03 1.010529069759080967e+00 1.041417324910584918e+00 1.025973197334832943e+00
1.468094793383384967e+03 1.010816652281741668e+00 1.041728678162622490e+00 1.026272665222182079e+00
1.469094823902826192e+03 1.010498964781741726e+00 1.042225226119155357e+00 1.026362095450448653e+00
1.470094854422266963e+03 1.010309986967468321e+00 1.042662728416696716e+00 1.026486357692082407e+00
1.471094884941707733e+03 1.010340121031741756e+00 1.042974081668733843e+00 1.026657101350237689e+00
1.472094915461148958e+03 1.010559271692869299e+00 1.043255883585164412e+00 1.026907577639016855e+00
1.473094945980589728e+03 1.010627645380532957e+00 1.043255883585164412e+00 1.026941764482848685e+00
1.474094976500030498e+03 1.010279775338035257e+00 1.043041071030801348e+00 1.026660423184418303e+00
1.475095007019471268e+03 1.009992250989244056e+00 1.042633196085164249e+00 1.026312723537204263e+00
1.476095037538912038e+03 1.009356866293598776e+00 1.042907225335186983e+00 1.026132045814392768e+00
1.477095068058353263e+03 1.009137608980377410e+00 1.044063841805957127e+00 1.026600725393167268e+00
1.478095098577794033e+03 1.008464207661174505e+00 1.044189914835164323e+00 1.026327061248169414e+00
1.479095129097234803e+03 1.008812126181897195e+00 1.044345586710164531e+00 1.026578856446030752e+00
1.480095159616676028e+03 1.009197983761018991e+00 1.044034242960164338e+00 1.026616113360591775e+00
1.481095190136116798e+03 1.008850045849006838e+00 1.044189914835164323e+00 1.026519980342085692e+00
1.482095220655557569e+03 1.008373495207717019e+00 1.044404879422122123e+00 1.026389187314919571e+00
1.483095251174998339e+03 1.007609517174084868e+00 1.044782946477148311e+00 1.026196231825616589e+00
1.484095281694439109e+03 1.007480933531741840e+00 1.044686595820217612e+00 1.026083764675979726e+00
1.485095312213880334e+03 1.007450654032794768e+00 1.045242645533525305e+00 1.026346649783159926e+00
1.486095342733321104e+03 1.007700355670926307e+00 1.045872621096036736e+00 1.026786488383481633e+00
1.487095373252761874e+03 1.007707724361031731e+00 1.045991387058658129e+00 1.026849555709844930e+00
1.488095403772203099e+03 1.006815249945860469e+00 1.046955150182971916e+00 1.026885200064416193e+00
1.489095434291643869e+03 1.006906195094795509e+00 1.047681229349447518e+00 1.027293712222121513e+00
1.490095464811084639e+03 1.007132918054570947e+00 1.046747169593335913e+00 1.026940043823953541e+00
1.491095495330525409e+03 1.006626039436109288e+00 1.045902305460164383e+00 1.026264172448136947e+00
1.492095525849966180e+03 1.006588565768664623e+00 1.046243390586514721e+00 1.026415978177589672e+00
1.493095556369407404e+03 1.006875915595848214e+00 1.046769917470327327e+00 1.026822916533087771e+00
1.494095586888848175e+03 1.006974035521991162e+00 1.047459024210164236e+00 1.027216529866077810e+00
1.495095617408288945e+03 1.006875934987137899e+00 1.047058370812778305e+00 1.026967152899957991e+00
1.496095647927730170e+03 1.007034788432783046e+00 1.046399100469663557e+00 1.026716944451223412e+00
1.497095678447170940e+03 1.007102454338370867e+00 1.046435626300555199e+00 1.026769040319463144e+00
1.498095708966611710e+03 1.006656309239411407e+00 1.045932103848737693e+00 1.026294206544074550e+00
1.499095739486052480e+03 1.006338612043766956e+00 1.046028169444553235e+00 1.026183390744160207e+00
1.500095770005493250e+03 1.005892496031742578e+00 1.045991757638107478e+00 1.025942126834924917e+00
1.501095800524934475e+03 1.006051339781742326e+00 1.046925817394219305e+00 1.026488578587980705e+00
1.502095831044375245e+03 1.006369027281742046e+00 1.047644532481886159e+00 1.027006779881814102e+00
1.503095861563816015e+03 1.006429935322851854e+00 1.047896193936404874e+00 1.027163064629628364e+00
1.504095892083257240e+03 1.006656251065542129e+00 1.047704262287553867e+00 1.027180256676547998e+00
1.505095922602698010e+03 1.006497397619897205e+00 1.048363190557330071e+00 1.027430294088613749e+00
1.506095953122138781e+03 1.006369027281742046e+00 1.048111586115034966e+00 1.027240306698388395e+00
1.507095983641579551e+03 1.006240676334876571e+00 1.048704399210163896e+00 1.027472537772520234e+00
1.508096014161020321e+03 1.006527871031741794e+00 1.048422948869109028e+00 1.027475409950425522e+00
1.509096044680461546e+03 1.006466846642893653e+00 1.049015742960163644e+00 1.027741294801528760e+00
1.510096075199902316e+03 1.005953539811879960e+00 1.048704399210163674e+00 1.027328969511021928e+00
1.511096105719343086e+03 1.006466807860314283e+00 1.049105508705333811e+00 1.027786158282824047e+00
1.512096136238784311e+03 1.005861954750383314e+00 1.049608499043069854e+00 1.027735226896726584e+00
1.513096166758225081e+03 1.005544257554738863e+00 1.049482758585163822e+00 1.027513508069951342e+00
1.514096197277665851e+03 1.005098277281742281e+00 1.049512709006332090e+00 1.027305493144037296e+00
1.515096227797106621e+03 1.005098277281742281e+00 1.050009694056574627e+00 1.027553985669158454e+00
1.516096258316547392e+03 1.005635968659618573e+00 1.050416789835163733e+00 1.028026379247391153e+00
1.517096288835988616e+03 1.005703062522159241e+00 1.050075467157883802e+00 1.027889264840021522e+00
1.518096319355429387e+03 1.005415964781742444e+00 1.050291106389480644e+00 1.027853535585611544e+00
1.519096349874870157e+03 1.005794870583488043e+00 1.050476785697871840e+00 1.028135828140679831e+00
1.520096380394311382e+03 1.006179564685224515e+00 1.051350821085163423e+00 1.028765192885193969e+00
1.521096410913752152e+03 1.005703023739579871e+00 1.050668099714306525e+00 1.028185561726943309e+00
1.522096441433192922e+03 1.005226482793935006e+00 1.050848239335026246e+00 1.028037361064480626e+00
1.523096471952633692e+03 1.005159573148647123e+00 1.051847872649666282e+00 1.028503722899156703e+00
1.524096502472074462e+03 1.005672337023548302e+00 1.051602073952083716e+00 1.028637205487815898e+00
1.525096532991515687e+03 1.005226453707000589e+00 1.051320766141586649e+00 1.028273609924293730e+00
1.526096563510956457e+03 1.005159631322516622e+00 1.051410949976391951e+00 1.028285290649454176e+00
1.527096594030397227e+03 1.005605495247774428e+00 1.051847910657814911e+00 1.028726702952794669e+00
1.528096624549838452e+03 1.006240879943419042e+00 1.051727586361097089e+00 1.028984233152258065e+00
1.529096655069279223e+03 1.006210183531742297e+00 1.051069570286889521e+00 1.028639876909315909e+00
1.530096685588719993e+03 1.006179467728775867e+00 1.051812677103978855e+00 1.028996072416377361e+00
1.531096716108160763e+03 1.006271634528964620e+00 1.053434779371763996e+00 1.029853206950364308e+00
1.532096746627601533e+03 1.006558606225997909e+00 1.053158640669488832e+00 1.029858623447743371e+00
1.533096777147042758e+03 1.006814813641841111e+00 1.053339407424661811e+00 1.030077110533251350e+00
1.534096807666483528e+03 1.006876313117288202e+00 1.054248305786340101e+00 1.030562309451814151e+00
1.535096838185924298e+03 1.006655950500551233e+00 1.053374555460163231e+00 1.030015252980357232e+00
1.536096868705365523e+03 1.006497097054906087e+00 1.053374555460163231e+00 1.029935826257534659e+00
1.537096899224806293e+03 1.005861712359261473e+00 1.053128376681093492e+00 1.029495044520177593e+00
1.538096929744247063e+03 1.006271770267992860e+00 1.052626374555223787e+00 1.029449072411608324e+00
1.539096960263687834e+03 1.006338224217971922e+00 1.053123587654358317e+00 1.029730905936165009e+00
1.540096990783128604e+03 1.006240996291157597e+00 1.053530227335163438e+00 1.029885611813160518e+00
1.541097021302569829e+03 1.006558693486802047e+00 1.053746313162507331e+00 1.030152503324654578e+00
1.542097051822010599e+03 1.006655882631037002e+00 1.053936810003745173e+00 1.030296346317391087e+00
1.543097082341451369e+03 1.006558712878091733e+00 1.053746351170655959e+00 1.030152532024373846e+00
1.544097112860892594e+03 1.006276472655757592e+00 1.054092443870596307e+00 1.030184458263176950e+00
1.545097143380333364e+03 1.005923357269381757e+00 1.053283820507201263e+00 1.029603588888291510e+00
1.546097173899774134e+03 1.006113081648311258e+00 1.052842631419236508e+00 1.029477856533773883e+00
1.547097204419214904e+03 1.006845558531742180e+00 1.053158355608373453e+00 1.030001957070057816e+00
1.548097234938655674e+03 1.006245465983445442e+00 1.053123758691027145e+00 1.029684612337236294e+00
1.549097265458096899e+03 1.005764552301961379e+00 1.053530227335163438e+00 1.029647389818562520e+00
1.550097295977537669e+03 1.006051339781742326e+00 1.053685899210163424e+00 1.029868619495952764e+00
1.551097326496978440e+03 1.006082259193251005e+00 1.053158279592076196e+00 1.029620269392663712e+00
1.552097357016419664e+03 1.005799708710281015e+00 1.053093523208744386e+00 1.029446615959512812e+00
1.553097387535860435e+03 1.005036399676145109e+00 1.053495839462635919e+00 1.029266119569390625e+00
1.554097418055301205e+03 1.004652694530185908e+00 1.054680591465474215e+00 1.029666642997830062e+00
1.555097448574741975e+03 1.005319037419919015e+00 1.054840254196086846e+00 1.030079645808002820e+00
1.556097479094182745e+03 1.005354029002276217e+00 1.054183264341893134e+00 1.029768646672084564e+00
1.557097509613623970e+03 1.005129254867120459e+00 1.054775602335163764e+00 1.029952428601142111e+00
1.558097540133064740e+03 1.005415964781742444e+00 1.054278218199359740e+00 1.029847091490551092e+00
1.559097570652505510e+03 1.005353970828406940e+00 1.054152914835163601e+00 1.029753442831785382e+00
1.560097601171946735e+03 1.004211038514803978e+00 1.054308586710163809e+00 1.029259812612483893e+00
1.561097631691387505e+03 1.003509839781742796e+00 1.054122517818248062e+00 1.028816178799995429e+00
1.562097662210828275e+03 1.003637657468140487e+00 1.053997242960163616e+00 1.028817450214152052e+00
1.563097692730269046e+03 1.003540875540990251e+00 1.053811155064173999e+00 1.028676015302582236e+00
1.564097723249709816e+03 1.003827527281742737e+00 1.053530227335163438e+00 1.028678877308453199e+00
1.565097753769151041e+03 1.003350996031742604e+00 1.053746769260291760e+00 1.028548882646017182e+00
1.566097784288591811e+03 1.003509839781742796e+00 1.054122470308062054e+00 1.028816155044902425e+00
1.567097814808032581e+03 1.003668683531742989e+00 1.053841571085163409e+00 1.028755127308453199e+00
1.568097845327473806e+03 1.003478755544271017e+00 1.053811107553987769e+00 1.028644931549129282e+00
1.569097875846914576e+03 1.002940026732392687e+00 1.053313609393737638e+00 1.028126818063065162e+00
1.570097906366355346e+03 1.002176882524219881e+00 1.053124176780663168e+00 1.027650529652441413e+00
1.571097936885796116e+03 1.001161573984117314e+00 1.053716391247450535e+00 1.027438982615783925e+00
1.572097967405236886e+03 1.000491808531742466e+00 1.053655397670838934e+00 1.027073603101290811e+00
1.573097997924678111e+03 1.000301832066046392e+00 1.053933104209247240e+00 1.027117468137646927e+00
1.574098028444118881e+03 1.000174121031742525e+00 1.054247545623365756e+00 1.027210833327554251e+00
1.575098058963559652e+03 1.000015277281742332e+00 1.053624839119291501e+00 1.026820058200516916e+00
1.576098089483000876e+03 1.000522970334373207e+00 1.053218883585163024e+00 1.026870926959768227e+00
1.577098120002441647e+03 1.000398294036915381e+00 1.053405104509673507e+00 1.026901699273294444e+00
1.578098150521882417e+03 9.995075648378218824e-01 1.053313438357068588e+00 1.026410501597445180e+00
1.579098181041323187e+03 9.989686421130467009e-01 1.052751867960163512e+00 1.025860255036605162e+00
1.580098211560763957e+03 9.982367954465326543e-01 1.052565618529542224e+00 1.025401206988037384e+00
1.581098242080205182e+03 9.979190982508874264e-01 1.052626783142822209e+00 1.025272940696854818e+00
1.582098272599645952e+03 9.972524935787425715e-01 1.053249480144859529e+00 1.025250986861800939e+00
1.583098303119086722e+03 9.969347866874528341e-01 1.053343949398430235e+00 1.025139368042941479e+00
1.584098333638527947e+03 9.961405485461627407e-01 1.052876924271393122e+00 1.024508736408777931e+00
1.585098364157968717e+03 9.955364032183080525e-01 1.052534945953548018e+00 1.024035674585928035e+00
1.586098394677409487e+03 9.953462910135835173e-01 1.051570261131629547e+00 1.023458276072606532e+00
1.587098425196850258e+03 9.945833213270183215e-01 1.050853161390281398e+00 1.022718241358649749e+00
1.588098455716291028e+03 9.942656241313736487e-01 1.050572461710163497e+00 1.022419042920768462e+00
1.589098486235732253e+03 9.939479269357286428e-01 1.050758796659119643e+00 1.022353361797424087e+00
1.590098516755173023e+03 9.938203710317428108e-01 1.051225821786156978e+00 1.022523096408949783e+00
1.591098547274613793e+03 9.936302200444387944e-01 1.051350821085163867e+00 1.022490520564801386e+00
1.592098577794055018e+03 9.931223621658448186e-01 1.051133766050027951e+00 1.022128064107936440e+00
1.593098608313495788e+03 9.920753003887742283e-01 1.050541760628058485e+00 1.021308530508416412e+00
1.594098638832936558e+03 9.914377147817428071e-01 1.050416789835163733e+00 1.020927252308453159e+00
1.595098669352377328e+03 9.912475250118595316e-01 1.050603181796342600e+00 1.020925353404101177e+00
1.596098699871818098e+03 9.908984721006862673e-01 1.050355330658730768e+00 1.020626901379708462e+00
1.597098730391259323e+03 9.901042339593963959e-01 1.050353335230924445e+00 1.020228784595160310e+00
1.598098760910700094e+03 9.898179021749248241e-01 1.051381569677454220e+00 1.020599735926189577e+00
1.599098791430140864e+03 9.891197478743541938e-01 1.051506492960163408e+00 1.020313120417258856e+00
1.600098821949582089e+03 9.881666562874191762e-01 1.051289285892433423e+00 1.019727971089926299e+00
1.601098852469022859e+03 9.872763730879899891e-01 1.050355235638358531e+00 1.018815804363174315e+00
1.602098882988463629e+03 9.871175196423451759e-01 1.050509149636481565e+00 1.018813334639413259e+00
1.603098913507904399e+03 9.867683988616582358e-01 1.051195149210163660e+00 1.018981774035911059e+00
1.604098944027345169e+03 9.859741607203684755e-01 1.051164343605649920e+00 1.018569252163009198e+00
1.605098974546786394e+03 9.851484796027460966e-01 1.050510831497061259e+00 1.017829655549903567e+00
1.606099005066227164e+03 9.843542317658118268e-01 1.050509263660927894e+00 1.017431747713369861e+00
1.607099035585667934e+03 9.834326025464991128e-01 1.051039477335163452e+00 1.017236039940831338e+00
1.608099066105109159e+03 9.827972081552088790e-01 1.051070320947826264e+00 1.016933764551517516e+00
1.609099096624549929e+03 9.822247772817428446e-01 1.051506492960163408e+00 1.016865635120953071e+00
1.610099127143990700e+03 9.821303029180731281e-01 1.050977752101689644e+00 1.016554027509881442e+00
1.611099157663431470e+03 9.811457101809372139e-01 1.050883805460163245e+00 1.016014757820550285e+00
1.612099188182872240e+03 9.799379430900504451e-01 1.050728133585163260e+00 1.015333038337606908e+00
1.613099218702313465e+03 9.789218201157777743e-01 1.050728133585163260e+00 1.014824976850470462e+00
1.614099249221754235e+03 9.778729355574707904e-01 1.050728133585163260e+00 1.014300534571316970e+00
1.615099279741195005e+03 9.770471574834000972e-01 1.050914715587086157e+00 1.013980936535243238e+00
1.616099310260636230e+03 9.765064022817429024e-01 1.051226068839123728e+00 1.013866235560433315e+00
1.617099340780077000e+03 9.763801649854599862e-01 1.051381750216160871e+00 1.013880957600810540e+00
1.618099371299517770e+03 9.751409452225960894e-01 1.051817836710163379e+00 1.013479390966379734e+00
1.619099401818958540e+03 9.740290098856617673e-01 1.051910681115377555e+00 1.012969845500519606e+00
1.620099432338399311e+03 9.734251942097325028e-01 1.052813783234380463e+00 1.013119488722056483e+00
1.621099462857840535e+03 9.730118397817428821e-01 1.053032244571017628e+00 1.013022042176380255e+00
1.622099493377281306e+03 9.723772695202675953e-01 1.052876563193980486e+00 1.012626916357123985e+00
1.623099523896722076e+03 9.712013235358628593e-01 1.052782854103383681e+00 1.011992088819623214e+00
1.624099554416163301e+03 9.707880272817429601e-01 1.053094207355421030e+00 1.011941117318581940e+00
1.625099584935604071e+03 9.705975466425132980e-01 1.053436565754752641e+00 1.012017056198633025e+00
1.626099615455044841e+03 9.702482028619942023e-01 1.053997242960163838e+00 1.012122722911078965e+00
1.627099645974485611e+03 9.692318084096654962e-01 1.053654875058795293e+00 1.011443341734230339e+00
1.628099676493926381e+03 9.681515293532504396e-01 1.053716932863570044e+00 1.010934231108410186e+00
1.629099707013367606e+03 9.675794766099338196e-01 1.053685899210163868e+00 1.010632687910048899e+00
1.630099737532808376e+03 9.663091338270188846e-01 1.053468122020203124e+00 1.009888627923611004e+00
1.631099768052249146e+03 9.652284960317430995e-01 1.053249945744681115e+00 1.009239220888212163e+00
1.632099798571690371e+03 9.646251457467674983e-01 1.053530227335163882e+00 1.009077686540965635e+00
1.633099829091131141e+03 9.635449151685768765e-01 1.053374555460163675e+00 1.008459735314370276e+00
1.634099859610571912e+03 9.624012556816088360e-01 1.053530227335163882e+00 1.007965741508386248e+00
1.635099890130012682e+03 9.613527783403862381e-01 1.053561327502829936e+00 1.007457052921608032e+00
1.636099920649453452e+03 9.609079712404198226e-01 1.053810461415460642e+00 1.007359216327940121e+00
1.637099951168894677e+03 9.601773268338701373e-01 1.053561346506904473e+00 1.006869336670387360e+00
1.638099981688335447e+03 9.595736468969694455e-01 1.053841571085164075e+00 1.006707608991066705e+00
1.639100012207776217e+03 9.596054195252271546e-01 1.053841571085164075e+00 1.006723495305195559e+00
1.640100042727217442e+03 9.594783387078402725e-01 1.054152914835164045e+00 1.006815626771502270e+00
1.641100073246658212e+03 9.589382137230997305e-01 1.053717056390053086e+00 1.006327635056576408e+00
1.642100103766098982e+03 9.580487255665506297e-01 1.054152914835164045e+00 1.006100820200857449e+00
1.643100134285539752e+03 9.574449389775560038e-01 1.054215267203091111e+00 1.005830103090323613e+00
1.644100164804980523e+03 9.556657881428494150e-01 1.054837973707165588e+00 1.005251880925007502e+00
1.645100195324421748e+03 9.543316286253615832e-01 1.055211422772125873e+00 1.004771525698743728e+00
1.646100225843862518e+03 9.534103775361989497e-01 1.054900069520088746e+00 1.004155223528143903e+00
1.647100256363303288e+03 9.533789151685768681e-01 1.054806816527276370e+00 1.004092865847926674e+00
1.648100286882744513e+03 9.528063679473719461e-01 1.055242617960163720e+00 1.004024492953767833e+00
1.649100317402185283e+03 9.515041943623298026e-01 1.054681902746603894e+00 1.003093048554466904e+00
1.650100347921626053e+03 9.505192331906883174e-01 1.053747842990492289e+00 1.002133538090590248e+00
1.651100378441066823e+03 9.496930963777575618e-01 1.053218883585163468e+00 1.001455989981460570e+00
1.652100408960507593e+03 9.486768473601020490e-01 1.053218883585163468e+00 1.000947865472632703e+00
1.653100439479948818e+03 9.483591501644568211e-01 1.053468369073169653e+00 1.000913759618813348e+00
1.654100469999389588e+03 9.478187730929499288e-01 1.054152914835163601e+00 1.000985843964056876e+00
1.655100500518830358e+03 9.468976092645913223e-01 1.053903372334934696e+00 1.000400490799763009e+00
1.656100531038271583e+03 9.461033711233013399e-01 1.053218883585163468e+00 9.996611273542324039e-01
1.657100561557712354e+03 9.454679767320115502e-01 1.053561536547647615e+00 9.995147566398295824e-01
1.658100592077153124e+03 9.448325823407220936e-01 1.053530227335163438e+00 9.991814048379428215e-01
1.659100622596593894e+03 9.445468419905879154e-01 1.053467570902046901e+00 9.990072064463173529e-01
1.660100653116034664e+03 9.441651923213425501e-01 1.052938877553759145e+00 9.985520349375508475e-01
1.661100683635475889e+03 9.428944132344075912e-01 1.053405902680796480e+00 9.981501579576019800e-01
1.662100714154916659e+03 9.419093260193829309e-01 1.053343198737493935e+00 9.976262623784384331e-01
1.663100744674357429e+03 9.408933969580085543e-01 1.053031845485456586e+00 9.969626212217326255e-01
1.664100775193798654e+03 9.405756997623634375e-01 1.052533444631675419e+00 9.965545721970194837e-01
1.665100805713239424e+03 9.402259778516938171e-01 1.052316237563945212e+00 9.962711077078194588e-01
1.666100836232680194e+03 9.394317397104042788e-01 1.052751867960163512e+00 9.960918038352839510e-01
1.667100866752120965e+03 9.390819887128001309e-01 1.052533387619452032e+00 9.958076881661260815e-01
1.668100897271561735e+03 9.380021071778248398e-01 1.052160594195056476e+00 9.950813506864406577e-01
1.669100927791002960e+03 9.371437420413263331e-01 1.052253429098233717e+00 9.946985855697800805e-01
1.670100958310443730e+03 9.364457040884941463e-01 1.051380762004294533e+00 9.939132330463943399e-01
1.671100988829884500e+03 9.361280068928493625e-01 1.050759575826167636e+00 9.934437913595084435e-01
1.672101019349325725e+03 9.358424022817434240e-01 1.051070929078205207e+00 9.934566656799743711e-01
1.673101049868766495e+03 9.354605102213757739e-01 1.051350821085163867e+00 9.934056656532698204e-01
1.674101080388207265e+03 9.349839595800860659e-01 1.051319350338047798e+00 9.931516549590668763e-01
1.675101110907648035e+03 9.341575997673228215e-01 1.050976516836857444e+00 9.925670583020901327e-01
1.676101141427088805e+03 9.332687709146250121e-01 1.050572461710163497e+00 9.919206163123942543e-01
1.677101171946530030e+03 9.333009022817433387e-01 1.050479788341618592e+00 9.918903453116809654e-01
1.678101202465970800e+03 9.324726227312946092e-01 1.050852296704898770e+00 9.916624597180967449e-01
1.679101232985411571e+03 9.310449293276903404e-01 1.050665097070559773e+00 9.908550131991250565e-01
1.680101263504852795e+03 9.306950619823474158e-01 1.049886718691485088e+00 9.902908903369163074e-01
1.681101294024293566e+03 9.301240272817434818e-01 1.049451221323787431e+00 9.897876243027654564e-01
1.682101324543734336e+03 9.295187378677930434e-01 1.049295539946750067e+00 9.894071389072716105e-01
1.683101355063175106e+03 9.286300350584784091e-01 1.048672842944712968e+00 9.886514390015956888e-01
1.684101385582615876e+03 9.279624317349115525e-01 1.048580293102650884e+00 9.882713624187812185e-01
1.685101416102057101e+03 9.270415587758987774e-01 1.048609673401588838e+00 9.878256160887437520e-01
1.686101446621497871e+03 9.265327798110419844e-01 1.047707198417039409e+00 9.871199891140407523e-01
1.687101477140938641e+03 9.253886064548954016e-01 1.047303352335163140e+00 9.863459793950293264e-01
1.688101507660379866e+03 9.239912216371726217e-01 1.047116076684527108e+00 9.855536491608498650e-01
1.689101538179820636e+03 9.231647163897361841e-01 1.046649051557490218e+00 9.849068839736132563e-01
1.690101568699261406e+03 9.223084164255967998e-01 1.046430124621031688e+00 9.843692705233142437e-01
1.691101599218702177e+03 9.221818397817433954e-01 1.045715001303415992e+00 9.839484205425796937e-01
1.692101629738142947e+03 9.217995792868707294e-01 1.045216334392593982e+00 9.835079568397323557e-01
1.693101660257584172e+03 9.213876210317433202e-01 1.044780951049341544e+00 9.830842860405424322e-01
1.694101690777024942e+03 9.215464647817432908e-01 1.044625269672304624e+00 9.830858672270239573e-01
1.695101721296465712e+03 9.211318305286304575e-01 1.043720219635681623e+00 9.824260250821560403e-01
1.696101751815906937e+03 9.197640756016475239e-01 1.042382484834362577e+00 9.810732802180051060e-01
1.697101782335347707e+03 9.182725848547608205e-01 1.041292753203250987e+00 9.797826690290059037e-01
1.698101812854788477e+03 9.177342147817432183e-01 1.040638338401131957e+00 9.791862765914376432e-01
1.699101843374229247e+03 9.170959116969908953e-01 1.039113289941028251e+00 9.781046008190095176e-01
1.700101873893670017e+03 9.155721538439571816e-01 1.038366619859999229e+00 9.769693868519782054e-01
1.701101904413111242e+03 9.148426535235026913e-01 1.037743913355924530e+00 9.762932834397135551e-01
1.702101934932552012e+03 9.145573397817431394e-01 1.036902061368537353e+00 9.757297005751401908e-01
1.703101965451992783e+03 9.145249466322131759e-01 1.035500976485388414e+00 9.750129615588007947e-01
1.704101995971434008e+03 9.139835999962181434e-01 1.034598663035470434e+00 9.742911315158442331e-01
1.705102026490874778e+03 9.129040772001034698e-01 1.033632837969090668e+00 9.732684575845971242e-01
1.706102057010315548e+03 9.124275265588137618e-01 1.032295302710552809e+00 9.723614146346832854e-01
1.707102087529756318e+03 9.117597002354146385e-01 1.031389787074108444e+00 9.715747436547614857e-01
1.708102118049197088e+03 9.106477648984800943e-01 1.029928392761024547e+00 9.702880788297523207e-01
1.709102148568638313e+03 9.100772634583437215e-01 1.028495514061495753e+00 9.692863887599196815e-01
1.710102179088079083e+03 9.095033394555664952e-01 1.027936414194255521e+00 9.687198768249110081e-01
1.711102209607519853e+03 9.086476503170541896e-01 1.026595553222707347e+00 9.676216017698807681e-01
1.712102240126961078e+03 9.083299531214090727e-01 1.025569466236577743e+00 9.669497096789934076e-01
1.713102270646401848e+03 9.077884319638068744e-01 1.024384210625769231e+00 9.660863212947881085e-01
1.714102301165842619e+03 9.069003399801195409e-01 1.022611643599354636e+00 9.647559917897370330e-01
1.715102331685283389e+03 9.063587800399379724e-01 1.021490051637603758e+00 9.639244158387708650e-01
1.716102362204724159e+03 9.058534527246565604e-01 1.020400310504455454e+00 9.631268816145559519e-01
1.717102392724165384e+03 9.058496617275101359e-01 1.018871708282448330e+00 9.623606850049792882e-01
1.718102423243606154e+03 9.044525677791339646e-01 1.017039230911660264e+00 9.607458993453971141e-01
1.719102453763046924e+03 9.034669279123515029e-01 1.016041383980008872e+00 9.597541559461801874e-01
1.720102484282488149e+03 9.024200988307573557e-01 1.014827878812685436e+00 9.586239888217213956e-01
1.721102514801928919e+03 9.017521367683299927e-01 1.014049490931574260e+00 9.579008138499520708e-01
1.722102545321369689e+03 9.010230436649605545e-01 1.012488781325961762e+00 9.567559124954612138e-01
1.723102575840810459e+03 9.007379335317433622e-01 1.010249436225476360e+00 9.554936848786098613e-01
1.724102606360251229e+03 9.004812995075264226e-01 1.008660724116316354e+00 9.545710118119213883e-01
1.725102636879692454e+03 8.993367577168742688e-01 1.007012187181116181e+00 9.531744724489952247e-01
1.726102667399133225e+03 8.981638173823813798e-01 1.006174012482114577e+00 9.521689149322479784e-01
1.727102697918573995e+03 8.977808684967226727e-01 1.005391443704647392e+00 9.515861561006850877e-01
1.728102728438015220e+03 8.968604124504395703e-01 1.003211980442423545e+00 9.500361964464315578e-01
1.729102758957455990e+03 8.964165070454467310e-01 1.001531526164361363e+00 9.489740166049041026e-01
1.730102789476896760e+03 8.960334999859186356e-01 9.999427570429778589e-01 9.479881285144482472e-01
1.731102819996337530e+03 8.951457376541570587e-01 9.980746375307552043e-01 9.466101875924561870e-01
1.732102850515778300e+03 8.950195585317436420e-01 9.966139273643479513e-01 9.458167429480457411e-01
1.733102881035219525e+03 8.943796071873620912e-01 9.953044611236180339e-01 9.448420341554900626e-01
1.734102911554660295e+03 8.930153523881799726e-01 9.937156539940857902e-01 9.433655031911328814e-01
1.735102942074101065e+03 8.918707136410796155e-01 9.914400396177126540e-01 9.416553766293961347e-01
1.736102972593542290e+03 8.908241948201215399e-01 9.894849669633219991e-01 9.401545808917217695e-01
1.737103003112983060e+03 8.899972338773761704e-01 9.884547085828743196e-01 9.392259712301251895e-01
1.738103033632423831e+03 8.896188710317435300e-01 9.868658634451934475e-01 9.382423672384685442e-01
1.739103064151864601e+03 8.896794882035069518e-01 9.848741604375031988e-01 9.372768243205050753e-01
1.740103094671305371e+03 8.886003047549628775e-01 9.836929336904556287e-01 9.361466192227092531e-01
1.741103125190746596e+03 8.877405434456022704e-01 9.825068799085243665e-01 9.351237116770633184e-01
1.742103155710187366e+03 8.865025259427029569e-01 9.804188547500143347e-01 9.334606903463587013e-01
1.743103186229628136e+03 8.856149963064184893e-01 9.779601551213978894e-01 9.317875757139082449e-01
1.744103216749069361e+03 8.858722023736834705e-01 9.755607387027008803e-01 9.307164705381921754e-01
1.745103247268510131e+03 8.857410202985138703e-01 9.730106674846322745e-01 9.293758438915731279e-01
1.746103277787950901e+03 8.856477772817433758e-01 9.714538917224092573e-01 9.285508345020763166e-01
1.747103308307391671e+03 8.854561137738388155e-01 9.698379372726751990e-01 9.276470255232569517e-01
1.748103338826832442e+03 8.849467433746448508e-01 9.687160317436970258e-01 9.268313875591709383e-01
1.749103369346273666e+03 8.841196660841604826e-01 9.672183966608361994e-01 9.256690313724983410e-01
1.750103399865714437e+03 8.830077307472260495e-01 9.648832520215764319e-01 9.239454913844011852e-01
1.751103430385155207e+03 8.824380437412596700e-01 9.629238559402726327e-01 9.226809498407662069e-01
1.752103460904596432e+03 8.818957663233566446e-01 9.609268983060246239e-01 9.214113323146906342e-01
1.753103491424037202e+03 8.812330302135172877e-01 9.585327270118479959e-01 9.198828786126826973e-01
1.754103521943477972e+03 8.811343770269061126e-01 9.566646074996251192e-01 9.188994922632656159e-01
1.755103552462918742e+03 8.804989826356165450e-01 9.546085757002755745e-01 9.175537791679460042e-01
1.756103582982359512e+03 8.801812757443269186e-01 9.526170247251795065e-01 9.163991502347532681e-01
1.757103613501800737e+03 8.793870376030368252e-01 9.513772179189622369e-01 9.153821277609994755e-01
1.758103644021241507e+03 8.785269466417509054e-01 9.501850258210178257e-01 9.143559862313843656e-01
1.759103674540682277e+03 8.776067814648145227e-01 9.477587471432344923e-01 9.126827643040245075e-01
1.760103705060123502e+03 8.768784252304555604e-01 9.458318100209121004e-01 9.113551176256837749e-01
1.761103735579564272e+03 8.764348397817433023e-01 9.440224891147135367e-01 9.102286644482284750e-01
1.762103766099005043e+03 8.765607183391656010e-01 9.416873444754535472e-01 9.091240314073095741e-01
1.763103796618445813e+03 8.760512025052984431e-01 9.397868990327693517e-01 9.079190507690338974e-01
1.764103827137886583e+03 8.752239797801415477e-01 9.372050530023949833e-01 9.062145163912682655e-01
1.765103857657327808e+03 8.748134080022311743e-01 9.356482772401713000e-01 9.052308426212012371e-01
1.766103888176768578e+03 8.741120153562720319e-01 9.337478127934124572e-01 9.039299140748422445e-01
1.767103918696209348e+03 8.733507811901395357e-01 9.311922874060067912e-01 9.022715342980731634e-01
1.768103949215650573e+03 8.725895664152965026e-01 9.286105078898916343e-01 9.006000371525940684e-01
1.769103979735091343e+03 8.721727700333763433e-01 9.264634085662791785e-01 8.993180892998278164e-01
1.770104010254532113e+03 8.709350240085335093e-01 9.245629061113718183e-01 8.977489650599526083e-01
1.771104040773972883e+03 8.698891935783620299e-01 9.223834333471118141e-01 8.961363134627369220e-01
1.772104071293413654e+03 8.697303401327171057e-01 9.200158867610931379e-01 8.948731134469051218e-01
1.773104101812854879e+03 8.694126429370720999e-01 9.178688159435908211e-01 8.936407294403314605e-01
1.774104132332295649e+03 8.691280272817435426e-01 9.153131575276647336e-01 8.922205924047041936e-01
1.775104162851736419e+03 8.690618448098214044e-01 9.123877368372006469e-01 8.907247908235109701e-01
1.776104193371177644e+03 8.686183951001372749e-01 9.101499025606252236e-01 8.893841488303813048e-01
1.777104223890618414e+03 8.679167891499909304e-01 9.085606868434948913e-01 8.882387379967429109e-01
1.778104254410059184e+03 8.669636975630563569e-01 9.066601083722902743e-01 8.868119029676733156e-01
1.779104284929499954e+03 8.662688397817435160e-01 9.046363074830302553e-01 8.854525736323868301e-01
1.780104315448940724e+03 8.662688397817435160e-01 9.024568347187703621e-01 8.843628372502569945e-01
1.781104345968381949e+03 8.665865272817435683e-01 8.998685558092293091e-01 8.832275415454864387e-01
1.782104376487822719e+03 8.660105187153180895e-01 8.973845237495106097e-01 8.816975212324142941e-01
1.783104407007263490e+03 8.654414522306235202e-01 8.955745662068218538e-01 8.805080092187227425e-01
1.784104437526704714e+03 8.647397105414484919e-01 8.927398804693186252e-01 8.787397955053835030e-01
1.785104468046145485e+03 8.640118390893335443e-01 8.904697677724684457e-01 8.772408034309009395e-01
1.786104498565586255e+03 8.638197877556340609e-01 8.879464162829293628e-01 8.758831020192816563e-01
1.787104529085027025e+03 8.631843933643444933e-01 8.854881347439487183e-01 8.743362640541465503e-01
1.788104559604467795e+03 8.625489989730547036e-01 8.832761080003352916e-01 8.729125534866950531e-01
1.789104590123909020e+03 8.621056753067541933e-01 8.807527185026462480e-01 8.714291969047002206e-01
1.790104620643349790e+03 8.611785001785726701e-01 8.780156852011677948e-01 8.695970926898701769e-01
1.791104651162790560e+03 8.600739335317434398e-01 8.756153755909776848e-01 8.678446545613605068e-01
1.792104681682231785e+03 8.600406774698194923e-01 8.728131963226420931e-01 8.664269368962307372e-01
1.793104712201672555e+03 8.593387612590369651e-01 8.702318919083867899e-01 8.647853265837118775e-01
1.794104742721113325e+03 8.590285781881709104e-01 8.686172677438567247e-01 8.638229229660138175e-01
1.795104773240554096e+03 8.594385585317433351e-01 8.665208237804120639e-01 8.629796911560776440e-01
1.796104803759994866e+03 8.591798302482333005e-01 8.629402661330034530e-01 8.610600481906183212e-01
1.797104834279436091e+03 8.583266522817433186e-01 8.599899215990342016e-01 8.591582869403887601e-01
1.798104864798876861e+03 8.584521817959500645e-01 8.576798623379099373e-01 8.580660220669300564e-01
1.799104895318317631e+03 8.577501492374294267e-01 8.551313209478260680e-01 8.564407350926277473e-01
1.800104925837758856e+03 8.570559022817433315e-01 8.533285279411645385e-01 8.551922151114539350e-01
1.801104956357199626e+03 8.569892156362876046e-01 8.511740360326314203e-01 8.540816258344594569e-01
1.802104986876640396e+03 8.560027807266253896e-01 8.484045437721711158e-01 8.522036622493982527e-01
1.803105017396081166e+03 8.554341020677260765e-01 8.460366931209628572e-01 8.507353975943444668e-01
1.804105047915521936e+03 8.550830324624186796e-01 8.430788419776288345e-01 8.490809372200237570e-01
1.805105078434963161e+03 8.546732460317433278e-01 8.398671724173365494e-01 8.472702092245398831e-01
1.806105108954403931e+03 8.546064624298389534e-01 8.360079865339137273e-01 8.453072244818763403e-01
1.807105139473844702e+03 8.536533805385492224e-01 8.332137889768044259e-01 8.434335847576768241e-01
1.808105169993285926e+03 8.533022624550171686e-01 8.313129254444834304e-01 8.423075939497502995e-01
1.809105200512726697e+03 8.524160126438562468e-01 8.291006991580892604e-01 8.407583559009728091e-01
1.810105231032167467e+03 8.520648848646799056e-01 8.263559121942778418e-01 8.392103985294788737e-01
1.811105261551608237e+03 8.514629307525666269e-01 8.229965714742865091e-01 8.372297511134265680e-01
1.812105292071049007e+03 8.511786835317431965e-01 8.201943922059522496e-01 8.356865378688477231e-01
1.813105322590490232e+03 8.511117641908103604e-01 8.177363482178997556e-01 8.344240562043550025e-01
1.814105353109931002e+03 8.505433085317429809e-01 8.147129045119625435e-01 8.326281065218528177e-01
1.815105383629371772e+03 8.507021522817431736e-01 8.117878544009482500e-01 8.312450033413456563e-01
1.816105414148812997e+03 8.500916660021390348e-01 8.087971832212184076e-01 8.294444246116787767e-01
1.817105444668253767e+03 8.494649007347890857e-01 8.062819844795734436e-01 8.278734426071812091e-01
1.818105475187694537e+03 8.495902460317433791e-01 8.040040040959443024e-01 8.267971250638438407e-01
1.819105505707135308e+03 8.493643665930721287e-01 8.013903452451158760e-01 8.253773559190940023e-01
1.820105536226576078e+03 8.485701284517823684e-01 7.986781312647328601e-01 8.236241298582576142e-01
1.821105566746017303e+03 8.483530332673685503e-01 7.955645987443600298e-01 8.219588160058642901e-01
1.822105597265458073e+03 8.484112459192026945e-01 7.926396151476059471e-01 8.205254305334043208e-01
1.823105627784898843e+03 8.478094081548278593e-01 7.897146505549264006e-01 8.187620293548771855e-01
1.824105658304340068e+03 8.474581446366229454e-01 7.875351682886282401e-01 8.174966564626255927e-01
1.825105688823780838e+03 8.464714867271284637e-01 7.847000929676020142e-01 8.155857898473652945e-01
1.826105719343221608e+03 8.456772388901939719e-01 7.817093267675016000e-01 8.136932828288477859e-01
1.827105749862662378e+03 8.454603085317430322e-01 7.785299451295236706e-01 8.119951268306333514e-01
1.828105780382103148e+03 8.450754108214643123e-01 7.750811142234398377e-01 8.100782625224520750e-01
1.829105810901544373e+03 8.444736312309585324e-01 7.728686883942638142e-01 8.086711598126111733e-01
1.830105841420985143e+03 8.441559340353137486e-01 7.699108372509296805e-01 8.070333856431217701e-01
1.831105871940425914e+03 8.438382368396690758e-01 7.667313890986914293e-01 8.052848129691803081e-01
1.832105902459867139e+03 8.434868957563047553e-01 7.635281193392597920e-01 8.035075075477822182e-01
1.833105932979307909e+03 8.428515013650152987e-01 7.606929584998991523e-01 8.017722299324572255e-01
1.834105963498748679e+03 8.418647561947167901e-01 7.576124170525914137e-01 7.997385866236541574e-01
1.835105994018189449e+03 8.410368353831286781e-01 7.547442366340557651e-01 7.978905360085921661e-01
1.836106024537630219e+03 8.400596210317429202e-01 7.512296991409228575e-01 7.956446600863329444e-01
1.837106055057071444e+03 8.402184647817428909e-01 7.485831917475872510e-01 7.944008282646650709e-01
1.838106085576512214e+03 8.399585148469781437e-01 7.457479833980408257e-01 7.928532491225095402e-01
1.839106116095952984e+03 8.388802912672768120e-01 7.426674894609189836e-01 7.907738903640979533e-01
1.840106146615394209e+03 8.382448968759870223e-01 7.396104940617234114e-01 7.889276954688552168e-01
1.841106177134834979e+03 8.376432336332200190e-01 7.362847715492492062e-01 7.869640025912345571e-01
1.842106207654275750e+03 8.374843801875752058e-01 7.336713312452758373e-01 7.855778557164254661e-01
1.843106238173716520e+03 8.370078392419303404e-01 7.304255113633865149e-01 7.837166753026584276e-01
1.844106268693157290e+03 8.362711738399133399e-01 7.267223584323762031e-01 7.814967661361447160e-01
1.845106299212598515e+03 8.354193823506405048e-01 7.238306794759109541e-01 7.796250309132757295e-01
1.846106329732039285e+03 8.347164384015012262e-01 7.208397232350675088e-01 7.777780808182843675e-01
1.847106360251480055e+03 8.341486129593508325e-01 7.179812063883361795e-01 7.760649096738434505e-01
1.848106390770921280e+03 8.334456302276318507e-01 7.157023613193230771e-01 7.745739957734774084e-01
1.849106421290362050e+03 8.326513823906973588e-01 7.122443514453306035e-01 7.724478669180139256e-01
1.850106451809802820e+03 8.321174335317428339e-01 7.089751375479220741e-01 7.705462855398323985e-01
1.851106482329243590e+03 8.317997460317430036e-01 7.057390762582089749e-01 7.687694111449759893e-01
1.852106512848684361e+03 8.316982326298937300e-01 7.025030339725701900e-01 7.671006333012320155e-01
1.853106543368125585e+03 8.309378322892200242e-01 6.996676830924649648e-01 7.653027576908424390e-01
1.854106573887566356e+03 8.305289960317430165e-01 6.963652975832863579e-01 7.634471468075146872e-01
1.855106604407007126e+03 8.304951291441919903e-01 6.930960836858780505e-01 7.617956064150350759e-01
1.856106634926448351e+03 8.301435553653510047e-01 6.896711979134679815e-01 7.599073766394095486e-01
1.857106665445889121e+03 8.298025498394246968e-01 6.866572847508150002e-01 7.582299172951199040e-01
1.858106695965329891e+03 8.301435165827717455e-01 6.837554576186509747e-01 7.569494871007114156e-01
1.859106726484770661e+03 8.296330602713511970e-01 6.800192280962424896e-01 7.548261441837968988e-01
1.860106757004211431e+03 8.285211249344166529e-01 6.771278342008938411e-01 7.528244795676553025e-01
1.861106787523652656e+03 8.274431146589020791e-01 6.741699830575584862e-01 7.508065488582302827e-01
1.862106818043093426e+03 8.267167460317429439e-01 6.713012895290153548e-01 7.490090177803792049e-01
1.863106848562534196e+03 8.271932772817429669e-01 6.681318755280313271e-01 7.476625764048872025e-01
1.864106879081975421e+03 8.268755897817429146e-01 6.650076532158393228e-01 7.459416214987910632e-01
1.865106909601416191e+03 8.265808906557433611e-01 6.614936478367882122e-01 7.440372692462657866e-01
1.866106940120856962e+03 8.255368927024534509e-01 6.579463853276328322e-01 7.417416390150430860e-01
1.867106970640297732e+03 8.247426545611639126e-01 6.548661574475517222e-01 7.398044060043578174e-01
1.868107001159738502e+03 8.246857702126775269e-01 6.519973498945629276e-01 7.383415600536202827e-01
1.869107031679179727e+03 8.246517772817431036e-01 6.486391114108821521e-01 7.366454443463126278e-01
1.870107062198620497e+03 8.242660651372945013e-01 6.456145939747441886e-01 7.349403295560192895e-01
1.871107092718061267e+03 8.243681117996121133e-01 6.423787227257745647e-01 7.333734172626933390e-01
1.872107123237502492e+03 8.244929335317431329e-01 6.394208620804018306e-01 7.319568978060724262e-01
1.873107153756943262e+03 8.240390803951074261e-01 6.363740528650571049e-01 7.302065666300823210e-01
1.874107184276384032e+03 8.231881324269390010e-01 6.332493554510076894e-01 7.282187439389733452e-01
1.875107214795824802e+03 8.226775306808458144e-01 6.294241963627000835e-01 7.260508635217729489e-01
1.876107245315265573e+03 8.224279647817430705e-01 6.262217627825409361e-01 7.243248637821420033e-01
1.877107275834706797e+03 8.220421168982661175e-01 6.230080407822194966e-01 7.225250788402428626e-01
1.878107306354147568e+03 8.221784570565096040e-01 6.196833729958712844e-01 7.209309150261904442e-01
1.879107336873588338e+03 8.223032206147712353e-01 6.166586845230644931e-01 7.194809525689178642e-01
1.880107367393029563e+03 8.229386053104159604e-01 6.133894706256544094e-01 7.181640379680351849e-01
1.881107397912470333e+03 8.226432953587892172e-01 6.099980225220565933e-01 7.163206589404229607e-01
1.882107428431911103e+03 8.219173048617801625e-01 6.071070562183807917e-01 7.145121805400804771e-01
1.883107458951351873e+03 8.215313309349201454e-01 6.044605583270838967e-01 7.129959446310020210e-01
1.884107489470792643e+03 8.204876917204905196e-01 6.019027999609426471e-01 7.111952458407165834e-01
1.885107519990233868e+03 8.203629960317430081e-01 5.987892674405697058e-01 7.095761317361564124e-01
1.886107550509674638e+03 8.203629960317430081e-01 5.957092200991948028e-01 7.080361080654689054e-01
1.887107581029115408e+03 8.203629960317430081e-01 5.928735461498269022e-01 7.066182710907848996e-01
1.888107611548556633e+03 8.206585871570712953e-01 5.897600136294541828e-01 7.052093003932626836e-01
1.889107642067997404e+03 8.216337460317429953e-01 5.868021529840826700e-01 7.042179495079128326e-01
1.890107672587438174e+03 8.210888023114993883e-01 5.832767071522757529e-01 7.021827547318875151e-01
1.891107703106878944e+03 8.206122516702097913e-01 5.797416547608871262e-01 7.001769532155484033e-01
1.892107733626319714e+03 8.199768572789200016e-01 5.773058835479686346e-01 6.986413704134443181e-01
1.893107764145760939e+03 8.197960916758556538e-01 5.744486779823662070e-01 6.971223848291109304e-01
1.894107794665201709e+03 8.205903298171454141e-01 5.720464109525185137e-01 6.963183703848319084e-01
1.895107825184642479e+03 8.205779193917045466e-01 5.693327621645222214e-01 6.949553407781133840e-01
1.896107855704083704e+03 8.202041522817430375e-01 5.655629524427437937e-01 6.928835523622434156e-01
1.897107886223524474e+03 8.197836424678351941e-01 5.621167440989198738e-01 6.909501932833774784e-01
1.898107916742965244e+03 8.190922460317430209e-01 5.599036626291801211e-01 6.894979543304615710e-01
1.899107947262406014e+03 8.190922460317430209e-01 5.567565309053661426e-01 6.879243884685546373e-01
1.900107977781846785e+03 8.186716489570315947e-01 5.536766165925116612e-01 6.861741327747716834e-01
1.901108008301288010e+03 8.183323401689582832e-01 5.508408096146221178e-01 6.845865748917902005e-01
1.902108038820728780e+03 8.185255161974633875e-01 5.478829489692506050e-01 6.832042325833569407e-01
1.903108069340169550e+03 8.192854220602481252e-01 5.445800978602507447e-01 6.819327599602493795e-01
1.904108099859610775e+03 8.189892201092925372e-01 5.411888683035064318e-01 6.800890442063994845e-01
1.905108130379051545e+03 8.186500664515377057e-01 5.382310076581351410e-01 6.784405370548364234e-01
1.906108160898492315e+03 8.189334022817428282e-01 5.353068222325038095e-01 6.771201122571233189e-01
1.907108191417933085e+03 8.188089295928273614e-01 5.326056971295006770e-01 6.757073133611639637e-01
1.908108221937373855e+03 8.192854705384722269e-01 5.305145172946494903e-01 6.748999939165608586e-01
1.909108252456815080e+03 8.191823088769939476e-01 5.278006119516481798e-01 6.734914604143210637e-01
1.910108282976255850e+03 8.185813146337234114e-01 5.246870794312767927e-01 6.716341970325001576e-01
1.911108313495696621e+03 8.181391835317427530e-01 5.214515977658311652e-01 6.697953906487870146e-01
1.912108344015137845e+03 8.184912905710517439e-01 5.189944944794587789e-01 6.687428925252552059e-01
1.913108374534578616e+03 8.183535833268807957e-01 5.163142548541616028e-01 6.673339190905211993e-01
1.914108405054019386e+03 8.176282133511438843e-01 5.133226524747899200e-01 6.654754329129668466e-01
1.915108435573460156e+03 8.175727057842298029e-01 5.107774177936420523e-01 6.641750617889359276e-01
1.916108466092900926e+03 8.180147981036312022e-01 5.080633889241588097e-01 6.630390935138950059e-01
1.917108496612342151e+03 8.181047155142092686e-01 5.053831017886742938e-01 6.617439086514418367e-01
1.918108527131782921e+03 8.177180628922078309e-01 5.024590303874889585e-01 6.600885466398483947e-01
1.919108557651223691e+03 8.169583024640965085e-01 4.996568511191548656e-01 6.583075767916256593e-01
1.920108588170664916e+03 8.165162489272748125e-01 4.968546718508191629e-01 6.566854603890469599e-01
1.921108618690105686e+03 8.164609158819687851e-01 4.940186748321875321e-01 6.552397953570781031e-01
1.922108649209546456e+03 8.170272772817427365e-01 4.911284686914855202e-01 6.540778729866141283e-01
1.923108679728987227e+03 8.168684335317428769e-01 4.886376426751885549e-01 6.527530381034657436e-01
1.924108710248427997e+03 8.170272772817427365e-01 4.856121085210735044e-01 6.513196929014081205e-01
1.925108740767869222e+03 8.168684335317428769e-01 4.826881036341469366e-01 6.497782685829449623e-01
1.926108771287309992e+03 8.170963878384173151e-01 4.802649986367794610e-01 6.486806932375983603e-01
1.927108801806750762e+03 8.176626522817427301e-01 4.777064325974784698e-01 6.476845424396105999e-01
1.928108832326191987e+03 8.174346591924883665e-01 4.750599252041429743e-01 6.462472921983156704e-01
1.929108862845632757e+03 8.167992648011989099e-01 4.721020740608087296e-01 6.444506694310038197e-01
1.930108893365073527e+03 8.161984644708257797e-01 4.697468516170029695e-01 6.429726580439143468e-01
1.931108923884514297e+03 8.159153710317427199e-01 4.682779316904787104e-01 6.420966513611107152e-01
1.932108954403955067e+03 8.161088282339491462e-01 4.657871151762186801e-01 6.409479717050838854e-01
1.933108984923396292e+03 8.160395916338911704e-01 4.633501752127267559e-01 6.396948834233089354e-01
1.934109015442837062e+03 8.157565272817428603e-01 4.604601971209169586e-01 6.381083622013299372e-01
1.935109045962277833e+03 8.158807284926016257e-01 4.581250429796199231e-01 6.370028857361107466e-01
1.936109076481719057e+03 8.154041875469565381e-01 4.557021375250320805e-01 6.355531625359942538e-01
1.937109107001159828e+03 8.154735017121736984e-01 4.532311232562399317e-01 6.343523124842067595e-01
1.938109137520600598e+03 8.154388397817426970e-01 4.505308723406570848e-01 6.329848560611999186e-01
1.939109168040041368e+03 8.154388397817426970e-01 4.483174107894304927e-01 6.318781252855866226e-01
1.940109198559482138e+03 8.152453050143773083e-01 4.460162549371370910e-01 6.306307799757572274e-01
1.941109229078923363e+03 8.148929071057218199e-01 4.438027743818350745e-01 6.293478407437784750e-01
1.942109259598364133e+03 8.150317293490532133e-01 4.409325700293816319e-01 6.279821496892173949e-01
1.943109290117804903e+03 8.144710205102418943e-01 4.378870910992408438e-01 6.261790558047413136e-01
1.944109320637246128e+03 8.137610181316330404e-01 4.355519369579426425e-01 6.246564775447878137e-01
1.945109351156686898e+03 8.144510377861529093e-01 4.331292025400250711e-01 6.237901201630889902e-01
1.946109381676127668e+03 8.138156530905078512e-01 4.310032452491215360e-01 6.224094491698146658e-01
1.947109412195568439e+03 8.140787638055021480e-01 4.282351307840513432e-01 6.211569472947767734e-01
1.948109442715009209e+03 8.140637840341693465e-01 4.260897228230554057e-01 6.200767534286123484e-01
1.949109473234450434e+03 8.134434275880818577e-01 4.233068992044407564e-01 6.183751633962613070e-01
1.950109503753891204e+03 8.143617215055570790e-01 4.201058719257832474e-01 6.172337967156701355e-01
1.951109534273331974e+03 8.142573381928245313e-01 4.176832420302744597e-01 6.159702901115494678e-01
1.952109564792773199e+03 8.137807875515343792e-01 4.155037692660135118e-01 6.146422784087739455e-01
1.953109595312213969e+03 8.130213664709935451e-01 4.134799683767535483e-01 6.132506674238735744e-01
1.954109625831654739e+03 8.128973397817426116e-01 4.111106924199693369e-01 6.120040161008559743e-01
1.955109656351095509e+03 8.126688231276654184e-01 4.086540072232336951e-01 6.106614151754495845e-01
1.956109686870536279e+03 8.118397388386923152e-01 4.064745344589737464e-01 6.091571366488330863e-01
1.957109717389977504e+03 8.111500585317428236e-01 4.039153982974411083e-01 6.075327284145919382e-01
1.958109747909418275e+03 8.109214837037961310e-01 4.017169119567986502e-01 6.063191978302974183e-01
1.959109778428859045e+03 8.097398075932703554e-01 3.997804442911928602e-01 6.047601259422316078e-01
1.960109808948300270e+03 8.092439335317429538e-01 3.971870627876897819e-01 6.032154981597164234e-01
1.961109839467741040e+03 8.088215621540191247e-01 3.942633999741029793e-01 6.015424810640610520e-01
1.962109869987181810e+03 8.080622186386372530e-01 3.914954280395903652e-01 5.997788233391138091e-01
1.963109900506622580e+03 8.072679804973476037e-01 3.890046020232932333e-01 5.981362912603204185e-01
1.964109931026063350e+03 8.064388186432153161e-01 3.867036742198920463e-01 5.965712464315536812e-01
1.965109961545504575e+03 8.061019919402302447e-01 3.844027654205643962e-01 5.952523786803973760e-01
1.966109992064945345e+03 8.058923430110813690e-01 3.828459896583416011e-01 5.943691663347114851e-01
1.967110022584386115e+03 8.043737626324114487e-01 3.807536885831037665e-01 5.925637256077576076e-01
1.968110053103827340e+03 8.038432460317428419e-01 3.781600695286713720e-01 5.910016577802070792e-01
1.969110083623268110e+03 8.036144578996089471e-01 3.746480595774265843e-01 5.891312587385177935e-01
1.970110114142708881e+03 8.027152740981838841e-01 3.722257907593303217e-01 5.874705324287571306e-01
1.971110144662149651e+03 8.015494503670294035e-01 3.698563532679142729e-01 5.857029018174718660e-01
1.972110175181590421e+03 8.008790546977384572e-01 3.673655272516172521e-01 5.841222909746778269e-01
1.973110205701031646e+03 7.997671193608034690e-01 3.649433249477801455e-01 5.823552221542918073e-01
1.974110236220472416e+03 7.987790071045776097e-01 3.631622345940219154e-01 5.809706208492997348e-01
1.975110266739913186e+03 7.975082183219983634e-01 3.602914031071151602e-01 5.788998107145567618e-01
1.976110297259354411e+03 7.966952772817429418e-01 3.578852687481371420e-01 5.772902730149400696e-01
1.977110327778795181e+03 7.963074902692910406e-01 3.564681159201294469e-01 5.763878030947102715e-01
1.978110358298235951e+03 7.958659990798719885e-01 3.538216180288322743e-01 5.748438085543521314e-01
1.979110388817676721e+03 7.949665631916802422e-01 3.515208327559887214e-01 5.732436979738344540e-01
1.980110419337117492e+03 7.938195393159402924e-01 3.491169313757474524e-01 5.714682353458439001e-01
1.981110449856558716e+03 7.923012304153265184e-01 3.467292594749957213e-01 5.695152449451611476e-01
1.982110480375999487e+03 7.913832370628423041e-01 3.448267425882078352e-01 5.681049898255250419e-01
1.983110510895440257e+03 7.906425188812671312e-01 3.422671123207434163e-01 5.664548156010053015e-01
1.984110541414881482e+03 7.890891505287823682e-01 3.399139423169659224e-01 5.645015464228742008e-01
1.985110571934322252e+03 7.874304196034328518e-01 3.381670783011036518e-01 5.627987489522682241e-01
1.986110602453763022e+03 7.857533542136235782e-01 3.363513245157394582e-01 5.610523393646815737e-01
1.987110632973203792e+03 7.845177121437190149e-01 3.334279182571560085e-01 5.589728152004375117e-01
1.988110663492644562e+03 7.834943077401453904e-01 3.311961272762231623e-01 5.573452175081843318e-01
1.989110694012085787e+03 7.820998316158850328e-01 3.293458335857354924e-01 5.557228326008102348e-01
1.990110724531526557e+03 7.805646716844774069e-01 3.268027463649885167e-01 5.536837090247329618e-01
1.991110755050967327e+03 7.788344062912344601e-01 3.249001439598661056e-01 5.518672751255502273e-01
1.992110785570408552e+03 7.780401681499444777e-01 3.223403426557314155e-01 5.501902554028379466e-01
1.993110816089849322e+03 7.772991590990229183e-01 3.197628390563451717e-01 5.485309990776841005e-01
1.994110846609290093e+03 7.763632772817429251e-01 3.173241602200517764e-01 5.468437187508973230e-01
1.995110877128730863e+03 7.759046926704081804e-01 3.146945759549218402e-01 5.452996343126650380e-01
1.996110907648171633e+03 7.745634359408718472e-01 3.130687488885653402e-01 5.438160924147186215e-01
1.997110938167612858e+03 7.725336526861253938e-01 3.109238160294271469e-01 5.417287343577762426e-01
1.998110968687053628e+03 7.709099133431327466e-01 3.092113683922043110e-01 5.400606408676684733e-01
1.999110999206494398e+03 7.688448864192637400e-01 3.067379976181935364e-01 5.377914420187286382e-01
2.000111029725935623e+03 7.671328197514519776e-01 3.039184106177578171e-01 5.355256151846048418e-01
2.001111060245376393e+03 7.655443337732277254e-01 3.019811352789922299e-01 5.337627345261100054e-01
2.002111090764817163e+03 7.642205679870471835e-01 2.995248966780036937e-01 5.318727323325254108e-01
2.003111121284257933e+03 7.632851224737865481e-01 2.973108269963981032e-01 5.302979747350923256e-01
2.004111151803698704e+03 7.611671864158302547e-01 2.949756728551010121e-01 5.280714296354656057e-01
2.005111182323139928e+03 7.602669748760476631e-01 2.927443664780630117e-01 5.265056706770553374e-01
2.006111212842580699e+03 7.580431042021785748e-01 2.913086466694201904e-01 5.246758754357994103e-01
2.007111243362021469e+03 7.564546085283094801e-01 2.889042416812084846e-01 5.226794251047589546e-01
2.008111273881462694e+03 7.546191259968740850e-01 2.868633371250368658e-01 5.207412315609554199e-01
2.009111304400903464e+03 7.537367447480187721e-01 2.855832701873195489e-01 5.196600074676691605e-01
2.010111334920344234e+03 7.526421840067016866e-01 2.832651627007102269e-01 5.179536733537060123e-01
2.011111365439785004e+03 7.509302239909845245e-01 2.807396542487329283e-01 5.158349391198586709e-01
2.012111395959225774e+03 7.491475051589636669e-01 2.779552057817624156e-01 5.135513554703630135e-01
2.013111426478666999e+03 7.474001657350936023e-01 2.761039998957062203e-01 5.117520828153998558e-01
2.014111456998107769e+03 7.451054780710518743e-01 2.732155516318811594e-01 5.091605148514665169e-01
2.015111487517548539e+03 7.426347368873557064e-01 2.710013679258294061e-01 5.068180524065926118e-01
2.016111518036989764e+03 7.413113686226141530e-01 2.688913265471892799e-01 5.051013475849017720e-01
2.017111548556430535e+03 7.403582770356798015e-01 2.669537471432342213e-01 5.036560120894569836e-01
2.018111579075871305e+03 7.393697381710793159e-01 2.644976605748403653e-01 5.019336993729598406e-01
2.019111609595312075e+03 7.376748909685680866e-01 2.622320138354613528e-01 4.999534524020147197e-01
2.020111640114752845e+03 7.352212335111431019e-01 2.609865913252756298e-01 4.981039124182093936e-01
2.021111670634194070e+03 7.327860753441396424e-01 2.590489454070594721e-01 4.959175103755995573e-01
2.022111701153634840e+03 7.308798921702706064e-01 2.566790233117475228e-01 4.937794577410090646e-01
2.023111731673075610e+03 7.290092047522918062e-01 2.545691149616287063e-01 4.917891598569602563e-01
2.024111762192516835e+03 7.271908641209964275e-01 2.525966060690258974e-01 4.898937350950111624e-01
2.025111792711957605e+03 7.247726248543023830e-01 2.497431728121822514e-01 4.872578988332423311e-01
2.026111823231398375e+03 7.224609407247934989e-01 2.479959097107586052e-01 4.852284252177760382e-01
2.027111853750839146e+03 7.205547575509245739e-01 2.458512619127365961e-01 4.832030097318306128e-01
2.028111884270279916e+03 7.188074181270552865e-01 2.441388142755137047e-01 4.814731162012845234e-01
2.029111914789721141e+03 7.163535958436664242e-01 2.418896630726656005e-01 4.791216294581659985e-01
2.030111945309161911e+03 7.140419892793163914e-01 2.398495946957659997e-01 4.769457919875411678e-01
2.031111975828602681e+03 7.121358061054472444e-01 2.386041816876174892e-01 4.753699938965323391e-01
2.032112006348043906e+03 7.106184764649658980e-01 2.369428075001969725e-01 4.737806419825814075e-01
2.033112036867484676e+03 7.091532512200474647e-01 2.347284527574760860e-01 4.719408519887617892e-01
2.034112067386925446e+03 7.072991142678716203e-01 2.322376267411789541e-01 4.697683705045253011e-01
2.035112097906366216e+03 7.047219245990842262e-01 2.295213268848114996e-01 4.671216257419478768e-01
2.036112128425806986e+03 7.019338934368276606e-01 2.266332872085847494e-01 4.642835903227062189e-01
2.037112158945248211e+03 7.002578073071499265e-01 2.247491567637250887e-01 4.625034820354375076e-01
2.038112189464688981e+03 6.982803514477988749e-01 2.231225410282829946e-01 4.607014462380409348e-01
2.039112219984129752e+03 6.962153148282850257e-01 2.212893605067440261e-01 4.587523376675145537e-01
2.040112250503570976e+03 6.936024257950637040e-01 2.195070253861153842e-01 4.565547255905895163e-01
2.041112281023011747e+03 6.907788213117580511e-01 2.179344002258886970e-01 4.543566107688233879e-01
2.042112311542452517e+03 6.882372437465995585e-01 2.165840942293908444e-01 4.524106689879952015e-01
2.043112342061893287e+03 6.857313558502285966e-01 2.144903488445028261e-01 4.501108523473656975e-01
2.044112372581334057e+03 6.836663192307146364e-01 2.120694958299451927e-01 4.478679075303299006e-01
2.045112403100775282e+03 6.814424388611998173e-01 2.105477160706285544e-01 4.459950774659141581e-01
2.046112433620216052e+03 6.790597147416859158e-01 2.088352779354428757e-01 4.439474963385643957e-01
2.047112464139656822e+03 6.772249787749065053e-01 2.069827797723321761e-01 4.421038792736193268e-01
2.048112494659098047e+03 6.755650165026572118e-01 2.042856740310522723e-01 4.399253452668547282e-01
2.049112525178538817e+03 6.728288570404862279e-01 2.022618826438294104e-01 4.375453698421578053e-01
2.050112555697979587e+03 6.704461232253274838e-01 2.005143914935138827e-01 4.354802573594206971e-01
2.051112586217420358e+03 6.676741674422753681e-01 1.986813154943838089e-01 4.331777414683296024e-01
2.052112616736861128e+03 6.645687493450100902e-01 1.966925866243280641e-01 4.306306679846690910e-01
2.053112647256302353e+03 6.621502289046136136e-01 1.949100044507330043e-01 4.285301166776733228e-01
2.054112677775743123e+03 6.593625467855729338e-01 1.929212850827145276e-01 4.261419159341437446e-01
2.055112708295183893e+03 6.571744724325853104e-01 1.911737464222130201e-01 4.241741094273991930e-01
2.056112738814625118e+03 6.550378140843728936e-01 1.889088028335838554e-01 4.219733084589784022e-01
2.057112769334065888e+03 6.526550802692142605e-01 1.873520365733982451e-01 4.200035584213062667e-01
2.058112799853506658e+03 6.500776676005945998e-01 1.857250312544319881e-01 4.179013494275132801e-01
2.059112830372947428e+03 6.472900824380024565e-01 1.833898866151720541e-01 4.153399845265872692e-01
2.060112860892388198e+03 6.450303475737380055e-01 1.814012242593766311e-01 4.132157859165573321e-01
2.061112891411829423e+03 6.422940620681826251e-01 1.797590726931564964e-01 4.110265673806695608e-01
2.062112921931270193e+03 6.398600964655002388e-01 1.783228302724690906e-01 4.090914633689846647e-01
2.063112952450710964e+03 6.376156516332049939e-01 1.765400580581312495e-01 4.070778548456681079e-01
2.064112982970152188e+03 6.343516127857706799e-01 1.743605852938702738e-01 4.043560990398205046e-01
2.065113013489592959e+03 6.315641439709169802e-01 1.723719704482607473e-01 4.019680572095888360e-01
2.066113044009033729e+03 6.295350200200231505e-01 1.703129835153503746e-01 3.999240017676867764e-01
2.067113074528474499e+03 6.275569921176246124e-01 1.683243876738152733e-01 3.979406898957199568e-01
2.068113105047915269e+03 6.245899308727370647e-01 1.666119400365923542e-01 3.956009354546646817e-01
2.069113135567356494e+03 6.209723597261969097e-01 1.647790445761679046e-01 3.928757021511823933e-01
2.070113166086797264e+03 6.180620858733465450e-01 1.630313728871459200e-01 3.905467293802462603e-01
2.071113196606238034e+03 6.161918541506770097e-01 1.611984964307964785e-01 3.886951752907367164e-01
2.072113227125679259e+03 6.138960417918288837e-01 1.597974020456101041e-01 3.868467219187194939e-01
2.073113257645120029e+03 6.111596399385358369e-01 1.580849639104244531e-01 3.846223019244801589e-01
2.074113288164560799e+03 6.085311893952901618e-01 1.564929260882537421e-01 3.825120577417719381e-01
2.075113318684001570e+03 6.064661527757763126e-01 1.546600876400529567e-01 3.805631202079146069e-01
2.076113349203442340e+03 6.039753997810567432e-01 1.532589932548673317e-01 3.786171965179620513e-01
2.077113379722883565e+03 6.006756033953204454e-01 1.513202831084878852e-01 3.759979432519041653e-01
2.078113410242324335e+03 5.981192884499506590e-01 1.494874636643616084e-01 3.738033760571561337e-01
2.079113440761765105e+03 5.964587250477195735e-01 1.476546632243095070e-01 3.720566941360145541e-01
2.080113471281206330e+03 5.938090119552602575e-01 1.458715679407069643e-01 3.698402899479836248e-01
2.081113501800647100e+03 5.914837636185702463e-01 1.433100752739566164e-01 3.673969194462634036e-01
2.082113532320087870e+03 5.895561045913012554e-01 1.411163019437517707e-01 3.653362032675265270e-01
2.083113562839528640e+03 5.864658310913321015e-01 1.400123077548441342e-01 3.632390694230881456e-01
2.084113593358969410e+03 5.832021800696941538e-01 1.390571059660236641e-01 3.611296430178588812e-01
2.085113623878410635e+03 5.807327865806343192e-01 1.369979384944062517e-01 3.588653625375202716e-01
2.086113654397851406e+03 5.781190055480857071e-01 1.350449087780083435e-01 3.565819571630470253e-01
2.087113684917292176e+03 5.754185745372822902e-01 1.336792094812908338e-01 3.545488920092865759e-01
2.088113715436733401e+03 5.729853651948990656e-01 1.321365062361198051e-01 3.525609357155094492e-01
2.089113745956174171e+03 5.706892231841259600e-01 1.299075943724505577e-01 3.502984087782882727e-01
2.090113776475614941e+03 5.683426347330640116e-01 1.280040607676851405e-01 3.481733477503745622e-01
2.091113806995055711e+03 5.661187543635501918e-01 1.267092561703130060e-01 3.464140052669316128e-01
2.092113837514496481e+03 5.636637007332629956e-01 1.252866396709314267e-01 3.444751702020972250e-01
2.093113868033937706e+03 5.612306368255529643e-01 1.229376220573984158e-01 3.420841294414757039e-01
2.094113898553378476e+03 5.589343978583309891e-01 1.217769577187929608e-01 3.403556777885619611e-01
2.095113929072819246e+03 5.563204326085298135e-01 1.199443093113356507e-01 3.381323709599327598e-01
2.096113959592260471e+03 5.530570239780125963e-01 1.187698480147550695e-01 3.359134359963838468e-01
2.097113990111701241e+03 5.508693471464648495e-01 1.172268121982836669e-01 3.340480796723742651e-01
2.098114020631142012e+03 5.486092438476950495e-01 1.148916675590237330e-01 3.317504557033593704e-01
2.099114051150582782e+03 5.461401315323378691e-01 1.128678666697637140e-01 3.295039991010507707e-01
2.100114081670023552e+03 5.438075338968321182e-01 1.109506216253578897e-01 3.273790777610949831e-01
2.101114112189464777e+03 5.407894153860272057e-01 1.098608804922087678e-01 3.253251479391179868e-01
2.102114142708905547e+03 5.385517187225652425e-01 1.081975108769828720e-01 3.233746147997740294e-01
2.103114173228346317e+03 5.367318461793807449e-01 1.063514455930375940e-01 3.215416458862091487e-01
2.104114203747787542e+03 5.345079658098658149e-01 1.053952840984618555e-01 3.199516249541638491e-01
2.105114234267228312e+03 5.320889508915818134e-01 1.032158113342018652e-01 3.176523811128918462e-01
2.106114264786669082e+03 5.293522290820081855e-01 1.010719141971163776e-01 3.152120716395622746e-01
2.107114295306109852e+03 5.264203339410848947e-01 9.950180707674013969e-02 3.129610705089125311e-01
2.108114325825550623e+03 5.233523119461056528e-01 9.877231667891954447e-02 3.110623143125125778e-01
2.109114356344991847e+03 5.210422372936449609e-01 9.717994628544716906e-02 3.091110917895460442e-01
2.110114386864432618e+03 5.190633755657869663e-01 9.515615489822429329e-02 3.071097652320056159e-01
2.111114417383873388e+03 5.165217980006282517e-01 9.332365852336173273e-02 3.049227282619950130e-01
2.112114447903314613e+03 5.138577353537526760e-01 9.211386865257296941e-02 3.029858020031628296e-01
2.113114478422755383e+03 5.114022745063805386e-01 9.048582761155500587e-02 3.009440510589677653e-01
2.114114508942196153e+03 5.089698214242986962e-01 8.868901138627589831e-02 2.988294164052873181e-01
2.115114539461636923e+03 5.072588697556486004e-01 8.779060327363642779e-02 2.975247365146425071e-01
2.116114569981077693e+03 5.054387451256970865e-01 8.647385847243263535e-02 2.959563017990648470e-01
2.117114600500518918e+03 5.029103924201477893e-01 8.465437988849591755e-02 2.937823861543218396e-01
2.118114631019959688e+03 4.995978074788218759e-01 8.265334588030170959e-02 2.911255766795617927e-01
2.119114661539400458e+03 4.978504680549525885e-01 8.142081763455955024e-02 2.896356428447560694e-01
2.120114692058841683e+03 4.959807211145260686e-01 7.908567299529850603e-02 2.875331970549123151e-01
2.121114722578282453e+03 4.941240535990374383e-01 7.736041661196708941e-02 2.857422351055022847e-01
2.122114753097723224e+03 4.914600879086117868e-01 7.654630107108634229e-02 2.840031944898490646e-01
2.123114783617163994e+03 4.891997422187200906e-01 7.491806998932507011e-02 2.820589061040225665e-01
2.124114814136604764e+03 4.869264334516292814e-01 7.346853421863284994e-02 2.801974838351310448e-01
2.125114844656045989e+03 4.854603065117366056e-01 7.211586221487847892e-02 2.787880843633075423e-01
2.126114875175486759e+03 4.836271121524925998e-01 7.028350837057366352e-02 2.769553102615331386e-01
2.127114905694927529e+03 4.820514632080840078e-01 6.891818915534300705e-02 2.754848261817134936e-01
2.128114936214368754e+03 4.797417569901286649e-01 6.713419117820926263e-02 2.734379740841689777e-01
2.129114966733809524e+03 4.774448393277653802e-01 6.557741541598632873e-02 2.715111273718758822e-01
2.130114997253250294e+03 4.749525059429308138e-01 6.351782035269690208e-02 2.692351631478138718e-01
2.131115027772691064e+03 4.721901682395951427e-01 6.179294405085210273e-02 2.669915561452236297e-01
2.132115058292131835e+03 4.709193794570157854e-01 6.108620153002246311e-02 2.660027904935191034e-01
2.133115088811573060e+03 4.692577786207825508e-01 6.073901609580697331e-02 2.649983973582947794e-01
2.134115119331013830e+03 4.673150234744421483e-01 5.985311266408673003e-02 2.635840680692644322e-01
2.135115149850454600e+03 4.652865685230445636e-01 5.806897215639620496e-02 2.616777703397203947e-01
2.136115180369895825e+03 4.631483588716521216e-01 5.596122076871473672e-02 2.595547898201834291e-01
2.137115210889336595e+03 4.609976709253055804e-01 5.475166844885587941e-02 2.578746696870807265e-01
2.138115241408777365e+03 4.589692547564875325e-01 5.357801482543539384e-02 2.562736347909614354e-01
2.139115271928218135e+03 4.573441483275675346e-01 5.269196886315758582e-02 2.550180585953625845e-01
2.140115302447658905e+03 4.553157515500391717e-01 5.109930390653366628e-02 2.532075277282864190e-01
2.141115332967100130e+03 4.536906257298285450e-01 4.949458086473666751e-02 2.515926032972826132e-01
2.142115363486540900e+03 4.518577416312205552e-01 4.856052110862530552e-02 2.502091313699229547e-01
2.143115394005981670e+03 4.505136343820905775e-01 4.736300786986431116e-02 2.489383211259774409e-01
2.144115424525422895e+03 4.485707822793003619e-01 4.533921648264060272e-02 2.469549993809704858e-01
2.145115455044863666e+03 4.463835805343515650e-01 4.392622554691486686e-02 2.451549030406332264e-01
2.146115485564304436e+03 4.443185536104825029e-01 4.284835245819501592e-02 2.435834530343387594e-01
2.147115516083745206e+03 4.428034539683231019e-01 4.120783524236930340e-02 2.420056446053462096e-01
2.148115546603185976e+03 4.412636983012447334e-01 3.977077564648502650e-02 2.405172369738648730e-01
2.149115577122627201e+03 4.391132527460192003e-01 3.882496187039056329e-02 2.389691073082048922e-01
2.150115607642067971e+03 4.374880396650054348e-01 3.824995559292302533e-02 2.378689976289642405e-01
2.151115638161508741e+03 4.356185932895707547e-01 3.658518917823273126e-02 2.361018912339017395e-01
2.152115668680949966e+03 4.338712635613458657e-01 3.470543917250990679e-02 2.342883513669278828e-01
2.153115699200390736e+03 4.327960650228457884e-01 3.361570754139851791e-02 2.332058862821221601e-01
2.154115729719831506e+03 4.315620421256353700e-01 3.299299153528708478e-02 2.322775168304612170e-01
2.155115760239272277e+03 4.303030044646456997e-01 3.183117745018380212e-02 2.310670909574147613e-01
2.156115790758713047e+03 4.279202803451317982e-01 3.053823525209728787e-02 2.292292577986145552e-01
2.157115821278154272e+03 4.258920386979205275e-01 2.949600430481173763e-02 2.276940215013661395e-01
2.158115851797595042e+03 4.238638164419999410e-01 2.839486072705591641e-02 2.261293385845279391e-01
2.159115882317035812e+03 4.226298323273690594e-01 2.781959789458501170e-02 2.252247151109770251e-01
2.160115912836477037e+03 4.207352160578358147e-01 2.692161737361774970e-02 2.238284167157267857e-01
2.161115943355917807e+03 4.184261497524434659e-01 2.544834551406823311e-02 2.219372476332558408e-01
2.162115973875358577e+03 4.166419668780466101e-01 2.401114338762641576e-02 2.203265551328364991e-01
2.163116004394799347e+03 4.144917928008782781e-01 2.225137560528344868e-02 2.183715842030808651e-01
2.164116034914240117e+03 4.127076002308363023e-01 2.147298772417208582e-02 2.170902939775042062e-01
2.165116065433681342e+03 4.106425733069663520e-01 2.022758421806030230e-02 2.154350787625133323e-01
2.166116095953122112e+03 4.089689983493124403e-01 1.998850346075864079e-02 2.144787509050355423e-01
2.167116126472562883e+03 4.078570533167330536e-01 1.910166882939545729e-02 2.134793610730642555e-01
2.168116156992004107e+03 4.064274207841531705e-01 1.762825443928772023e-02 2.120278376117204489e-01
2.169116187511444878e+03 4.051197206815316254e-01 1.560446305206488089e-02 2.103620918667982453e-01
2.170116218030885648e+03 4.034943136876203984e-01 1.457613358516350079e-02 2.090352236363919591e-01
2.171116248550326418e+03 4.012335123024195482e-01 1.446755380639142344e-02 2.078505330544054841e-01
2.172116279069767188e+03 3.994381406538356494e-01 1.360589957353564375e-02 2.065220201136856448e-01
2.173116309589208413e+03 3.987177833264989313e-01 1.294699030783325218e-02 2.058323868171660909e-01
2.174116340108649183e+03 3.972252551456104674e-01 1.221561850665227843e-02 2.047204368261313634e-01
2.175116370628089953e+03 3.948794908243630220e-01 1.076754604968469149e-02 2.028235184370238697e-01
2.176116401147531178e+03 3.927295688339608182e-01 9.880445361280109848e-03 2.013050070976204753e-01
2.177116431666971948e+03 3.910671050853342101e-01 8.551851519722063200e-03 1.998094783025281262e-01
2.178116462186412718e+03 3.888802232966662720e-01 8.229846484014367511e-03 1.985550348903403206e-01
2.179116492705853489e+03 3.876356127552513797e-01 8.121048158387310714e-03 1.978783304568193513e-01
2.180116523225294259e+03 3.868521561710639989e-01 7.342669779313052911e-03 1.970974129751885129e-01
2.181116553744735484e+03 3.852266425250583382e-01 7.067595305200954220e-03 1.961471189151296479e-01
2.182116584264176254e+03 3.829657344877638314e-01 5.988363425165367342e-03 1.944770489564645877e-01
2.183116614783617024e+03 3.812924794863906675e-01 5.199513801126608853e-03 1.932459966437586329e-01
2.184116645303058249e+03 3.795451497581656675e-01 4.696171888015363352e-03 1.921206608230905111e-01
2.185116675822499019e+03 3.776866206788611069e-01 3.917793508941048303e-03 1.908022070939010828e-01
2.186116706341939789e+03 3.754521914477223499e-01 3.414423089718531413e-03 1.894333072687204300e-01
2.187116736861380559e+03 3.741072309818432307e-01 2.252000874236222572e-03 1.881796159280397229e-01
2.188116767380821329e+03 3.721534906698582001e-01 8.042989967182647294e-04 1.864788948332882224e-01
2.189116797900262554e+03 3.711261886170439950e-01 1.088639001239954452e-04 1.856175262585839925e-01
2.190116828419703324e+03 3.697707762459888636e-01 -1.100175309727637963e-03 1.843353004681306251e-01
2.191116858939144095e+03 3.685103424121368709e-01 -1.842179890504843254e-03 1.833340812608160175e-01
2.192116889458585320e+03 3.667526868221193115e-01 -2.236428914836476479e-03 1.822581289536414073e-01
2.193116919978026090e+03 3.651744879231081375e-01 -2.885456061879311789e-03 1.811445159306144248e-01
2.194116950497466860e+03 3.632209124370862630e-01 -4.250138640619335016e-03 1.794853868982334566e-01
2.195116981016907630e+03 3.619129602476981455e-01 -5.074943973319411342e-03 1.784190081371893610e-01
2.196117011536348400e+03 3.607536810768349200e-01 -5.578399910876447564e-03 1.775876405829792393e-01
2.197117042055789625e+03 3.597262335893476326e-01 -6.201106414951076604e-03 1.767625635871982737e-01
2.198117072575230395e+03 3.579889873317942950e-01 -6.247447850242177601e-03 1.758707697407760617e-01
2.199117103094671165e+03 3.558022994560238184e-01 -6.356816298099620885e-03 1.747227415789620875e-01
