# time[us]  F_in[N]  F_out[N]
# time is the SOURCE FILE's own base (analysis t=0 sits at -909.5 us there)
# F_in: in bar, c0=5126.265 mm/ms, x=[935.0, 120.0] mm, reconstructed at ITS OWN face (x=0)
# F_out: out bar, c0=5126.265 mm/ms, x=[119.25, 1196.25] mm, reconstructed at ITS OWN face (x=0)
# eta=1, x=0 is the output-bar / specimen interface
-9.094527559055118218e+02 -1.262570831317309228e+01 2.904407622057622262e+00
-9.084527253860709379e+02 -8.206026258770657833e+00 -3.956813933222740332e+00
-9.074526948666300541e+02 -1.953259358203992235e+01 8.218178765525978591e+00
-9.064526643471891703e+02 -3.301362172961662367e+01 1.414468237658839200e+01
-9.054526338277482864e+02 -3.017544749774618040e+01 3.823396259141748743e+00
-9.044526033083074026e+02 -3.150451644215883107e+01 5.314783180203078494e+00
-9.034525727888665187e+02 -1.906771704640637921e+01 4.215125311362045935e+00
-9.024525422694256349e+02 -1.000903490150727881e+00 -3.243833017246266603e+00
-9.014525117499847511e+02 -3.128357251268516492e+00 -1.488465301436047383e+01
-9.004524812305438672e+02 -1.926079484913923778e+01 -1.563720184399099766e+00
-8.994524507111029834e+02 -2.161743578259727272e+01 -9.054706336836090941e+00
-8.984524201916620996e+02 -8.641965955399220078e+00 -1.167298349038002669e+01
-8.974523896722212157e+02 -7.191477145351161226e+00 -1.220202287483046177e+01
-8.964523591527803319e+02 -7.541507686767584318e+00 -7.544710303844498256e+00
-8.954523286333394481e+02 -8.658496033100767875e+00 -3.936430982903666997e+00
-8.944522981138985642e+02 -1.624780560739260338e+01 9.506655499041010149e-01
-8.934522675944576804e+02 -1.159619108163385270e+01 -1.090853326894288955e+01
-8.924522370750167966e+02 8.146882683542796544e-01 -1.808633786180105218e+01
-8.914522065555759127e+02 6.181785920208688445e+00 -2.126637543520365270e+01
-8.904521760361350289e+02 -1.072762520609741088e+01 9.769944699957708423e+00
-8.894521455166941450e+02 -1.651349513535391722e+01 6.553505225568318160e+00
-8.884521149972532612e+02 -3.036040784675408943e+00 -8.961981403447431660e+00
-8.874520844778123774e+02 -8.901175603651601875e+00 -3.752474044385077256e+00
-8.864520539583714935e+02 -2.285651705577013715e+01 9.018848692305198256e+00
-8.854520234389306097e+02 -1.850030031305354683e+01 -2.866243581954550645e+00
-8.844519929194897259e+02 -1.360110454995974116e+01 -3.537009885997152381e+00
-8.834519624000488420e+02 -1.382822172372894975e+01 -5.822034161022457077e+00
-8.824519318806079582e+02 1.058970285538839207e+01 -1.171237185804219827e+01
-8.814519013611670744e+02 1.262852619548248967e+01 -5.184643455275565138e+00
-8.804518708417261905e+02 -7.260854643124276642e+00 2.045930713983795002e+00
-8.794518403222853067e+02 9.596154684814731439e+00 -3.517377717783308810e+01
-8.784518098028444228e+02 6.979430751364815499e+00 -2.278057931231048983e+01
-8.774517792834035390e+02 -7.268319790509034206e+00 -3.416600915402205452e+00
-8.764517487639626552e+02 1.514429994285463321e+00 -1.680722173429285249e+01
-8.754517182445217713e+02 6.637894589590322525e+00 -3.879883978312972825e+00
-8.744516877250808875e+02 1.007563538777456458e+01 -4.006559327783778990e+00
-8.734516572056400037e+02 -1.185682296877565101e+01 -6.962464411135200759e-01
-8.724516266861991198e+02 1.113294306049150251e+00 -8.149685698698993619e+00
-8.714515961667582360e+02 -3.306263677125595102e+00 -9.321583691076561706e+00
-8.704515656473173522e+02 -1.551877694388062601e+01 1.144730258840519710e+01
-8.694515351278764683e+02 -1.549794492660753420e+00 -1.313943623759121415e+01
-8.684515046084355845e+02 -1.789573894295673639e+01 7.319419933349530893e+00
-8.674514740889947007e+02 5.925264167655749148e+00 -1.227311019498375977e+01
-8.664514435695538168e+02 -9.348727276683909793e+00 2.829522871007990048e+00
-8.654514130501129330e+02 -5.762750817358977429e+00 -8.116261111156475749e+00
-8.644513825306720491e+02 -1.077432042558654324e+01 -5.447635651352805475e+00
-8.634513520112311653e+02 -2.208314771039840352e+01 6.171943726275106457e+00
-8.624513214917902815e+02 -3.976888006885775262e+00 -2.014683130220742413e+01
-8.614512909723493976e+02 -2.420961018263553655e+01 9.433083131561827983e+00
-8.604512604529085138e+02 -2.389259465593899989e+01 2.399142489867868022e+01
-8.594512299334676300e+02 -2.110623004101115363e-01 -3.100808382932144447e+00
-8.584511994140267461e+02 -1.293324295805839341e+01 -1.127416278457254073e+01
-8.574511688945858623e+02 -2.014180322030591697e+01 9.694783474758029485e+00
-8.564511383751449785e+02 -9.398434497055164982e+00 2.518564989109571606e+00
-8.554511078557040946e+02 8.539502352170138977e+00 -4.579126941615325741e+00
-8.544510773362632108e+02 8.443937523501192643e-01 1.209445713729694383e+01
-8.534510468168223269e+02 2.260556717242756086e+00 1.308076398112559069e+01
-8.524510162973814431e+02 9.675970093187487464e+00 -1.274381041923656710e+01
-8.514509857779405593e+02 5.223461693807360806e-01 7.606610467172540524e+00
-8.504509552584996754e+02 6.454492418148488397e+00 1.372404495920959278e+01
-8.494509247390587916e+02 1.963911846526773175e+01 -5.494881291541475754e+00
-8.484508942196179078e+02 2.141885009466710699e+01 -1.451574760496003869e+01
-8.474508637001770239e+02 -4.228166222483512371e+00 8.750618602027925519e+00
-8.464508331807361401e+02 -1.442872396640786592e+00 6.996469534119272637e+00
-8.454508026612952563e+02 -2.375418353708732333e+00 5.939967879095802594e+00
-8.444507721418543724e+02 -9.749353313924055797e+00 4.039309587156969528e+00
-8.434507416224134886e+02 -7.136314112834845069e+00 -9.886753068780805842e-01
-8.424507111029726047e+02 -8.667514083563165883e+00 -1.106263482920495278e+01
-8.414506805835317209e+02 -1.368494230391277355e+01 -2.934362150737594099e+00
-8.404506500640908371e+02 -1.177613946175013915e+01 8.272700770363446310e+00
-8.394506195446499532e+02 2.518215128660828306e+00 -8.565966178613161119e+00
-8.384505890252090694e+02 3.995106724438544976e+00 -1.609089325895909894e+01
-8.374505585057681856e+02 -4.261451721721453367e+00 -9.648212355853939215e+00
-8.364505279863273017e+02 -1.575790911364838065e+00 -2.682356491652287289e+00
-8.354504974668864179e+02 9.440280698125032011e-01 -1.478445642984389252e+01
-8.344504669474455341e+02 -1.259437267164909358e+01 -5.138666780145811686e+00
-8.334504364280046502e+02 -1.300984448114899372e+01 9.300188089277741099e+00
-8.324504059085637664e+02 1.964548208668582152e+00 8.070603669012783143e+00
-8.314503753891228826e+02 -9.390694106259221741e+00 1.729148903753106126e+01
-8.304503448696819987e+02 -9.864939011562363191e+00 2.178245434836860284e+01
-8.294503143502411149e+02 8.235287952242931198e-03 1.177304455292333429e+01
-8.284502838308002310e+02 3.908876947608924457e+00 3.614240000933758079e+00
-8.274502533113593472e+02 9.059766841478954502e-01 6.394536422744902637e+00
-8.264502227919184634e+02 -4.079374464930287658e+00 1.338329781051896994e+01
-8.254501922724775795e+02 1.337445642824821812e+00 4.099504571415405252e+00
-8.244501617530366957e+02 -1.059555266390609418e+01 3.667036691609494969e+00
-8.234501312335958119e+02 7.832257226146288609e+00 -2.632532366536769075e+01
-8.224501007141549280e+02 -1.231367311667428233e+01 1.076814491090798676e+01
-8.214500701947140442e+02 -3.239920350589218678e+00 4.163842638678532104e+00
-8.204500396752731604e+02 2.330363811969966115e+00 -5.740601020861802795e+00
-8.194500091558322765e+02 -7.960426064186737705e+00 4.523431152533696320e+00
-8.184499786363913927e+02 -1.334614885854293220e+00 -9.283071420849746680e-01
-8.174499481169505088e+02 -1.605201853995055572e+01 2.279432184365034431e+01
-8.164499175975096250e+02 2.504711260260062744e+00 -1.471673480170746551e+01
-8.154498870780687412e+02 -4.175471437965592614e+00 1.403516436841280912e+00
-8.144498565586278573e+02 -1.197501563239125844e+01 9.308784948594746922e+00
-8.134498260391869735e+02 1.159245379722313674e+00 -1.147979614488361300e+01
-8.124497955197460897e+02 2.907488206892407501e+00 -1.179750670662063250e+01
-8.114497650003052058e+02 4.818844113532176010e+00 -3.383055180223885738e+00
-8.104497344808643220e+02 -2.031432204327354185e+01 1.412579140945150158e+01
-8.094497039614234382e+02 1.397726927840365185e+01 -1.870244067006583322e+01
-8.084496734419825543e+02 2.497596695436339331e+00 -3.864640553163035896e+00
-8.074496429225416705e+02 -1.638649370511400605e+01 1.498936464130790291e+01
-8.064496124031007867e+02 -1.945200031644552752e+01 4.313824911658844519e-01
-8.054495818836599028e+02 -2.272997130738436056e+01 3.902811010219951804e+00
-8.044495513642190190e+02 -1.400565296643244650e+01 -1.315067646521043443e+01
-8.034495208447781351e+02 -2.469756817107359836e+01 -1.581486833370750578e+00
-8.024494903253372513e+02 -1.796001658014360203e+01 4.283943353259950015e+00
-8.014494598058963675e+02 -6.505464148212258380e+00 1.430406765572433336e+01
-8.004494292864554836e+02 -1.548657833141762552e+01 7.820843114882974234e+00
-7.994493987670145998e+02 -1.722159813286718233e+01 9.074512987555145571e+00
-7.984493682475737160e+02 -2.048190397508533067e+01 -4.359361753794258831e+00
-7.974493377281328321e+02 -2.861524705815308778e+01 7.381811834652718396e+00
-7.964493072086919483e+02 -3.003694951929051982e+01 5.187303083819680083e+00
-7.954492766892510645e+02 -1.595251856022222370e+01 -7.834598530338178435e+00
-7.944492461698101806e+02 1.967414824063469680e+00 -7.821612413202135627e+00
-7.934492156503692968e+02 -7.142114308339790441e+00 1.532803706610572725e+01
-7.924491851309284129e+02 -9.813849545618268166e+00 -3.399909177565692442e+00
-7.914491546114875291e+02 -8.960104832194976110e-01 1.072315352173042857e+00
-7.904491240920466453e+02 -2.998135797664984281e+00 -2.577687971542052203e+00
-7.894490935726057614e+02 -1.576566941232065844e+01 2.163676698914758223e+00
-7.884490630531648776e+02 -1.328747604400186688e+01 -3.373918359629779928e+00
-7.874490325337239938e+02 -2.684462066285980342e+01 7.115125204612112952e+00
-7.864490020142831099e+02 -4.307150710407483984e+00 6.811343225421657710e-01
-7.854489714948422261e+02 5.068358156878943532e+00 -1.299013005893498551e+01
-7.844489409754013423e+02 -3.555221610574292423e+00 -1.561114322603774696e+01
-7.834489104559604584e+02 -1.697652614559296325e+01 -5.093819427812585232e+00
-7.824488799365195746e+02 -4.904118884985873450e+00 -1.288987285152815154e+01
-7.814488494170786907e+02 -1.197016346619435678e+00 -1.494198452576461555e+01
-7.804488188976378069e+02 4.365212372590159262e+00 -1.854451299234360562e+01
-7.794487883781969231e+02 5.928762691314465982e+00 -2.401183122679181992e+01
-7.784487578587560392e+02 1.365593786923314568e+01 -2.074725701766361396e+01
-7.774487273393151554e+02 4.165872231865467512e+00 1.722213050419700764e+01
-7.764486968198742716e+02 2.521223312500788793e+01 -1.968437897560043126e+01
-7.754486663004333877e+02 5.315649302631423545e+00 -8.940933955853276771e+00
-7.744486357809925039e+02 -7.356807795170012376e+00 -2.844358021041512252e+00
-7.734486052615516201e+02 7.108517833093838334e+00 -1.462608212372687078e+01
-7.724485747421107362e+02 4.124353728713455070e+00 7.738908966785182919e+00
-7.714485442226698524e+02 4.490664708283576800e+01 -1.323595492693979558e+01
-7.704485137032289686e+02 2.679022090517754862e+01 9.123580143617887828e+00
-7.694484831837880847e+02 4.764156576735511095e+01 -1.492442652795193325e+01
-7.684484526643472009e+02 5.199029971229361280e+01 -1.625109790730748216e+01
-7.674484221449063170e+02 3.433927057507927572e+01 6.779820567762024908e+00
-7.664483916254654332e+02 2.773428111150484909e+01 2.299023680912938961e+00
-7.654483611060245494e+02 5.041476117742480767e+01 -1.891865715112002988e+01
-7.644483305865836655e+02 3.007192147917133340e+01 -9.504286801983255373e+00
-7.634483000671427817e+02 3.398719709912219145e+01 7.898388253415012938e-01
-7.624482695477018979e+02 5.976852243947243437e+01 -1.433802847309775608e+01
-7.614482390282610140e+02 4.678462194534256469e+01 -1.596719161898513484e+01
-7.604482085088201302e+02 2.127792954415596327e+01 -8.436196772851360492e+00
-7.594481779893792464e+02 2.685705191593060093e+01 -8.047773215512716405e+00
-7.584481474699383625e+02 3.483271969565223714e+01 -1.065439316364964473e+00
-7.574481169504974787e+02 3.430033191184981689e+01 1.388610704157600573e+01
-7.564480864310565948e+02 3.662839999303874094e+01 2.560039629021118923e+00
-7.554480559116157110e+02 4.626715421152015750e+01 -1.547833262840580026e+01
-7.544480253921748272e+02 4.304498875023584503e+01 -1.032025503699128421e+01
-7.534479948727339433e+02 2.660731832282789355e+01 -7.196841364147831044e+00
-7.524479643532930595e+02 4.661657421929373868e+01 -7.423969661897364070e+00
-7.514479338338521757e+02 6.719379215090958724e+01 1.607684259523327830e+00
-7.504479033144112918e+02 6.316232211573344557e+01 1.611819636028175129e+00
-7.494478727949704080e+02 4.741644868959197368e+01 -1.500551116446951738e+01
-7.484478422755295242e+02 4.158580370700418172e+01 -1.323384838242350980e+01
-7.474478117560886403e+02 3.470491265487324029e+01 -3.683677483053112045e+00
-7.464477812366477565e+02 4.784864652308554867e+01 -1.149633670756633030e+01
-7.454477507172068727e+02 3.903441392598661253e+01 -1.844192030341973165e+01
-7.444477201977659888e+02 4.300244550443942870e+01 -2.308946219349173745e+01
-7.434476896783251050e+02 6.727295330075405033e+00 2.440023081221180234e+01
-7.424476591588842211e+02 3.147864479026426565e+01 1.176870045520851349e+01
-7.414476286394433373e+02 6.293481246134041385e+01 -1.344614235616345788e+01
-7.404475981200024535e+02 5.477257485554194005e+01 6.142468003798995824e+00
-7.394475676005615696e+02 3.453023505167832496e+01 3.123914692739328203e+00
-7.384475370811206858e+02 2.126011434501027964e+01 1.432139143470664777e+01
-7.374475065616798020e+02 3.774980175873870536e+01 9.008652951475535353e-01
-7.364474760422389181e+02 2.844266886922726201e+01 1.089583293194040614e+01
-7.354474455227980343e+02 3.106810058049303791e+01 4.704653408467246223e+00
-7.344474150033571505e+02 4.195074273811262344e+01 -1.687601852637120814e+01
-7.334473844839162666e+02 3.112027495640693076e+01 1.488707077501236542e+00
-7.324473539644753828e+02 3.019878084287188003e+01 4.462633720961421524e+00
-7.314473234450344989e+02 4.124830319627110953e+01 -1.899652442370417305e+01
-7.304472929255936151e+02 5.151348959152981166e+01 -2.084342991392928113e+01
-7.294472624061527313e+02 3.513601898150829328e+01 2.516370493504376249e+00
-7.284472318867118474e+02 5.768645864762900999e+01 -2.146025598504677845e+01
-7.274472013672709636e+02 4.204381829513665991e+01 1.474575329895669640e+00
-7.264471708478300798e+02 1.898327770648101165e+01 2.008600721985119719e+01
-7.254471403283891959e+02 5.157798511345081494e+01 -1.532345814849776566e+01
-7.244471098089483121e+02 7.197550087497170068e+00 3.936639004727304325e+00
-7.234470792895074283e+02 -5.237371174965232967e-02 8.188096486270133312e+00
-7.224470487700665444e+02 -1.472151180084275168e+01 3.167232705190770758e+01
-7.214470182506256606e+02 -2.844871391036271291e+00 -1.277971977174624740e+01
-7.204469877311847767e+02 1.536002587786085627e+01 -1.486510402233012940e+01
-7.194469572117438929e+02 -5.109947121999752540e+00 1.491748584007029343e+01
-7.184469266923030091e+02 1.399142205294722885e+00 4.117126199647742624e+00
-7.174468961728621252e+02 6.361175016890427969e+00 -5.331834336928343632e+00
-7.164468656534212414e+02 1.822126842923832868e+00 -1.386519908344908680e-01
-7.154468351339803576e+02 4.324879511281331190e+00 -3.692904162361010822e+00
-7.144468046145394737e+02 1.133973624915743272e+01 -1.814228670014265887e+01
-7.134467740950985899e+02 -7.914165536793948519e+00 -1.762632150767426076e+00
-7.124467435756577061e+02 -1.755990773697444496e+01 1.588723349733398038e+01
-7.114467130562168222e+02 -2.916103149074793066e+00 -1.845722544094254847e+00
-7.104466825367759384e+02 7.379546821511233645e+00 -1.183808261185324540e+01
-7.094466520173350546e+02 -1.845596405998283274e+01 7.751037268523446322e-01
-7.084466214978941707e+02 -2.036031333220728712e+01 2.938416419387033685e+00
-7.074465909784532869e+02 -1.360472174354371333e+01 -5.699123584613379201e+00
-7.064465604590124030e+02 1.947062941364695376e+00 -2.082976968635234627e+01
-7.054465299395715192e+02 7.085951205193342872e+00 -2.791033359945459580e+01
-7.044464994201306354e+02 -3.420731763342253373e+00 -2.781131798526451959e+01
-7.034464689006897515e+02 -2.209206291089856933e+01 -1.304652369131725109e+01
-7.024464383812488677e+02 -2.863293649828684906e+01 8.868142525714519664e+00
-7.014464078618079839e+02 3.323685880229973577e+00 6.740522948577045703e+00
-7.004463773423671000e+02 2.792538129296033844e+00 -8.891362799837288833e+00
-6.994463468229262162e+02 -1.519985720221185943e+01 -8.480819844116318507e+00
-6.984463163034853324e+02 -1.785735898471087779e+01 -1.145942251001345336e-01
-6.974462857840444485e+02 -4.865807789744824419e+00 -1.087211740681624939e+01
-6.964462552646035647e+02 3.017737007878132260e+00 -3.635164610653551343e+00
-6.954462247451626808e+02 3.981773825483777784e+00 -6.904080189860546390e+00
-6.944461942257217970e+02 -1.857823782885266439e+01 -6.099106130901175149e+00
-6.934461637062809132e+02 -2.599336150986973948e+01 8.486825688491732578e+00
-6.924461331868400293e+02 -2.060569426846471330e+01 7.214932476590160348e+00
-6.914461026673991455e+02 5.764163104591986553e+00 -1.568990951034267667e+01
-6.904460721479582617e+02 8.112062226649499053e-01 -2.835168083504157366e+01
-6.894460416285173778e+02 -2.481082676554533251e+01 -1.581152040360814937e+01
-6.884460111090764940e+02 -3.004364426940422561e+01 -1.450199794653927476e+01
-6.874459805896356102e+02 -1.622044989777048229e+01 -8.814295730351805247e+00
-6.864459500701947263e+02 -4.303562071623844076e+00 -4.648005532825821184e+00
-6.854459195507538425e+02 -1.268048660798257288e+01 -1.344710983910499635e+01
-6.844458890313129587e+02 -3.569016150658671904e+01 1.877389036607393535e+00
-6.834458585118720748e+02 -3.566998892440973634e+01 -5.658460885074777735e+00
-6.824458279924311910e+02 -4.044944311881842225e+01 -4.500160057863402674e-01
-6.814457974729903071e+02 -2.823433607222289510e+01 -3.573026475589057060e+00
-6.804457669535494233e+02 -2.195379395829385061e+01 4.037129131820250016e+00
-6.794457364341085395e+02 -1.622865586641467672e+01 8.570810340741990885e+00
-6.784457059146676556e+02 -1.172351136694316409e+01 -1.326616050427680049e+00
-6.774456753952267718e+02 3.129045756200163453e+00 -6.551478451923022917e+00
-6.764456448757858880e+02 -1.822428054308760181e+01 6.539894563277838024e+00
-6.754456143563450041e+02 -1.064129493962808937e+01 -5.399566984800140190e+00
-6.744455838369041203e+02 -1.252083942134257200e+01 2.204611605220728876e+01
-6.734455533174632365e+02 -5.031924132646693693e+00 3.053799479433925868e+01
-6.724455227980223526e+02 9.250073196888919824e+00 3.823903999496891082e+00
-6.714454922785814688e+02 1.326690439650724329e+01 -5.096138172990400506e+00
-6.704454617591405849e+02 1.800322685164224623e+01 -2.625136622188555435e+01
-6.694454312396997011e+02 5.657187111410308944e-01 7.377784467638350385e+00
-6.684454007202588173e+02 -1.798182016030423824e+00 9.326583540768975666e+00
-6.674453702008179334e+02 1.605517380331201593e+01 1.256239529505159824e+00
-6.664453396813770496e+02 1.727210711457406944e+01 -4.747820430047003271e+00
-6.654453091619361658e+02 1.075437688751014775e+01 1.310397744145962307e+01
-6.644452786424952819e+02 5.018460515273844180e+00 4.775515948480144601e-01
-6.634452481230543981e+02 -5.056634574269232019e+00 8.110268651405512230e-01
-6.624452176036135143e+02 6.162266023837538853e+00 4.424891884708220147e+00
-6.614451870841726304e+02 1.644267232265452350e+01 6.813672934958550975e+00
-6.604451565647317466e+02 1.088079079233728663e+01 -1.091687487212109176e+01
-6.594451260452908627e+02 6.320147942642577732e-01 1.282654630551022024e+01
-6.584450955258499789e+02 -1.244318942280626672e+01 1.572278220657398329e+01
-6.574450650064090951e+02 9.212710283815113144e-01 -1.373395453763045460e+01
-6.564450344869682112e+02 1.005017883404914869e+01 -1.824187376166964469e+01
-6.554450039675273274e+02 1.002393612454092420e+00 4.001516752962601231e+00
-6.544449734480864436e+02 1.407820960119713050e+01 -2.170633159547147528e+01
-6.534449429286455597e+02 -3.277781789776892651e+01 2.597735111435230948e+01
-6.524449124092046759e+02 -7.884527672552767541e+00 -1.173209739325902667e+00
-6.514448818897637921e+02 5.061684407037297717e+00 -1.864862719689452319e+01
-6.504448513703229082e+02 -7.021118035118966816e+00 -1.928861000546342686e+00
-6.494448208508820244e+02 -1.101834198239220086e+01 -2.804107057755536481e+00
-6.484447903314411406e+02 -1.429915231539925458e+01 3.098768135885625163e+00
-6.474447598120002567e+02 1.987138577409238138e+01 -3.104548219435464418e+01
-6.464447292925594866e+02 8.014511009108890249e+00 -8.760857586489031235e+00
-6.454446987731184890e+02 -4.333903729975691732e+00 1.756096284558456588e+01
-6.444446682536776052e+02 -2.178006205100367154e+01 1.100022493480972763e+01
-6.434446377342367214e+02 -1.797820627646655112e+01 -8.852324603041356710e+00
-6.424446072147958375e+02 -9.449339931885479160e+00 5.300155036966792466e+00
-6.414445766953549537e+02 1.442690181621421885e+01 -1.214096060010657041e+01
-6.404445461759140699e+02 2.233104095937511246e+01 -1.617549758728554110e+01
-6.394445156564731860e+02 3.117597861181060637e+00 -1.053077517491888138e+01
-6.384444851370323022e+02 2.955033018111677734e+00 -9.292022428549543633e+00
-6.374444546175914184e+02 2.138265870728761797e+01 -2.334584280659266042e+01
-6.364444240981505345e+02 1.204126318383765692e+01 -2.177454752750564992e+01
-6.354443935787096507e+02 -1.189458190497048307e+01 1.060325569680890112e+01
-6.344443630592687668e+02 -9.020018362137651735e+00 5.842721604442774108e+00
-6.334443325398278830e+02 -1.526222008657249773e+00 -1.492767696491014284e+01
-6.324443020203869992e+02 -3.521199909059866684e+00 -2.237081820662177378e+01
-6.314442715009461153e+02 2.339388437082767780e+00 -1.301295957770931722e+01
-6.304442409815052315e+02 -5.608157831197793541e+00 -1.223044518238076250e+01
-6.294442104620643477e+02 -5.541127631697623457e+00 5.571930868237959800e-01
-6.284441799426234638e+02 -1.149522492011201535e+01 2.706588805425558242e+00
-6.274441494231825800e+02 -2.078193747486970722e+00 3.513624904901618606e+00
-6.264441189037418098e+02 -4.452768003988282430e+00 -2.302197351681763848e+01
-6.254440883843008123e+02 -1.043752382933418588e+01 -2.125395001665894057e+01
-6.244440578648599285e+02 -1.574806004852795382e+01 -2.180071605158602654e+00
-6.234440273454190447e+02 -1.298897994915474285e+01 -1.180066720647659650e+01
-6.224439968259781608e+02 -2.076859466663625398e+01 -1.954884982613170052e+01
-6.214439663065372770e+02 -2.835065267953151391e+01 7.492822126297634888e+00
-6.204439357870963931e+02 -2.427340943371279280e+01 5.359729087227147026e+00
-6.194439052676555093e+02 -1.990579577407650902e+01 8.762414639835649055e+00
-6.184438747482146255e+02 -1.706202942207668016e+01 1.723057695827790781e+01
-6.174438442287737416e+02 -1.606258213695108594e+01 2.058525215950095344e+01
-6.164438137093328578e+02 -1.649089078983304191e+01 1.817202039223247301e+00
-6.154437831898919740e+02 -1.390302447820143072e+01 -3.252303713158024134e+00
-6.144437526704510901e+02 -1.879486247616925354e+01 5.395591037660686595e+00
-6.134437221510102063e+02 -8.089586303647543275e+00 -1.082827730168605740e+01
-6.124436916315694361e+02 3.737046016002835813e+00 -9.377510301874687926e+00
-6.114436611121284386e+02 -8.233101618344178974e+00 -6.618758167861926722e+00
-6.104436305926875548e+02 -9.184902044395215626e-02 -1.301050120325401060e+01
-6.094436000732466709e+02 -2.855883792487112061e+01 5.432367887224367919e+00
-6.084435695538057871e+02 2.720947380238353475e+00 -3.008322371933975603e+01
-6.074435390343649033e+02 -7.376030993161045046e+00 -1.072785436215745136e+01
-6.064435085149240194e+02 4.395702837818280528e+00 -1.119623554499188245e+01
-6.054434779954831356e+02 -1.986113975759618455e+01 2.308217770451228645e+01
-6.044434474760422518e+02 -9.210489601957103645e+00 -3.196030580018053513e+00
-6.034434169566013679e+02 -6.622740904012665908e+00 -9.878495834133081743e+00
-6.024433864371604841e+02 -2.844853996183212530e+01 8.678149614479089280e+00
-6.014433559177196003e+02 -1.789076640216527281e+01 -6.159096088125506796e+00
-6.004433253982787164e+02 -2.330113126008660274e+01 6.166225649529982533e+00
-5.994432948788378326e+02 -6.832037634358339773e+00 8.276333650850613566e+00
-5.984432643593969487e+02 -2.038841530390614309e+01 1.705517949915078546e+01
-5.974432338399560649e+02 8.343996206177983765e+00 -2.037603114521364134e+01
-5.964432033205151811e+02 -3.575193900218756937e+00 8.123715246402962720e+00
-5.954431728010742972e+02 -4.761913082036171119e+01 3.789261986220714107e+01
-5.944431422816334134e+02 -3.113584377877014475e+01 1.330936645862627721e+01
-5.934431117621925296e+02 -1.273288624979386796e+01 -1.791165636557492391e+01
-5.924430812427517594e+02 -4.279892668180229975e+01 1.154561561657137858e+01
-5.914430507233107619e+02 -3.948939282588759880e+01 5.839176892424541521e+00
-5.904430202038698781e+02 -1.052698058567640516e+01 -2.750475911199655066e+00
-5.894429896844289942e+02 -2.724364170083543968e+01 -1.149572274506641634e+01
-5.884429591649881104e+02 -8.697561344026169650e+00 7.418747456055541534e+00
-5.874429286455472266e+02 -1.430758466451700173e+01 -2.048263912033534240e+01
-5.864428981261063427e+02 -9.836681572607524515e+00 -2.286348916234413053e+01
-5.854428676066654589e+02 -1.424167969869073858e+01 -2.325449620013094076e+00
-5.844428370872245750e+02 -2.038613323725155624e+01 -3.702237918159519303e+00
-5.834428065677836912e+02 -1.435328229923397458e+01 -1.812339925214273961e+01
-5.824427760483428074e+02 -2.209458250523038458e+01 -6.386421317326309577e+00
-5.814427455289019235e+02 -2.846833185583897574e+01 4.167228713214953473e+00
-5.804427150094610397e+02 -1.748267535422283103e+01 -9.465582078509736874e+00
-5.794426844900201559e+02 -1.316460974917045945e+01 -6.705513759511315897e+00
-5.784426539705792720e+02 1.691451463887311490e+00 3.459131664753954283e+00
-5.774426234511383882e+02 5.298092056391581650e+00 -6.988780674730663556e+00
-5.764425929316975044e+02 -6.513294700547753280e+00 1.115404966737802717e+01
-5.754425624122566205e+02 -9.808771176122597524e+00 2.471988632855265777e+01
-5.744425318928157367e+02 -4.653236968801429896e+00 8.654978186579466382e+00
-5.734425013733748528e+02 1.054783837097486554e+01 -1.894919820329341320e+01
-5.724424708539340827e+02 6.323098662952506999e+00 -2.111156015204178971e+01
-5.714424403344930852e+02 -6.026859034126690773e+00 -1.275278013298352775e+01
-5.704424098150522013e+02 -1.312340943850903940e+01 -5.311431863575196033e+00
-5.694423792956113175e+02 -3.511469905556982241e+00 -5.589560718481905610e+00
-5.684423487761704337e+02 5.928966090858480698e+00 -1.582337498265592224e+01
-5.674423182567295498e+02 -9.318307311868441190e+00 -8.480758289058492494e+00
-5.664422877372886660e+02 -6.613807440706505503e+00 2.355620588602034360e+01
-5.654422572178477822e+02 -8.017312697719386705e+00 2.025371751488804151e+01
-5.644422266984068983e+02 -1.863385356587437514e+01 2.044002878836007397e+01
-5.634421961789660145e+02 -2.129331300138712635e+01 9.766360943199442701e+00
-5.624421656595251306e+02 -9.105106017589255529e+00 4.891865679493498931e+00
-5.614421351400842468e+02 -4.957101201744396946e+00 1.454561655500251582e+01
-5.604421046206433630e+02 -8.651498511859944784e+00 9.774064802461349899e+00
-5.594420741012024791e+02 4.663942388954097851e+00 -8.922132400875344871e+00
-5.584420435817617090e+02 1.319620142254056105e+00 -1.288744924926825597e+01
-5.574420130623207115e+02 -3.829243670975987612e+00 -9.219557856300781395e+00
-5.564419825428798276e+02 -4.132817883472405640e+00 -2.036040751536407623e+00
-5.554419520234389438e+02 1.275832518408456906e+00 -1.348013258977829310e+01
-5.544419215039980600e+02 1.103466511838915309e+01 -7.773004477598948192e+00
-5.534418909845571761e+02 4.108954407676272069e+01 -3.285558453574347482e+01
-5.524418604651162923e+02 -4.369908677723874035e+00 2.683674063816127386e+00
-5.514418299456754085e+02 1.394934462543254483e+01 -4.929952976160728362e+00
-5.504417994262345246e+02 7.620196054088204107e+00 -6.313692426236518607e+00
-5.494417689067936408e+02 -1.453574098591360553e+00 3.291827461220829587e+00
-5.484417383873527569e+02 2.120824333486428515e+01 -8.841462219490676233e+00
-5.474417078679118731e+02 -1.864129208366950863e+01 2.129180268350849303e+01
-5.464416773484709893e+02 -1.084277400282933712e+01 5.087829651546355691e+00
-5.454416468290301054e+02 -3.272100315306799700e+01 2.699530844852786871e+01
-5.444416163095892216e+02 2.172765805035156816e+00 4.627685162390325679e+00
-5.434415857901483378e+02 -1.530590459820579241e+01 1.180284622864780353e+01
-5.424415552707074539e+02 -9.172691234555117035e+00 2.126596575591466376e+01
-5.414415247512665701e+02 -7.583983853684458154e+00 1.674148783942973040e+01
-5.404414942318256863e+02 -2.050854711950057663e+01 1.941691849864336916e+01
-5.394414637123848024e+02 2.202825366959070408e+01 4.178071503982686785e+00
-5.384414331929440323e+02 -1.738522109546278216e+01 1.928809929071918816e+01
-5.374414026735030347e+02 -8.970187602715462560e+00 8.205703323988389641e+00
-5.364413721540621509e+02 1.401574348795752911e+01 -5.921168057348581648e+00
-5.354413416346212671e+02 -5.659499665183679085e+00 -3.904003903482418103e+00
-5.344413111151803832e+02 3.474778618050132550e+00 -7.069599327798292698e-01
-5.334412805957394994e+02 1.348994101653419442e+01 7.961797746428367351e-01
-5.324412500762986156e+02 2.196818433669448112e+01 9.441563149010661071e-01
-5.314412195568577317e+02 1.323976625271723506e+01 1.523693818805244149e+01
-5.304411890374168479e+02 2.371639827832993674e+01 5.046059420061991929e+00
-5.294411585179759641e+02 3.667949774913739702e+01 1.020417222573420268e+01
-5.284411279985350802e+02 2.072362644205399462e+01 2.318599654303941549e+01
-5.274410974790941964e+02 1.883179161679132463e+01 1.829171867559308140e+01
-5.264410669596533126e+02 1.891069314802752288e+01 6.236658036407966677e+00
-5.254410364402124287e+02 8.767053260995858466e+00 1.549874422078894032e+00
-5.244410059207716586e+02 4.520587687389291176e+00 -1.460798302853601527e+01
-5.234409754013306610e+02 5.555578464554610463e+00 -5.245962306042082801e+00
-5.224409448818897772e+02 2.170291177156734364e+00 2.422461636634745119e+00
-5.214409143624488934e+02 4.511553314734335629e+00 1.723785467524905357e+01
-5.204408838430080095e+02 2.324460486666614045e+01 1.785202369895793240e+01
-5.194408533235671257e+02 2.970765695190012678e+01 1.513303321619849839e+01
-5.184408228041263555e+02 1.464904292476952818e+01 9.364256543835388413e+00
-5.174407922846853580e+02 9.372376966488438654e+00 1.236846543119399655e+01
-5.164407617652444742e+02 2.334154458783080699e+01 8.119535271384226149e-01
-5.154407312458035904e+02 3.077892873543898844e+01 2.149300085538035532e+00
-5.144407007263627065e+02 2.678330965536454755e+01 -1.971660782543403556e+01
-5.134406702069218227e+02 2.525945135018764276e+01 -4.892322063369535456e+00
-5.124406396874809388e+02 5.157909776124856904e+00 1.085240280182674510e+01
-5.114406091680400550e+02 -3.789651059327407978e+00 1.160731287580287585e+01
-5.104405786485991712e+02 9.012674294901959371e+00 -1.240659019689229758e+01
-5.094405481291582873e+02 1.467816552531743213e+01 -8.466923198882632562e+00
-5.084405176097174035e+02 -2.846342949172960601e+00 7.347841739630023739e+00
-5.074404870902765197e+02 -1.185349721594547034e+01 1.252114548118477622e+01
-5.064404565708356358e+02 -2.117954384936746237e+01 1.596405980663302415e-01
-5.054404260513947520e+02 -9.757090657577055737e+00 -3.669630586924379934e+00
-5.044403955319539250e+02 -1.532248811839814095e+00 -1.359454931018454360e+01
-5.034403650125129843e+02 -3.343848888549047160e+01 -6.267047550611128059e+00
-5.024403344930721005e+02 -1.346604668348680001e+01 -3.097963913150677229e+01
-5.014403039736312735e+02 -4.582781386044132432e+01 8.958255915042283135e+00
-5.004402734541903328e+02 -8.385214206136748061e+00 -1.901465738328565891e+01
-4.994402429347494490e+02 -8.645241330219306519e+00 -1.994857866932156298e+01
-4.984402124153086220e+02 -1.272541639021686066e+01 1.420623700961711933e+01
-4.974401818958676813e+02 1.592576674306094020e+01 -2.778468001436465329e+00
-4.964401513764267975e+02 -1.177803489087775191e+01 2.185516450787195808e+01
-4.954401208569859136e+02 4.156511070167794486e+01 -2.287770104886683953e+01
-4.944400903375450298e+02 7.481794897265352517e+00 -5.222571683696112466e+00
-4.934400598181041460e+02 7.250644108713405700e+00 9.440175044812647798e+00
-4.924400292986632621e+02 1.189158232419572769e+01 -2.160550310975092092e+00
-4.914399987792223783e+02 8.519548873028941927e+00 -1.222725889964665846e+01
-4.904399682597814945e+02 1.322644075325083080e+01 -7.545110840442362132e+00
-4.894399377403406106e+02 -3.231034433589879740e+00 -8.172405546621639871e+00
-4.884399072208997268e+02 8.082687622816038697e+00 8.045249288174243674e+00
-4.874398767014588998e+02 -4.118485647671764838e+00 9.774251619674048541e+00
-4.864398461820179591e+02 7.389264576072431367e+00 9.207607400813358822e+00
-4.854398156625770753e+02 2.278730582911655489e+01 -1.083515068981156126e+01
-4.844397851431362483e+02 4.879788340710916827e+00 -3.333765689865956006e+01
-4.834397546236953076e+02 -1.368892641282618783e+01 4.398569099372067193e-01
-4.824397241042544238e+02 -1.768768632803786645e+01 -3.446063457408331310e+00
-4.814396935848135968e+02 9.215082118322754923e-01 -9.906719480683550572e+00
-4.804396630653726561e+02 -1.593254733967225967e+01 1.201551972546235980e+01
-4.794396325459317723e+02 -1.813805047994232211e+01 7.672392217698471129e+00
-4.784396020264908884e+02 -2.497839606626526887e+01 -1.469778166372229578e+00
-4.774395715070500046e+02 -1.209428483171497248e+01 -2.626049655171692265e+01
-4.764395409876091207e+02 -2.478764549757604030e+01 1.183778840795350717e+01
-4.754395104681682369e+02 2.951942976756640746e+00 -1.407418939468085206e+01
-4.744394799487273531e+02 -4.600113352187193527e+00 -1.168730418907768964e+01
-4.734394494292864692e+02 -2.007976833003073125e+01 2.476533472337298036e+00
-4.724394189098455854e+02 -2.340973601425934447e+01 -1.376912199005305126e+01
-4.714393883904047016e+02 -9.518142248385217385e-01 -1.225845568891991810e+01
-4.704393578709638746e+02 2.205844131676518316e+01 -4.332015227602641261e+01
-4.694393273515229339e+02 -1.197275407003597536e+01 -1.544027326365453945e+01
-4.684392968320820501e+02 -8.988830826528065643e+00 -1.061700101422600184e+01
-4.674392663126412231e+02 1.052588983192966765e+01 -1.125806481956433203e+01
-4.664392357932002824e+02 1.689683552212368056e+01 -6.021949756737807746e-01
-4.654392052737593986e+02 1.408062293500756113e+01 -1.871539034746039931e+01
-4.644391747543185716e+02 8.266121525911007240e+00 -3.701038908291121743e+01
-4.634391442348776309e+02 -2.497055257803360462e+00 -1.061789823599571392e+01
-4.624391137154367470e+02 5.708093771122520366e+00 9.620041130334797685e+00
-4.614390831959958632e+02 1.461691959081235126e+01 -1.703134484744022714e+01
-4.604390526765549794e+02 2.040788133489062517e+01 -3.563980415523644751e+01
-4.594390221571140955e+02 3.747165031626593645e+00 -1.077313582600557318e+01
-4.584389916376732117e+02 -7.428986637822600159e+00 -3.559899459852586823e+00
-4.574389611182323279e+02 -1.964922078822866069e-01 -1.417997373791200033e+01
-4.564389305987914440e+02 1.183004388877649404e+01 -1.329538545435266528e+01
-4.554389000793505602e+02 2.578411761746104247e+01 -1.680650982550161743e+01
-4.544388695599096764e+02 1.790173526217622424e+01 -2.136457283192814316e+01
-4.534388390404687925e+02 -4.370730579977958996e+00 4.252921910294809038e+00
-4.524388085210279087e+02 -1.362926562806471864e+01 -4.952098517782008713e+00
-4.514387780015870248e+02 1.988478998665102182e+01 -4.717949866725031427e+01
-4.504387474821461979e+02 2.101393418823522197e+01 -4.988786806180628730e+01
-4.494387169627052572e+02 -1.035459489027230973e+01 2.845221703889117215e+00
-4.484386864432643733e+02 1.756870099777432159e+01 -2.611933613823609690e+01
-4.474386559238235463e+02 2.619566880024997602e+00 -1.141837534996560066e+01
-4.464386254043826057e+02 3.370508476785609275e+01 -1.618608274157526594e+01
-4.454385948849417218e+02 3.105635055977729309e+01 -1.134515416015828038e+01
-4.444385643655008948e+02 4.129573030995226901e+01 1.064914028474048102e+01
-4.434385338460599542e+02 4.654247743728197406e+01 -4.250790086850670058e+00
-4.424385033266190703e+02 4.918689205116036334e+01 2.115742310873340770e+01
-4.414384728071781865e+02 3.473427625107605365e+01 1.596099988368900213e+01
-4.404384422877373026e+02 5.145259411497126223e+01 -3.458770916442226451e+01
-4.394384117682964188e+02 4.583041162403806368e+01 1.442746605796755510e+01
-4.384383812488555350e+02 2.335071400014083309e+01 7.479723841941464002e+00
-4.374383507294146511e+02 4.067099669574253795e+01 -6.547794572877766228e+00
-4.364383202099737673e+02 5.923998593600070706e+01 -1.606817125315490102e+01
-4.354382896905328835e+02 6.199152515298600008e+01 -1.637307792623659353e+01
-4.344382591710919996e+02 3.708842651876929608e+01 1.335031251814509723e+01
-4.334382286516511726e+02 4.357715261895590686e+01 1.268915422290829653e+01
-4.324381981322102320e+02 6.243804663919483744e+01 -1.249558130740900808e+01
-4.314381676127693481e+02 7.300118050931385483e+01 1.785983645918083340e+00
-4.304381370933285211e+02 7.142238371371362859e+01 9.550095972770440866e+00
-4.294381065738875805e+02 7.690954187685466081e+01 1.562580367719909447e+01
-4.284380760544466966e+02 6.834088802666899198e+01 2.886389501053523787e+01
-4.274380455350058696e+02 6.547595272043218984e+01 2.448859916973065154e+01
-4.264380150155649289e+02 7.614980351943553671e+01 1.506429708912104815e-02
-4.254379844961240451e+02 6.152326046718808783e+01 -5.165700964395300687e+00
-4.244379539766831613e+02 3.765322259801006055e+01 1.338687400674634453e+01
-4.234379234572422774e+02 4.557853411769075791e+01 9.630190375744225761e+00
-4.224378929378013936e+02 4.166244566940682148e+01 -6.979548212987597644e+00
-4.214378624183605098e+02 4.918864104125694325e+01 -8.240276397523468077e+00
-4.204378318989196259e+02 2.591208789110151400e+01 -8.276506864360932525e+00
-4.194378013794787421e+02 3.840829149355872829e+01 -1.436946079765664308e+01
-4.184377708600378583e+02 4.028635815338060411e+01 -7.289322059087096406e+00
-4.174377403405969744e+02 4.423522240063112321e+01 -7.667680618634983070e+00
-4.164377098211561474e+02 6.419966184152090705e+01 -1.125852799149095418e+01
-4.154376793017152067e+02 4.851560869147537858e+01 -1.298381487632247477e+01
-4.144376487822743229e+02 3.262074210897347371e+01 1.555463958493893628e+01
-4.134376182628334959e+02 2.882017212391221506e+01 1.433058274986906255e+01
-4.124375877433925552e+02 4.364663578177021463e+01 -1.726478821693177457e+00
-4.114375572239516714e+02 5.613711843672956547e+01 -3.453228258337474266e+00
-4.104375267045108444e+02 5.554359518203441581e+01 -1.547623502740015056e+01
-4.094374961850699037e+02 3.900441405908676273e+01 -4.063041104721513364e+00
-4.084374656656290199e+02 1.865759445911508152e+01 1.368841037684141071e+01
-4.074374351461881929e+02 3.196533994116201427e+01 -1.524550867874963522e+00
-4.064374046267473091e+02 3.054436095535427143e+01 -3.694824047397427869e+00
-4.054373741073063115e+02 2.877567144335009885e+01 6.898352026743060250e+00
-4.044373435878654846e+02 4.110162382517906110e+01 2.715253133774829131e+00
-4.034373130684246007e+02 2.874581878812472269e+01 -6.630670689242820437e+00
-4.024372825489837169e+02 4.762821398899583158e+01 7.780188893382335991e-01
-4.014372520295428899e+02 4.099738749505184643e+01 -6.404173924396145523e+00
-4.004372215101020061e+02 4.535760356543156036e+01 4.749348908987711226e+00
-3.994371909906610654e+02 3.430797137902307270e+01 3.636075380911107047e+00
-3.984371604712201815e+02 7.341137370982082189e+00 4.439391040469567784e+00
-3.974371299517792977e+02 2.552143291579028528e+00 1.377829565976132109e+01
-3.964370994323384139e+02 2.743354291086541252e+01 -2.082024246333766726e+01
-3.954370689128975300e+02 -2.984692559751607632e+00 3.312558152327314076e+01
-3.944370383934566462e+02 2.059899222242475503e+01 7.467798788582536318e+00
-3.934370078740157624e+02 9.648433482074544543e+00 3.191474095065496996e+01
-3.924369773545748785e+02 6.863814402391383851e+00 9.191671283259992720e+00
-3.914369468351339947e+02 3.182016384409062937e+01 -2.116360237144227341e+01
-3.904369163156931108e+02 8.754860389708838397e+00 1.438258875036308737e+01
-3.894368857962523407e+02 4.540174654410314758e+00 8.265531802383300430e+00
-3.884368552768113432e+02 1.111202099726511960e+01 3.796219858377053669e+00
-3.874368247573704593e+02 2.687426549886038174e+01 4.844854038103381555e+00
-3.864367942379295755e+02 1.205512086884893819e+01 7.649044207768609382e+00
-3.854367637184886917e+02 7.964852339104339762e+00 4.239917823799618901e+00
-3.844367331990478078e+02 -6.296438327705814686e+00 4.232035226934832473e+00
-3.834367026796070377e+02 -2.132223351351135676e+01 1.619027795496896616e+01
-3.824366721601660402e+02 -6.626176896448200182e+00 1.402825724309353639e+01
-3.814366416407251563e+02 1.779547426661781628e+01 4.793570061759497847e+00
-3.804366111212842725e+02 -1.230099116898507816e+01 1.796300668727227645e+01
-3.794365806018433886e+02 -3.311751119438755353e+01 1.948736863300337419e+01
-3.784365500824025048e+02 -1.286774270586136026e+00 2.138673653734080915e+01
-3.774365195629616210e+02 2.011751461194880619e+01 1.001001280820185357e+01
-3.764364890435207371e+02 1.344187960884354993e+00 1.486448203852436833e+01
-3.754364585240798533e+02 -1.985409928228278886e+00 2.357325532733776896e+01
-3.744364280046389695e+02 -2.458125251608446149e+01 2.896858949739237943e+01
-3.734363974851980856e+02 -2.299497015806495170e+01 2.730591905705398759e+01
-3.724363669657573155e+02 7.002786296088885365e+00 3.148566590932998288e+00
-3.714363364463163180e+02 -3.002607549082171090e+00 -2.146040498888425674e+01
-3.704363059268754341e+02 -1.770418105166390887e+01 4.238334564036748908e+00
-3.694362754074345503e+02 -2.752426202035777436e+01 1.824749262336890254e+01
-3.684362448879936665e+02 5.418375726628894995e+00 2.103329273909169572e+00
-3.674362143685527826e+02 3.598817134822439812e+00 -1.218392774595789163e+01
-3.664361838491120125e+02 -5.878479690957490789e+00 -6.144897803297528327e+00
-3.654361533296710149e+02 1.754782780794158725e+00 -1.185947732541953314e+01
-3.644361228102301311e+02 -5.778317159039730200e+00 -6.467978190190008192e+00
-3.634360922907892473e+02 -2.164383431130165292e+01 3.995523829387638948e+00
-3.624360617713483634e+02 -9.448879913028378041e+00 -1.796087210850216209e+01
-3.614360312519074796e+02 -1.028043012149160518e+01 -1.111055705770130331e+01
-3.604360007324665958e+02 -2.397728864588393094e+01 8.397014630297481297e-01
-3.594359702130257119e+02 -4.015156879032753068e+01 -9.927524291121628153e+00
-3.584359396935848281e+02 -3.744432210333768296e+01 -1.275852266967817883e+01
-3.574359091741439443e+02 -2.799817699230069223e+01 -1.818494405716835516e+01
-3.564358786547030604e+02 9.600130788720662167e-02 -1.561264520728860816e+01
-3.554358481352621766e+02 -6.013931930162613071e+00 -7.340945700613747960e+00
-3.544358176158212927e+02 -1.484793867097795328e+01 -3.644653080886818941e+00
-3.534357870963804089e+02 -7.687640022685101826e+00 4.426054610933515931e+00
-3.524357565769395251e+02 -1.182817893632176265e+00 -1.399901065568791481e+01
-3.514357260574986412e+02 1.324228704820527014e+01 -2.297262591239180551e+01
-3.504356955380577574e+02 -8.192766191245979712e+00 -4.429119798415517728e+00
-3.494356650186169873e+02 -1.092398609619053218e+01 1.181879882365832302e+00
-3.484356344991759897e+02 -9.530359381060584667e+00 -5.262704392597356673e+00
-3.474356039797351059e+02 -5.696562811731794795e+00 -1.440119048714216099e+01
-3.464355734602942221e+02 1.916132886452336948e+01 -2.591566098925060047e+01
-3.454355429408533382e+02 2.340445011527378938e-01 1.183423968059714682e+01
-3.444355124214124544e+02 1.679988418843663567e+01 -1.575187711845627803e+01
-3.434354819019716842e+02 2.155119947105305300e+00 6.751826650923161921e+00
-3.424354513825306867e+02 8.914974709105493389e+00 -5.224632808877238688e-02
-3.414354208630898029e+02 4.915931523210801402e-01 4.389600497170635940e+00
-3.404353903436489190e+02 -7.473963946376599665e+00 -4.424380553626940937e+00
-3.394353598242080352e+02 -1.430365668905527343e+01 -6.896076869890183758e+00
-3.384353293047671514e+02 -2.426178589369667549e+01 9.718399493959482882e+00
-3.374352987853262675e+02 -6.920008197787765880e+00 -7.544835862469478016e+00
-3.364352682658853837e+02 1.334761541698384235e+00 -2.351683147878412328e+01
-3.354352377464444999e+02 6.761595473863607708e+00 -3.181803651254708853e+01
-3.344352072270036160e+02 -1.132518161386490618e+01 1.326500178668646335e+01
-3.334351767075627322e+02 1.278406266307111139e+01 -1.444102273290170224e+01
-3.324351461881219620e+02 2.203120392016860762e+01 -2.809371321868601967e+01
-3.314351156686809645e+02 6.849782045902458094e+00 9.943399864224908846e-01
-3.304350851492400807e+02 -1.528219543426386196e+01 2.644290150042496634e+01
-3.294350546297991968e+02 4.940101480412977253e+00 7.360983679866389018e+00
-3.284350241103583130e+02 9.691090212147940974e+00 1.659084273542485732e+01
-3.274349935909174292e+02 6.778978107726061353e-01 1.189977303703944678e+01
-3.264349630714766590e+02 1.775293138001691773e+01 4.211139019738896039e+00
-3.254349325520356615e+02 -1.057454349889724199e+00 1.991952332030680139e+01
-3.244349020325947777e+02 -3.913363319553155861e+00 4.572365670788443026e+01
-3.234348715131538938e+02 -6.093279863300914201e+00 1.908782858269084670e+01
-3.224348409937130100e+02 -1.280637942010756092e+00 -5.222008428453876583e+00
-3.214348104742721262e+02 -2.896130011944712379e+01 1.760920869992659732e+01
-3.204347799548312423e+02 -3.436866021954501349e+01 2.841472733403671924e+01
-3.194347494353903585e+02 -2.140181139248704056e+01 9.445281396458927503e+00
-3.184347189159494746e+02 -2.166589166518637910e+01 2.110247939222593772e+01
-3.174346883965085908e+02 4.452143415156569972e+00 1.595360218808184172e+01
-3.164346578770677070e+02 9.333004839178087764e+00 1.667333095759652650e+01
-3.154346273576269368e+02 -4.445582704401743968e+00 1.564197039659982913e+01
-3.144345968381859393e+02 -7.730831336611593940e+00 2.159174388756402863e+01
-3.134345663187450555e+02 2.723804192945920022e-01 1.328147665820914725e+01
-3.124345357993041716e+02 -2.055988462713685294e+00 3.869064880822366964e-02
-3.114345052798632878e+02 2.941358743057378433e+00 4.081734130771048186e+00
-3.104344747604224040e+02 -4.912206035250925140e+00 2.376044877972344693e+01
-3.094344442409816338e+02 -4.317281925528249076e+00 1.776825569064240540e+01
-3.084344137215406363e+02 4.554016918429638849e+00 1.312172831681419893e+01
-3.074343832020997525e+02 1.623498105095370647e+01 2.033006394338971745e+01
-3.064343526826588686e+02 1.582379160897625070e+01 1.188793394348494026e+01
-3.054343221632179848e+02 -7.953225724343219838e+00 1.706460596028004062e+01
-3.044342916437771009e+02 -2.916131572494377622e+01 1.605187948315271029e+01
-3.034342611243362171e+02 -1.593393253155302602e+01 2.331050562823415717e-01
-3.024342306048953333e+02 -1.399037706879604315e+01 1.027530701460660723e+01
-3.014342000854544494e+02 -1.195157688007258656e+01 2.040622907433283828e+01
-3.004341695660135656e+02 -1.577240424946548814e+01 2.092834421769765996e+01
-2.994341390465726818e+02 -2.635474142865431446e+01 2.612338837765528510e+01
-2.984341085271319116e+02 -3.025607624461776624e+01 1.033071820793488138e+00
-2.974340780076909141e+02 -2.522741139191571591e+01 1.896458427088217746e+01
-2.964340474882500303e+02 -3.672643181291579140e+01 1.063386826633381510e+01
-2.954340169688091464e+02 -3.737811210533197936e+01 3.950128037015032589e+01
-2.944339864493682626e+02 -1.387468871471248377e+01 -1.107364467823111909e+01
-2.934339559299273787e+02 -3.191720452505163053e+01 8.446011415516853305e+00
-2.924339254104866086e+02 -2.228877354762400387e+01 1.836658370757645287e+01
-2.914338948910456111e+02 3.239259610725596872e+00 -4.449574078322640958e+00
-2.904338643716047272e+02 -7.417748076907074051e+00 6.679071956181212855e+00
-2.894338338521638434e+02 -1.007502765302938030e+00 -1.122305396659544030e+01
-2.884338033327229596e+02 -3.165972081851668207e+01 8.019529769841971856e+00
-2.874337728132820757e+02 -2.234055494974768408e+00 -2.307826677458430709e+01
-2.864337422938411919e+02 -2.343848302234930969e+01 -8.063907915790721859e+00
-2.854337117744003081e+02 -3.165671277444563003e+01 1.770680030215654455e+01
-2.844336812549594242e+02 -2.030467976983249656e+01 8.682539562334582683e+00
-2.834336507355185404e+02 1.056102428192937737e+01 -1.726849914491728200e+01
-2.824336202160776566e+02 6.987118501182557395e+00 -5.322872550083935117e+00
-2.814335896966368864e+02 -8.884768492733385870e-01 5.575334202279979223e+00
-2.804335591771958889e+02 1.209897168323671224e+00 -6.660153000731264150e+00
-2.794335286577550050e+02 -2.714087891139725173e+01 -1.217400175050120481e+01
-2.784334981383141212e+02 -1.180850837762815786e+01 -1.038001671321475072e+01
-2.774334676188732374e+02 -7.711896615895973639e+00 -2.279794342604472135e+01
-2.764334370994323535e+02 -1.715891211890144774e+01 -1.442916179558788770e+01
-2.754334065799915834e+02 -8.291613696377083897e+00 1.325737754157234605e+01
-2.744333760605505859e+02 1.122379218884773877e+01 5.947085936164846487e+00
-2.734333455411097020e+02 -2.235503800597214763e+00 -3.447562069373859117e+01
-2.724333150216688182e+02 -2.232286502002472162e+01 -2.314069832835548368e+01
-2.714332845022279344e+02 -8.262357048297637618e+00 -1.409281607088473942e+00
-2.704332539827870505e+02 -9.443002218405638359e-02 -9.748172540578392997e+00
-2.694332234633462804e+02 -3.088731619859283484e+01 -1.422024770268682126e+00
-2.684331929439052828e+02 -3.820810962727818350e+01 1.354806589219974100e+01
-2.674331624244643990e+02 -1.108037736693664499e+01 -7.275771944096153909e+00
-2.664331319050235152e+02 -2.566063143773303068e+01 1.500822199596463236e-01
-2.654331013855826313e+02 -1.375217302193838975e+01 1.284676859932346638e+01
-2.644330708661418612e+02 -2.575574712462987037e+01 2.029469418423950344e+01
-2.634330403467008637e+02 -1.560125787311246626e+01 -2.274409798677456251e+01
-2.624330098272599798e+02 -4.835533303339403233e+00 -5.404263379811483503e+01
-2.614329793078190960e+02 -1.796859987464232944e+01 -2.564398840466876806e+01
-2.604329487883782122e+02 -8.313531819352427021e+00 -7.572240615838882860e+00
-2.594329182689373283e+02 -5.433585112857358013e+00 -4.767094165891454516e+00
-2.584328877494965582e+02 -2.211370532747716311e+01 -9.184618979429529873e+00
-2.574328572300555606e+02 -4.811008002420265939e+00 -1.040418699784654066e+00
-2.564328267106146768e+02 6.173352377221874576e-01 -7.339628465504429933e+00
-2.554327961911737930e+02 -1.455372613963413642e+01 6.300867703823380239e+00
-2.544327656717329091e+02 -2.103538066114329297e+01 2.062826413418226323e+01
-2.534327351522920253e+02 4.407136831426818446e+00 -1.307825241024009877e+01
-2.524327046328512552e+02 1.614227876341642087e+01 -2.506815431758714396e+01
-2.514326741134102576e+02 -3.888110205091734883e-01 1.181865789697471492e+01
-2.504326435939693738e+02 4.795232884231026560e-01 -5.508338819144795728e+00
-2.494326130745284900e+02 2.064965276104665293e+00 -7.358384140594233180e+00
-2.484325825550876061e+02 -3.420287093879466056e-01 -9.300142753080161029e+00
-2.474325520356467223e+02 4.548108778006785258e+00 5.101325579138743294e+00
-2.464325215162058385e+02 7.481009715891964618e+00 9.176358210315139985e+00
-2.454324909967649546e+02 1.318859167563054768e+01 2.307398577712755028e+00
-2.444324604773240708e+02 -6.405100514871122641e+00 4.003440778165467506e+00
-2.434324299578831869e+02 1.137896374769844243e+01 -2.243286270861909415e+01
-2.424323994384423031e+02 -5.928083423547711561e+00 7.794473574828704177e-01
-2.414323689190015330e+02 6.371415120439714030e+00 -3.281060964409041159e+00
-2.404323383995605354e+02 -1.571112014042143556e+01 4.541328946366200370e+01
-2.394323078801196516e+02 1.121647435521408198e+01 2.118663782324144762e+01
-2.384322773606787678e+02 1.598783107629294165e+01 3.223200265935751929e+01
-2.374322468412378839e+02 3.972965248231055568e+00 2.246514761802484728e+01
-2.364322163217970001e+02 4.706437609455591087e+00 -7.066231057350833566e-01
-2.354321858023562299e+02 -2.102606351147277763e+01 2.361412666361064439e+01
-2.344321552829152324e+02 8.214709239488342973e+00 1.257895254817334996e+00
-2.334321247634743486e+02 1.612771075280956978e+01 -1.872213986431956689e+00
-2.324320942440334647e+02 1.878253906556795272e+01 1.720503320919290147e+01
-2.314320637245925809e+02 -1.511173277353307753e+00 1.915486082430259884e+01
-2.304320332051516971e+02 2.001527720158129853e+01 1.811482890944877155e+01
-2.294320026857108132e+02 -9.550601132805624616e+00 2.599840217142485699e+01
-2.284319721662699294e+02 -7.507256590070440438e+00 2.181297576060582699e+01
-2.274319416468290456e+02 4.221136652043362858e+00 3.714605479878396732e+00
-2.264319111273881617e+02 1.796801079241873822e+00 3.629923286862906195e+01
-2.254318806079472779e+02 6.925881827828121118e+00 5.018749405908643979e+01
-2.244318500885065077e+02 -6.131942742842042549e-01 2.466930663971130855e+01
-2.234318195690655102e+02 4.919021191614397992e+00 7.233321588319043371e+00
-2.224317890496246264e+02 -3.733850343186489340e+00 2.942641424926078386e+00
-2.214317585301837426e+02 2.041137549654138184e+01 4.738016981311009346e+00
-2.204317280107428587e+02 2.222156593930861845e+01 9.906578379085519970e-01
-2.194316974913019749e+02 1.270036440927043486e+01 1.669991741412065167e+01
-2.184316669718612047e+02 1.859696368549654011e+01 2.288683132842815127e+01
-2.174316364524202072e+02 2.402246531305824107e+01 1.324210405753482789e+01
-2.164316059329793234e+02 3.639990882560627483e+01 2.269097610765525985e+01
-2.154315754135384395e+02 3.309111536314844670e+00 3.368138256210243497e+01
-2.144315448940975557e+02 -5.327242798632880749e-01 3.017745240772782722e+01
-2.134315143746566719e+02 2.094542136850151337e+00 1.683948054080846646e+01
-2.124314838552157880e+02 -3.346523657386327955e+00 1.464111812271450574e+01
-2.114314533357749042e+02 -3.462423289939742688e+00 2.636698543225566027e+01
-2.104314228163340204e+02 -2.941852655930631499e+00 5.153359288900223767e+00
-2.094313922968931365e+02 -6.313455774483003324e+00 1.216922816122205653e+00
-2.084313617774522527e+02 -1.947728654276012605e+01 6.610710931656456069e+00
-2.074313312580114825e+02 -3.695911471660970449e+00 5.081889103179116240e+00
-2.064313007385704850e+02 1.874877714924583216e+01 -6.370127196461790930e+00
-2.054312702191296012e+02 5.796215376926177498e+00 1.838752675201055453e+01
-2.044312396996887173e+02 8.769732978970701254e+00 1.081086188600634479e+01
-2.034312091802478335e+02 1.743925259672136008e+01 1.189805145068495662e+01
-2.024311786608069497e+02 2.711755410072036199e+01 2.806814154566247943e+00
-2.014311481413661795e+02 3.267650703296162362e+00 1.842155749439238832e+01
-2.004311176219251820e+02 6.900651077133815647e+00 -4.474509633351244631e+00
-1.994310871024842982e+02 -1.031988799239431387e+01 1.708766167726334473e+01
-1.984310565830434143e+02 -4.230670357225598366e+00 2.908677938524711681e+00
-1.974310260636025305e+02 -7.352123959665917141e-01 -1.227958381260396692e+01
-1.964309955441616466e+02 6.792372899564306010e+00 1.834913718818737749e+01
-1.954309650247207628e+02 9.311446045548706252e+00 2.317937939607203290e+00
-1.944309345052798790e+02 5.343404223649272922e+00 4.397350798083323298e+00
-1.934309039858389951e+02 3.611386571909528698e+01 -2.018389945761406423e+01
-1.924308734663981113e+02 3.989674576835012942e+01 -1.505198449442784359e+01
-1.914308429469572275e+02 3.607116307332379535e+01 3.470889572773346643e+00
-1.904308124275164573e+02 4.093919015370378389e+01 4.368381207986267611e+00
-1.894307819080754598e+02 1.297043146393309598e+01 8.191490385412397046e+00
-1.884307513886345760e+02 2.913159905374138248e+01 -5.152418505353987932e+00
-1.874307208691936921e+02 6.708989675328020041e+00 1.976337175012359637e+01
-1.864306903497528083e+02 1.591659937955002135e+01 7.492744189260903909e+00
-1.854306598303119245e+02 -1.835544173782999167e+00 8.237341818426523687e+00
-1.844306293108711543e+02 -1.097039883856162845e+01 1.995562080375311709e+01
-1.834305987914301568e+02 -9.279091182231852031e+00 -1.946943525092060057e+01
-1.824305682719892729e+02 -2.747799049439441532e+01 2.050665910091233357e+01
-1.814305377525483891e+02 1.569481438154833342e+01 -1.282831225513474749e+01
-1.804305072331075053e+02 4.231322044279679062e+00 1.289421066715952691e+00
-1.794304767136666214e+02 -3.002176814108729275e+00 3.039781310655687463e+00
-1.784304461942258513e+02 -1.417458477074623602e+01 1.693299116052193654e+01
-1.774304156747848538e+02 2.120057690602563127e+01 -5.724587103060265747e+00
-1.764303851553439699e+02 1.758491664117430986e+01 1.620667220590968327e+01
-1.754303546359030861e+02 4.780439286645723485e+00 1.686637718565534172e+01
-1.744303241164622023e+02 3.706679337346169945e+01 -1.326004964092447125e+01
-1.734302935970214321e+02 1.571447321822226684e+01 -4.301709533402483743e+00
-1.724302630775804346e+02 2.405996373163496571e+01 2.621626623129116851e+01
-1.714302325581395507e+02 1.264609720768972778e+01 9.142876405106456161e+00
-1.704302020386986669e+02 2.732255547014568720e+01 -7.140477161527543082e+00
-1.694301715192577831e+02 1.314727401848644917e+01 2.161361805491434041e+01
-1.684301409998168992e+02 -1.040364559277723089e+01 2.815850148425106880e+01
-1.674301104803761291e+02 1.601748719109654928e+01 8.472659191227478459e+00
-1.664300799609351316e+02 -3.267546342144733273e+00 2.217204920386889455e+01
-1.654300494414942477e+02 5.446348505587401689e+00 2.633737483994029205e+01
-1.644300189220533639e+02 2.824889258123551627e+01 7.917291612783191823e+00
-1.634299884026124801e+02 2.575535480825897139e+01 -1.175595166106033762e-01
-1.624299578831715962e+02 1.665282949104980048e+01 1.437565175322663436e+01
-1.614299273637308261e+02 1.987277737945501599e+01 2.717102720422484907e+00
-1.604298968442898286e+02 2.202801715915943959e+01 -2.125487497274201587e+01
-1.594298663248489447e+02 -2.096202596968370102e+01 -5.316835039630761095e+00
-1.584298358054080609e+02 -8.280682967996050081e+00 -1.142074154849613166e+00
-1.574298052859671770e+02 -8.354192178903900867e-01 -4.915081776500949573e+00
-1.564297747665264069e+02 -4.096548588019111037e+00 -3.305017863378922893e+00
-1.554297442470854094e+02 -6.027814847044304258e+00 -2.915469335259262884e+00
-1.544297137276445255e+02 -1.264135380965429789e+01 3.444093082804151607e-01
-1.534296832082036417e+02 -1.323468658838916667e+01 -1.416014452811357138e+01
-1.524296526887627579e+02 3.942670881995198329e+00 1.185477613293804566e+01
-1.514296221693218740e+02 9.048290098970362294e+00 1.259183178020190574e+01
-1.504295916498811039e+02 5.128790604780327556e+00 5.149188663305934277e+00
-1.494295611304401064e+02 3.994052991780783657e+00 3.410276622168218807e+00
-1.484295306109992225e+02 6.712887721748472813e-02 2.828048541774286662e+00
-1.474295000915583387e+02 2.157899552274049881e+01 -1.371793715563913274e+01
-1.464294695721174548e+02 3.048362608598381485e+00 -4.281834984247641529e+00
-1.454294390526765710e+02 -3.639654171697742413e+00 -1.706235555346666821e+00
-1.444294085332358009e+02 -1.695814823167700069e+01 -7.630455275608620802e+00
-1.434293780137948033e+02 -1.996326981787788668e+01 -1.434615916197064145e+01
-1.424293474943539195e+02 -1.403800378176578789e+01 6.623788204684969649e+00
-1.414293169749130357e+02 5.372524491714166572e+00 4.113724552381823329e+00
-1.404292864554721518e+02 1.389771755019260979e+00 -6.426732410195699075e-01
-1.394292559360313817e+02 8.213438206614704029e+00 1.509112499382629480e+01
-1.384292254165903842e+02 2.302832967061833358e+01 1.710271468637306569e+01
-1.374291948971495003e+02 3.250219791858735618e+01 1.039541064749753652e+01
-1.364291643777086165e+02 1.565861568647567026e+01 3.326728053663131845e+01
-1.354291338582677326e+02 2.876581406340986291e+01 -3.260151455165462009e-01
-1.344291033388268488e+02 1.243338683508323328e+01 8.398363113011168224e+00
-1.334290728193860787e+02 1.739460168777063842e+01 1.476712851833384743e+00
-1.324290422999450811e+02 2.174764939335338454e+01 -1.019517411288720510e+01
-1.314290117805041973e+02 -4.776088074400988148e-01 -1.001299913605261871e+01
-1.304289812610633135e+02 -3.345824718699475397e+00 1.410089989236437980e+01
-1.294289507416224296e+02 -2.666230180789355586e+00 1.911025651113330071e+01
-1.284289202221815458e+02 2.587664368262089454e+01 -3.056266854333824057e+00
-1.274288897027407756e+02 1.548030127485041163e+01 1.491531441582911910e+01
-1.264288591832997781e+02 -1.158187438190380192e+01 1.296313942848918899e+01
-1.254288286638588943e+02 1.699881897854304924e+01 2.869544446605703669e+01
-1.244287981444180105e+02 2.580030085595561218e+01 -3.054583787888858382e+01
-1.234287676249771266e+02 3.217234186516295580e+01 1.746801100204306323e+01
-1.224287371055363565e+02 2.351922036659195214e+01 2.343607541037424369e+01
-1.214287065860953589e+02 3.344386283483115108e+01 -1.451478175307675400e+01
-1.204286760666544751e+02 2.301500551215966794e+01 -1.120377476180615339e+00
-1.194286455472135913e+02 1.436614551772003523e+01 2.858188353702264806e+01
-1.184286150277727074e+02 2.419885864306320400e+01 -3.569218812762706250e+00
-1.174285845083318236e+02 1.732886525622065221e+01 -1.055850566764544141e+01
-1.164285539888910535e+02 7.713447188495685225e+00 1.313350660478748466e+01
-1.154285234694500559e+02 1.327691964639279831e+01 1.999720356436877111e+01
-1.144284929500091721e+02 2.205250995425575411e+01 4.019039300145257343e-01
-1.134284624305682883e+02 3.065252309674949771e+01 2.806973552292309648e+01
-1.124284319111274044e+02 3.924998122165064984e+01 1.900640843250455703e+01
-1.114284013916865206e+02 4.374334250879199715e+01 3.049023255802792320e+00
-1.104283708722457504e+02 3.737140475092622438e+01 2.961405586665499357e+00
-1.094283403528047529e+02 3.468968804432254416e+01 1.106855281667412960e+01
-1.084283098333638691e+02 5.705449143397702017e+01 -1.114763787165454190e+01
-1.074282793139229852e+02 2.612928114312150285e+01 3.307824704760480472e+01
-1.064282487944821014e+02 6.463604553336024594e+01 8.997135331089678445e+00
-1.054282182750412176e+02 4.532088950108818182e+01 7.654258230825071507e+00
-1.044281877556003337e+02 3.924665131820451336e+01 -3.697811821057561232e+00
-1.034281572361594499e+02 5.900652914676462757e+01 -3.874359509107290656e+00
-1.024281267167185661e+02 3.549473400337594597e+01 1.490116892940367777e+01
-1.014280961972776822e+02 6.049207122300113326e+01 -1.389379876779308276e+01
-1.004280656778367984e+02 3.366624775673319903e+01 7.216852151992808828e+00
-9.942803515839602824e+01 1.763158190399038006e+01 6.913180846037608518e+00
-9.842800463895503071e+01 4.353328077002298357e+01 -1.188649549389927884e+01
-9.742797411951414688e+01 4.427776230130576351e+01 -1.596903291948477133e+01
-9.642794360007326304e+01 2.966837536338796610e+01 9.091776426827985702e+00
-9.542791308063237921e+01 4.126635394755454911e+01 -1.018014409225553685e+01
-9.442788256119149537e+01 5.249784329090191193e+01 -2.116970984794383881e+01
-9.342785204175072522e+01 4.907169974020495573e+01 5.015593967102999429e+00
-9.242782152230972770e+01 4.321596827034849042e+01 3.427092060363039927e+00
-9.142779100286884386e+01 2.831615209534720634e+01 -6.295590707756956839e+00
-9.042776048342796003e+01 7.304278789856084586e-01 1.372048091779591950e+01
-8.942772996398707619e+01 1.610133986009550711e+01 1.899577772636645889e+01
-8.842769944454619235e+01 4.809612039825795193e+01 -5.940239423081436598e+00
-8.742766892510542220e+01 5.237770797798416567e+01 -1.895952112223639574e+01
-8.642763840566442468e+01 5.115133935114976538e+01 4.398495615228275923e+00
-8.542760788622354085e+01 4.409322747291469824e+01 1.550376116863006004e+01
-8.442757736678265701e+01 4.486297641152390270e+01 -2.014036515261676819e+00
-8.342754684734177317e+01 3.520756139412032582e+01 -7.355558561168736631e+00
-8.242751632790100302e+01 5.196617908897446370e+01 -6.728147132317596757e-02
-8.142748580846000550e+01 5.722693497506299565e+01 1.061906645834531027e+01
-8.042745528901912166e+01 4.516576298968696790e+01 1.501911483933746538e+01
-7.942742476957823783e+01 4.666081826136985455e+01 7.317342009784189472e+00
-7.842739425013735399e+01 4.118357985501386764e+01 7.526248729756422229e+00
-7.742736373069647016e+01 5.071123459202661365e+01 -1.082793434303825819e+01
-7.642733321125570001e+01 4.882908365090256098e+01 7.346492223173651581e+00
-7.542730269181470248e+01 3.579370718480122093e+01 -9.171184887590991153e+00
-7.442727217237381865e+01 2.722461388125030624e+01 7.049871951877188181e+00
-7.342724165293293481e+01 1.640330042438023384e+01 3.646271686868161055e+00
-7.242721113349205098e+01 1.585938229875127092e+01 2.131360604659953140e+01
-7.142718061405116714e+01 2.895147673129348220e+01 1.419090539820355445e+01
-7.042715009461039699e+01 1.817985548932806239e+01 7.033515810180532846e+00
-6.942711957516939947e+01 1.452396189983566899e+01 6.004179271768941284e-01
-6.842708905572851563e+01 2.098910561382874107e+01 -1.452763727243659631e+01
-6.742705853628763180e+01 6.307936295149801254e+00 -7.426772248889603745e+00
-6.642702801684674796e+01 2.352352619638423903e+00 9.120932821858989570e+00
-6.542699749740597781e+01 1.473375851786724411e+01 1.090129768099890484e+01
-6.442696697796498029e+01 2.504604130637943626e+01 -6.263041821870581671e+00
-6.342693645852409645e+01 2.033279346170439794e+01 -2.041152829823300152e+01
-6.242690593908321262e+01 9.411298301467468264e+00 1.497402594779483920e+01
-6.142687541964232878e+01 -1.056842232137725546e+00 2.974666772093823042e+01
-6.042684490020144494e+01 7.474839189374165471e+00 -1.967132350985978206e+01
-5.942681438076067479e+01 3.847647732686894528e+00 -1.887847580414815596e+00
-5.842678386131967727e+01 2.515107219954131779e+01 -1.162407362147928325e+01
-5.742675334187879344e+01 -5.385476704445153473e+00 1.011210160971243965e+01
-5.642672282243790960e+01 3.823510769769725925e+00 -6.555425469337218480e+00
-5.542669230299702576e+01 4.344031618326482658e-02 9.013419368180839442e+00
-5.442666178355614193e+01 1.064954235991763198e+01 -1.365338691009736038e+00
-5.342663126411537178e+01 1.783619148009208288e+00 1.661002834751467461e+01
-5.242660074467437425e+01 -2.180375404280283647e-01 6.324545118036766667e+00
-5.142657022523349042e+01 -1.361619215270651040e+01 -6.703606589597602472e+00
-5.042653970579260658e+01 -3.058706831803387161e+01 1.611861818366875099e+01
-4.942650918635172275e+01 1.254534067780213036e+01 -7.839574832107956581e+00
-4.842647866691095260e+01 -1.149629064374786935e+01 6.632691430088418549e+00
-4.742644814746995507e+01 -3.835863688358302426e+01 3.871714089553655924e+01
-4.642641762802907124e+01 -2.351234359992173495e+01 -2.856726143112742200e+00
-4.542638710858818740e+01 -7.391037817280903255e+00 -4.026810899892059581e+01
-4.442635658914730357e+01 -3.451745699124435163e+01 -1.865252874851564968e+01
-4.342632606970641973e+01 -3.431371600670679101e+01 -2.684084608106275738e+01
-4.242629555026564958e+01 -7.303748815156296814e+00 -1.360411448667423784e+01
-4.142626503082465206e+01 -1.143858540013157210e+01 -1.610383283778795871e+01
-4.042623451138376822e+01 -2.099480982451514421e+01 -9.739305040110304290e+00
-3.942620399194288439e+01 -9.207262009292378480e+00 -1.707147379102994478e+01
-3.842617347250200055e+01 -1.942486922891658452e+01 -7.710749838504321829e+00
-3.742614295306111671e+01 -1.932808957922050297e+01 2.700380499644023047e+00
-3.642611243362034656e+01 -9.354697541836998198e-01 -4.971383158447565620e+00
-3.542608191417934904e+01 -3.841190661780444771e+00 -1.473105070640300163e+01
-3.442605139473846521e+01 -1.533867663836714712e+01 -1.297851463192045074e+01
-3.342602087529758137e+01 -9.561264843854289097e+00 -2.340411566939500432e+01
-3.242599035585669753e+01 -7.123796902723825042e+00 -1.948661448562000942e+01
-3.142595983641592738e+01 -2.753010073218518983e+00 -1.898183035017733644e+01
-3.042592931697492986e+01 -1.628932369183613105e+01 -1.977173113469375210e+01
-2.942589879753404603e+01 -8.150728637692438383e+00 -3.200078735633374549e+01
-2.842586827809316219e+01 -1.350561358456222649e+01 -1.899609607830022284e+01
-2.742583775865227835e+01 -1.896400851869412918e+01 -6.216940843528361071e+00
-2.642580723921139452e+01 -2.024362275295355573e+01 8.754319698380657044e+00
-2.542577671977062437e+01 -1.414390242207664983e+01 4.123366390985415464e+00
-2.442574620032962684e+01 -1.136417629465942980e+01 -1.549842521583690669e+01
-2.342571568088874301e+01 -1.100530758484613614e+01 -1.706247419700316925e+01
-2.242568516144785917e+01 -4.801138551763060036e+00 -1.628263138644179975e+01
-2.142565464200697534e+01 3.121877949347720005e-01 -9.311585416907201207e+00
-2.042562412256609150e+01 -4.774968641900400712e+00 -3.671254753198286647e+00
-1.942559360312532135e+01 7.621798993565917613e+00 -1.443088505459514259e+01
-1.842556308368432383e+01 4.742964519228038967e+00 -6.950269608590928350e+00
-1.742553256424343999e+01 -6.974225555867832327e+00 1.299704823285131638e+01
-1.642550204480255616e+01 2.120893158820621238e+00 5.665621887030915182e+00
-1.542547152536167232e+01 -6.216913160192959253e+00 1.524204292485465118e+01
-1.442544100592090217e+01 -5.631875176003191541e+00 3.574428325407855933e+00
-1.342541048647990465e+01 1.461875585917974263e+01 8.884681863336760799e+00
-1.242537996703902081e+01 2.255683839694099646e+01 3.111660309132547297e+01
-1.142534944759813698e+01 9.920789844183644846e+00 1.386827739158866279e+01
-1.042531892815725314e+01 2.223896277936681543e+01 -6.526551197436756269e-01
-9.425288408716369304e+00 3.826601368444956108e+01 -6.405512422719796817e+00
-8.425257889275599155e+00 1.944839833226609471e+01 -3.645473621797955310e+00
-7.425227369834601632e+00 1.513369333442972930e+01 9.502018836761138232e+00
-6.425196850393717796e+00 3.414343212469905353e+01 -1.331432501181804673e+00
-5.425166330952833960e+00 4.309903561013003781e+01 -2.612463911159692564e+00
-4.425135811511950124e+00 4.897770472531692576e+01 -1.430710453743725097e+01
-3.425105292071066287e+00 4.849014153550991324e+01 2.502089264854586048e+01
-2.425074772630296138e+00 3.364892099405466297e+01 4.339961976062998872e+01
-1.425044253189298615e+00 5.862246731628282248e+01 -1.733438435739198091e+00
-4.250137337484147793e-01 4.103254834466993373e+01 5.706258650633325047e+00
5.750167856924690568e-01 5.232400248841006629e+01 -8.558784956436895186e+00
1.575047305133352893e+00 1.571180132272834129e+01 2.809738603371200227e+01
2.575077824574236729e+00 2.119424820175196800e+01 2.044052558547159748e+01
3.575108344015006878e+00 6.236864839032646302e+01 1.410163212491778495e+01
4.575138863456004401e+00 6.845273618815733130e+01 7.853338663678541387e+00
5.575169382896888237e+00 4.387222912264548569e+01 1.242285644424918623e+01
6.575199902337772073e+00 4.575276556717673060e+01 1.367102694378603367e+01
7.575230421778655909e+00 7.126909606015462373e+01 -7.451654130409579579e-02
8.575260941219426059e+00 4.245294940909218440e+01 2.888120950537287612e+01
9.575291460660423581e+00 6.238865858508993512e+01 2.417194824278837473e+00
1.057532198010130742e+01 5.396770841227047555e+01 -2.153435224480218402e+00
1.157535249954219125e+01 4.297568986576817451e+01 2.200729896547171993e+00
1.257538301898307509e+01 4.338946124150231753e+01 2.012510755091331305e+01
1.357541353842395893e+01 3.285822998704099973e+01 2.642361927833415791e+01
1.457544405786472907e+01 3.276065622021349810e+01 5.575077771647354297e-01
1.557547457730572660e+01 3.182356766936410963e+01 7.710810085352441945e-01
1.657550509674661043e+01 2.835838625407585312e+01 5.277326789088625958e+00
1.757553561618749427e+01 2.246438300643459485e+01 2.326644571385728000e+01
1.857556613562837811e+01 2.348668351337303051e+01 3.080686078652770732e+01
1.957559665506926194e+01 1.618972301259002933e+01 4.039511853571902833e+01
2.057562717451003209e+01 1.911637494540466520e+01 3.024593461037395414e+01
2.157565769395102961e+01 1.722533980451680691e+01 1.266017011552733607e+01
2.257568821339191345e+01 3.023692088366098218e+01 1.832529053801621899e+00
2.357571873283279729e+01 -7.124108892035845741e+00 5.310133944994876032e+01
2.457574925227368112e+01 6.553857170717442671e+00 1.264395104997994856e+01
2.557577977171445127e+01 -1.060318356914531179e+01 2.471302170579151181e+01
2.657581029115544879e+01 -2.149174815412904849e+01 3.576227474624707270e+01
2.757584081059633263e+01 -1.942509534870181298e+01 1.784505312495470264e+01
2.857587133003721647e+01 -2.576549494746830860e+01 3.434957107020139944e+01
2.957590184947810030e+01 -7.852792062930493699e+00 -5.139095603050603422e+00
3.057593236891898414e+01 -3.826559631901429270e+01 3.883125497232633894e+00
3.157596288835975429e+01 -3.489454171390893578e+01 2.431026536963528173e+01
3.257599340780075181e+01 -1.740791158550150897e+01 2.242883985546145098e+01
3.357602392724163565e+01 -1.258497379916798664e+01 3.123355900327912593e+01
3.457605444668251948e+01 -3.303013069770939580e+01 1.214115243629106011e+01
3.557608496612340332e+01 -1.938407441908958617e+01 -4.488838731355644818e+00
3.657611548556428716e+01 -3.001844823008310215e+01 2.485548192312513294e+01
3.757614600500505730e+01 -3.805845916184104993e+01 1.468006649695712440e+01
3.857617652444605483e+01 -3.591659581771154564e+01 2.507669996867598172e+00
3.957620704388693866e+01 -1.553355691391897864e+01 -1.813574488641567939e+01
4.057623756332782250e+01 -4.373174693341253771e+01 -7.706901611785257344e+00
4.157626808276870634e+01 -6.514930073912101705e+01 1.260387962302748477e+01
4.257629860220947648e+01 -5.156599339824460060e+01 1.244951215663537880e+01
4.357632912165047401e+01 -4.258438729571211923e+01 1.965162635276661796e+00
4.457635964109135784e+01 -4.402809138799296562e+01 1.334869239652025641e-02
4.557639016053224168e+01 -5.379168476119116349e+01 -2.792679691181768842e+00
4.657642067997312552e+01 -5.011901469973253853e+01 2.930157354662595282e+01
4.757645119941400935e+01 -4.709401929753167337e+01 9.084460507746440427e+00
4.857648171885477950e+01 -5.171772126055579122e+01 2.708896966948158536e+01
4.957651223829577702e+01 -4.385671311273279827e+01 2.120731725340353080e+01
5.057654275773666086e+01 -2.782838750833536423e+01 -1.044920955053092726e+01
5.157657327717754470e+01 -4.290368143037002824e+01 8.189312681940442928e+00
5.257660379661842853e+01 -3.449741042096465549e+01 7.640493234560293168e+00
5.357663431605931237e+01 -7.114552700686365938e+01 2.211675473311981577e+01
5.457666483550008252e+01 -5.667980143828070538e+01 2.412779157578497813e+00
5.557669535494108004e+01 -4.095242820456084587e+01 -5.039975452830514513e+00
5.657672587438196388e+01 -6.829147813561243652e+01 4.590225903450111389e+01
5.757675639382284771e+01 -6.217271536236718532e+01 3.496445163914278709e+01
5.857678691326373155e+01 -6.617101974902578831e+01 7.070601008523665243e+00
5.957681743270450170e+01 -5.822546308084679367e+01 3.549398810690834516e+00
6.057684795214549922e+01 -6.250962462348205406e+01 1.241172171017766956e+01
6.157687847158638306e+01 -7.900388241432366954e+01 1.909015105739950258e+01
6.257690899102726689e+01 -6.931557082892672383e+01 1.175351480312481378e+01
6.357693951046815073e+01 -6.488239156098946125e+01 1.081049759648406905e+01
6.457697002990903457e+01 -5.547231212359876906e+01 -7.955940867238219028e+00
6.557700054934980471e+01 -3.281947646168357835e+01 -1.652824851091157754e+01
6.657703106879080224e+01 -4.286547433368764359e+01 -4.448617345813115520e+00
6.757706158823168607e+01 -2.858152858524146467e+01 -1.177207258313664795e+01
6.857709210767256991e+01 -4.678447170375849851e+01 -2.321929620736774780e+01
6.957712262711345375e+01 -5.315751316268317339e+01 -8.430029827421000377e+00
7.057715314655433758e+01 -5.187123267986829944e+01 -6.078115077501626828e+00
7.157718366599510773e+01 -5.916199688443018090e+01 1.522721254703770022e+01
7.257721418543610525e+01 -3.912598680448369493e+01 -7.841873756730064926e+00
7.357724470487698909e+01 -5.772009808432930811e+01 3.191096168511417197e+00
7.457727522431787293e+01 -6.564768894655067299e+01 2.887746854266531926e+01
7.557730574375875676e+01 -4.629455654237334983e+01 -1.016386501295499123e+01
7.657733626319952691e+01 -7.366495183192783713e+01 2.279626299378073995e+01
7.757736678264041075e+01 -4.157134793437920450e+01 1.396118778756845913e+01
7.857739730208140827e+01 -6.639558180826534795e+01 1.330352132514006769e+01
7.957742782152229211e+01 -6.461948428841149905e+01 -8.410754898546711544e+00
8.057745834096317594e+01 -7.255594542578597839e+01 -2.011272809838078146e+01
8.157748886040405978e+01 -9.894902157677471166e+01 2.224399814196764424e+01
8.257751937984482993e+01 -1.074825476896889000e+02 2.077172015309872677e+01
8.357754989928582745e+01 -8.758468149181956619e+01 1.773783249148448871e+00
8.457758041872671129e+01 -8.733182880677894389e+01 1.215475572225258105e+01
8.557761093816759512e+01 -1.046932050692880551e+02 2.865841989657277011e+01
8.657764145760847896e+01 -1.253905830272227604e+02 2.170193271385097589e+01
8.757767197704936279e+01 -1.329561212212933583e+02 1.568328227537743658e+01
8.857770249649013294e+01 -1.151467524054786082e+02 1.095398452251271415e+01
8.957773301593113047e+01 -1.164635596344233335e+02 1.181854294345341394e+01
9.057776353537201430e+01 -1.111989562032417638e+02 7.888406804381801862e+00
9.157779405481289814e+01 -1.306508457064250024e+02 7.811227877936623543e+00
9.257782457425378198e+01 -1.234224799764212293e+02 1.707548309761444472e+01
9.357785509369455212e+01 -1.251314144626417004e+02 -1.612614372482156710e+01
9.457788561313543596e+01 -1.254724367256179676e+02 -1.214482280464340391e+01
9.557791613257631980e+01 -1.066687425779707041e+02 6.380735955744652799e+00
9.657794665201720363e+01 -1.082409501518486650e+02 3.104657447353951127e+01
9.757797717145831484e+01 -7.738718918953284742e+01 1.034359715499850552e+01
9.857800769089919868e+01 -7.940464620518652339e+01 4.260375253145319618e+01
9.957803821033996883e+01 -7.374304317875677839e+01 2.315715647342370431e+01
1.005780687297808527e+02 -6.056647363502318626e+01 4.704671132320500604e+00
1.015780992492217365e+02 -4.341203443843194520e+01 2.764504307232106584e+01
1.025781297686626203e+02 -3.773427183805372920e+01 1.024104561979511985e+01
1.035781602881035042e+02 -5.895120223044769148e+01 9.004800320792044843e+00
1.045781908075443880e+02 -3.152369364705106136e+01 -1.689365964408010612e+01
1.055782213269851582e+02 -1.350790461004646659e+01 1.295716362084688100e+01
1.065782518464260420e+02 -1.461353543978457026e+01 3.687496918197672358e+01
1.075782823658669258e+02 -2.049215349959008847e+01 2.844100644609462591e+01
1.085783128853078097e+02 4.728020798389124479e+00 8.190895506119105107e+00
1.095783434047489209e+02 9.045666814682704171e+00 1.764434400312396534e+01
1.105783739241896910e+02 -9.633976083196046147e+00 2.922457776357178716e+01
1.115784044436305749e+02 -1.282845857865270034e+01 3.408864474793290356e+01
1.125784349630714587e+02 -4.146066582303618020e+00 4.346281925979493366e+01
1.135784654825123425e+02 -1.024615678542006947e+01 4.910785256456633618e+01
1.145784960019532264e+02 -2.650222049566585270e+01 4.225402781258490137e+01
1.155785265213939965e+02 -2.502566422694197001e+01 4.463716811816112084e+01
1.165785570408349940e+02 -2.198308053253617800e+01 5.244818532939653011e+01
1.175785875602757642e+02 -5.318528729749149875e+01 4.929244067325273448e+01
1.185786180797167617e+02 -3.302523419144787908e+01 2.125433637645849672e+01
1.195786485991575319e+02 -2.083673763275098167e+01 1.272704559177496009e+01
1.205786791185985294e+02 -3.818234714098466043e+01 2.611864651809372617e+01
1.215787096380395269e+02 -3.887997985384222943e+01 7.571179169196540215e+00
1.225787401574802971e+02 -3.507237659231407179e+01 2.237516785970179711e+01
1.235787706769212946e+02 -4.303676284284674125e+01 3.253233382742894975e+01
1.245788011963620647e+02 6.403701256004922016e+00 2.636709100262902616e+00
1.255788317158028349e+02 9.318750872879007829e+00 4.027816691048170128e+01
1.265788622352438324e+02 4.304995779579331838e+01 2.753431796014720945e+01
1.275788927546846026e+02 6.823160855752982457e+01 3.651709162570296030e+01
1.285789232741256001e+02 1.143580221249508497e+02 1.417680715333850294e+01
1.295789537935663702e+02 1.906387478087006571e+02 1.363334570527736744e+01
1.305789843130071404e+02 2.089269504958423056e+02 4.125982601730491695e+01
1.315790148324481379e+02 2.403470411252164070e+02 5.676805474444644517e+01
1.325790453518891354e+02 3.313707539718043904e+02 1.850573611506168703e+01
1.335790758713301329e+02 3.661092619350592940e+02 2.831214191029295790e+01
1.345791063907709031e+02 4.570571572555082867e+02 2.557080333963405749e+01
1.355791369102119006e+02 5.060720852198494413e+02 6.014813820557493251e+00
1.365791674296526708e+02 5.602983207735093174e+02 5.976385630368762136e+00
1.375791979490934409e+02 5.748037227823959938e+02 2.117362706023111230e+01
1.385792284685344384e+02 6.022543146366080009e+02 3.275733775365094402e+01
1.395792589879752086e+02 6.151050887410269752e+02 -3.528930019036202737e+00
1.405792895074162061e+02 6.114744163359428057e+02 2.150253574036409887e+01
1.415793200268569763e+02 6.421260429076526179e+02 5.428114163381474810e+01
1.425793505462977464e+02 6.217550000317751255e+02 1.846918355323874295e+01
1.435793810657389713e+02 5.995488055707671720e+02 3.669722922054810876e+00
1.445794115851797415e+02 6.217139354059384004e+02 1.815883693060084569e+00
1.455794421046207390e+02 6.559229514305993689e+02 1.608826783936115135e+01
1.465794726240615091e+02 6.677176426187284051e+02 2.560289301850675869e+01
1.475795031435022793e+02 6.632872994981621559e+02 3.295101358019439886e+01
1.485795336629432768e+02 7.121193393558737625e+02 -4.777656182663407414e+00
1.495795641823840469e+02 7.291273565489241264e+02 -1.633542618089955489e+00
1.505795947018250445e+02 7.489025757271583643e+02 3.072749367032146850e+01
1.515796252212658146e+02 7.848383077010663555e+02 3.318654611187812975e+01
1.525796557407068121e+02 7.916342852456375567e+02 2.537834058943587934e+01
1.535796862601475823e+02 8.258107790038537814e+02 -3.340801094318116782e+00
1.545797167795885798e+02 8.270170623962592344e+02 1.715628329089526360e+01
1.555797472990295773e+02 8.372045102339152436e+02 3.331142934606729256e+01
1.565797778184703475e+02 8.305923022272452272e+02 3.259319305902614872e+01
1.575798083379113450e+02 8.405746842977637243e+02 3.039322941814106116e+01
1.585798388573521152e+02 8.611116558876844920e+02 2.537277776428996390e+01
1.595798693767928853e+02 8.745595244871474279e+02 4.160700840901689901e-01
1.605798998962338828e+02 8.584340479857232822e+02 7.865626612544865282e+00
1.615799304156746530e+02 8.452754347424554453e+02 2.433239306095610388e+01
1.625799609351156505e+02 8.304950000765423965e+02 3.819694059068167746e+01
1.635799914545564206e+02 8.081155017008214827e+02 1.985629287928207809e+00
1.645800219739971908e+02 8.149322591579552864e+02 8.072232015978165975e+00
1.655800524934381883e+02 8.065437420470570942e+02 1.089834399919326202e+01
1.665800830128791858e+02 7.874191922865004472e+02 1.455582833608295701e+01
1.675801135323201834e+02 7.934039216068556470e+02 7.426802227126495737e+00
1.685801440517609535e+02 8.057983887436023451e+02 2.024916531082840621e+01
1.695801745712019510e+02 8.623704942691489350e+02 2.273452873980375433e+00
1.705802050906427212e+02 8.873867688282351764e+02 2.220733414332716293e+01
1.715802356100834913e+02 9.247335791304809618e+02 4.549215789461728576e+01
1.725802661295244889e+02 9.836063355701019191e+02 2.310727565643432513e+01
1.735802966489652590e+02 1.049593016784268912e+03 2.983735014499384164e+01
1.745803271684062565e+02 1.141298934358465658e+03 9.553271534295340928e+00
1.755803576878470267e+02 1.209740376699529179e+03 4.624142427128339961e+01
1.765803882072877968e+02 1.282550027993258936e+03 1.951884324113207470e+01
1.775804187267290217e+02 1.405781680765832562e+03 -1.522379690998041823e+01
1.785804492461697919e+02 1.528152816011004234e+03 6.837945713453708052e+00
1.795804797656107894e+02 1.668859627004138929e+03 2.354815563080528662e+01
1.805805102850515595e+02 1.820990726154040203e+03 1.600143808833826498e+01
1.815805408044923297e+02 1.976133333701142874e+03 2.518022092594304695e+01
1.825805713239333272e+02 2.125873426085042411e+03 3.249284719206331573e+01
1.835806018433740974e+02 2.327747165217180282e+03 1.121144178054129448e+01
1.845806323628150949e+02 2.504969336254377595e+03 2.314060408791254275e+01
1.855806628822558650e+02 2.692288063361012973e+03 4.092481981677273239e+01
1.865806934016968626e+02 2.839079971242354986e+03 6.297568711531004482e+01
1.875807239211376327e+02 3.013708922058806820e+03 2.652804042109696425e+01
1.885807544405786302e+02 3.153210746603137977e+03 2.673771084621486693e+01
1.895807849600196278e+02 3.310593891197535868e+03 3.030087527606404763e+01
1.905808154794603979e+02 3.461811170292353381e+03 1.585468419941962814e+01
1.915808459989013954e+02 3.636204480493051051e+03 2.994248062600125593e+01
1.925808765183421656e+02 3.800191199458844494e+03 3.202166612629330444e+01
1.935809070377829357e+02 3.979304805252708775e+03 4.959698650650961049e+00
1.945809375572239333e+02 4.135748550269920088e+03 3.683527486205733226e+01
1.955809680766647034e+02 4.313932185563486200e+03 1.568067968744180618e+01
1.965809985961057009e+02 4.446165705258898015e+03 3.206728224773796398e+01
1.975810291155464711e+02 4.628380327431526894e+03 3.309289491241390380e+01
1.985810596349874686e+02 4.825073448190642011e+03 2.414535945269574047e+00
1.995810901544282387e+02 5.015113318791434722e+03 3.572260115302572814e+01
2.005811206738692363e+02 5.220499127445944396e+03 4.001604501184689155e+01
2.015811511933102338e+02 5.400775700267884531e+03 4.954736041665911017e+01
2.025811817127510039e+02 5.580915682162493795e+03 3.162615627943903718e+01
2.035812122321920015e+02 5.800486257100082184e+03 7.975924502357853996e+00
2.045812427516327716e+02 6.021281599955482307e+03 3.404988271928310439e+00
2.055812732710735418e+02 6.192072266253495400e+03 2.551007280724332560e+01
2.065813037905145393e+02 6.367090400814471650e+03 3.795548679528630487e+01
2.075813343099553094e+02 6.559098350784857757e+03 3.257758573878059849e+01
2.085813648293963070e+02 6.748505617358536256e+03 2.758232101297007688e+01
2.095813953488370771e+02 6.922672806116350330e+03 3.217799475483494831e+01
2.105814258682778473e+02 7.113386685343696627e+03 3.185711924917027815e+01
2.115814563877190722e+02 7.279855484097191948e+03 6.307753826670042940e+01
2.125814869071598423e+02 7.409877994663638674e+03 4.842280030721406092e+01
2.135815174266008398e+02 7.573013765571367003e+03 2.551657979276046007e+01
2.145815479460416100e+02 7.746095675381804540e+03 7.016999549125459090e+00
2.155815784654823801e+02 7.842370149230915558e+03 5.154840546667986700e+01
2.165816089849233776e+02 7.990199911422996593e+03 9.541011057355294867e+00
2.175816395043641478e+02 8.070307875851170138e+03 3.859662286850618784e+01
2.185816700238051453e+02 8.173883330639630003e+03 2.607541464187675473e+01
2.195817005432459155e+02 8.258145856574879872e+03 1.679752250199862118e+01
2.205817310626869130e+02 8.272569004929775474e+03 3.886560316053190434e+01
2.215817615821276831e+02 8.321197997027617021e+03 2.595268644431486749e+01
2.225817921015684533e+02 8.333832883755354487e+03 3.769412936852302920e+01
2.235818226210096782e+02 8.382921896978778022e+03 2.090113782133842690e+01
2.245818531404504483e+02 8.423499720403646279e+03 3.004047788870051150e+01
2.255818836598914459e+02 8.429675400396306941e+03 5.282678080349663219e+01
2.265819141793322160e+02 8.434036577804077751e+03 5.176189127340502694e+01
2.275819446987729862e+02 8.438011043226084439e+03 4.558647004910847755e+01
2.285819752182139837e+02 8.385064689528431700e+03 4.097355660567803426e+01
2.295820057376547538e+02 8.314489396171680710e+03 3.589276821913529147e+01
2.305820362570957514e+02 8.240701916722679016e+03 5.735670128116326083e+01
2.315820667765365215e+02 8.160782823256114170e+03 5.877305547899970861e+01
2.325820972959775190e+02 8.066151323036910981e+03 7.656722291299213623e+01
2.335821278154182892e+02 8.003990023811133142e+03 4.912161717364669755e+01
2.345821583348592867e+02 7.942537963576386574e+03 6.266473378650981374e+01
2.355821888543002842e+02 7.839942148006749449e+03 7.979755183516135730e+01
2.365822193737410544e+02 7.761457234911743399e+03 9.668568038895715233e+01
2.375822498931820519e+02 7.657592918710587583e+03 1.107648401549404298e+02
2.385822804126228220e+02 7.533386243823322729e+03 1.208688427960286873e+02
2.395823109320635922e+02 7.423441187460783112e+03 1.140554774127600837e+02
2.405823414515045897e+02 7.257040181042055337e+03 1.457409261755315413e+02
2.415823719709453599e+02 7.111262145111159953e+03 1.538348559645421574e+02
2.425824024903863574e+02 6.969352541791984549e+03 1.290237987248194997e+02
2.435824330098271275e+02 6.812413541724642528e+03 1.412776330613864388e+02
2.445824635292678977e+02 6.674598350063864018e+03 1.425789687795233078e+02
2.455824940487091226e+02 6.488468680006061732e+03 1.750527212582809966e+02
2.465825245681498927e+02 6.319901788396151460e+03 1.873776221689035424e+02
2.475825550875908903e+02 6.162735559787094644e+03 2.040876877595692918e+02
2.485825856070316604e+02 6.013750369415366549e+03 2.286490325151353602e+02
2.495826161264726579e+02 5.871642050948194992e+03 2.257981145582726015e+02
2.505826466459134281e+02 5.719299479912825518e+03 2.484979507532345053e+02
2.515826771653541982e+02 5.557051512941463443e+03 2.719505558852526406e+02
2.525827076847951957e+02 5.401669955218944779e+03 2.762014498699215324e+02
2.535827382042359659e+02 5.297029624966697156e+03 2.656294936732647329e+02
2.545827687236769634e+02 5.158285158010654413e+03 3.094301150902172708e+02
2.555827992431177336e+02 4.961757254967702465e+03 3.502569466831474756e+02
2.565828297625585037e+02 4.822234529556002599e+03 3.457786908570942614e+02
2.575828602819997286e+02 4.677256592341829673e+03 3.733876023945598490e+02
2.585828908014404988e+02 4.543448991634126287e+03 3.626106751765568674e+02
2.595829213208814963e+02 4.375106270981224952e+03 3.825315252420388106e+02
2.605829518403222664e+02 4.240716577779186991e+03 3.963455432568232482e+02
2.615829823597630366e+02 4.090434040372230811e+03 4.162344298029825609e+02
2.625830128792040341e+02 3.962512650394599405e+03 4.229946050810080465e+02
2.635830433986448043e+02 3.840852082941541084e+03 4.562945133854950654e+02
2.645830739180858018e+02 3.736579780166775890e+03 4.630279530026987800e+02
2.655831044375265719e+02 3.606520970143568775e+03 4.888251878290002423e+02
2.665831349569675695e+02 3.475119644341777530e+03 4.995145081846320068e+02
2.675831654764083396e+02 3.384562975163578812e+03 4.750357630925273043e+02
2.685831959958493371e+02 3.254602332497319367e+03 5.086342280952231931e+02
2.695832265152903346e+02 3.166278893406861243e+03 5.237297519620495905e+02
2.705832570347311048e+02 3.059400371890915267e+03 5.548921918242727997e+02
2.715832875541721023e+02 2.938653458680662879e+03 5.946028256382243171e+02
2.725833180736128725e+02 2.811400363795930389e+03 5.901442650774259846e+02
2.735833485930536426e+02 2.760518165087351008e+03 5.794965049722920867e+02
2.745833791124946401e+02 2.652909862289188823e+03 6.307768972146501483e+02
2.755834096319354103e+02 2.532025038828613106e+03 6.742530877537840297e+02
2.765834401513764078e+02 2.454274349193377930e+03 6.928464725533534647e+02
2.775834706708171780e+02 2.392361930599170591e+03 6.892969794087262017e+02
2.785835011902579481e+02 2.289367576438093238e+03 7.258430811132751614e+02
2.795835317096991730e+02 2.217557614362949607e+03 7.305323512584518539e+02
2.805835622291399432e+02 2.165949442138167797e+03 7.835896114789627518e+02
2.815835927485809407e+02 2.087511688946940922e+03 8.099950218905603379e+02
2.825836232680217108e+02 2.033943390328520763e+03 8.015990967429554530e+02
2.835836537874627084e+02 2.002319126065700402e+03 8.061472057298105938e+02
2.845836843069034785e+02 1.927027167262202056e+03 8.451814085083253758e+02
2.855837148263442486e+02 1.878340510933940095e+03 8.607291656410834548e+02
2.865837453457852462e+02 1.815660773711924776e+03 8.935001330713357675e+02
2.875837758652260163e+02 1.801746617743347088e+03 8.695647565693764136e+02
2.885838063846670138e+02 1.744599085527155694e+03 9.055125237308309352e+02
2.895838369041077840e+02 1.702440770647901445e+03 9.126685989240443178e+02
2.905838674235485541e+02 1.664545168440303314e+03 9.695004493582393934e+02
2.915838979429897790e+02 1.644849165960828032e+03 9.891534520669997619e+02
2.925839284624305492e+02 1.652207027707243469e+03 9.830731277095594578e+02
2.935839589818715467e+02 1.634021602536258797e+03 9.942790491454722996e+02
2.945839895013123169e+02 1.613277734167160816e+03 1.019349069037452978e+03
2.955840200207530870e+02 1.584952818041541832e+03 1.028544969841164175e+03
2.965840505401940845e+02 1.565651825528579138e+03 1.055585009439519581e+03
2.975840810596348547e+02 1.552878169062752931e+03 1.088863611107020915e+03
2.985841115790758522e+02 1.537524442883832307e+03 1.110929571746449938e+03
2.995841420985166224e+02 1.537211137992206204e+03 1.112985563734708649e+03
3.005841726179576199e+02 1.526633962681689809e+03 1.159221863729453844e+03
3.015842031373983900e+02 1.514249083389906446e+03 1.181032659958209479e+03
3.025842336568393875e+02 1.535442523703903134e+03 1.155466370635753492e+03
3.035842641762803851e+02 1.567163008663956134e+03 1.172218446619503538e+03
3.045842946957211552e+02 1.545491234302824523e+03 1.188835403252038759e+03
3.055843252151621527e+02 1.527086691982010962e+03 1.203537074550781199e+03
3.065843557346029229e+02 1.553697623730187843e+03 1.243385341785962055e+03
3.075843862540436930e+02 1.600039311703736530e+03 1.233603510716073970e+03
3.085844167734846906e+02 1.626960957509076252e+03 1.279330827243439671e+03
3.095844472929254607e+02 1.669661411120201592e+03 1.285186242354414162e+03
3.105844778123664582e+02 1.691214368915163504e+03 1.316010082928399015e+03
3.115845083318072284e+02 1.675648759931096720e+03 1.351598284320378752e+03
3.125845388512479985e+02 1.711331033237336669e+03 1.333835631942605914e+03
3.135845693706889961e+02 1.719372110136877382e+03 1.367139007367466547e+03
3.145845998901299936e+02 1.737518476678482330e+03 1.355161244018376237e+03
3.155846304095709911e+02 1.758783863196380480e+03 1.370919817568945973e+03
3.165846609290117613e+02 1.776981376746884052e+03 1.396259478475655897e+03
3.175846914484527588e+02 1.834212327059054587e+03 1.403911511446495751e+03
3.185847219678935289e+02 1.900834460715934256e+03 1.403467972241817733e+03
3.195847524873342991e+02 1.907683677336734036e+03 1.465703022080521350e+03
3.205847830067752966e+02 1.895990187382094518e+03 1.470215687129086291e+03
3.215848135262160667e+02 1.919770907824047754e+03 1.464316385310975420e+03
3.225848440456570643e+02 1.945439531593443462e+03 1.463131127007066425e+03
3.235848745650978344e+02 1.972774989643678055e+03 1.489720878050992042e+03
3.245849050845386046e+02 1.971273004506181678e+03 1.492892151041602347e+03
3.255849356039798295e+02 1.979137876523431260e+03 1.500102115047639018e+03
3.265849661234205996e+02 2.009978367102810807e+03 1.525525642675717108e+03
3.275849966428615971e+02 2.031510517013823119e+03 1.528871348420501590e+03
3.285850271623023673e+02 2.022459035371988648e+03 1.518872824573985554e+03
3.295850576817431374e+02 2.011552491423512038e+03 1.532958180585805394e+03
3.305850882011841350e+02 2.042438358807978148e+03 1.559099001475100977e+03
3.315851187206249051e+02 2.039901338190740717e+03 1.583278318518138576e+03
3.325851492400659026e+02 2.093176530758541048e+03 1.557002587118055544e+03
3.335851797595066728e+02 2.098254773101338287e+03 1.571865379832242297e+03
3.345852102789476703e+02 2.109702270462415981e+03 1.574011423319742562e+03
3.355852407983884405e+02 2.106638640816796396e+03 1.594440054948936222e+03
3.365852713178294380e+02 2.110185730859066098e+03 1.624131376418970376e+03
3.375853018372704355e+02 2.129966101291622181e+03 1.600339090114274995e+03
3.385853323567112056e+02 2.114817501173671189e+03 1.625794061773233580e+03
3.395853628761522032e+02 2.088889563927883501e+03 1.647403906058633311e+03
3.405853933955929733e+02 2.093342842439838932e+03 1.655265184734594413e+03
3.415854239150337435e+02 2.115400486085898592e+03 1.676864763734727376e+03
3.425854544344747410e+02 2.135895981717852919e+03 1.689102450427574922e+03
3.435854849539155111e+02 2.186265364809356470e+03 1.681060904124884246e+03
3.445855154733565087e+02 2.203643250228751640e+03 1.688890312549191094e+03
3.455855459927972788e+02 2.200548353500045778e+03 1.713484765447583186e+03
3.465855765122380490e+02 2.185302064074285227e+03 1.723945146192123957e+03
3.475856070316790465e+02 2.196309805525217598e+03 1.710714839816274662e+03
3.485856375511200440e+02 2.192462712841570465e+03 1.725219768944699581e+03
3.495856680705610415e+02 2.179075432258374349e+03 1.749550432086915407e+03
3.505856985900018117e+02 2.150558452299359487e+03 1.738922942662924243e+03
3.515857291094428092e+02 2.134923017057326433e+03 1.714363821359193935e+03
3.525857596288835794e+02 2.136261645271008092e+03 1.752203619056733942e+03
3.535857901483243495e+02 2.105922710179722344e+03 1.763688029597301238e+03
3.545858206677653470e+02 2.117982858515004409e+03 1.727546403219520926e+03
3.555858511872061172e+02 2.093854483646526205e+03 1.757518231577773349e+03
3.565858817066471147e+02 2.095305975365732593e+03 1.741748108249077177e+03
3.575859122260878848e+02 2.093439584989511786e+03 1.750137691390935515e+03
3.585859427455286550e+02 2.092498028020183483e+03 1.748271488925016229e+03
3.595859732649698799e+02 2.097107940717594829e+03 1.758494048375291413e+03
3.605860037844106500e+02 2.047192748084047707e+03 1.791681141090557276e+03
3.615860343038516476e+02 2.055287352237999585e+03 1.776316065049511053e+03
3.625860648232924177e+02 2.077588087580297724e+03 1.751546142764446358e+03
3.635860953427331879e+02 2.062262960217587533e+03 1.760351853051146463e+03
3.645861258621741854e+02 2.036046481017536280e+03 1.795780875842000114e+03
3.655861563816149555e+02 2.052300372151994452e+03 1.798745783143098834e+03
3.665861869010559531e+02 2.038181381013439022e+03 1.800272325839333007e+03
3.675862174204967232e+02 2.060770518408378848e+03 1.787362511851661111e+03
3.685862479399377207e+02 2.052989936122274230e+03 1.775892075830366821e+03
3.695862784593784909e+02 2.050296783537472948e+03 1.772442526321251989e+03
3.705863089788192610e+02 2.029425258682911590e+03 1.790817592686745911e+03
3.715863394982604859e+02 2.016517395817714714e+03 1.812514809107443398e+03
3.725863700177012561e+02 2.059225397485266512e+03 1.787180580369484460e+03
3.735864005371422536e+02 2.055863254464333295e+03 1.801035348822215155e+03
3.745864310565830237e+02 2.015032190593135965e+03 1.819445206998328786e+03
3.755864615760237939e+02 2.008963897181423818e+03 1.843502942078711612e+03
3.765864920954647914e+02 2.015187574121460784e+03 1.833848251676041173e+03
3.775865226149055616e+02 1.995616536053265008e+03 1.825331827911791152e+03
3.785865531343465591e+02 2.003395841844936513e+03 1.804359617612391048e+03
3.795865836537873292e+02 1.970950112503043783e+03 1.830172319631362370e+03
3.805866141732280994e+02 1.968123931498095772e+03 1.822380534725912639e+03
3.815866446926690969e+02 1.958268534350074333e+03 1.803480176585948584e+03
3.825866752121100944e+02 1.952501794274641725e+03 1.827224082139326811e+03
3.835867057315510920e+02 1.935595920700476199e+03 1.828912883460470312e+03
3.845867362509918621e+02 1.913708486067587728e+03 1.815053797754081188e+03
3.855867667704328596e+02 1.903656941086381266e+03 1.806673724665800364e+03
3.865867972898736298e+02 1.890445514920011192e+03 1.822915685452077923e+03
3.875868278093143999e+02 1.908721238656067726e+03 1.812745874100249011e+03
3.885868583287553975e+02 1.914779103344897521e+03 1.796020936131108783e+03
3.895868888481961676e+02 1.892797737337370563e+03 1.813386187245356950e+03
3.905869193676371651e+02 1.897315472816226247e+03 1.819119144269471008e+03
3.915869498870779353e+02 1.913893821688079697e+03 1.794061103205690870e+03
3.925869804065187054e+02 1.910824962887101719e+03 1.780692873953555591e+03
3.935870109259599303e+02 1.923874322648722227e+03 1.785943927309041783e+03
3.945870414454007005e+02 1.936817976471758811e+03 1.793388475339321076e+03
3.955870719648416980e+02 1.942591318347112974e+03 1.772801174274572077e+03
3.965871024842824681e+02 1.923903639064987146e+03 1.797561295624839659e+03
3.975871330037232383e+02 1.903381150415647426e+03 1.798102473933314513e+03
3.985871635231642358e+02 1.939667320616355937e+03 1.765734388902949377e+03
3.995871940426050060e+02 1.899710738365909492e+03 1.796261122109015332e+03
4.005872245620460035e+02 1.908984629131078691e+03 1.794704135022316905e+03
4.015872550814867736e+02 1.885572630698887224e+03 1.783232634549745853e+03
4.025872856009277712e+02 1.882179056760163803e+03 1.763251115384653531e+03
4.035873161203685413e+02 1.887481470886561510e+03 1.743514733532587343e+03
4.045873466398093115e+02 1.839539449005022107e+03 1.771466119381318549e+03
4.055873771592505364e+02 1.816542557651611787e+03 1.771248193739146473e+03
4.065874076786913065e+02 1.839363379664462627e+03 1.748461164219711236e+03
4.075874381981323040e+02 1.839081696559807824e+03 1.737334543714823894e+03
4.085874687175730742e+02 1.828766776513724835e+03 1.740174654074521868e+03
4.095874992370138443e+02 1.809437730729327086e+03 1.740334134944351945e+03
4.105875297564548418e+02 1.772317912361291746e+03 1.748501413345812125e+03
4.115875602758956120e+02 1.767627680794113985e+03 1.747523826185975850e+03
4.125875907953366095e+02 1.732480911345126515e+03 1.729667841160211537e+03
4.135876213147773797e+02 1.722506034914835254e+03 1.725150632883929575e+03
4.145876518342183772e+02 1.686509987992796596e+03 1.742244126755192610e+03
4.155876823536591473e+02 1.652883733309328818e+03 1.750565911679249439e+03
4.165877128731001449e+02 1.604866568007333626e+03 1.754528378294323375e+03
4.175877433925411424e+02 1.610595965900287410e+03 1.724090509606813384e+03
4.185877739119819125e+02 1.580074522055607304e+03 1.722395686521208518e+03
4.195878044314229101e+02 1.554161720452553709e+03 1.731223236996518608e+03
4.205878349508636802e+02 1.539937613736377898e+03 1.718969904145421424e+03
4.215878654703044504e+02 1.521617993962650871e+03 1.718932818983921152e+03
4.225878959897454479e+02 1.550178200784299406e+03 1.697806713442210366e+03
4.235879265091862180e+02 1.545437615308912427e+03 1.700499539557761182e+03
4.245879570286272155e+02 1.553994254306117000e+03 1.693758791608012643e+03
4.255879875480679857e+02 1.527665409316945443e+03 1.660894891338465186e+03
4.265880180675087558e+02 1.492336343187973398e+03 1.655890556760833533e+03
4.275880485869499807e+02 1.490120788288850235e+03 1.640682453456667190e+03
4.285880791063907509e+02 1.487922599632083802e+03 1.637451892483896472e+03
4.295881096258317484e+02 1.455783016080700691e+03 1.619895188905798250e+03
4.305881401452725186e+02 1.440788185174591490e+03 1.619307963860105701e+03
4.315881706647132887e+02 1.456498948244494386e+03 1.601457402684152385e+03
4.325882011841542862e+02 1.452918171536237423e+03 1.606342546834454197e+03
4.335882317035950564e+02 1.439080307317024563e+03 1.595067396423289665e+03
4.345882622230360539e+02 1.437631392023542503e+03 1.580668489309834740e+03
4.355882927424768241e+02 1.411178642851305995e+03 1.579766223036679548e+03
4.365883232619178216e+02 1.389110263419959665e+03 1.580645228862963677e+03
4.375883537813585917e+02 1.390634301997137300e+03 1.568324798881161769e+03
4.385883843007993619e+02 1.371949264928729463e+03 1.554602533636079897e+03
4.395884148202405868e+02 1.357556012753633695e+03 1.551061493209503396e+03
4.405884453396813569e+02 1.306803557480670861e+03 1.569471464805915957e+03
4.415884758591223544e+02 1.310775319156067781e+03 1.517355712705259066e+03
4.425885063785631246e+02 1.305420103462602128e+03 1.495100136230353883e+03
4.435885368980038947e+02 1.291354438863831092e+03 1.504326790628796971e+03
4.445885674174448923e+02 1.304274623834760860e+03 1.492372785776578667e+03
4.455885979368856624e+02 1.265076302755873257e+03 1.495367935714347368e+03
4.465886284563266599e+02 1.259710275487263061e+03 1.460036450853504903e+03
4.475886589757674301e+02 1.304994097941982545e+03 1.459933311160127232e+03
4.485886894952084276e+02 1.308776987754368747e+03 1.452123128573220129e+03
4.495887200146491978e+02 1.352760204672515101e+03 1.450534472353853062e+03
4.505887505340901953e+02 1.361997652402595122e+03 1.453730869321846285e+03
4.515887810535311928e+02 1.368152091559326436e+03 1.455699655927255208e+03
4.525888115729719630e+02 1.407509945256164428e+03 1.443428512810064831e+03
4.535888420924129605e+02 1.421351554729597410e+03 1.414894735940644068e+03
4.545888726118537306e+02 1.415131916605076185e+03 1.423122648204374855e+03
4.555889031312945008e+02 1.449471107293646128e+03 1.450098292426845774e+03
4.565889336507354983e+02 1.483818726300334674e+03 1.415181889005517860e+03
4.575889641701762685e+02 1.527398405170337355e+03 1.389953811306841772e+03
4.585889946896172660e+02 1.543917152437494224e+03 1.389658520202265890e+03
4.595890252090580361e+02 1.580946980177237492e+03 1.405742367277245876e+03
4.605890557284988063e+02 1.600745383474320988e+03 1.398968688831447707e+03
4.615890862479398038e+02 1.633542108315778023e+03 1.393935298731339344e+03
4.625891167673808013e+02 1.661719325432884943e+03 1.405040848729135405e+03
4.635891472868217988e+02 1.707514606137963710e+03 1.379785339301295835e+03
4.645891778062625690e+02 1.737096536587114315e+03 1.395651656723530095e+03
4.655892083257035665e+02 1.747124860570391320e+03 1.385013439818250845e+03
4.665892388451443367e+02 1.755120810065789556e+03 1.388185396400928994e+03
4.675892693645851068e+02 1.782115748115043971e+03 1.385397500974694594e+03
4.685892998840261043e+02 1.815186026149029203e+03 1.359806856377797658e+03
4.695893304034668745e+02 1.787305463955626692e+03 1.392491451290832401e+03
4.705893609229078720e+02 1.750062639405361551e+03 1.387634293877161554e+03
4.715893914423486422e+02 1.789930929898220711e+03 1.352745329173695609e+03
4.725894219617894123e+02 1.802113621113045156e+03 1.356082409026033019e+03
4.735894524812306372e+02 1.813416899931175067e+03 1.371994110883567828e+03
4.745894830006714074e+02 1.842112730799879500e+03 1.357944941202160408e+03
4.755895135201124049e+02 1.840741674426662939e+03 1.366022162028596085e+03
4.765895440395531750e+02 1.861799226971244934e+03 1.356232394254820520e+03
4.775895745589939452e+02 1.888367762382553337e+03 1.355401567254195015e+03
4.785896050784349427e+02 1.918363826262071598e+03 1.341112840264859642e+03
4.795896355978757128e+02 1.920226815506290222e+03 1.361969980109394555e+03
4.805896661173167104e+02 1.917519089032100965e+03 1.358884818812303138e+03
4.815896966367574805e+02 1.944572524114619227e+03 1.342297318407762759e+03
4.825897271561984780e+02 1.984305974181843339e+03 1.312994242536549791e+03
4.835897576756392482e+02 1.962921676034056873e+03 1.363843464485357799e+03
4.845897881950802457e+02 1.968576770276433308e+03 1.349605269828008659e+03
4.855898187145212432e+02 1.973299110206216938e+03 1.346151998461350104e+03
4.865898492339620134e+02 1.974230386231485681e+03 1.347251043447862230e+03
4.875898797534030109e+02 2.014364413919085564e+03 1.320299883407562220e+03
4.885899102728437811e+02 1.998848579331837755e+03 1.339687582265910578e+03
4.895899407922845512e+02 1.995798414524548207e+03 1.334187187188322014e+03
4.905899713117255487e+02 1.989999845634119993e+03 1.347455036937758905e+03
4.915900018311663189e+02 1.986166477337554170e+03 1.356297633682615469e+03
4.925900323506073164e+02 2.004004986495687263e+03 1.346725895654135684e+03
4.935900628700480866e+02 2.015999790169051266e+03 1.334838673009025570e+03
4.945900933894888567e+02 1.978678689063135607e+03 1.352742909118877606e+03
4.955901239089298542e+02 1.951390257845358065e+03 1.366421787646896064e+03
4.965901544283708517e+02 1.935092558232479860e+03 1.357889698674186775e+03
4.975901849478118493e+02 1.910985243514229296e+03 1.342295257942087574e+03
4.985902154672526194e+02 1.885670627730267370e+03 1.366339172726907691e+03
4.995902459866936169e+02 1.828927089259435888e+03 1.359726417573338949e+03
5.005902765061343871e+02 1.797139057138694625e+03 1.362472142090241277e+03
5.015903070255751572e+02 1.758404956663314806e+03 1.374684291282383356e+03
5.025903375450161548e+02 1.723749036681130747e+03 1.355409526767868329e+03
5.035903680644569249e+02 1.705861521314769561e+03 1.350230222240641297e+03
5.045903985838979224e+02 1.659546733086845052e+03 1.372184125523480134e+03
5.055904291033386926e+02 1.596081524398305191e+03 1.407726098958410830e+03
5.065904596227794627e+02 1.614264812267689194e+03 1.349582986260274311e+03
5.075904901422206876e+02 1.578716163616796621e+03 1.350029160753175120e+03
5.085905206616614578e+02 1.570957007384655299e+03 1.356096688317046528e+03
5.095905511811024553e+02 1.521222248416966977e+03 1.372318634060932482e+03
5.105905817005432255e+02 1.471947922679200929e+03 1.374632339937593088e+03
5.115906122199839956e+02 1.463238750411768706e+03 1.361551993127201513e+03
5.125906427394249931e+02 1.442690500754222739e+03 1.378939290499132312e+03
5.135906732588657633e+02 1.411113783548755237e+03 1.377607162321358828e+03
5.145907037783067608e+02 1.394790198837932621e+03 1.357174147490281257e+03
5.155907342977475309e+02 1.376122062630312939e+03 1.362472977399132560e+03
5.165907648171885285e+02 1.357967965358207948e+03 1.390434831725137883e+03
5.175907953366292986e+02 1.339998204250930939e+03 1.379957690238464920e+03
5.185908258560702961e+02 1.320675813241643482e+03 1.367665813675767822e+03
5.195908563755112937e+02 1.259545073524599502e+03 1.379707179580816046e+03
5.205908868949520638e+02 1.242876218529163452e+03 1.378205239693023032e+03
5.215909174143930613e+02 1.240098844102514704e+03 1.372764700584873935e+03
5.225909479338338315e+02 1.224247780864148808e+03 1.382367289876543055e+03
5.235909784532746016e+02 1.203983029173810792e+03 1.389075779550860034e+03
5.245910089727155992e+02 1.169916196071204467e+03 1.398054515820559118e+03
5.255910394921563693e+02 1.146157457349196193e+03 1.397289900568622670e+03
5.265910700115973668e+02 1.092865546585004267e+03 1.430802080092334336e+03
5.275911005310381370e+02 1.107810574881010325e+03 1.401596425052487803e+03
5.285911310504789071e+02 1.078236216792660343e+03 1.411379708360815357e+03
5.295911615699199047e+02 1.023690363476855055e+03 1.423657108292781913e+03
5.305911920893609022e+02 1.007903344432315862e+03 1.393485476157758512e+03
5.315912226088018997e+02 9.883149501342068106e+02 1.420288375789749580e+03
5.325912531282426698e+02 1.009555046908981240e+03 1.388703351055175062e+03
5.335912836476836674e+02 1.025976349186677908e+03 1.395135355506427231e+03
5.345913141671244375e+02 1.005858912704183240e+03 1.418177887834428248e+03
5.355913446865652077e+02 1.003393483532197934e+03 1.400759172584859016e+03
5.365913752060062052e+02 1.012630978443779895e+03 1.396855372275210357e+03
5.375914057254469753e+02 1.025396393809834990e+03 1.415116308081515399e+03
5.385914362448879729e+02 1.006595640696848932e+03 1.421183224795663364e+03
5.395914667643287430e+02 1.020397799030686656e+03 1.420952591403960241e+03
5.405914972837695132e+02 9.986909814679620467e+02 1.419012091198332428e+03
5.415915278032107381e+02 9.951167804263423022e+02 1.431443729687921859e+03
5.425915583226515082e+02 1.033231266726865215e+03 1.398699636501523401e+03
5.435915888420925057e+02 1.040190192237341762e+03 1.388526818248440350e+03
5.445916193615332759e+02 1.033662543038386502e+03 1.405738181889896168e+03
5.455916498809740460e+02 1.023880895270911424e+03 1.411040951880176863e+03
5.465916804004150436e+02 1.087548019115611169e+03 1.389004680459320753e+03
5.475917109198558137e+02 1.112133950810388342e+03 1.429566166255658572e+03
5.485917414392968112e+02 1.146202931329809871e+03 1.429927826181662113e+03
5.495917719587375814e+02 1.202190699978249540e+03 1.416616057978809977e+03
5.505918024781785789e+02 1.199362923798680640e+03 1.423121277404939065e+03
5.515918329976193490e+02 1.213613843816367080e+03 1.401941083955048271e+03
5.525918635170601192e+02 1.211666611836093580e+03 1.419581989175525678e+03
5.535918940365013441e+02 1.223901782516870298e+03 1.417290092150574992e+03
5.545919245559421142e+02 1.208565105170599054e+03 1.423790448258676406e+03
5.555919550753831118e+02 1.169335915252757331e+03 1.445988492328981692e+03
5.565919855948238819e+02 1.192044420749367418e+03 1.413013672819091198e+03
5.575920161142646521e+02 1.214874648695151336e+03 1.397595095080683677e+03
5.585920466337056496e+02 1.207873824307205723e+03 1.403440933554315279e+03
5.595920771531464197e+02 1.203535493274030159e+03 1.410276031752454628e+03
5.605921076725874173e+02 1.227462753419706132e+03 1.401822519120110655e+03
5.615921381920281874e+02 1.246017410643757103e+03 1.414676093555672196e+03
5.625921687114689576e+02 1.288574433179861444e+03 1.398688587941360538e+03
5.635921992309099551e+02 1.250093836578140326e+03 1.405085731320086779e+03
5.645922297503509526e+02 1.252188461654297498e+03 1.415763207762164939e+03
5.655922602697919501e+02 1.269597970431623253e+03 1.414814256034634809e+03
5.665922907892327203e+02 1.239088978556817892e+03 1.411242297531759277e+03
5.675923213086737178e+02 1.289436083097669325e+03 1.393887493999019853e+03
5.685923518281144879e+02 1.249562068765377262e+03 1.413011615345392556e+03
5.695923823475552581e+02 1.222635210273561825e+03 1.415019189374912003e+03
5.705924128669962556e+02 1.226364407337290686e+03 1.375460879593339314e+03
5.715924433864370258e+02 1.211535113613046633e+03 1.424450486950275717e+03
5.725924739058780233e+02 1.254767929062714757e+03 1.399984677963779632e+03
5.735925044253187934e+02 1.260202503146074378e+03 1.387821093326991104e+03
5.745925349447595636e+02 1.239871231717257615e+03 1.415205530886739780e+03
5.755925654642007885e+02 1.281805808435536164e+03 1.374915776139210948e+03
5.765925959836415586e+02 1.303245019639463862e+03 1.407667035124110498e+03
5.775926265030825562e+02 1.338071304992445221e+03 1.407826433575776036e+03
5.785926570225233263e+02 1.336854973688159589e+03 1.388717305506329694e+03
5.795926875419640965e+02 1.340089462500694935e+03 1.361373055317219496e+03
5.805927180614050940e+02 1.303897063478440032e+03 1.373651504478847301e+03
5.815927485808458641e+02 1.291161252997451811e+03 1.388522042394984965e+03
5.825927791002868616e+02 1.284954780719654082e+03 1.392597120896139131e+03
5.835928096197276318e+02 1.266477603741175699e+03 1.403570589330957091e+03
5.845928401391686293e+02 1.221694466253598875e+03 1.409882590779662451e+03
5.855928706586093995e+02 1.211497179167909053e+03 1.380695738864839996e+03
5.865929011780501696e+02 1.213725919164944571e+03 1.364922726692582955e+03
5.875929316974913945e+02 1.194855042752536974e+03 1.380318967246567126e+03
5.885929622169321647e+02 1.182236835219908244e+03 1.381184059216290279e+03
5.895929927363731622e+02 1.166010238876584481e+03 1.365203273506592041e+03
5.905930232558139323e+02 1.125625338599607858e+03 1.400380708266332022e+03
5.915930537752547025e+02 1.134759202384897435e+03 1.370355132379502038e+03
5.925930842946957000e+02 1.130840308977449240e+03 1.371166087220027521e+03
5.935931148141364702e+02 1.112564040335188110e+03 1.376466087775160531e+03
5.945931453335774677e+02 1.072191605377483938e+03 1.373056448174414527e+03
5.955931758530182378e+02 1.017347229324850559e+03 1.405415472730603369e+03
5.965932063724590080e+02 1.017068780869172770e+03 1.371123264430772451e+03
5.975932368919000055e+02 9.872692229989042971e+02 1.382265287212728708e+03
5.985932674113410030e+02 9.654848568008947041e+02 1.401138338689179818e+03
5.995932979307820005e+02 9.643460340723922855e+02 1.383380152751708920e+03
6.005933284502227707e+02 9.481644177136859071e+02 1.378341251060963714e+03
6.015933589696637682e+02 9.084612728811243869e+02 1.404682818995123171e+03
6.025933894891045384e+02 9.030075484454009711e+02 1.397763042528117467e+03
6.035934200085453085e+02 9.029315635733419185e+02 1.387507372820268301e+03
6.045934505279863060e+02 8.792683720025343064e+02 1.392530040403787325e+03
6.055934810474270762e+02 8.702839413810925180e+02 1.409294133686089481e+03
6.065935115668680737e+02 8.891964195463533542e+02 1.395098648317932202e+03
6.075935420863088439e+02 8.753971214006414812e+02 1.390860701137399019e+03
6.085935726057496140e+02 8.808923922488083917e+02 1.391010346686521189e+03
6.095936031251908389e+02 8.571876272562403756e+02 1.401456398853285236e+03
6.105936336446316091e+02 8.752833050828430714e+02 1.378904527315982932e+03
6.115936641640726066e+02 8.519179478153637319e+02 1.410751804174076142e+03
6.125936946835133767e+02 8.435213125290538301e+02 1.374535982801993896e+03
6.135937252029541469e+02 8.307850308051347383e+02 1.380752367807260725e+03
6.145937557223951444e+02 8.143170904289108876e+02 1.400760537031303102e+03
6.155937862418359146e+02 8.256728981746455247e+02 1.385371913775489929e+03
6.165938167612769121e+02 8.199665996062612976e+02 1.397258244149684970e+03
6.175938472807176822e+02 8.537630525743188628e+02 1.366981236878947129e+03
6.185938778001586797e+02 8.446333092195636709e+02 1.385650124167199465e+03
6.195939083195994499e+02 8.024664359642665659e+02 1.398296461463654396e+03
6.205939388390402200e+02 7.970185256395707256e+02 1.386533720850224881e+03
6.215939693584814449e+02 8.169824027904869581e+02 1.372540345760015043e+03
6.225939998779222151e+02 8.171210991167008615e+02 1.389639432812134601e+03
6.235940303973632126e+02 8.153493349869058875e+02 1.398310165590389943e+03
6.245940609168039828e+02 8.074605454767824995e+02 1.383229903367697261e+03
6.255940914362447529e+02 8.190174093330842879e+02 1.377333118203899176e+03
6.265941219556857504e+02 8.088412968499305862e+02 1.400408296341797723e+03
6.275941524751265206e+02 8.201255939248276263e+02 1.388627031329869624e+03
6.285941829945675181e+02 8.207593021082902851e+02 1.385086640261221191e+03
6.295942135140082883e+02 8.344285819802316837e+02 1.378459495467037414e+03
6.305942440334490584e+02 8.638484070740578318e+02 1.372305014240271930e+03
6.315942745528900559e+02 8.939333083672900102e+02 1.352492317193587951e+03
6.325943050723310535e+02 9.009821862035933009e+02 1.393903348588073641e+03
6.335943355917720510e+02 9.254700010557808127e+02 1.393335577898885504e+03
6.345943661112128211e+02 9.417593494850334537e+02 1.383230106607507423e+03
6.355943966306538186e+02 9.385929407551266195e+02 1.405594895377454122e+03
6.365944271500945888e+02 9.765345624592828244e+02 1.392557701510382685e+03
6.375944576695353589e+02 9.596817919031655038e+02 1.409945172850224026e+03
6.385944881889763565e+02 9.632904126384873962e+02 1.403550858443343259e+03
6.395945187084171266e+02 9.742214387043659372e+02 1.387079324266853519e+03
6.405945492278581241e+02 9.726844031071304926e+02 1.401311351627166232e+03
6.415945797472988943e+02 1.001845661056884637e+03 1.386403025221712142e+03
6.425946102667396644e+02 1.033309102708351929e+03 1.376248265339789214e+03
6.435946407861806620e+02 1.043625927335282540e+03 1.361376445150745894e+03
6.445946713056216595e+02 1.017969701265514232e+03 1.416297082351292147e+03
6.455947018250626570e+02 1.043788590627111262e+03 1.388651672015135318e+03
6.465947323445034272e+02 1.070527728168715839e+03 1.380018032138926628e+03
6.475947628639441973e+02 1.043159594595033923e+03 1.396633754016474313e+03
6.485947933833851948e+02 1.047902981371331407e+03 1.368334950896561168e+03
6.495948239028259650e+02 1.065507130344998586e+03 1.386343451069277535e+03
6.505948544222669625e+02 1.091171616113020718e+03 1.381327321002663666e+03
6.515948849417077327e+02 1.077750020276862415e+03 1.410688799721480336e+03
6.525949154611487302e+02 1.095883175906934412e+03 1.383059483451232609e+03
6.535949459805895003e+02 1.096534702914716036e+03 1.393969765529976485e+03
6.545949765000302705e+02 1.087562882794973120e+03 1.403563670384933175e+03
6.555950070194714954e+02 1.108275795264424232e+03 1.380056913781132607e+03
6.565950375389122655e+02 1.102704495101008433e+03 1.388895946120901044e+03
6.575950680583532630e+02 1.118335971594195144e+03 1.366965089915923045e+03
6.585950985777940332e+02 1.090023546349249955e+03 1.413105017814831854e+03
6.595951290972348033e+02 1.095907909994133661e+03 1.402203804032368225e+03
6.605951596166758009e+02 1.115033842338883915e+03 1.386293582344746255e+03
6.615951901361165710e+02 1.099338824759832278e+03 1.409954205523894871e+03
6.625952206555575685e+02 1.088285985120923215e+03 1.408560655067195739e+03
6.635952511749983387e+02 1.113279163656452511e+03 1.397081200751963934e+03
6.645952816944391088e+02 1.122788462855933176e+03 1.415643691536432243e+03
6.655953122138801064e+02 1.099352393254364870e+03 1.433306215903488010e+03
6.665953427333211039e+02 1.114056578255194836e+03 1.402804416565942120e+03
6.675953732527621014e+02 1.127708783726557158e+03 1.413820475704603268e+03
6.685954037722028716e+02 1.108305075519325328e+03 1.418839919864587955e+03
6.695954342916438691e+02 1.094087613306543062e+03 1.391130947170863465e+03
6.705954648110846392e+02 1.103103953601234025e+03 1.386222855688050913e+03
6.715954953305254094e+02 1.099056850677929106e+03 1.397999713060898102e+03
6.725955258499664069e+02 1.090499627614011843e+03 1.426047486058301729e+03
6.735955563694071770e+02 1.110975677768323294e+03 1.388033636864470282e+03
6.745955868888481746e+02 1.089340586447824535e+03 1.412017093598538850e+03
6.755956174082889447e+02 1.104622737141045945e+03 1.427898001920221759e+03
6.765956479277297149e+02 1.153207745429341230e+03 1.383047134862909388e+03
6.775956784471707124e+02 1.114415766760497718e+03 1.414387958421579015e+03
6.785957089666117099e+02 1.133385640690352375e+03 1.404356634497432879e+03
6.795957394860527074e+02 1.139974447394863091e+03 1.412419892173664948e+03
6.805957700054934776e+02 1.135933698085247670e+03 1.388514658146095371e+03
6.815958005249342477e+02 1.153178980164830136e+03 1.392089414615581063e+03
6.825958310443752453e+02 1.140945405616081189e+03 1.407233550308803387e+03
6.835958615638160154e+02 1.134585534908706904e+03 1.397673147915242453e+03
6.845958920832570129e+02 1.143965007121301824e+03 1.400231781376779509e+03
6.855959226026977831e+02 1.152791454325089944e+03 1.401200777164658348e+03
6.865959531221387806e+02 1.170084634388595077e+03 1.414202352868696153e+03
6.875959836415795507e+02 1.174673188271044637e+03 1.406154223944504110e+03
6.885960141610203209e+02 1.177906572363954183e+03 1.420082095999722242e+03
6.895960446804615458e+02 1.157731721535044926e+03 1.403976813029468758e+03
6.905960751999023159e+02 1.149631399181971574e+03 1.424462011789804819e+03
6.915961057193433135e+02 1.163876410504977684e+03 1.398337023211244059e+03
6.925961362387840836e+02 1.169532429073025924e+03 1.384844209069626459e+03
6.935961667582248538e+02 1.156541037772343770e+03 1.401154348367490911e+03
6.945961972776658513e+02 1.154521868090587304e+03 1.357425167626636267e+03
6.955962277971066214e+02 1.164577999056675253e+03 1.410817254493693554e+03
6.965962583165476190e+02 1.162074903165905198e+03 1.427755416338276746e+03
6.975962888359883891e+02 1.189654527632003010e+03 1.389345367906866386e+03
6.985963193554293866e+02 1.171888106126385537e+03 1.408423595421144228e+03
6.995963498748701568e+02 1.198382595561432026e+03 1.371846968105341148e+03
7.005963803943111543e+02 1.162485423453930707e+03 1.386706334326954675e+03
7.015964109137521518e+02 1.178523492707345213e+03 1.392354870343373477e+03
7.025964414331929220e+02 1.185364128337574584e+03 1.380898907956761832e+03
7.035964719526339195e+02 1.174535408954674494e+03 1.410998744675423040e+03
7.045965024720746896e+02 1.195327513543234090e+03 1.414208645261235461e+03
7.055965329915154598e+02 1.204735591842723807e+03 1.411611383123668929e+03
7.065965635109564573e+02 1.203634955359404557e+03 1.403234040686618528e+03
7.075965940303972275e+02 1.189052353750716065e+03 1.427345080436442458e+03
7.085966245498382250e+02 1.193276768436346174e+03 1.410667709624598274e+03
7.095966550692789951e+02 1.180249945051400573e+03 1.407149195107052719e+03
7.105966855887197653e+02 1.198834378165907765e+03 1.418175959923786650e+03
7.115967161081607628e+02 1.204985097434162526e+03 1.409029573927656656e+03
7.125967466276017603e+02 1.213023545437876237e+03 1.397477399247430640e+03
7.135967771470427579e+02 1.231446630263835686e+03 1.420774848506418721e+03
7.145968076664835280e+02 1.240677822709609245e+03 1.425984439881427988e+03
7.155968381859242982e+02 1.271293411162871053e+03 1.407795753112526427e+03
7.165968687053652957e+02 1.281420445406933140e+03 1.437317000014966425e+03
7.175968992248060658e+02 1.273648215185274239e+03 1.466061570484547019e+03
7.185969297442470634e+02 1.314637658046103752e+03 1.419949642659619258e+03
7.195969602636878335e+02 1.304708100846333764e+03 1.423466258245170593e+03
7.205969907831288310e+02 1.311231207245822588e+03 1.417043807372700257e+03
7.215970213025696012e+02 1.354804911021999942e+03 1.423682218014618684e+03
7.225970518220103713e+02 1.348457829436078100e+03 1.408187671134326138e+03
7.235970823414515962e+02 1.368261164536996148e+03 1.423012464031254467e+03
7.245971128608923664e+02 1.377573287619350594e+03 1.434130339109120087e+03
7.255971433803333639e+02 1.400407347691747418e+03 1.448960272485272299e+03
7.265971738997741340e+02 1.442131956955576243e+03 1.421767759505985623e+03
7.275972044192149042e+02 1.433259088183969652e+03 1.459361733785054639e+03
7.285972349386559017e+02 1.450206328926706192e+03 1.457310571778576787e+03
7.295972654580966719e+02 1.479748046664415597e+03 1.428686053813374201e+03
7.305972959775376694e+02 1.467782757256478362e+03 1.446419578046428342e+03
7.315973264969784395e+02 1.490520609788438378e+03 1.432444191226281418e+03
7.325973570164194371e+02 1.508126261231389435e+03 1.414962315126069370e+03
7.335973875358602072e+02 1.483491883865275668e+03 1.421298184830254968e+03
7.345974180553009774e+02 1.487775830784679783e+03 1.426950629008482338e+03
7.355974485747422023e+02 1.469738346136058681e+03 1.444769712325108230e+03
7.365974790941829724e+02 1.477978911549977056e+03 1.406173007018967610e+03
7.375975096136239699e+02 1.453648055639976519e+03 1.440281361833774781e+03
7.385975401330647401e+02 1.428963001702584734e+03 1.454297549031956351e+03
7.395975706525055102e+02 1.434967305549113007e+03 1.431801635480306913e+03
7.405976011719465077e+02 1.411612810533510128e+03 1.477788424965745435e+03
7.415976316913872779e+02 1.430208004531263214e+03 1.454615613326363473e+03
7.425976622108282754e+02 1.409799868393714860e+03 1.464388028522887453e+03
7.435976927302690456e+02 1.412132437010999638e+03 1.483806684221449359e+03
7.445977232497098157e+02 1.412037784087980981e+03 1.466982711479923182e+03
7.455977537691508132e+02 1.387334148059184372e+03 1.482396669620936336e+03
7.465977842885918108e+02 1.385964803703143843e+03 1.484420940776695716e+03
7.475978148080328083e+02 1.423934865954637644e+03 1.455096915765996982e+03
7.485978453274735784e+02 1.405234737471389963e+03 1.460814205043868697e+03
7.495978758469145760e+02 1.372690849771131980e+03 1.469828804742739521e+03
7.505979063663553461e+02 1.377949333164962809e+03 1.479024012425875981e+03
7.515979368857961163e+02 1.381315995311262668e+03 1.474956080639256015e+03
7.525979674052371138e+02 1.376549498615042467e+03 1.471010206831720552e+03
7.535979979246778839e+02 1.389489821162327644e+03 1.467896567689671656e+03
7.545980284441188815e+02 1.405731248458603659e+03 1.457956457804356432e+03
7.555980589635596516e+02 1.399287759620121506e+03 1.451697833895763779e+03
7.565980894830004218e+02 1.400956289143456161e+03 1.450429608240339576e+03
7.575981200024416466e+02 1.451684664403705028e+03 1.426501521453577880e+03
7.585981505218824168e+02 1.416554663977534801e+03 1.466601411584755169e+03
7.595981810413234143e+02 1.415127946832220914e+03 1.472020350147678300e+03
7.605982115607641845e+02 1.422896509983627766e+03 1.448355761345954534e+03
7.615982420802049546e+02 1.404109255770626987e+03 1.468123241650393084e+03
7.625982725996459521e+02 1.408235301044262087e+03 1.429842476619569652e+03
7.635983031190867223e+02 1.364552530791781464e+03 1.465082440327707445e+03
7.645983336385277198e+02 1.380557870093320162e+03 1.442613524604712666e+03
7.655983641579684900e+02 1.384761462090255009e+03 1.436736519201153442e+03
7.665983946774094875e+02 1.359467865785898539e+03 1.460693522833059887e+03
7.675984251968502576e+02 1.379790502821071641e+03 1.453871088625790890e+03
7.685984557162910278e+02 1.364673881498532864e+03 1.433993389901331057e+03
7.695984862357322527e+02 1.338192746852495475e+03 1.457621658668991358e+03
7.705985167551730228e+02 1.350912659225841708e+03 1.457362403349214446e+03
7.715985472746140204e+02 1.347263492302883606e+03 1.452680418767496576e+03
7.725985777940547905e+02 1.366707071617089241e+03 1.449498379319720698e+03
7.735986083134955607e+02 1.349713882346841274e+03 1.465721144857187710e+03
7.745986388329365582e+02 1.367955860207495789e+03 1.444701095591537523e+03
7.755986693523773283e+02 1.395893332019993977e+03 1.444130210207844584e+03
7.765986998718183258e+02 1.392046385516008741e+03 1.463742743614131768e+03
7.775987303912590960e+02 1.373757155785566283e+03 1.459368276723478857e+03
7.785987609106998661e+02 1.418771351794821385e+03 1.419178312516972483e+03
7.795987914301408637e+02 1.405241560816812125e+03 1.473628966501159994e+03
7.805988219495818612e+02 1.428247754041070948e+03 1.466593547065841449e+03
7.815988524690228587e+02 1.444909911069951704e+03 1.434985963270560433e+03
7.825988829884636289e+02 1.458712672917521559e+03 1.447026608554185032e+03
7.835989135079046264e+02 1.487962450020546385e+03 1.433186455238458166e+03
7.845989440273453965e+02 1.478312365963829507e+03 1.456851583014618200e+03
7.855989745467861667e+02 1.515784905421518488e+03 1.427718490510268111e+03
7.865990050662271642e+02 1.559870127350641269e+03 1.422761316814767724e+03
7.875990355856679344e+02 1.582663181407247976e+03 1.438091568846917426e+03
7.885990661051089319e+02 1.604921542957936254e+03 1.434632544708619207e+03
7.895990966245497020e+02 1.639758961927700511e+03 1.429534172109759766e+03
7.905991271439904722e+02 1.659609718089588569e+03 1.435613495591587252e+03
7.915991576634316971e+02 1.703184286069694281e+03 1.432118843076338180e+03
7.925991881828724672e+02 1.709242050395077968e+03 1.422768830009106978e+03
7.935992187023134647e+02 1.710236185872909118e+03 1.405504495476707234e+03
7.945992492217542349e+02 1.716398409352823364e+03 1.420842652112995211e+03
7.955992797411950050e+02 1.731673145317223316e+03 1.410787348174572799e+03
7.965993102606360026e+02 1.764934321345614080e+03 1.388638397291115780e+03
7.975993407800767727e+02 1.773826502138523210e+03 1.396908088827228767e+03
7.985993712995177702e+02 1.783552108976908130e+03 1.390630007795693700e+03
7.995994018189585404e+02 1.831618105512641705e+03 1.386425747341108945e+03
8.005994323383995379e+02 1.819835322672788607e+03 1.427960288273105107e+03
8.015994628578403081e+02 1.863543096903416881e+03 1.397168597360379863e+03
8.025994933772810782e+02 1.857715586382160836e+03 1.397937571602508115e+03
8.035995238967223031e+02 1.842113738323167127e+03 1.402456682927225756e+03
8.045995544161630733e+02 1.865381602856186873e+03 1.407365289857340485e+03
8.055995849356040708e+02 1.896278215565091159e+03 1.401236617459474473e+03
8.065996154550448409e+02 1.890894911587489332e+03 1.390699316363879234e+03
8.075996459744856111e+02 1.877680513964309284e+03 1.409865465507445833e+03
8.085996764939266086e+02 1.871731272546203400e+03 1.427232422456584573e+03
8.095997070133673787e+02 1.879421268798165329e+03 1.425135743461593847e+03
8.105997375328083763e+02 1.887440319725326844e+03 1.418929050204561008e+03
8.115997680522491464e+02 1.884006467151182733e+03 1.417528189971377515e+03
8.125997985716899166e+02 1.887152198051429878e+03 1.391229388005661576e+03
8.135998290911309141e+02 1.884852499877704759e+03 1.408778369615152997e+03
8.145998596105719116e+02 1.856651328596935855e+03 1.410658710030737666e+03
8.155998901300129091e+02 1.862631245527198189e+03 1.407574524075161435e+03
8.165999206494536793e+02 1.896453000227102166e+03 1.399807421716557883e+03
8.175999511688946768e+02 1.874240097011273974e+03 1.420326820928128654e+03
8.185999816883354470e+02 1.867949517421304336e+03 1.421783557649418071e+03
8.196000122077762171e+02 1.865960239109575923e+03 1.424287831095350839e+03
8.206000427272172146e+02 1.861716399543547595e+03 1.410544831608679488e+03
8.216000732466579848e+02 1.821824349443522806e+03 1.433217123989371885e+03
8.226001037660989823e+02 1.829867215288264561e+03 1.388917061001817046e+03
8.236001342855397525e+02 1.802831549784323215e+03 1.420328247137642165e+03
8.246001648049805226e+02 1.779160495236073984e+03 1.435319201538616653e+03
8.256001953244215201e+02 1.789700515511751291e+03 1.408612547752415594e+03
8.266002258438625176e+02 1.752487150463804937e+03 1.438497107879654777e+03
8.276002563633035152e+02 1.757515942038717185e+03 1.392219656529716076e+03
8.286002868827442853e+02 1.727239104097980089e+03 1.424545545656855438e+03
8.296003174021850555e+02 1.702955786545244337e+03 1.420476872800623141e+03
8.306003479216260530e+02 1.694063371285772519e+03 1.414046451495358269e+03
8.316003784410668231e+02 1.721688829536942649e+03 1.406988466654777312e+03
8.326004089605078207e+02 1.703443665494605739e+03 1.426874646557691676e+03
8.336004394799485908e+02 1.670858663494556822e+03 1.433002789492550846e+03
8.346004699993895883e+02 1.668260578162798993e+03 1.415785214919162399e+03
8.356005005188303585e+02 1.656677529470147419e+03 1.418440668917613493e+03
8.366005310382711286e+02 1.624203824204472767e+03 1.429183693856597984e+03
8.376005615577123535e+02 1.647890882288656940e+03 1.411386051959468432e+03
8.386005920771531237e+02 1.629932364960526684e+03 1.420303233310678706e+03
8.396006225965941212e+02 1.608850346332959816e+03 1.437042766070134803e+03
8.406006531160348914e+02 1.621483945970998320e+03 1.415472941063660073e+03
8.416006836354756615e+02 1.624765427817877935e+03 1.406393846201408905e+03
8.426007141549166590e+02 1.578530100922875135e+03 1.460215690742043535e+03
8.436007446743574292e+02 1.597896580411223113e+03 1.432562050936731566e+03
8.446007751937984267e+02 1.582438361975006046e+03 1.434173116916130311e+03
8.456008057132391968e+02 1.576184202867088970e+03 1.436802883083701090e+03
8.466008362326799670e+02 1.559931724335707258e+03 1.456453764476275410e+03
8.476008667521209645e+02 1.537367041810726732e+03 1.453399696563524458e+03
8.486008972715619620e+02 1.540703271561749716e+03 1.418598165457442065e+03
8.496009277910029596e+02 1.507783629021269007e+03 1.424651942850008481e+03
8.506009583104437297e+02 1.524095432804215307e+03 1.451099799541748325e+03
8.516009888298847272e+02 1.515261147040417200e+03 1.429139564956527011e+03
8.526010193493254974e+02 1.492268852263581721e+03 1.419750691732071800e+03
8.536010498687662675e+02 1.477415815506186846e+03 1.443988077119346599e+03
8.546010803882072651e+02 1.464973855874131914e+03 1.444931577154006163e+03
8.556011109076480352e+02 1.474367212703598852e+03 1.436867034020400979e+03
8.566011414270890327e+02 1.494837433804443208e+03 1.422716670403243370e+03
8.576011719465298029e+02 1.465963445885752662e+03 1.428899642733844530e+03
8.586012024659705730e+02 1.462766099385573398e+03 1.429748888608278094e+03
8.596012329854115706e+02 1.446920658354998523e+03 1.456595611466613491e+03
8.606012635048525681e+02 1.435921211180877435e+03 1.458146326055886902e+03
8.616012940242935656e+02 1.442436594804968991e+03 1.430830243492798900e+03
8.626013245437343357e+02 1.443659317531173656e+03 1.440271116341254356e+03
8.636013550631751059e+02 1.406027194218348086e+03 1.466789046077623880e+03
8.646013855826161034e+02 1.420184285231109243e+03 1.424080950790779070e+03
8.656014161020568736e+02 1.412292563261273244e+03 1.445706999174090015e+03
8.666014466214978711e+02 1.420953500539946617e+03 1.432851465252995240e+03
8.676014771409386412e+02 1.411474083145607437e+03 1.445592458766982645e+03
8.686015076603796388e+02 1.403036317090263765e+03 1.427860781678675266e+03
8.696015381798204089e+02 1.435014649382748757e+03 1.421671375567715586e+03
8.706015686992611791e+02 1.418001114290656915e+03 1.437932913343195878e+03
8.716015992187024040e+02 1.434351308347384474e+03 1.440438223480133502e+03
8.726016297381431741e+02 1.471378090654767220e+03 1.448868145466756914e+03
8.736016602575841716e+02 1.480619219139694906e+03 1.421786198728575528e+03
8.746016907770249418e+02 1.473976011248156283e+03 1.447661818521734858e+03
8.756017212964657119e+02 1.496560154871307532e+03 1.450200930599962248e+03
8.766017518159067095e+02 1.528651864242956435e+03 1.439052000978314709e+03
8.776017823353474796e+02 1.523622176547249182e+03 1.459742798993785982e+03
8.786018128547884771e+02 1.506412815756024429e+03 1.452547728446240853e+03
8.796018433742292473e+02 1.527747102240922686e+03 1.424207654114932666e+03
8.806018738936700174e+02 1.543659312607285756e+03 1.414484450039985404e+03
8.816019044131110149e+02 1.524516629396115604e+03 1.440128291756825547e+03
8.826019349325520125e+02 1.579074796464328756e+03 1.387409321882415725e+03
8.836019654519930100e+02 1.583899562518914536e+03 1.412710637929126733e+03
8.846019959714337801e+02 1.571240710325530017e+03 1.444596913628022094e+03
8.856020264908747777e+02 1.616734101413348981e+03 1.413977028606853082e+03
8.866020570103155478e+02 1.619549827212595119e+03 1.423445706005935108e+03
8.876020875297563180e+02 1.619188740054707523e+03 1.415575689589531976e+03
8.886021180491973155e+02 1.608940947150758802e+03 1.450103406393335717e+03
8.896021485686380856e+02 1.606910799482950097e+03 1.434123049437554982e+03
8.906021790880790832e+02 1.637676625748830702e+03 1.420268311164236138e+03
8.916022096075198533e+02 1.595869664415677107e+03 1.450568914099669428e+03
8.926022401269606235e+02 1.606344019822530754e+03 1.425021472946243193e+03
8.936022706464016210e+02 1.610768587454369481e+03 1.406577580794676578e+03
8.946023011658426185e+02 1.588340368264098288e+03 1.434385863224559671e+03
8.956023316852836160e+02 1.589950399459818073e+03 1.431138572263993183e+03
8.966023622047243862e+02 1.620159877682599472e+03 1.427074502293386786e+03
8.976023927241651563e+02 1.617933512476549367e+03 1.424376591985246250e+03
8.986024232436061538e+02 1.606893118452599083e+03 1.438493079651192375e+03
8.996024537630469240e+02 1.623962551601811356e+03 1.442005877598091274e+03
9.006024842824879215e+02 1.619839092128084303e+03 1.426286638920307723e+03
9.016025148019286917e+02 1.598269606798783570e+03 1.421249213116147530e+03
9.026025453213696892e+02 1.602969162877716371e+03 1.423529809569273084e+03
9.036025758408104593e+02 1.592269707444718733e+03 1.409189158758408212e+03
9.046026063602512295e+02 1.560424457426955996e+03 1.445530447651239228e+03
9.056026368796924544e+02 1.579224508804336438e+03 1.408818355612523646e+03
9.066026673991332245e+02 1.563044240224911846e+03 1.399061109625936297e+03
9.076026979185742221e+02 1.532106750672897761e+03 1.423052202141448106e+03
9.086027284380149922e+02 1.521372077558742603e+03 1.404394250326772408e+03
9.096027589574557624e+02 1.494231818537375148e+03 1.439642553598956283e+03
9.106027894768967599e+02 1.495424262013801126e+03 1.429150821590490068e+03
9.116028199963375300e+02 1.503242671301468363e+03 1.428197323609999557e+03
9.126028505157785276e+02 1.496010105707131515e+03 1.441939430449644078e+03
9.136028810352192977e+02 1.462824521867221847e+03 1.439430920957064245e+03
9.146029115546602952e+02 1.450257034833874059e+03 1.412164754692199722e+03
9.156029420741010654e+02 1.443989117421810079e+03 1.435087656311516866e+03
9.166029725935418355e+02 1.428844992404687218e+03 1.439973438648975616e+03
9.176030031129830604e+02 1.421838633898129046e+03 1.431483989811768197e+03
9.186030336324238306e+02 1.393778964916557015e+03 1.430329054424000560e+03
9.196030641518648281e+02 1.357958549381883131e+03 1.435275782929846173e+03
9.206030946713055982e+02 1.355170483061463528e+03 1.438689350474873208e+03
9.216031251907463684e+02 1.375395143712597928e+03 1.444465389648838027e+03
9.226031557101873659e+02 1.357267210964879268e+03 1.454253247735629429e+03
9.236031862296281361e+02 1.346385026463092800e+03 1.448353691893826408e+03
9.246032167490691336e+02 1.327584523869023542e+03 1.428657322046755553e+03
9.256032472685099037e+02 1.302413629136950476e+03 1.487451616926726729e+03
9.266032777879506739e+02 1.344738968414038027e+03 1.451102151965481653e+03
9.276033083073916714e+02 1.323294106355499025e+03 1.460455255024470716e+03
9.286033388268326689e+02 1.324498492945092949e+03 1.448725803808445562e+03
9.296033693462736665e+02 1.325496155896951677e+03 1.430855347008172657e+03
9.306033998657144366e+02 1.298287886010712100e+03 1.452579627069755588e+03
9.316034303851552067e+02 1.317152661139512929e+03 1.441390301861508988e+03
9.326034609045962043e+02 1.285833150126747569e+03 1.467231228277492164e+03
9.336034914240369744e+02 1.262197613262915183e+03 1.462851643898702605e+03
9.346035219434779719e+02 1.265152019277853469e+03 1.471276948851964562e+03
9.356035524629187421e+02 1.247674910408270080e+03 1.455451298413046516e+03
9.366035829823597396e+02 1.240683076981245904e+03 1.456823531920166261e+03
9.376036135018005098e+02 1.244782449797656227e+03 1.455025579021266822e+03
9.386036440212412799e+02 1.248907407701832199e+03 1.436949215885266085e+03
9.396036745406825048e+02 1.251280443678768279e+03 1.452161443953235903e+03
9.406037050601232750e+02 1.254877346283465158e+03 1.464690354006990447e+03
9.416037355795642725e+02 1.252460984851961257e+03 1.441859616832517304e+03
9.426037660990050426e+02 1.255408461383101894e+03 1.459536381526550031e+03
9.436037966184458128e+02 1.218755242983846983e+03 1.489958572208116948e+03
9.446038271378868103e+02 1.229209007877647309e+03 1.465048306481081227e+03
9.456038576573275805e+02 1.210690935356240516e+03 1.455455596532480968e+03
9.466038881767685780e+02 1.197660776599648671e+03 1.492135489906225530e+03
9.476039186962093481e+02 1.228150517157697323e+03 1.447192210800634030e+03
9.486039492156503456e+02 1.181447546558494651e+03 1.482538607853185340e+03
9.496039797350911158e+02 1.182417865014991548e+03 1.456263539662793619e+03
9.506040102545318859e+02 1.156807691102501849e+03 1.505515202420079504e+03
9.516040407739731108e+02 1.177348795296975368e+03 1.486611471168290564e+03
9.526040712934138810e+02 1.171773358646523775e+03 1.444672999788122524e+03
9.536041018128548785e+02 1.149609116149986221e+03 1.476350623765748651e+03
9.546041323322956487e+02 1.159675335131114480e+03 1.472151108957297311e+03
9.556041628517364188e+02 1.145555449845123803e+03 1.473407727662047819e+03
9.566041933711774163e+02 1.161758075697471213e+03 1.467187894453835270e+03
9.576042238906181865e+02 1.167070856830016055e+03 1.461464278271269677e+03
9.586042544100591840e+02 1.158231838961330141e+03 1.477170996199598676e+03
9.596042849294999542e+02 1.186567245802167236e+03 1.451973940279349563e+03
9.606043154489407243e+02 1.206072682626974711e+03 1.473295303774097647e+03
9.616043459683817218e+02 1.233921202789533709e+03 1.493378881031940637e+03
9.626043764878227194e+02 1.245300671560082264e+03 1.473125781434998316e+03
9.636044070072637169e+02 1.250673740075262685e+03 1.481486189558640945e+03
9.646044375267044870e+02 1.229661551493827574e+03 1.505218969456247123e+03
9.656044680461454845e+02 1.268300445415712602e+03 1.476674151650571957e+03
9.666044985655862547e+02 1.272407827584591359e+03 1.485581279850561032e+03
9.676045290850270248e+02 1.285020593335275407e+03 1.511303838417013822e+03
9.686045596044680224e+02 1.321478742113813496e+03 1.487150671994669892e+03
9.696045901239087925e+02 1.314076323562836478e+03 1.485292658851205942e+03
9.706046206433497900e+02 1.331960362368419737e+03 1.465396779552380167e+03
9.716046511627905602e+02 1.330110385167783534e+03 1.491690405087056433e+03
9.726046816822313303e+02 1.359499872916425375e+03 1.460504253633027474e+03
9.736047122016723279e+02 1.385101198754940924e+03 1.465031536276214183e+03
9.746047427211133254e+02 1.369376133157058575e+03 1.523204235533247129e+03
9.756047732405543229e+02 1.380260425243805003e+03 1.506598418001688970e+03
9.766048037599950931e+02 1.391812912633426095e+03 1.478451553643654506e+03
9.776048342794358632e+02 1.368294697485467623e+03 1.502661661972127604e+03
9.786048647988768607e+02 1.376091677924381656e+03 1.491202969846393216e+03
9.796048953183176309e+02 1.393250325419512592e+03 1.469614557010210547e+03
9.806049258377586284e+02 1.387810481346734377e+03 1.475536845850913096e+03
9.816049563571993986e+02 1.375167508933818681e+03 1.496145695616429748e+03
9.826049868766403961e+02 1.424022969238085352e+03 1.472988169983437501e+03
9.836050173960811662e+02 1.427819005429411845e+03 1.466457812974487524e+03
9.846050479155219364e+02 1.416033720760053257e+03 1.488040418406183107e+03
9.856050784349631613e+02 1.391915084497552016e+03 1.490657492259950686e+03
9.866051089544039314e+02 1.453477296820668926e+03 1.441854738667604806e+03
9.876051394738449289e+02 1.432496296288562007e+03 1.478813886111030115e+03
9.886051699932856991e+02 1.468718566896741322e+03 1.453274229572344666e+03
9.896052005127264692e+02 1.499217763294343968e+03 1.452493599661735516e+03
9.906052310321674668e+02 1.487527820677876662e+03 1.468824975512020274e+03
9.916052615516082369e+02 1.491624121028009540e+03 1.454743626578530439e+03
9.926052920710492344e+02 1.473016034856313127e+03 1.483618681327559898e+03
9.936053225904900046e+02 1.499754645681310649e+03 1.459955035132700459e+03
9.946053531099307747e+02 1.478325926081515718e+03 1.473502567004324192e+03
9.956053836293717723e+02 1.454670175358653069e+03 1.503489991391193826e+03
9.966054141488127698e+02 1.495758837122017212e+03 1.487336830659051202e+03
9.976054446682537673e+02 1.514258306448595249e+03 1.459026324892401362e+03
9.986054751876945375e+02 1.511393382209293122e+03 1.492582868213029315e+03
9.996055057071355350e+02 1.536994717709094402e+03 1.484410057816191966e+03
1.000605536226576305e+03 1.530065503015935974e+03 1.478116003595382608e+03
1.001605566746017075e+03 1.527513048587084995e+03 1.476172408874689609e+03
1.002605597265458073e+03 1.538900986156206272e+03 1.459764329942457834e+03
1.003605627784898843e+03 1.554502856760209397e+03 1.455293344749096377e+03
1.004605658304339840e+03 1.539729396332308170e+03 1.462747172871418570e+03
1.005605688823780611e+03 1.534447828306512747e+03 1.477319115681853646e+03
1.006605719343221381e+03 1.536406478800383411e+03 1.461051257909838341e+03
1.007605749862662378e+03 1.521775859404020594e+03 1.449313536940172526e+03
1.008605780382103376e+03 1.481105436533773172e+03 1.482727063827009715e+03
1.009605810901544373e+03 1.490446233044538531e+03 1.468914281423766170e+03
1.010605841420985143e+03 1.441699216302633431e+03 1.490989364249935534e+03
1.011605871940425914e+03 1.448860716976561889e+03 1.467526469846698546e+03
1.012605902459866911e+03 1.454398596397819347e+03 1.459280353956165982e+03
1.013605932979307681e+03 1.433674942326671953e+03 1.472010692509714318e+03
1.014605963498748679e+03 1.433850203832262196e+03 1.462745648479544116e+03
1.015605994018189449e+03 1.405086302758101738e+03 1.479983996273769890e+03
1.016606024537630447e+03 1.399150300033992607e+03 1.486347441732944390e+03
1.017606055057071217e+03 1.433589799833674988e+03 1.474935788223648387e+03
1.018606085576511987e+03 1.440314425171078256e+03 1.465163203023959568e+03
1.019606116095953212e+03 1.425375408364232499e+03 1.480139559079622131e+03
1.020606146615393982e+03 1.419251789418001863e+03 1.494828712102303825e+03
1.021606177134834979e+03 1.427154326645679248e+03 1.461782782317358397e+03
1.022606207654275750e+03 1.437184969620251650e+03 1.473570561603954729e+03
1.023606238173716520e+03 1.437679462339561724e+03 1.456370554664254996e+03
1.024606268693157517e+03 1.446469493528815292e+03 1.477133449890567590e+03
1.025606299212598287e+03 1.455314463614082342e+03 1.500346856679883331e+03
1.026606329732039285e+03 1.464555062729683414e+03 1.476156444642140514e+03
1.027606360251480055e+03 1.479503505195616526e+03 1.468677937283715664e+03
1.028606390770920825e+03 1.479008487350803989e+03 1.501050428806142463e+03
1.029606421290361823e+03 1.461194082085796254e+03 1.512066242670787460e+03
1.030606451809802820e+03 1.485861334001696378e+03 1.460749157479729547e+03
1.031606482329243818e+03 1.468049783046157245e+03 1.484097892919545302e+03
1.032606512848684588e+03 1.480258226613705119e+03 1.479607369868186879e+03
1.033606543368125585e+03 1.479322737201722703e+03 1.500873490940911779e+03
1.034606573887566356e+03 1.465155302464991109e+03 1.487623629370590834e+03
1.035606604407007126e+03 1.448073832006206430e+03 1.498828825082294316e+03
1.036606634926448123e+03 1.440448557702184189e+03 1.515354476156193186e+03
1.037606665445888893e+03 1.465443215140619941e+03 1.489690786511747547e+03
1.038606695965329891e+03 1.497800110684895117e+03 1.487285355076331371e+03
1.039606726484770661e+03 1.484526456944839083e+03 1.493755588563322362e+03
1.040606757004211431e+03 1.460449274832179071e+03 1.485540062218416779e+03
1.041606787523652429e+03 1.479970161163282683e+03 1.480968455261783674e+03
1.042606818043093426e+03 1.462549376127160940e+03 1.471218767074833522e+03
1.043606848562534424e+03 1.438450449603822562e+03 1.487984590658711340e+03
1.044606879081975194e+03 1.429207332402758766e+03 1.494041988461293386e+03
1.045606909601415964e+03 1.420753593514664317e+03 1.502723531708689052e+03
1.046606940120856962e+03 1.395623842745317233e+03 1.521801226917011036e+03
1.047606970640297732e+03 1.394847747761848950e+03 1.519601163107449793e+03
1.048607001159738729e+03 1.419369685763162124e+03 1.470743849400836780e+03
1.049607031679179499e+03 1.382657238633755696e+03 1.532886428529472369e+03
1.050607062198620497e+03 1.368644092793283562e+03 1.508790763285439425e+03
1.051607092718061267e+03 1.356477116111740543e+03 1.495853051253970307e+03
1.052607123237502037e+03 1.353699764837516341e+03 1.504510846944498098e+03
1.053607153756943262e+03 1.360313469643089775e+03 1.486637777879397845e+03
1.054607184276384032e+03 1.340297018941510032e+03 1.507345348850136133e+03
1.055607214795825030e+03 1.338262339434268142e+03 1.493754638540254746e+03
1.056607245315265800e+03 1.312476834041424809e+03 1.484814174992803601e+03
1.057607275834706570e+03 1.275376613810532945e+03 1.494522475673322788e+03
1.058607306354147568e+03 1.251640515561564825e+03 1.486943454947626151e+03
1.059607336873588338e+03 1.217759776770250028e+03 1.514046527536330814e+03
1.060607367393029335e+03 1.152434487499303941e+03 1.520520255745398345e+03
1.061607397912470105e+03 1.115229467376768298e+03 1.503203664093012321e+03
1.062607428431910876e+03 1.112082398441056284e+03 1.500664741467189515e+03
1.063607458951351873e+03 1.094730252033818033e+03 1.501741163173203859e+03
1.064607489470792643e+03 1.052846807468498810e+03 1.521589545942356381e+03
1.065607519990233868e+03 1.010356955002651375e+03 1.527550261132599644e+03
1.066607550509674638e+03 1.000143128724628696e+03 1.510287490237957172e+03
1.067607581029115636e+03 9.755294978895180975e+02 1.527443691305928951e+03
1.068607611548556406e+03 9.583873825889550062e+02 1.504596414401899892e+03
1.069607642067997176e+03 9.356572193857991806e+02 1.496591875638662032e+03
1.070607672587438174e+03 8.857454588836826588e+02 1.546252719892853520e+03
1.071607703106878944e+03 8.872115509721224953e+02 1.509824249846448083e+03
1.072607733626319941e+03 8.225488361599127529e+02 1.489431083773136606e+03
1.073607764145760711e+03 8.066081726953307225e+02 1.490537199512729785e+03
1.074607794665201482e+03 7.623722135715379409e+02 1.500351168915592325e+03
1.075607825184642479e+03 7.207972766587081423e+02 1.506058955569994851e+03
1.076607855704083477e+03 7.278626370549864077e+02 1.486146461621412755e+03
1.077607886223524474e+03 7.049690559890259465e+02 1.510049439931585312e+03
1.078607916742965244e+03 6.751015125017420360e+02 1.528546483158611636e+03
1.079607947262406014e+03 6.697304089202862087e+02 1.499565609586724122e+03
1.080607977781847012e+03 6.540221190642769216e+02 1.523800013397624298e+03
1.081608008301287782e+03 6.057000725368816347e+02 1.532255490653651577e+03
1.082608038820728780e+03 5.906909773718689394e+02 1.508061828990367076e+03
1.083608069340169550e+03 5.768850205167236709e+02 1.486879074572406125e+03
1.084608099859610547e+03 5.454452263842995308e+02 1.510196240956746806e+03
1.085608130379051318e+03 5.309664247446980880e+02 1.520579823774283796e+03
1.086608160898492088e+03 5.021525695788568555e+02 1.499290423446022942e+03
1.087608191417933313e+03 5.073654226821272459e+02 1.502379359445870932e+03
1.088608221937374083e+03 4.831335915925028530e+02 1.532673292785091462e+03
1.089608252456815080e+03 4.562581470983623149e+02 1.511403160690765844e+03
1.090608282976255850e+03 4.341086620121077431e+02 1.529930381783447956e+03
1.091608313495696393e+03 3.969136464250168501e+02 1.551547241735110447e+03
1.092608344015137618e+03 4.011120950637196074e+02 1.528655628130178684e+03
1.093608374534578616e+03 3.782127140074862837e+02 1.541039678972036199e+03
1.094608405054019386e+03 3.617557173494369636e+02 1.528686654040131998e+03
1.095608435573460383e+03 3.222317357814845309e+02 1.563455561629176373e+03
1.096608466092900926e+03 3.096297524820711260e+02 1.505566419299914969e+03
1.097608496612342151e+03 2.648334046412110183e+02 1.521472465972074588e+03
1.098608527131782694e+03 2.447478937530577241e+02 1.523137192402956771e+03
1.099608557651223919e+03 2.244220753374593187e+02 1.526029105085941637e+03
1.100608588170664461e+03 1.670250946038559050e+02 1.513570577580295776e+03
1.101608618690105686e+03 1.344030686810201587e+02 1.538930910956839170e+03
1.102608649209546229e+03 8.112787783270505315e+01 1.545072795702831172e+03
1.103608679728987227e+03 6.877820867361879209e+01 1.493080477696622211e+03
1.104608710248428451e+03 4.524837413419118093e+01 1.504867456806681048e+03
1.105608740767868994e+03 1.200720451893357676e+01 1.542045917865778165e+03
1.106608771287310219e+03 2.582311179709540738e+01 1.504388397809574826e+03
1.107608801806750762e+03 9.884671625086411950e+00 1.487821348281629525e+03
1.108608832326191759e+03 9.761399122657167027e+00 1.529248644631840534e+03
1.109608862845632530e+03 -3.711254089025351277e+01 1.524641920728178775e+03
1.110608893365073527e+03 -6.246138791359771858e+01 1.499953616964835874e+03
1.111608923884514297e+03 -1.464465301382824691e+02 1.542049723709544878e+03
1.112608954403955295e+03 -1.718252322309090232e+02 1.504280054352146635e+03
1.113608984923395838e+03 -1.705729024136671796e+02 1.504383308583532653e+03
1.114609015442837062e+03 -1.996251611564475752e+02 1.513336324064119481e+03
1.115609045962277605e+03 -2.313195556251321250e+02 1.516903333328927374e+03
1.116609076481718830e+03 -2.691716417660736624e+02 1.533462041489154899e+03
1.117609107001159828e+03 -3.003141124105713970e+02 1.513080020271521562e+03
1.118609137520600598e+03 -3.678133209121624532e+02 1.511539077834748696e+03
1.119609168040041595e+03 -4.359555759707800462e+02 1.530391839525385194e+03
1.120609198559482138e+03 -5.140224316182248003e+02 1.516148667250380868e+03
1.121609229078923363e+03 -5.937308285668823373e+02 1.520586611339839692e+03
1.122609259598363906e+03 -6.435274035935544816e+02 1.546112812531709096e+03
1.123609290117805131e+03 -7.294821996266382484e+02 1.529201295075545659e+03
1.124609320637245673e+03 -8.067196061916329199e+02 1.540597236589588192e+03
1.125609351156686671e+03 -8.917194206302810926e+02 1.544941978158557731e+03
1.126609381676127441e+03 -9.638859772519517719e+02 1.532876007791383699e+03
1.127609412195568439e+03 -1.036382812068653948e+03 1.524671120848965757e+03
1.128609442715009664e+03 -1.120866751161596767e+03 1.524417457924258770e+03
1.129609473234450206e+03 -1.202719569356204374e+03 1.536519933966183316e+03
1.130609503753891204e+03 -1.284580164197741396e+03 1.522472616280970442e+03
1.131609534273331974e+03 -1.356761973929322266e+03 1.535271385304093883e+03
1.132609564792772971e+03 -1.442037799024039487e+03 1.530404420210339595e+03
1.133609595312213742e+03 -1.478849364124911517e+03 1.482898775198508247e+03
1.134609625831654739e+03 -1.577122675084850925e+03 1.532194864482515186e+03
1.135609656351095509e+03 -1.650020973754048100e+03 1.514312208624156028e+03
1.136609686870536507e+03 -1.746263497765674401e+03 1.527831638190861213e+03
1.137609717389977050e+03 -1.813467482256086441e+03 1.532765718980216661e+03
1.138609747909418275e+03 -1.882747040740379816e+03 1.502747180426814111e+03
1.139609778428859499e+03 -1.961712030889164453e+03 1.520707553210812193e+03
1.140609808948299815e+03 -2.052197325177541643e+03 1.536058260703019869e+03
1.141609839467741040e+03 -2.112933505676955974e+03 1.518004308895330723e+03
1.142609869987181810e+03 -2.185394494685444442e+03 1.512374768666219097e+03
1.143609900506622580e+03 -2.247420484506519642e+03 1.538963411806910699e+03
1.144609931026063350e+03 -2.328917164893955487e+03 1.544009591621972504e+03
1.145609961545504575e+03 -2.413328898624398789e+03 1.520948874723789231e+03
1.146609992064945345e+03 -2.521525970249351303e+03 1.539611069027293297e+03
1.147610022584386115e+03 -2.587755945818236796e+03 1.533761095507260961e+03
1.148610053103826885e+03 -2.635031771736119481e+03 1.513519415104122572e+03
1.149610083623268110e+03 -2.737297698445445349e+03 1.510598957506332681e+03
1.150610114142708881e+03 -2.805860028926888845e+03 1.561251542656105130e+03
1.151610144662149651e+03 -2.856500193010309886e+03 1.509796217879520555e+03
1.152610175181590876e+03 -2.936966664323645091e+03 1.537541354875455454e+03
1.153610205701031191e+03 -3.014108761496778243e+03 1.518728864010636471e+03
1.154610236220472416e+03 -3.065151046059094369e+03 1.538001005929005032e+03
1.155610266739913186e+03 -3.140191576977384102e+03 1.569587997599596292e+03
1.156610297259354411e+03 -3.203793578816492300e+03 1.542453270244508985e+03
1.157610327778794726e+03 -3.250498383928416843e+03 1.556080985623092602e+03
1.158610358298235951e+03 -3.273213101404026929e+03 1.517593257396151557e+03
1.159610388817676721e+03 -3.333264637331792073e+03 1.524138662902292026e+03
1.160610419337117492e+03 -3.400685873550437464e+03 1.541535082246239881e+03
1.161610449856558716e+03 -3.485256497345144453e+03 1.528345048714075574e+03
1.162610480375999487e+03 -3.538326254045433416e+03 1.519086569488824807e+03
1.163610510895440711e+03 -3.603457088699607084e+03 1.524352012155433840e+03
1.164610541414881027e+03 -3.657754336660311310e+03 1.543621602394250203e+03
1.165610571934322252e+03 -3.700811131768129599e+03 1.542964764839392274e+03
1.166610602453763022e+03 -3.713110652115959056e+03 1.526079013328708243e+03
1.167610632973203792e+03 -3.721744540485608013e+03 1.542435803267684832e+03
1.168610663492644562e+03 -3.693676501654355889e+03 1.506838981826399731e+03
1.169610694012085787e+03 -3.735274435381823423e+03 1.540303382337068342e+03
1.170610724531526103e+03 -3.719275407347343389e+03 1.529560002245359101e+03
1.171610755050967327e+03 -3.680495526990261169e+03 1.528026064641795756e+03
1.172610785570408098e+03 -3.661038546281872186e+03 1.516570137120007075e+03
1.173610816089849322e+03 -3.618286997010604864e+03 1.544541124105636527e+03
1.174610846609290093e+03 -3.595276446796672644e+03 1.497525043938591125e+03
1.175610877128730863e+03 -3.573543587829711214e+03 1.514201745935573399e+03
1.176610907648172088e+03 -3.537884720197846946e+03 1.555003937154765481e+03
1.177610938167612403e+03 -3.483160330603706825e+03 1.535879006815592447e+03
1.178610968687053628e+03 -3.414624743517137176e+03 1.524284145977673461e+03
1.179610999206494398e+03 -3.339285414405851952e+03 1.501183937139353247e+03
1.180611029725935623e+03 -3.329021812468505232e+03 1.541154163779164946e+03
1.181611060245375938e+03 -3.274035777973190307e+03 1.524069661515643702e+03
1.182611090764817163e+03 -3.203106796087854491e+03 1.490533172371226101e+03
1.183611121284257933e+03 -3.144158913251765625e+03 1.496426458754900068e+03
1.184611151803698704e+03 -3.101717133009150530e+03 1.495807423683627349e+03
1.185611182323139928e+03 -3.029966008680878986e+03 1.496711820423740392e+03
1.186611212842580699e+03 -2.989869420531921605e+03 1.492492309147552078e+03
1.187611243362021469e+03 -2.904593806131995734e+03 1.477441346280464586e+03
1.188611273881462239e+03 -2.819306794817226546e+03 1.474430513759408996e+03
1.189611304400903464e+03 -2.746569330095176156e+03 1.478102256158267437e+03
1.190611334920344234e+03 -2.706996313413127609e+03 1.504226756501130922e+03
1.191611365439785004e+03 -2.653068156276128320e+03 1.487311313485794017e+03
1.192611395959225774e+03 -2.548092999640254675e+03 1.455335149939203120e+03
1.193611426478666999e+03 -2.508750540532804735e+03 1.470354541312989113e+03
1.194611456998107315e+03 -2.434717484418197273e+03 1.476685042196853829e+03
1.195611487517548539e+03 -2.380624141405314731e+03 1.432709656225251592e+03
1.196611518036989764e+03 -2.321332807233526182e+03 1.468240872385770672e+03
1.197611548556430535e+03 -2.245908569316776266e+03 1.435610763584152437e+03
1.198611579075871305e+03 -2.196864092346886537e+03 1.451771968466792032e+03
1.199611609595312075e+03 -2.121732943173150488e+03 1.451453468370248856e+03
1.200611640114753300e+03 -2.075428174066626525e+03 1.463867990366645927e+03
1.201611670634193615e+03 -2.058570139057317647e+03 1.464791914583360722e+03
1.202611701153634840e+03 -1.993704009972519998e+03 1.448607990950697058e+03
1.203611731673075610e+03 -1.922492738556904897e+03 1.434988082896846890e+03
1.204611762192516380e+03 -1.893552836130688775e+03 1.448836979443802647e+03
1.205611792711957150e+03 -1.816163142040382809e+03 1.443690140359667112e+03
1.206611823231398375e+03 -1.747282028431985054e+03 1.462838218215702682e+03
1.207611853750839600e+03 -1.663205828866589854e+03 1.430143051525512647e+03
1.208611884270279916e+03 -1.581865983724496346e+03 1.446121955027482727e+03
1.209611914789721141e+03 -1.517110746312627271e+03 1.431408896496193847e+03
1.210611945309161911e+03 -1.466893145747805193e+03 1.431244917087271688e+03
1.211611975828602681e+03 -1.424693661246185457e+03 1.440163674889343156e+03
1.212612006348043451e+03 -1.348971824373774780e+03 1.425141433147836324e+03
1.213612036867484676e+03 -1.242726165922633754e+03 1.409389823274252194e+03
1.214612067386925446e+03 -1.240518442642408900e+03 1.434591288432652163e+03
1.215612097906366216e+03 -1.162799278778590178e+03 1.427082755812649339e+03
1.216612128425806986e+03 -1.111810563967563212e+03 1.424179521209034419e+03
1.217612158945248211e+03 -1.052172543755994411e+03 1.403091096294279396e+03
1.218612189464688981e+03 -1.000785872131675205e+03 1.385110584323103240e+03
1.219612219984129752e+03 -9.552439378350704828e+02 1.396160101665458114e+03
1.220612250503570976e+03 -9.077922438005512049e+02 1.371242858504542028e+03
1.221612281023011292e+03 -8.819295690955927967e+02 1.394775088640021750e+03
1.222612311542452517e+03 -8.135079103003126875e+02 1.388235237692755618e+03
1.223612342061893287e+03 -7.438740222710389389e+02 1.357780215534745821e+03
1.224612372581334512e+03 -6.891888301938229233e+02 1.361784486831385038e+03
1.225612403100774827e+03 -6.731647244104806305e+02 1.375029319007465347e+03
1.226612433620216052e+03 -6.250716658127207666e+02 1.372034507986423478e+03
1.227612464139656822e+03 -5.640669896047838847e+02 1.347156953693542846e+03
1.228612494659097592e+03 -5.156378363890153196e+02 1.349033604532144636e+03
1.229612525178538363e+03 -4.863002419475865281e+02 1.379307072531813674e+03
1.230612555697979587e+03 -4.402488279496756149e+02 1.369259196776344652e+03
1.231612586217420812e+03 -3.860875265495283202e+02 1.367785738022584383e+03
1.232612616736861128e+03 -3.620868373946809697e+02 1.382794954103682812e+03
1.233612647256302353e+03 -2.795685608731946559e+02 1.319739819897833286e+03
1.234612677775743123e+03 -2.659251784972479982e+02 1.347068194359195559e+03
1.235612708295183893e+03 -3.003701074295427134e+02 1.386430981251443882e+03
1.236612738814624663e+03 -2.688639279434964919e+02 1.345427281331966242e+03
1.237612769334065888e+03 -2.588311797469159501e+02 1.345682548486938686e+03
1.238612799853506203e+03 -2.117005589765321929e+02 1.337005902207727331e+03
1.239612830372947428e+03 -2.285915182607341194e+02 1.339241492952915451e+03
1.240612860892388198e+03 -2.507694517212794381e+02 1.369369110703186834e+03
1.241612891411829423e+03 -2.513958105302585864e+02 1.330110503146321207e+03
1.242612921931270193e+03 -2.826138358320595216e+02 1.344194750563246544e+03
1.243612952450710964e+03 -2.737016964078370620e+02 1.328665366169676872e+03
1.244612982970152188e+03 -2.514882051862186927e+02 1.332617877145431976e+03
1.245613013489592504e+03 -2.570479329564932414e+02 1.352200102346051608e+03
1.246613044009033729e+03 -2.441974839216316013e+02 1.335405441040402593e+03
1.247613074528474499e+03 -2.389823771476480943e+02 1.326804342339155710e+03
1.248613105047915724e+03 -2.168002083478704662e+02 1.328199923985472196e+03
1.249613135567356039e+03 -1.690028480720743573e+02 1.312552340868799092e+03
1.250613166086797264e+03 -1.735245664429096450e+02 1.323594128534472702e+03
1.251613196606238034e+03 -1.400107941426824709e+02 1.313634369323223837e+03
1.252613227125678804e+03 -1.365151361170280779e+02 1.304954046132920212e+03
1.253613257645120029e+03 -1.629149129301440553e+02 1.308128808082906062e+03
1.254613288164560799e+03 -1.262416233159601688e+02 1.277197409370561218e+03
1.255613318684001570e+03 -1.675176160523637918e+02 1.351675639480978589e+03
1.256613349203442340e+03 -1.791872054205166478e+02 1.339188465507580077e+03
1.257613379722883565e+03 -1.834760198578348991e+02 1.336075987929487155e+03
1.258613410242324335e+03 -2.120481109604052108e+02 1.345568973204919530e+03
1.259613440761765105e+03 -2.297155170809562605e+02 1.333096769122204250e+03
1.260613471281205875e+03 -2.782447469342064323e+02 1.367299361043671979e+03
1.261613501800647100e+03 -2.691951398786254686e+02 1.349960454553643785e+03
1.262613532320087415e+03 -2.777244898380340601e+02 1.327702578959030689e+03
1.263613562839528640e+03 -3.222967229119653894e+02 1.332607155481168547e+03
1.264613593358969865e+03 -3.357988107775543085e+02 1.344945308968541667e+03
1.265613623878410635e+03 -3.660222453299038534e+02 1.334104539016768285e+03
1.266613654397851406e+03 -4.331743497232262143e+02 1.356673378464354300e+03
1.267613684917292176e+03 -4.647563942975041300e+02 1.351201114587922802e+03
1.268613715436733401e+03 -4.851342961370348803e+02 1.329579130692497529e+03
1.269613745956173716e+03 -5.303594951682175633e+02 1.359148850633498796e+03
1.270613776475614941e+03 -5.649476373825641531e+02 1.377421412833153454e+03
1.271613806995055711e+03 -5.895945098861648148e+02 1.362877463769598535e+03
1.272613837514496481e+03 -5.888735171801389470e+02 1.327290611944860075e+03
1.273613868033937251e+03 -6.337395307492761276e+02 1.354581730579987152e+03
1.274613898553378476e+03 -6.437872535915361141e+02 1.343345332415202392e+03
1.275613929072819701e+03 -6.529167826813506963e+02 1.333412381873564755e+03
1.276613959592260017e+03 -7.208061761794411950e+02 1.360432076561979102e+03
1.277613990111701241e+03 -7.186162989778886185e+02 1.311512443338032426e+03
1.278614020631142012e+03 -7.492122463268015053e+02 1.316905001675973381e+03
1.279614051150582782e+03 -7.385881881166330913e+02 1.302607309297535494e+03
1.280614081670023552e+03 -7.716519362001258742e+02 1.331382946922698238e+03
1.281614112189464777e+03 -7.961309448754989262e+02 1.335122141873201372e+03
1.282614142708905547e+03 -7.652056489440319638e+02 1.281711666500221099e+03
1.283614173228346317e+03 -7.939578769263050617e+02 1.305135765762706569e+03
1.284614203747787087e+03 -7.966299967187829907e+02 1.329910969209568293e+03
1.285614234267228312e+03 -7.832207809913213623e+02 1.310675918235096333e+03
1.286614264786669082e+03 -7.776846373649575526e+02 1.314165158515347457e+03
1.287614295306109852e+03 -7.744518546984450040e+02 1.306200705287697019e+03
1.288614325825551077e+03 -7.346337184711485406e+02 1.278673779742547140e+03
1.289614356344991847e+03 -6.912268136782420243e+02 1.297496134476534735e+03
1.290614386864432618e+03 -6.734377376464441340e+02 1.342014330464239265e+03
1.291614417383873388e+03 -6.162901763786204583e+02 1.323555319125446886e+03
1.292614447903314613e+03 -5.478923053785129014e+02 1.306264754137761656e+03
1.293614478422754928e+03 -4.774158157926871127e+02 1.287657330463199742e+03
1.294614508942196153e+03 -4.461122157469629883e+02 1.302497153367650981e+03
1.295614539461636923e+03 -3.656328542915629214e+02 1.260288130517766831e+03
1.296614569981077693e+03 -3.298171856035908149e+02 1.311467980502647151e+03
1.297614600500518463e+03 -2.722096641697610835e+02 1.302030959542754772e+03
1.298614631019959688e+03 -2.103225508703641822e+02 1.260302111143065986e+03
1.299614661539400913e+03 -1.601682204141609986e+02 1.300252348483754986e+03
1.300614692058841229e+03 -8.488451513387974501e+01 1.278901711362701462e+03
1.301614722578282453e+03 -3.612524806631927277e+01 1.314458028285880800e+03
1.302614753097723224e+03 5.744946204879823881e+01 1.283165768689124207e+03
1.303614783617163994e+03 1.356816018088665601e+02 1.286202065157196330e+03
1.304614814136604764e+03 1.710261760406362725e+02 1.314010095900761144e+03
1.305614844656045989e+03 2.256426533416033919e+02 1.305237483599457619e+03
1.306614875175486759e+03 2.959192660745273997e+02 1.273838084727733531e+03
1.307614905694927529e+03 3.313655201603335172e+02 1.274251926099450657e+03
1.308614936214368299e+03 3.461094287078041702e+02 1.271047211433938855e+03
1.309614966733809524e+03 4.218618964430910410e+02 1.244307984262801256e+03
1.310614997253250294e+03 4.284890148723168295e+02 1.281616194228021186e+03
1.311615027772691064e+03 4.590540998636179779e+02 1.283728589703974876e+03
1.312615058292132289e+03 4.995171994602148970e+02 1.238453827967556435e+03
1.313615088811572605e+03 4.989498314920873554e+02 1.250130317444637740e+03
1.314615119331013830e+03 4.895432677517968045e+02 1.259270997311682095e+03
1.315615149850454600e+03 4.635390223172254309e+02 1.287855646939676035e+03
1.316615180369895825e+03 4.940760801231455162e+02 1.228342547342067974e+03
1.317615210889336140e+03 4.097327009550639900e+02 1.276856774923732473e+03
1.318615241408777365e+03 3.646935038448359592e+02 1.247134378286508536e+03
1.319615271928218135e+03 3.408188736884434320e+02 1.240500386354582361e+03
1.320615302447658905e+03 2.987125529724501121e+02 1.237438227572273945e+03
1.321615332967100130e+03 2.300068202695271111e+02 1.250756438457284958e+03
1.322615363486540900e+03 1.696791171553101094e+02 1.264673289283583699e+03
1.323615394005981670e+03 1.359416286394759936e+02 1.223329930049311088e+03
1.324615424525422441e+03 5.148474495726281930e+01 1.235374905174296373e+03
1.325615455044863666e+03 -4.361541506202547680e+01 1.254888035673621971e+03
1.326615485564304436e+03 -1.051834790534710464e+02 1.244454296901089947e+03
1.327615516083745206e+03 -1.980189312946802147e+02 1.227473616846676805e+03
1.328615546603185976e+03 -2.978452794811676085e+02 1.228041947706363999e+03
1.329615577122627201e+03 -3.591946306509150872e+02 1.223026334862764315e+03
1.330615607642067516e+03 -4.270838310216188347e+02 1.228703680875300506e+03
1.331615638161508741e+03 -5.335340708382127559e+02 1.261863272301075085e+03
1.332615668680949966e+03 -5.709648802318408798e+02 1.244173192977918006e+03
1.333615699200390736e+03 -6.276696460234734332e+02 1.235804363140593978e+03
1.334615729719831506e+03 -6.868304139193351148e+02 1.241708245430055513e+03
1.335615760239272277e+03 -7.564509849988057795e+02 1.263531204385058118e+03
1.336615790758713501e+03 -8.104641318228866567e+02 1.237725308894541513e+03
1.337615821278153817e+03 -8.824264228642286980e+02 1.225084118237735311e+03
1.338615851797595042e+03 -9.683649750890326686e+02 1.234419305279354603e+03
1.339615882317035812e+03 -1.013055495753317018e+03 1.198298846089846620e+03
1.340615912836476582e+03 -1.080351342817340083e+03 1.242454090402512975e+03
1.341615943355917352e+03 -1.107577715233668641e+03 1.217271206584887068e+03
1.342615973875358577e+03 -1.153549380944376026e+03 1.232841801775456133e+03
1.343616004394799802e+03 -1.188472208773539478e+03 1.229916281252153794e+03
1.344616034914240117e+03 -1.221686820208934250e+03 1.203702025817706499e+03
1.345616065433681342e+03 -1.259004190296507204e+03 1.225448659318706405e+03
1.346616095953122112e+03 -1.276150696935655787e+03 1.223727613843306926e+03
1.347616126472562883e+03 -1.260504382898269796e+03 1.200707297085659320e+03
1.348616156992003653e+03 -1.250573197234614781e+03 1.199153293706285694e+03
1.349616187511444878e+03 -1.258408835151353514e+03 1.203136786742187496e+03
1.350616218030885648e+03 -1.265887141936535954e+03 1.200170457829282213e+03
1.351616248550326418e+03 -1.246616110652967564e+03 1.189982365516915252e+03
1.352616279069767188e+03 -1.218934372397756761e+03 1.211618358567428913e+03
1.353616309589208413e+03 -1.146435146474554131e+03 1.197950603226687463e+03
1.354616340108648728e+03 -1.104570590912655916e+03 1.206229958046513730e+03
1.355616370628089953e+03 -1.040002264523489657e+03 1.213581653867181103e+03
1.356616401147531178e+03 -9.561077661899621489e+02 1.233941117545137331e+03
1.357616431666971948e+03 -8.409000982728086910e+02 1.198670661096134836e+03
1.358616462186412718e+03 -7.625401091052922311e+02 1.216265874406880130e+03
1.359616492705853489e+03 -6.703862177451171647e+02 1.216900932302947012e+03
1.360616523225294713e+03 -5.728749184761149991e+02 1.202669924880451163e+03
1.361616553744735029e+03 -4.565200024254577329e+02 1.208038542505213172e+03
1.362616584264176254e+03 -3.211009356013305478e+02 1.164061477727133479e+03
1.363616614783617024e+03 -2.064553277445415915e+02 1.187997914094579528e+03
1.364616645303057794e+03 -3.812168107262368721e+01 1.179016011630984849e+03
1.365616675822498564e+03 1.078552880968700265e+02 1.192789385586128219e+03
1.366616706341939789e+03 2.667924013184988326e+02 1.222777973349059721e+03
1.367616736861381014e+03 4.541809215258549557e+02 1.199480982731529366e+03
1.368616767380821329e+03 6.579061418768937983e+02 1.162817330214149479e+03
1.369616797900262554e+03 8.283202241483741091e+02 1.180524600536626849e+03
1.370616828419703324e+03 9.957509562944171648e+02 1.208616751835468222e+03
1.371616858939144095e+03 1.201076051364205796e+03 1.199723820328586498e+03
1.372616889458584865e+03 1.415311667812910628e+03 1.201523467655985314e+03
1.373616919978026090e+03 1.631260568246415232e+03 1.220659841203015048e+03
1.374616950497466860e+03 1.861159095291882068e+03 1.195476582738837806e+03
1.375616981016907630e+03 2.074543401660022482e+03 1.211452102392098141e+03
1.376617011536348400e+03 2.285281667568599914e+03 1.219264259085336562e+03
1.377617042055789625e+03 2.498754171181700713e+03 1.204886783743866999e+03
1.378617072575230395e+03 2.736319558775493078e+03 1.161445665084696884e+03
1.379617103094671165e+03 2.926009330523412700e+03 1.193061526611074441e+03
1.380617133614112390e+03 3.106952998655098781e+03 1.175848006941842186e+03
1.381617164133552706e+03 3.298667168566198598e+03 1.160746883899001659e+03
1.382617194652993931e+03 3.474848096520354829e+03 1.140130685530463779e+03
1.383617225172434701e+03 3.643460094853951887e+03 1.120645146644882288e+03
1.384617255691875926e+03 3.813925965776720659e+03 1.118635771443860449e+03
1.385617286211316241e+03 4.004619576707747910e+03 1.113193511712260033e+03
1.386617316730757466e+03 4.159859485276853775e+03 1.102570870752739893e+03
1.387617347250198236e+03 4.321537550156580437e+03 1.117461040883728401e+03
1.388617377769639006e+03 4.479926819679053551e+03 1.096081719983801349e+03
1.389617408289080231e+03 4.640422119482975177e+03 1.076932502971737904e+03
1.390617438808521001e+03 4.775429884658994524e+03 1.078316111081934423e+03
1.391617469327962226e+03 4.932380414882073637e+03 1.073185070735916952e+03
1.392617499847402541e+03 5.088247028847624279e+03 1.013415364064399569e+03
1.393617530366843766e+03 5.208941050244961843e+03 1.012609211934339214e+03
1.394617560886284537e+03 5.346533184723779414e+03 1.004740984768907197e+03
1.395617591405725307e+03 5.459037497802431972e+03 9.747669369007937803e+02
1.396617621925166077e+03 5.558163474042948110e+03 9.508397355458628226e+02
1.397617652444607302e+03 5.672366520828810280e+03 9.412858651256997291e+02
1.398617682964047617e+03 5.810651793448218086e+03 8.913427895521479059e+02
1.399617713483488842e+03 5.904619817153404256e+03 8.979217091754791227e+02
1.400617744002930067e+03 6.008961857490583498e+03 8.925009402119462720e+02
1.401617774522370837e+03 6.111515445473150976e+03 8.869246515047433377e+02
1.402617805041811607e+03 6.216213529922175439e+03 8.498862919723214873e+02
1.403617835561252377e+03 6.293908085457916968e+03 8.076120872251357241e+02
1.404617866080693602e+03 6.316404728063428593e+03 8.127356351711690650e+02
1.405617896600133918e+03 6.391100392180291237e+03 7.805109755601994266e+02
1.406617927119575143e+03 6.445649707923643291e+03 7.650301248049470360e+02
1.407617957639015913e+03 6.508539531696709673e+03 7.687833127558928936e+02
1.408617988158457138e+03 6.600746681629848354e+03 7.559593988679769154e+02
1.409618018677897453e+03 6.687548960593912852e+03 7.363829618079432748e+02
1.410618049197338678e+03 6.752129451554577827e+03 7.452749459374651906e+02
1.411618079716779448e+03 6.810258209545796490e+03 7.381842907297783540e+02
1.412618110236220218e+03 6.874970015644110390e+03 6.950721897832413561e+02
1.413618140755661443e+03 6.921790007587140281e+03 6.543887014538934181e+02
1.414618171275102213e+03 6.933588652201044169e+03 6.627133521687253506e+02
1.415618201794542983e+03 6.993491058719477223e+03 6.451890037824352930e+02
1.416618232313983754e+03 7.018181812451171936e+03 6.384903362604251242e+02
1.417618262833424978e+03 7.024995978268381805e+03 6.225509577056056969e+02
1.418618293352865749e+03 7.054667609662541508e+03 5.863044634156221946e+02
1.419618323872306519e+03 7.086698674044067957e+03 5.759119046199950844e+02
1.420618354391747289e+03 7.053655359073378349e+03 5.998588966697095657e+02
1.421618384911188514e+03 7.054864854712155648e+03 5.679528834642474067e+02
1.422618415430628829e+03 7.046496693126189712e+03 5.444283177529831619e+02
1.423618445950070054e+03 7.056952502719950644e+03 5.074508555661538480e+02
1.424618476469511279e+03 7.030448185547204048e+03 4.882441042346193285e+02
1.425618506988952049e+03 7.000844007268556197e+03 5.320445444318567070e+02
1.426618537508392819e+03 7.004623121565831752e+03 5.094335276494193749e+02
1.427618568027833589e+03 6.990626912057916343e+03 5.061673958470069579e+02
1.428618598547274814e+03 6.999511874347763296e+03 4.847462982239384814e+02
1.429618629066715130e+03 7.006243910682138448e+03 4.574191031406870138e+02
1.430618659586156355e+03 6.986855791806181514e+03 4.531043022581233686e+02
1.431618690105597125e+03 6.968600697906767891e+03 4.546774030851714770e+02
1.432618720625037895e+03 6.942714800000256218e+03 4.302255076475703390e+02
1.433618751144478665e+03 6.925507860930311836e+03 4.127001095983071082e+02
1.434618781663919890e+03 6.869390061680638610e+03 4.009132575846341524e+02
1.435618812183361115e+03 6.796192680011096854e+03 4.241079118033601389e+02
1.436618842702801430e+03 6.780489581295988501e+03 4.108681238837971250e+02
1.437618873222242655e+03 6.751213121934427363e+03 4.301578862222709176e+02
1.438618903741683425e+03 6.716524525151537091e+03 4.149604521538672088e+02
1.439618934261124195e+03 6.644900446017470131e+03 4.086634357058139813e+02
1.440618964780564966e+03 6.571637896979571451e+03 4.221874659554819118e+02
1.441618995300006191e+03 6.475543251850868728e+03 4.369178779316888495e+02
1.442619025819446961e+03 6.396983109315498950e+03 4.476063650512088543e+02
1.443619056338887731e+03 6.345802827150251687e+03 4.429330382330566636e+02
1.444619086858328501e+03 6.270941906871686115e+03 4.400864557043864806e+02
1.445619117377769726e+03 6.194080107956508982e+03 4.465375370540369886e+02
1.446619147897210496e+03 6.109191925493190865e+03 4.652704031946273062e+02
1.447619178416651266e+03 6.037537842101646675e+03 4.722619289072030142e+02
1.448619208936092491e+03 5.966525452441053858e+03 4.616461573767602431e+02
1.449619239455532806e+03 5.894352993901435184e+03 5.010534284353163912e+02
1.450619269974974031e+03 5.832908170829677147e+03 4.876813669219397980e+02
1.451619300494414802e+03 5.737501835742944422e+03 5.280716716334449075e+02
1.452619331013856026e+03 5.666562516865895304e+03 5.159802083298412754e+02
1.453619361533296342e+03 5.572868985008817617e+03 5.278869871436786525e+02
1.454619392052737567e+03 5.496086683606914448e+03 5.344933398690754984e+02
1.455619422572178337e+03 5.385051663880349224e+03 5.545426495322748224e+02
1.456619453091619107e+03 5.296498619842321204e+03 5.815445937974820936e+02
1.457619483611060332e+03 5.192112026019753102e+03 5.737060315945955153e+02
1.458619514130501102e+03 5.103398119084775317e+03 5.644149322936453927e+02
1.459619544649942327e+03 5.004999976285780576e+03 5.907080663649311418e+02
1.460619575169382642e+03 4.914796430361633611e+03 6.146052826959827371e+02
1.461619605688823867e+03 4.825981583211958423e+03 6.357976039641511079e+02
1.462619636208264637e+03 4.739001948779647137e+03 6.518869445379161789e+02
1.463619666727705408e+03 4.659586793018862409e+03 6.504881337745517840e+02
1.464619697247146178e+03 4.596077900677454636e+03 6.600087010529622376e+02
1.465619727766587403e+03 4.533295450881962097e+03 6.738786904331433334e+02
1.466619758286027718e+03 4.433021601978181934e+03 7.155604326983325336e+02
1.467619788805468943e+03 4.374188338046353238e+03 7.001932531515824394e+02
1.468619819324910168e+03 4.326129381612202451e+03 6.783387145569452059e+02
1.469619849844350938e+03 4.227224190961826025e+03 7.113509476710696617e+02
1.470619880363791708e+03 4.152469278125043274e+03 7.270449827442796504e+02
1.471619910883232478e+03 4.086017259967062273e+03 7.322839178910121518e+02
1.472619941402673703e+03 3.973310955120584367e+03 7.693999168893722072e+02
1.473619971922114019e+03 3.882180135062121735e+03 7.928170803573782450e+02
1.474620002441555243e+03 3.789469154340350542e+03 8.010349852439492224e+02
1.475620032960996014e+03 3.682578679553268557e+03 8.227054892409722697e+02
1.476620063480437238e+03 3.549793845649039213e+03 8.817309929642680117e+02
1.477620093999877554e+03 3.483588646248962505e+03 8.698016220911713390e+02
1.478620124519318779e+03 3.408956795416937894e+03 8.613860692424905210e+02
1.479620155038759549e+03 3.318955324754274443e+03 8.867112930161463282e+02
1.480620185558200319e+03 3.223404804506854816e+03 9.033817031839583933e+02
1.481620216077641544e+03 3.155815237705549407e+03 9.329073884548857905e+02
1.482620246597082314e+03 3.075931905617499979e+03 9.275867765317357225e+02
1.483620277116523084e+03 2.990350151698060472e+03 9.513138470768948309e+02
1.484620307635963854e+03 2.902821098570239883e+03 9.576763741427234891e+02
1.485620338155405079e+03 2.825458641537996300e+03 9.855369854977553814e+02
1.486620368674845849e+03 2.746403774064482604e+03 1.022732225992599865e+03
1.487620399194286620e+03 2.703489903214745027e+03 1.019630121014374367e+03
1.488620429713727390e+03 2.670429090373810141e+03 1.032338862216390680e+03
1.489620460233168615e+03 2.632895871434127002e+03 1.050854376441285012e+03
1.490620490752608930e+03 2.595654045354856862e+03 1.076121495524223519e+03
1.491620521272050155e+03 2.567290926000408945e+03 1.106184295111876963e+03
1.492620551791491380e+03 2.528491543847768298e+03 1.116601075005161192e+03
1.493620582310932150e+03 2.526187151387412086e+03 1.115593161189187413e+03
1.494620612830372920e+03 2.523575352034718890e+03 1.134138392368408859e+03
1.495620643349813690e+03 2.491780727903849765e+03 1.164387658527439271e+03
1.496620673869254915e+03 2.474940063273052147e+03 1.182542634413566248e+03
1.497620704388695231e+03 2.471486090317031085e+03 1.216784774062080487e+03
1.498620734908136455e+03 2.481973928620902370e+03 1.198746433748681511e+03
1.499620765427577226e+03 2.458598592858521442e+03 1.212557515660666013e+03
1.500620795947017996e+03 2.445878854221920847e+03 1.232864954962034744e+03
1.501620826466458766e+03 2.412540404641295936e+03 1.264688100842877020e+03
1.502620856985899991e+03 2.419247108433478388e+03 1.273437533155812162e+03
1.503620887505341216e+03 2.364555124324640019e+03 1.271284194414466583e+03
1.504620918024781531e+03 2.331453075170775264e+03 1.321316259352725410e+03
1.505620948544222756e+03 2.372255673584091710e+03 1.310230567376532008e+03
1.506620979063663526e+03 2.348486928638244535e+03 1.327239982115406747e+03
1.507621009583104296e+03 2.382952336414870842e+03 1.329359152151098442e+03
1.508621040102545066e+03 2.418114908279501833e+03 1.337873197633455675e+03
1.509621070621986291e+03 2.430710438526438338e+03 1.340928046014299753e+03
1.510621101141427062e+03 2.472601697705286824e+03 1.339319172219067241e+03
1.511621131660867832e+03 2.453626666594251219e+03 1.402122024459289605e+03
1.512621162180308602e+03 2.472850229078772827e+03 1.425050484467742308e+03
1.513621192699749827e+03 2.499934485303061592e+03 1.390930423195026833e+03
1.514621223219190597e+03 2.501925228304780831e+03 1.400351020740888998e+03
1.515621253738631367e+03 2.529002067419208288e+03 1.454827215567214807e+03
1.516621284258072592e+03 2.558164828280967413e+03 1.445296946105627740e+03
1.517621314777512907e+03 2.585345670355631228e+03 1.486382720516539393e+03
1.518621345296954132e+03 2.619316480127257819e+03 1.486559491139139709e+03
1.519621375816394902e+03 2.645396620876025736e+03 1.494533320577057111e+03
1.520621406335836127e+03 2.682411334491811431e+03 1.489841334714784352e+03
1.521621436855276443e+03 2.690405537743245077e+03 1.497684160157452425e+03
1.522621467374717668e+03 2.708098423905825257e+03 1.543571694331548770e+03
1.523621497894158438e+03 2.775214561796125963e+03 1.503584631702090064e+03
1.524621528413599208e+03 2.751631094235554883e+03 1.532925142093093427e+03
1.525621558933040433e+03 2.741209352342408238e+03 1.562104960503525035e+03
1.526621589452481203e+03 2.745928052246659718e+03 1.547284454732976428e+03
1.527621619971922428e+03 2.733510984053491484e+03 1.563829414963230647e+03
1.528621650491362743e+03 2.739052175176140736e+03 1.585746914092665975e+03
1.529621681010803968e+03 2.758302444008126258e+03 1.603659138243653160e+03
1.530621711530244738e+03 2.786641107131452372e+03 1.598397828516421896e+03
1.531621742049685508e+03 2.788307393112916543e+03 1.630301702775539297e+03
1.532621772569126279e+03 2.781882529420048741e+03 1.650728214998752719e+03
1.533621803088567503e+03 2.795213822384490413e+03 1.620012398754093510e+03
1.534621833608007819e+03 2.799135629861501002e+03 1.614731565647271964e+03
1.535621864127449044e+03 2.808310538104613443e+03 1.660587786074630458e+03
1.536621894646889814e+03 2.830212524304646649e+03 1.657931288949846930e+03
1.537621925166331039e+03 2.808632811046272764e+03 1.662158059629031413e+03
1.538621955685771809e+03 2.824552356429059728e+03 1.661772370329949808e+03
1.539621986205212579e+03 2.820902579574043557e+03 1.659400519480748244e+03
1.540622016724653804e+03 2.819753983756179878e+03 1.673864265776471711e+03
1.541622047244094119e+03 2.810541974386820584e+03 1.685468021804284035e+03
1.542622077763535344e+03 2.814433080092665477e+03 1.692252870962525094e+03
1.543622108282976114e+03 2.810288958022892984e+03 1.689026361885622464e+03
1.544622138802417339e+03 2.769257763374236674e+03 1.658132331206953495e+03
1.545622169321857655e+03 2.745912011690672443e+03 1.679971708498688258e+03
1.546622199841298880e+03 2.764380233614852841e+03 1.679810892047804373e+03
1.547622230360739650e+03 2.748139815280990661e+03 1.718702827019535107e+03
1.548622260880180420e+03 2.760129423663731359e+03 1.688813307109814559e+03
1.549622291399621645e+03 2.757155894944708052e+03 1.683782527424707041e+03
1.550622321919062415e+03 2.784482569576321112e+03 1.685475490373725734e+03
1.551622352438503185e+03 2.798386365420905349e+03 1.697404640219867588e+03
1.552622382957943955e+03 2.784717362960027458e+03 1.707162267190718694e+03
1.553622413477385180e+03 2.803256375119141012e+03 1.685590570009308067e+03
1.554622443996825950e+03 2.815375340669197612e+03 1.706732006260694561e+03
1.555622474516266720e+03 2.806610851809833548e+03 1.700332620791828958e+03
1.556622505035707491e+03 2.825738361157773397e+03 1.690293476412084601e+03
1.557622535555148716e+03 2.813138113967073878e+03 1.690129295026728869e+03
1.558622566074589031e+03 2.760405452660055744e+03 1.690699135519745596e+03
1.559622596594030256e+03 2.766044691500732370e+03 1.677294352525994327e+03
1.560622627113471481e+03 2.740888480120964232e+03 1.669361228640983200e+03
1.561622657632912251e+03 2.723769824832043014e+03 1.692696973200741695e+03
1.562622688152353021e+03 2.673410353713668883e+03 1.676086140761983643e+03
1.563622718671793791e+03 2.651989999381037705e+03 1.677970921221593926e+03
1.564622749191235016e+03 2.651565136298548168e+03 1.668061293783998281e+03
1.565622779710675331e+03 2.586663637738900434e+03 1.663798594697115732e+03
1.566622810230116556e+03 2.560615448590306187e+03 1.675864808000697849e+03
1.567622840749557326e+03 2.556445616578497720e+03 1.657870054385814910e+03
1.568622871268998097e+03 2.517334217943312979e+03 1.663257937819175140e+03
1.569622901788438867e+03 2.484524639669221870e+03 1.650019263038842610e+03
1.570622932307880092e+03 2.438513345166107683e+03 1.651846877113996698e+03
1.571622962827321317e+03 2.388023419099523380e+03 1.652732024070590796e+03
1.572622993346761632e+03 2.351517057963726984e+03 1.637866652498094936e+03
1.573623023866202857e+03 2.292949695466544654e+03 1.638218906590026563e+03
1.574623054385643627e+03 2.262737346329828142e+03 1.620710950941564079e+03
1.575623084905084397e+03 2.221223440148723967e+03 1.629113037297101982e+03
1.576623115424525167e+03 2.173616572412078312e+03 1.628964939861809398e+03
1.577623145943966392e+03 2.190397399841232982e+03 1.637223783074670564e+03
1.578623176463407162e+03 2.216044035625729521e+03 1.611278928468603226e+03
1.579623206982847933e+03 2.268813744206718184e+03 1.600475603546115508e+03
1.580623237502288703e+03 2.323749242760339257e+03 1.577594360617036273e+03
1.581623268021729928e+03 2.320437064457822999e+03 1.600421806911766907e+03
1.582623298541170698e+03 2.360245215682707567e+03 1.596427606293303143e+03
1.583623329060611468e+03 2.385470295923734739e+03 1.578221967375613985e+03
1.584623359580052693e+03 2.405303340974169259e+03 1.558604105482400882e+03
1.585623390099493008e+03 2.389822226447069625e+03 1.572282171005480450e+03
1.586623420618934233e+03 2.374295261054241564e+03 1.563602949381405324e+03
1.587623451138375003e+03 2.386950375398020697e+03 1.573860389489023873e+03
1.588623481657816228e+03 2.373705585025065375e+03 1.561724968417387345e+03
1.589623512177256544e+03 2.360608898896411119e+03 1.538579008216639068e+03
1.590623542696697768e+03 2.348762007201377855e+03 1.542250495216503168e+03
1.591623573216138539e+03 2.316804877483597011e+03 1.578496111312532548e+03
1.592623603735579309e+03 2.302526383509819425e+03 1.549130807412329432e+03
1.593623634255020079e+03 2.264841993476946300e+03 1.546851505030025237e+03
1.594623664774461304e+03 2.250527145299067342e+03 1.525341785339336639e+03
1.595623695293902529e+03 2.234017150186467916e+03 1.516136799180054595e+03
1.596623725813342844e+03 2.183042131563628573e+03 1.553551920853616139e+03
1.597623756332784069e+03 2.173983524606672290e+03 1.534154246781245547e+03
1.598623786852224839e+03 2.129326834649149532e+03 1.539847812636827257e+03
1.599623817371665609e+03 2.077752893388878874e+03 1.534437815858947033e+03
1.600623847891106379e+03 2.085078605600221636e+03 1.530563540331431795e+03
1.601623878410547604e+03 2.049398236700906637e+03 1.509090181354500373e+03
1.602623908929987920e+03 2.028812253968388177e+03 1.536113813965790996e+03
1.603623939449429145e+03 2.004743100333058464e+03 1.533127591331633539e+03
1.604623969968869915e+03 1.970255503364205651e+03 1.516700877120726545e+03
1.605624000488311140e+03 1.980713226668518473e+03 1.527866507688537240e+03
1.606624031007751910e+03 1.948497440530423773e+03 1.544017926240030647e+03
1.607624061527192680e+03 1.933126779034530045e+03 1.546217324030665395e+03
1.608624092046633905e+03 1.918548438266570884e+03 1.521103493454822910e+03
1.609624122566074220e+03 1.888554260686627458e+03 1.527290877089390506e+03
1.610624153085515445e+03 1.884060690127449561e+03 1.516736627183380278e+03
1.611624183604956215e+03 1.881928213115823382e+03 1.518259842120243775e+03
1.612624214124397440e+03 1.852419891465260662e+03 1.534894824120375233e+03
1.613624244643837756e+03 1.860469983865932591e+03 1.504402872381193447e+03
1.614624275163278980e+03 1.871561107915242246e+03 1.486711706185054027e+03
1.615624305682719751e+03 1.875941464804885982e+03 1.502813468774338162e+03
1.616624336202160521e+03 1.888424041518079321e+03 1.525594154954594842e+03
1.617624366721601746e+03 1.913963915446514875e+03 1.514208850895907972e+03
1.618624397241042516e+03 1.925777483649681017e+03 1.507996740655543817e+03
1.619624427760483286e+03 1.918306081777649524e+03 1.501052192012722799e+03
1.620624458279924056e+03 1.945803259229638570e+03 1.495582955167730233e+03
1.621624488799365281e+03 1.965517052298502676e+03 1.500627005653064771e+03
1.622624519318806051e+03 1.978153246278652659e+03 1.495732493680147400e+03
1.623624549838246821e+03 2.027413742128052036e+03 1.496538343151859635e+03
1.624624580357687591e+03 2.064626788066116205e+03 1.483946709115810108e+03
1.625624610877128816e+03 2.073036896020805216e+03 1.523452875701611902e+03
1.626624641396569132e+03 2.053904540648532929e+03 1.521783769153307503e+03
1.627624671916010357e+03 2.016400478874546025e+03 1.498048544876092819e+03
1.628624702435451582e+03 2.019457868671166580e+03 1.503339916293776241e+03
1.629624732954892352e+03 2.048944814314378164e+03 1.485495481845001223e+03
1.630624763474333122e+03 2.038329292168271422e+03 1.481121719818896281e+03
1.631624793993773892e+03 2.038725694445462068e+03 1.494772742183173477e+03
1.632624824513215117e+03 2.075286964426954000e+03 1.508263686208455056e+03
1.633624855032655432e+03 2.092590338986587085e+03 1.522340422509126938e+03
1.634624885552096657e+03 2.146193283571659776e+03 1.475986205968406239e+03
1.635624916071537427e+03 2.165193323194960612e+03 1.514377636063181399e+03
1.636624946590978197e+03 2.176247331543690962e+03 1.532868567930067002e+03
1.637624977110418968e+03 2.211633957387455666e+03 1.500640359103856099e+03
1.638625007629860193e+03 2.208282745327416706e+03 1.520429139412683753e+03
1.639625038149301417e+03 2.274614198171844691e+03 1.500818086203242274e+03
1.640625068668741733e+03 2.279778665735442701e+03 1.511532252967350360e+03
1.641625099188182958e+03 2.291166829945448626e+03 1.528238364797191480e+03
1.642625129707623728e+03 2.328243289221409213e+03 1.520759873403435677e+03
1.643625160227064498e+03 2.322927683492212964e+03 1.535084312544228851e+03
1.644625190746505268e+03 2.354507602256922837e+03 1.515562384659047439e+03
1.645625221265946493e+03 2.378659779121404426e+03 1.479580122576816393e+03
1.646625251785387263e+03 2.423041372982941539e+03 1.496787003761912274e+03
1.647625282304828033e+03 2.443203307725474588e+03 1.495438849406801637e+03
1.648625312824268804e+03 2.454745901874925039e+03 1.503173731162081594e+03
1.649625343343710028e+03 2.463520134139747825e+03 1.500853288586138660e+03
1.650625373863150344e+03 2.446429845883341841e+03 1.506484002339468134e+03
1.651625404382591569e+03 2.463752721205677517e+03 1.523972907433145792e+03
1.652625434902032794e+03 2.480735574241274662e+03 1.533198923394261328e+03
1.653625465421473109e+03 2.495013180756550355e+03 1.545384762754669737e+03
1.654625495940914334e+03 2.519007043721563605e+03 1.496300792062557775e+03
1.655625526460355104e+03 2.532204294353259684e+03 1.501356125327171185e+03
1.656625556979796329e+03 2.520311551809321827e+03 1.499757954925572903e+03
1.657625587499236644e+03 2.513588747422651068e+03 1.519534056029048315e+03
1.658625618018677869e+03 2.527052279323761468e+03 1.502117166939047820e+03
1.659625648538118639e+03 2.545239162715331986e+03 1.514360997685689654e+03
1.660625679057559410e+03 2.540968151816257887e+03 1.514271252440833450e+03
1.661625709577000180e+03 2.534140726319428722e+03 1.508103546842891319e+03
1.662625740096441405e+03 2.555988888341957136e+03 1.510640478120889384e+03
1.663625770615882629e+03 2.559905963088665885e+03 1.505671026646656173e+03
1.664625801135322945e+03 2.577484411372008253e+03 1.502897784065266023e+03
1.665625831654764170e+03 2.568802418449136894e+03 1.484436564101674321e+03
1.666625862174204940e+03 2.544304780162823590e+03 1.514850718197065817e+03
1.667625892693645710e+03 2.532591168866141743e+03 1.523253652995226048e+03
1.668625923213086480e+03 2.523947258736836375e+03 1.488272672007381061e+03
1.669625953732527705e+03 2.532937224478524513e+03 1.523103997180990518e+03
1.670625984251968021e+03 2.543285746776420638e+03 1.524959438172483715e+03
1.671626014771409245e+03 2.557406316364564191e+03 1.537295899565968057e+03
1.672626045290850016e+03 2.538562258169340566e+03 1.527965271457830795e+03
1.673626075810291240e+03 2.490137868195484771e+03 1.533775105963061833e+03
1.674626106329732011e+03 2.489286957952335797e+03 1.521844410920577502e+03
1.675626136849172781e+03 2.496504425254979651e+03 1.503485115132509236e+03
1.676626167368614006e+03 2.493963925429377923e+03 1.506841441387985469e+03
1.677626197888054321e+03 2.477936031616613036e+03 1.525357516729031886e+03
1.678626228407495546e+03 2.471367894645143679e+03 1.515867806674782287e+03
1.679626258926936316e+03 2.444679550499760808e+03 1.512498574469660070e+03
1.680626289446377541e+03 2.419395251658710549e+03 1.499992200122265331e+03
1.681626319965817856e+03 2.392242534462020558e+03 1.500663922314829051e+03
1.682626350485259081e+03 2.360635110664063177e+03 1.521506896750542410e+03
1.683626381004699851e+03 2.320905178370796420e+03 1.521164267906749046e+03
1.684626411524140622e+03 2.294284882701607785e+03 1.533484681666697270e+03
1.685626442043581847e+03 2.284072050284417855e+03 1.535582266261900259e+03
1.686626472563022617e+03 2.223555229714032976e+03 1.525940516184286025e+03
1.687626503082463387e+03 2.210473637048342425e+03 1.552133602104530382e+03
1.688626533601904157e+03 2.208588905755881569e+03 1.540529748163167824e+03
1.689626564121345382e+03 2.168349025811927277e+03 1.538945672488573109e+03
1.690626594640786152e+03 2.147732926942870108e+03 1.551268840481058533e+03
1.691626625160226922e+03 2.135098344346755766e+03 1.544283556196586233e+03
1.692626655679667692e+03 2.123290317722890904e+03 1.540410058586563991e+03
1.693626686199108917e+03 2.090505005071354390e+03 1.549632290142236343e+03
1.694626716718549233e+03 2.076051472437042321e+03 1.547556846858204835e+03
1.695626747237990458e+03 2.063068191668678992e+03 1.540188047483372429e+03
1.696626777757431682e+03 2.043111901068417865e+03 1.564919132982094879e+03
1.697626808276872453e+03 2.044304383829390645e+03 1.569115607333708340e+03
1.698626838796313223e+03 2.051681954320785735e+03 1.551735004578727057e+03
1.699626869315753993e+03 2.050667188799250653e+03 1.536354327299387933e+03
1.700626899835195218e+03 2.022412279851845597e+03 1.534429591619852545e+03
1.701626930354635533e+03 2.026039941290202478e+03 1.527279313716014713e+03
1.702626960874076758e+03 1.998651839964266401e+03 1.534570212687784078e+03
1.703626991393517528e+03 1.985172459326931858e+03 1.520282980833756937e+03
1.704627021912958298e+03 1.950617823403485090e+03 1.517109011624296727e+03
1.705627052432399068e+03 1.946466778948917636e+03 1.551005625704843396e+03
1.706627082951840293e+03 1.945157189775511142e+03 1.517879782664596860e+03
1.707627113471281518e+03 1.915761412788799134e+03 1.553058683338160108e+03
1.708627143990721834e+03 1.932410653907720189e+03 1.542366459965756349e+03
1.709627174510163059e+03 1.903230974562744450e+03 1.530653193762023875e+03
1.710627205029603829e+03 1.916476705824868986e+03 1.537919053106140382e+03
1.711627235549044599e+03 1.902516645980138492e+03 1.520336858647477584e+03
1.712627266068485369e+03 1.870026833669291591e+03 1.537888380484231675e+03
1.713627296587926594e+03 1.872895675522757301e+03 1.537467405586713085e+03
1.714627327107367364e+03 1.894382755200211250e+03 1.499142435888216369e+03
1.715627357626808134e+03 1.887607451117812161e+03 1.505699952692970328e+03
1.716627388146248904e+03 1.857852748842862638e+03 1.506516260542595774e+03
1.717627418665690129e+03 1.843932700543937244e+03 1.509860980697740615e+03
1.718627449185130445e+03 1.812105725725128650e+03 1.510476932638920971e+03
1.719627479704571670e+03 1.776860055292194374e+03 1.514820945224089655e+03
1.720627510224012894e+03 1.780097836736727913e+03 1.513226159403569000e+03
1.721627540743453210e+03 1.796715738072229215e+03 1.509389668188632186e+03
1.722627571262894435e+03 1.756181504439329728e+03 1.511975659516841006e+03
1.723627601782335205e+03 1.737150410162033950e+03 1.534731324008036609e+03
1.724627632301776430e+03 1.744994800714419398e+03 1.492961616222171870e+03
1.725627662821216745e+03 1.763910568425193560e+03 1.487586214859797110e+03
1.726627693340657970e+03 1.763659167220259405e+03 1.504139091554051447e+03
1.727627723860098740e+03 1.751892121539529398e+03 1.496845494562769318e+03
1.728627754379539510e+03 1.758788181170313692e+03 1.511137692864494511e+03
1.729627784898980281e+03 1.765627445429045110e+03 1.483310322859807911e+03
1.730627815418421505e+03 1.768566907488944707e+03 1.478468156341887152e+03
1.731627845937862730e+03 1.800235069275924616e+03 1.494860046654071994e+03
1.732627876457303046e+03 1.794619169476634852e+03 1.495328117321127138e+03
1.733627906976744271e+03 1.802048309410405636e+03 1.493089422122529641e+03
1.734627937496185041e+03 1.827469413537723085e+03 1.487180386259486568e+03
1.735627968015625811e+03 1.850116456000669132e+03 1.481254111789803119e+03
1.736627998535066581e+03 1.864444999511430069e+03 1.491063721599711698e+03
1.737628029054507806e+03 1.842714609810858747e+03 1.508318271085405968e+03
1.738628059573948576e+03 1.820170293048746316e+03 1.504608720369837101e+03
1.739628090093389346e+03 1.810703347779945034e+03 1.488696525191235651e+03
1.740628120612830116e+03 1.797954068579358136e+03 1.486653414411546009e+03
1.741628151132271341e+03 1.808582351680061038e+03 1.488639725716725025e+03
1.742628181651712111e+03 1.803558032786679178e+03 1.492408056642669180e+03
1.743628212171152882e+03 1.773873439493982005e+03 1.483040130136495236e+03
1.744628242690594107e+03 1.759471181877106574e+03 1.485583576384606204e+03
1.745628273210034422e+03 1.764290341535186599e+03 1.468778897574828761e+03
1.746628303729475647e+03 1.763651837219536901e+03 1.482534017577160967e+03
1.747628334248916417e+03 1.751294271559569097e+03 1.486233511076470222e+03
1.748628364768357642e+03 1.715813427111323108e+03 1.501660087799000166e+03
1.749628395287797957e+03 1.709503998768441306e+03 1.524912371216663814e+03
1.750628425807239182e+03 1.722006393066076271e+03 1.486563451668428115e+03
1.751628456326679952e+03 1.731992534117236573e+03 1.497413885302237759e+03
1.752628486846120722e+03 1.704322320767058045e+03 1.532703409175247543e+03
1.753628517365561947e+03 1.709651685598992117e+03 1.490823522082882619e+03
1.754628547885002718e+03 1.680829669985607325e+03 1.491971467082709296e+03
1.755628578404443488e+03 1.692477510156673816e+03 1.477864468298179418e+03
1.756628608923884258e+03 1.709161157335329335e+03 1.494097084222139074e+03
1.757628639443325483e+03 1.688863522755769736e+03 1.519881796499886832e+03
1.758628669962766253e+03 1.677716623129916115e+03 1.500381723659692852e+03
1.759628700482207023e+03 1.674288760658648243e+03 1.514759413907437647e+03
1.760628731001647793e+03 1.672149047851780779e+03 1.500467360459236033e+03
1.761628761521089018e+03 1.687177899198719388e+03 1.494394782961898272e+03
1.762628792040529333e+03 1.662373191682720062e+03 1.517418037679093914e+03
1.763628822559970558e+03 1.653877533848954045e+03 1.525062423798287000e+03
1.764628853079411783e+03 1.664845284655630167e+03 1.512295862929375289e+03
1.765628883598852553e+03 1.674263828535044013e+03 1.519122931191243879e+03
1.766628914118293324e+03 1.691652745459829021e+03 1.520280807492555141e+03
1.767628944637734094e+03 1.682490032907739078e+03 1.555276092502569782e+03
1.768628975157175319e+03 1.671169372351718266e+03 1.535176581787458417e+03
1.769629005676615634e+03 1.675994320404406608e+03 1.550894505182614012e+03
1.770629036196056859e+03 1.700651363657842012e+03 1.536320459376361214e+03
1.771629066715497629e+03 1.690050733226327793e+03 1.520511270353678356e+03
1.772629097234938399e+03 1.686556322471591557e+03 1.536828470078753071e+03
1.773629127754379169e+03 1.672467219588443186e+03 1.541242109696349416e+03
1.774629158273820394e+03 1.654123501638610833e+03 1.538101769830057265e+03
1.775629188793261164e+03 1.655899557703496612e+03 1.529132866046433719e+03
1.776629219312701935e+03 1.643391156048553967e+03 1.540630209359798300e+03
1.777629249832143159e+03 1.641951478131417389e+03 1.554807737822605304e+03
1.778629280351583930e+03 1.613208413402242513e+03 1.535113730115890803e+03
1.779629310871024700e+03 1.588993055777837071e+03 1.531632987155700448e+03
1.780629341390465470e+03 1.581342742715589338e+03 1.523351980961729396e+03
1.781629371909906695e+03 1.589653249029664948e+03 1.521938645073001226e+03
1.782629402429347465e+03 1.560898000456958471e+03 1.528268342370512073e+03
1.783629432948788235e+03 1.549657246792303340e+03 1.561775887149293112e+03
1.784629463468229005e+03 1.540815400568742916e+03 1.542022118608349956e+03
1.785629493987670230e+03 1.537260672957872885e+03 1.536054101319790334e+03
1.786629524507110546e+03 1.509708286446408238e+03 1.537499076003997970e+03
1.787629555026551770e+03 1.494303950745783368e+03 1.558536553007976181e+03
1.788629585545992995e+03 1.486213545168067867e+03 1.550607962612453775e+03
1.789629616065433311e+03 1.465342017809356548e+03 1.541780645693868337e+03
1.790629646584874536e+03 1.468830067949225850e+03 1.544202087218985071e+03
1.791629677104315306e+03 1.483515202740183668e+03 1.530820247074614372e+03
1.792629707623756531e+03 1.466491638196841450e+03 1.548483249900802093e+03
1.793629738143196846e+03 1.451191757524311470e+03 1.570704813582636916e+03
1.794629768662638071e+03 1.433429719864741855e+03 1.575790179307696462e+03
1.795629799182078841e+03 1.423989701991667971e+03 1.557621971205800492e+03
1.796629829701519611e+03 1.392647914275928997e+03 1.547976102712331794e+03
1.797629860220960381e+03 1.362199221638911695e+03 1.577269296612067137e+03
1.798629890740401606e+03 1.349712884134083652e+03 1.548193489567965571e+03
1.799629921259842831e+03 1.305044333663963698e+03 1.566888527239307450e+03
1.800629951779283147e+03 1.281646722657542341e+03 1.609243394870476322e+03
1.801629982298724372e+03 1.294488717910046034e+03 1.570828563897216782e+03
1.802630012818165142e+03 1.248963409391288224e+03 1.597599800491759652e+03
1.803630043337605912e+03 1.219870180626659931e+03 1.596045770392306167e+03
1.804630073857046682e+03 1.181565210183507588e+03 1.578537641946777512e+03
1.805630104376487907e+03 1.166499595594312268e+03 1.553792649017944314e+03
1.806630134895928677e+03 1.144661663024104200e+03 1.549109070839142078e+03
1.807630165415369447e+03 1.086726845271019556e+03 1.576789158944223345e+03
1.808630195934810217e+03 1.045780819092424281e+03 1.557002910540784569e+03
1.809630226454251442e+03 9.966521767625818029e+02 1.538502466789636856e+03
1.810630256973692212e+03 9.734060953960070037e+02 1.548257569701233933e+03
1.811630287493132982e+03 9.651280587581859436e+02 1.562037773304329903e+03
1.812630318012574207e+03 9.634695608728779916e+02 1.549551260667014503e+03
1.813630348532014523e+03 9.402669016798881785e+02 1.568106548637559172e+03
1.814630379051455748e+03 9.135629358575242804e+02 1.586977766934525334e+03
1.815630409570896518e+03 9.328690818271534226e+02 1.564658070896940444e+03
1.816630440090337743e+03 9.535862127053933364e+02 1.539729871333229084e+03
1.817630470609778058e+03 9.490949807019642321e+02 1.558958766562971277e+03
1.818630501129219283e+03 9.339768511452293751e+02 1.566684789372920250e+03
1.819630531648660053e+03 9.221334743794504902e+02 1.531758977107081819e+03
1.820630562168100823e+03 9.110697785158827173e+02 1.534050412059869359e+03
1.821630592687542048e+03 9.162202821740193031e+02 1.552367491042102529e+03
1.822630623206982818e+03 9.129233498139165022e+02 1.553619169590663887e+03
1.823630653726423589e+03 9.030714195168420702e+02 1.564318247344575866e+03
1.824630684245864359e+03 8.984484531559955940e+02 1.567862060631621716e+03
1.825630714765305584e+03 9.066718285991064477e+02 1.561536211551598626e+03
1.826630745284746354e+03 9.197995265147492319e+02 1.553922596173854799e+03
1.827630775804187124e+03 9.277618938377781888e+02 1.580440624867874931e+03
1.828630806323627894e+03 9.336393926686923805e+02 1.578998666330040123e+03
1.829630836843069119e+03 9.386599551241852168e+02 1.555853672944344453e+03
1.830630867362509434e+03 9.731298616515687172e+02 1.531576372974013793e+03
1.831630897881950659e+03 9.869540043573379080e+02 1.556969969191643031e+03
1.832630928401391429e+03 1.025673585281912892e+03 1.547235553942148726e+03
1.833630958920832654e+03 1.060472739840042777e+03 1.557720747550198439e+03
1.834630989440273424e+03 1.057340150126823573e+03 1.559404339820342557e+03
1.835631019959714195e+03 1.065369541138137720e+03 1.552966279590302520e+03
1.836631050479155419e+03 1.092912843870773941e+03 1.547837443718874511e+03
1.837631080998595735e+03 1.119738407885943161e+03 1.546017682591867015e+03
1.838631111518036960e+03 1.129612273746539358e+03 1.558025689683795463e+03
1.839631142037477730e+03 1.148805548212631038e+03 1.546489923603945499e+03
1.840631172556918955e+03 1.170678050657783388e+03 1.532079455993378360e+03
1.841631203076359270e+03 1.194234923487836568e+03 1.550826442591299838e+03
1.842631233595800495e+03 1.212981593352813434e+03 1.559116468052563732e+03
1.843631264115241265e+03 1.233947111944111384e+03 1.564191307116461303e+03
1.844631294634682035e+03 1.228083762976184516e+03 1.565042971787385341e+03
1.845631325154123260e+03 1.240013107511094859e+03 1.560874966291700275e+03
1.846631355673564030e+03 1.278256064035564123e+03 1.544069638335562558e+03
1.847631386193004801e+03 1.293270689077166026e+03 1.544975031502848651e+03
1.848631416712445571e+03 1.316916884348444000e+03 1.536783914992307928e+03
1.849631447231886796e+03 1.336226434532487474e+03 1.550444515733726575e+03
1.850631477751327566e+03 1.353587208447788726e+03 1.524727390965052564e+03
1.851631508270768336e+03 1.384481557989585781e+03 1.536150063717336707e+03
1.852631538790209106e+03 1.411987285872644861e+03 1.567767584941499990e+03
1.853631569309650331e+03 1.443488382827623354e+03 1.557120496004812139e+03
1.854631599829090646e+03 1.459143071408916512e+03 1.566967067790625379e+03
1.855631630348531871e+03 1.497882106970484529e+03 1.576544925466634140e+03
1.856631660867973096e+03 1.541059080674005600e+03 1.561650751569568456e+03
1.857631691387413866e+03 1.556073155089839929e+03 1.559510403109913568e+03
1.858631721906854636e+03 1.556548486350897292e+03 1.563937693808783479e+03
1.859631752426295407e+03 1.578257239993958137e+03 1.579797940134275450e+03
1.860631782945736632e+03 1.589303513976672548e+03 1.554744734267028889e+03
1.861631813465176947e+03 1.615403783604053388e+03 1.544284689674798756e+03
1.862631843984618172e+03 1.624452682050450676e+03 1.554248411679677929e+03
1.863631874504058942e+03 1.620361048079137618e+03 1.556150894162021814e+03
1.864631905023499712e+03 1.592615949357395948e+03 1.549168091395614283e+03
1.865631935542940482e+03 1.599652003689723642e+03 1.542687480134750786e+03
1.866631966062381707e+03 1.606265599745845975e+03 1.555600760957272996e+03
1.867631996581822932e+03 1.590440799661808342e+03 1.567898705474394546e+03
1.868632027101263247e+03 1.555668721455156629e+03 1.560082506017484093e+03
1.869632057620704472e+03 1.567268691286750254e+03 1.572362192723974431e+03
1.870632088140145243e+03 1.567317520624352255e+03 1.554603399813594933e+03
1.871632118659586013e+03 1.566516325952768966e+03 1.547251300945272078e+03
1.872632149179026783e+03 1.583139126858493910e+03 1.540676420135974240e+03
1.873632179698468008e+03 1.573191794267544537e+03 1.569849903631892403e+03
1.874632210217908778e+03 1.589203564360534074e+03 1.545299520749765179e+03
1.875632240737349548e+03 1.597242664215109471e+03 1.554039998523866416e+03
1.876632271256790318e+03 1.587809731884779467e+03 1.556168975796177847e+03
1.877632301776231543e+03 1.579287794136105731e+03 1.546168340440940483e+03
1.878632332295672313e+03 1.530309043540999483e+03 1.586446995561287622e+03
1.879632362815113083e+03 1.537323642174980705e+03 1.577438427589470393e+03
1.880632393334554308e+03 1.491912080674523168e+03 1.566802234313547615e+03
1.881632423853994624e+03 1.465773639653292776e+03 1.566969290977451692e+03
1.882632454373435849e+03 1.495288673687266055e+03 1.555505927283551500e+03
1.883632484892876619e+03 1.489481939120751122e+03 1.572269060997955421e+03
1.884632515412317844e+03 1.458055097152497183e+03 1.576581931715893916e+03
1.885632545931758159e+03 1.453699408487000255e+03 1.561613062740494570e+03
1.886632576451199384e+03 1.447372026324694161e+03 1.557293063869328762e+03
1.887632606970640154e+03 1.445180449124112783e+03 1.563202200098004141e+03
1.888632637490080924e+03 1.415722813170699737e+03 1.577924098055507784e+03
1.889632668009522149e+03 1.424613398077683087e+03 1.573728130993138166e+03
1.890632698528962919e+03 1.439002904918834247e+03 1.556915445477236972e+03
1.891632729048403689e+03 1.422005924641798629e+03 1.585653515123936359e+03
1.892632759567844460e+03 1.441609187750491401e+03 1.596895265555692276e+03
1.893632790087285684e+03 1.464002838358621375e+03 1.617666146924089844e+03
1.894632820606726455e+03 1.457808233685880623e+03 1.600459749848720548e+03
1.895632851126167225e+03 1.473352689609886511e+03 1.606041189994274191e+03
1.896632881645607995e+03 1.466216694776005170e+03 1.589147893013637713e+03
1.897632912165049220e+03 1.473733477986408616e+03 1.600578385211032582e+03
1.898632942684489535e+03 1.460312288518565765e+03 1.621764728454570559e+03
1.899632973203930760e+03 1.443094681284397666e+03 1.633957844172058685e+03
1.900633003723371530e+03 1.433796893284845282e+03 1.618900047135909062e+03
1.901633034242812755e+03 1.422591311002455768e+03 1.619960274012714535e+03
1.902633064762253525e+03 1.432823903756054278e+03 1.623884209406780428e+03
1.903633095281694295e+03 1.461718876413593534e+03 1.642707988836923960e+03
1.904633125801135520e+03 1.434556288367350135e+03 1.619046540771391392e+03
1.905633156320575836e+03 1.443906930562603520e+03 1.620258093938376533e+03
1.906633186840017061e+03 1.423698627858955660e+03 1.619894345202910699e+03
1.907633217359457831e+03 1.399186550495734991e+03 1.636231253532691426e+03
1.908633247878899056e+03 1.355061244643731698e+03 1.643413039178798726e+03
1.909633278398339371e+03 1.349774956464685602e+03 1.657938232780488079e+03
1.910633308917780596e+03 1.344258092092290099e+03 1.658057786279847733e+03
1.911633339437221366e+03 1.329195203867669989e+03 1.661794552508240713e+03
1.912633369956662136e+03 1.298796386425625315e+03 1.648540629620342315e+03
1.913633400476103361e+03 1.287687520256824428e+03 1.657082303373780405e+03
1.914633430995544131e+03 1.271026832717547222e+03 1.645625922882410123e+03
1.915633461514984901e+03 1.271018961939116707e+03 1.652433690447658819e+03
1.916633492034425672e+03 1.248314639671369150e+03 1.647462042433404349e+03
1.917633522553866896e+03 1.243787449735387781e+03 1.662175124139097534e+03
1.918633553073307667e+03 1.212951024205241993e+03 1.661117813473354090e+03
1.919633583592748437e+03 1.195341024414163257e+03 1.681651489665290228e+03
1.920633614112189207e+03 1.177337994856696241e+03 1.662737707983278597e+03
1.921633644631630432e+03 1.125039574495463967e+03 1.693048099949915240e+03
1.922633675151070747e+03 1.117753377500004717e+03 1.671476748392700074e+03
1.923633705670511972e+03 1.084761828865537609e+03 1.710521226501281262e+03
1.924633736189953197e+03 1.081846361344447359e+03 1.718253258812804006e+03
1.925633766709393967e+03 1.124101577467205061e+03 1.688440177401630308e+03
1.926633797228834737e+03 1.127635466521986018e+03 1.685914516767696114e+03
1.927633827748275507e+03 1.132562615391363579e+03 1.675362013065816882e+03
1.928633858267716732e+03 1.115232668696340625e+03 1.714002166413716850e+03
1.929633888787157048e+03 1.134895798891950108e+03 1.701173823386513504e+03
1.930633919306598273e+03 1.141999174111942921e+03 1.688298258928271025e+03
1.931633949826039043e+03 1.176400495271040199e+03 1.723518767862219647e+03
1.932633980345479813e+03 1.199596084732977033e+03 1.713253753681726266e+03
1.933634010864920583e+03 1.228992651086871774e+03 1.731052084215059494e+03
1.934634041384361808e+03 1.226345153595892043e+03 1.725812620736597410e+03
1.935634071903803033e+03 1.230668168512756893e+03 1.731949927576523351e+03
1.936634102423243348e+03 1.254348038688807719e+03 1.695613718298228832e+03
1.937634132942684573e+03 1.284123959953669328e+03 1.715208368713146911e+03
1.938634163462125343e+03 1.286648300972881771e+03 1.727752000167872666e+03
1.939634193981566114e+03 1.320660504159106495e+03 1.746670783958825723e+03
1.940634224501006884e+03 1.318305991529032326e+03 1.698664027011645430e+03
1.941634255020448109e+03 1.326363215072387902e+03 1.726205934545743048e+03
1.942634285539888879e+03 1.333847004194649344e+03 1.721778482483526204e+03
1.943634316059329649e+03 1.380800960674590897e+03 1.716014181146738338e+03
1.944634346578770419e+03 1.369569811532903259e+03 1.713249891836448114e+03
1.945634377098211644e+03 1.383942918652517619e+03 1.717262041422945003e+03
1.946634407617652414e+03 1.401343039179821062e+03 1.692918837895149636e+03
1.947634438137093184e+03 1.443185932384991247e+03 1.696570632342134104e+03
1.948634468656534409e+03 1.415302487629192910e+03 1.701782841620001818e+03
1.949634499175974724e+03 1.422952995263232879e+03 1.721885179670604430e+03
1.950634529695415949e+03 1.395054347675883037e+03 1.672061445545232573e+03
1.951634560214856720e+03 1.413929803139353680e+03 1.719805386000997260e+03
1.952634590734297944e+03 1.431675684496345639e+03 1.691757006056716818e+03
1.953634621253738260e+03 1.454470658988151627e+03 1.696169489394205812e+03
1.954634651773179485e+03 1.446695463746342284e+03 1.702197370195824078e+03
1.955634682292620255e+03 1.515257312719359106e+03 1.702924198967317579e+03
1.956634712812061025e+03 1.539108277156647091e+03 1.669658259684191307e+03
1.957634743331501795e+03 1.601815952068362094e+03 1.685978869958159976e+03
1.958634773850943020e+03 1.604905995222332422e+03 1.692520636446095523e+03
1.959634804370384245e+03 1.641892783966841307e+03 1.734089527274528564e+03
1.960634834889824560e+03 1.679449177360918839e+03 1.663684828444964296e+03
1.961634865409265785e+03 1.706269124928998281e+03 1.721927398921331587e+03
1.962634895928706555e+03 1.755713519867967989e+03 1.696684392026808837e+03
1.963634926448147326e+03 1.833720873189551639e+03 1.710381375283459874e+03
1.964634956967588096e+03 1.823660129334162775e+03 1.684720655910146434e+03
1.965634987487029321e+03 1.890279481805817341e+03 1.744169987360188316e+03
1.966635018006469636e+03 1.925200597042596200e+03 1.680495555935159928e+03
1.967635048525910861e+03 1.992090248910266382e+03 1.743395624700296594e+03
1.968635079045351631e+03 1.963975167220058211e+03 1.712749166486360082e+03
1.969635109564792856e+03 2.059551661590263393e+03 1.795462519646173405e+03
1.970635140084233626e+03 2.042130647630274325e+03 1.700827976642820204e+03
1.971635170603674396e+03 2.121705495461874307e+03 1.794682314716975498e+03
1.972635201123115621e+03 2.083388375065145738e+03 1.674236299071384565e+03
1.973635231642555937e+03 2.192498398893394551e+03 1.819378310667026199e+03
1.974635262161997161e+03 2.024069806588442589e+03 1.665352547320014764e+03
1.975635292681437932e+03 2.352142779522309866e+03 2.011353348231020846e+03
1.976635323200879157e+03 9.341293801893443742e+02 5.620130783071745100e+02
1.977635353720319472e+03 5.477601266831316025e+02 -2.628080084247135915e+02
1.978635384239760697e+03 7.580396499861017219e+02 5.502295240420005484e+01
1.979635414759201467e+03 6.459244464180719660e+02 -1.349978407727427339e+02
1.980635445278642237e+03 7.428431437650706357e+02 -6.773889493418892016e-01
1.981635475798083462e+03 6.906775971592669521e+02 -9.896742076293014634e+01
1.982635506317524232e+03 7.590736709135890123e+02 -4.612406195511312035e+00
1.983635536836965002e+03 7.141222044589248981e+02 -8.404652491004503645e+01
1.984635567356405772e+03 7.585018371915939497e+02 -1.568266931964524247e+01
1.985635597875846997e+03 7.349828866008374462e+02 -8.361800621307747861e+01
1.986635628395287767e+03 7.749077221166371601e+02 -3.635634721219230414e+01
1.987635658914728538e+03 7.421784562616921903e+02 -7.993223670460224639e+01
1.988635689434169308e+03 7.567043618267634884e+02 -2.965654624498267822e+01
1.989635719953610533e+03 7.146811951003364811e+02 -8.681442802672995640e+01
1.990635750473050848e+03 7.109060076736932388e+02 -3.414222554959599165e+01
1.991635780992492073e+03 6.650103233934023592e+02 -7.523880228577911566e+01
1.992635811511933298e+03 6.852862683155344712e+02 -3.208579932576196825e+01
1.993635842031374068e+03 6.579171064054262388e+02 -6.613074674999700164e+01
1.994635872550814838e+03 6.630268167670765251e+02 -4.647985233920826431e+01
1.995635903070255608e+03 6.260858321806845197e+02 -6.596728018246471947e+01
1.996635933589696833e+03 6.180583574941065308e+02 -4.849030878285145718e+01
1.997635964109137149e+03 5.970884891235218674e+02 -6.188159110470553514e+01
1.998635994628578374e+03 6.057200486218935112e+02 -3.273620119261909167e+01
1.999636025148019144e+03 5.736322896906658571e+02 -6.028854338565497528e+01
