# time[us]  F_in[N]  F_out[N]
# time is the SOURCE FILE's own base (analysis t=0 sits at -909.5 us there)
# F_in: in bar, c0=5126.265 mm/ms, x=[935.0, 120.0] mm, reconstructed at ITS OWN face (x=0), time domain only
# F_out: out bar, c0=5126.265 mm/ms, x=[119.25, 1196.25] mm, reconstructed at ITS OWN face (x=0), time domain only
# x=0 is the output-bar / specimen interface; no eta, no attenuation, no dispersion
-9.094527559055118218e+02 -1.446893844472187318e+01 5.874580196108352581e+00
-9.084527253860709379e+02 -9.343768358644524596e+00 -1.466672231721939168e+00
-9.074526948666300541e+02 -1.469085662350003574e+01 2.061413802056806244e+00
-9.064526643471891703e+02 -2.583014262175157683e+01 1.187135475093761094e+01
-9.054526338277482864e+02 -3.032599839917774887e+01 7.272639218328569299e+00
-9.044526033083074026e+02 -2.849235908122303940e+01 3.944053505994935538e+00
-9.034525727888665187e+02 -2.283957982283646970e+01 3.778699575349603990e+00
-9.024525422694256349e+02 -7.777786190984832260e+00 5.208015744189653518e-02
-9.014525117499847511e+02 -2.374294682389858746e+00 -1.018238343363861631e+01
-9.004524812305438672e+02 -1.192140543202595993e+01 -7.745200326637809773e+00
-8.994524507111029834e+02 -1.966451822448274811e+01 -4.828292420584704203e+00
-8.984524201916620996e+02 -1.331511133443173023e+01 -1.101895272305731766e+01
-8.974523896722212157e+02 -7.125402322151578538e+00 -1.152071385366714118e+01
-8.964523591527803319e+02 -7.166255329300518007e+00 -9.239697144836123144e+00
-8.954523286333394481e+02 -8.155108999786193635e+00 -5.474452689671729821e+00
-8.944522981138985642e+02 -1.232338876464346455e+01 -1.384167248766805747e+00
-8.934522675944576804e+02 -1.301353418877449464e+01 -5.879441075159810737e+00
-8.924522370750167966e+02 -4.063094160831965951e+00 -1.507590206309472514e+01
-8.914522065555759127e+02 3.003591086371356411e+00 -1.881168384069184540e+01
-8.904521760361350289e+02 -3.755305557995359145e+00 -4.633338045576679498e+00
-8.894521455166941450e+02 -1.392528185312224132e+01 9.305098714038427588e+00
-8.884521149972532612e+02 -8.935404494260151154e+00 -3.481320490497939346e+00
-8.874520844778123774e+02 -6.595934105981187123e+00 -6.459995267084957860e+00
-8.864520539583714935e+02 -1.663410701375735812e+01 3.052392092582663974e+00
-8.854520234389306097e+02 -2.000284855838801334e+01 2.773666139884056303e+00
-8.844519929194897259e+02 -1.521358943470348990e+01 -4.700596952542167806e+00
-8.834519624000488420e+02 -1.271184271990612480e+01 -4.324936206319312859e+00
-8.824519318806079582e+02 -5.120315992821851125e-01 -8.959463400911420905e+00
-8.814519013611670744e+02 1.057389407103442558e+01 -8.079258961824345775e+00
-8.804518708417261905e+02 9.175085795335542471e-01 -1.464699225632796420e+00
-8.794518403222853067e+02 8.329383224172355327e-01 -1.647438501660458599e+01
-8.784518098028444228e+02 7.375952512564633246e+00 -2.994343539046982627e+01
-8.774517792834035390e+02 -1.846684529349520876e+00 -8.816992508981321919e+00
-8.764517487639626552e+02 -2.971911680987747495e+00 -9.955760366419269758e+00
-8.754517182445217713e+02 4.185371861768409474e+00 -1.006937456455589697e+01
-8.744516877250808875e+02 6.613025109140108881e+00 -2.093800713654456302e+00
-8.734516572056400037e+02 -2.208023185275565403e+00 -3.381134874346697572e+00
-8.724516266861991198e+02 -6.023988896108048330e+00 -3.158819093456522786e+00
-8.714515961667582360e+02 -1.536101258960266058e+00 -9.710090014411701276e+00
-8.704515656473173522e+02 -1.043919283511976914e+01 2.588378236745662253e+00
-8.694515351278764683e+02 -8.744824689145053398e+00 -7.034404821384714346e-01
-8.684515046084355845e+02 -9.543425747480217325e+00 -4.699615521455728029e+00
-8.674514740889947007e+02 -6.413125575803061196e+00 1.770078368415779480e-01
-8.664514435695538168e+02 -1.942097475402754014e+00 -7.920626473752391483e+00
-8.654514130501129330e+02 -9.116177106315710432e+00 9.924756392463036647e-01
-8.644513825306720491e+02 -8.655126180916470346e+00 -1.004440622470841582e+01
-8.634513520112311653e+02 -1.697840194904579292e+01 3.191715844574727345e+00
-8.624513214917902815e+02 -1.269382020649928222e+01 -8.460954832577426643e+00
-8.614512909723493976e+02 -1.479445160221712641e+01 -4.590316522187585235e+00
-8.604512604529085138e+02 -2.351509013350828070e+01 1.789130191414295012e+01
-8.594512299334676300e+02 -1.063012370528737094e+01 8.839125403258346836e+00
-8.584511994140267461e+02 -7.203062644661135216e+00 -9.610656747284199497e+00
-8.574511688945858623e+02 -1.721503554080419462e+01 7.536882052504578766e-01
-8.564511383751449785e+02 -1.314730546507505871e+01 5.972705611026077221e+00
-8.554511078557040946e+02 6.699725987960203355e-02 -1.643801297435580455e+00
-8.544510773362632108e+02 3.966244471954065709e+00 3.309737483937851721e+00
-8.534510468168223269e+02 5.680098770214514481e-01 1.322192614103241226e+01
-8.524510162973814431e+02 5.487779941848759613e+00 -1.870738454456997601e+00
-8.514509857779405593e+02 3.771710631594175744e+00 -2.892836107472982476e+00
-8.504509552584996754e+02 3.097211373283348390e+00 1.168083380068503274e+01
-8.494509247390587916e+02 1.289753959864284028e+01 2.414121092884108144e+00
-8.484508942196179078e+02 1.826174249295557317e+01 -1.094183951064132287e+01
-8.474508637001770239e+02 5.857391428307629155e+00 -1.955490270082609783e+00
-8.464508331807361401e+02 -4.082722809712359791e+00 9.044884073349566123e+00
-8.454508026612952563e+02 -2.199649645751497129e+00 4.724509549008037546e+00
-8.444507721418543724e+02 -6.883975428197838475e+00 4.937557099546038053e+00
-8.434507416224134886e+02 -8.395893587479484665e+00 2.072242023019343904e-01
-8.424507111029726047e+02 -7.973358981342319574e+00 -5.870448803195520426e+00
-8.414506805835317209e+02 -1.121204480327422104e+01 -7.270641950244267626e+00
-8.404506500640908371e+02 -1.177503477822214961e+01 3.929906118573304852e+00
-8.394506195446499532e+02 -3.387343411915160196e+00 -1.025298960553411742e+00
-8.384505890252090694e+02 3.295911161591666083e+00 -1.302000983400840539e+01
-8.374505585057681856e+02 -6.932355054645653603e-01 -1.188665222975680535e+01
-8.364505279863273017e+02 -2.626384633437581329e+00 -5.151305271395854923e+00
-8.354504974668864179e+02 -2.809925043560635438e-01 -8.151408500779316668e+00
-8.344504669474455341e+02 -6.271703158677688350e+00 -9.818331465168942174e+00
-8.334504364280046502e+02 -1.191067955971750258e+01 4.025950914635646249e+00
-8.324504059085637664e+02 -4.419201495005433245e+00 8.844843283752570784e+00
-8.314503753891228826e+02 -3.741097787208537362e+00 1.217360104231081053e+01
-8.304503448696819987e+02 -9.567946475854602895e+00 1.939627528957237601e+01
-8.294503143502411149e+02 -3.849473197195933505e+00 1.506055244327551357e+01
-8.284502838308002310e+02 1.785247984074234129e+00 6.603476901507555397e+00
-8.274502533113593472e+02 1.416932755002943356e+00 4.465814788243534394e+00
-8.264502227919184634e+02 -2.477305491107000268e+00 1.037769430160350481e+01
-8.254501922724775795e+02 -2.486963422716223171e+00 7.987220340543463415e+00
-8.244501617530366957e+02 -5.146274584186910417e+00 2.607088460635043958e+00
-8.234501312335958119e+02 -2.687877819144249614e+00 -1.029983407180103328e+01
-8.224501007141549280e+02 -3.310810261861494297e+00 -8.883787856027087315e+00
-8.214500701947140442e+02 -9.187922010841608866e+00 1.232296804726139428e+01
-8.204500396752731604e+02 -8.596735916455924276e-01 -4.808330921497189436e+00
-8.194500091558322765e+02 -4.716505999140198746e+00 2.517355204813108038e+00
-8.184499786363913927e+02 -6.062789581152991936e+00 9.325842049536166023e-01
-8.174499481169505088e+02 -9.504247051329366869e+00 1.173877896669329779e+01
-8.164499175975096250e+02 -7.285563590903021414e+00 4.111934285875929795e+00
-8.154498870780687412e+02 -1.634705631078942289e+00 -8.685299813654896894e+00
-8.144498565586278573e+02 -9.324915641071106265e+00 8.407574514559620127e+00
-8.134498260391869735e+02 -5.068639416300051437e+00 -2.742646952098845681e+00
-8.124497955197460897e+02 1.976922167056392787e+00 -1.133694718605416440e+01
-8.114497650003052058e+02 2.056627275546796252e+00 -5.927815975690736927e+00
-8.104497344808643220e+02 -7.849823043565455905e+00 5.652347217299906745e+00
-8.094497039614234382e+02 -2.595880326122957271e+00 -1.274786933190484639e+00
-8.084496734419825543e+02 8.216553243640612791e+00 -1.365837477414494039e+01
-8.074496429225416705e+02 -9.141492164831049649e+00 9.816897854943071877e+00
-8.064496124031007867e+02 -1.698576538292796201e+01 5.431844441014122005e+00
-8.054495818836599028e+02 -1.974681632930231956e+01 2.094569800270811299e+00
-8.044495513642190190e+02 -1.652754606181553143e+01 -5.394591061299831125e+00
-8.034495208447781351e+02 -1.801129216865347615e+01 -6.984768993516560442e+00
-8.024494903253372513e+02 -1.895151982272047775e+01 2.380917816811037646e+00
-8.014494598058963675e+02 -1.004994229859513766e+01 9.384855391662265234e+00
-8.004494292864554836e+02 -9.750710149387467496e+00 1.020158021056530373e+01
-7.994493987670145998e+02 -1.525250239770114291e+01 7.186720025283671376e+00
-7.984493682475737160e+02 -1.698688848309288346e+01 1.714990949120387409e+00
-7.974493377281328321e+02 -2.304470828545968430e+01 7.160162014346669324e-01
-7.964493072086919483e+02 -2.636331107211163172e+01 6.461346734418458304e+00
-7.954492766892510645e+02 -1.932158360608204362e+01 -2.460367752380493656e+00
-7.944492461698101806e+02 -4.230569061878577841e+00 -8.201840901282480445e+00
-7.934492156503692968e+02 -2.106869474138399756e+00 4.574717405893363953e+00
-7.924491851309284129e+02 -7.726506774457311266e+00 6.065337358775634513e+00
-7.914491546114875291e+02 -4.273342174933548954e+00 -3.364073170973478355e+00
-7.904491240920466453e+02 -2.064259613246547609e+00 4.007059581409246896e-01
-7.894490935726057614e+02 -1.013180107095450566e+01 -1.532373681580214253e+00
-7.884490630531648776e+02 -1.516428299416235248e+01 2.864404479982884943e-01
-7.874490325337239938e+02 -2.002314277471366566e+01 4.791551424518680768e-01
-7.864490020142831099e+02 -1.519284667496356533e+01 4.447815539065301138e+00
-7.854489714948422261e+02 -3.291169068825920974e-01 -8.289959682020443310e+00
-7.844489409754013423e+02 -3.101896449326379646e+00 -1.388871455590261839e+01
-7.834489104559604584e+02 -1.341519406066075959e+01 -1.017169931985378284e+01
-7.824488799365195746e+02 -1.350511528114672899e+01 -8.061682734208181600e+00
-7.814488494170786907e+02 -5.716180454617962425e+00 -1.498281929055908179e+01
-7.804488188976378069e+02 -2.715987239147751087e+00 -1.591259426230483065e+01
-7.794487883781969231e+02 9.990246227328516415e-01 -2.116907445813405886e+01
-7.784487578587560392e+02 4.130345337679072415e+00 -2.057833896189332279e+01
-7.774487273393151554e+02 3.958925891076039871e+00 -1.461719588251808588e+00
-7.764486968198742716e+02 8.543083388881466789e+00 9.617398867875994739e-01
-7.754486663004333877e+02 8.528289791487249971e+00 -1.926249251442654753e+01
-7.744486357809925039e+02 7.943757849884704569e+00 -1.026799417484093091e+00
-7.734486052615516201e+02 3.425017418359048804e+01 -1.195521401611945045e+01
-7.724485747421107362e+02 3.767374464964848357e+01 -1.385862329534787385e+00
-7.714485442226698524e+02 4.387230357906428679e+01 -3.359536112393120000e+00
-7.704485137032289686e+02 4.901012969467907965e+01 -3.216620162933189420e+00
-7.694484831837880847e+02 4.546610969803268887e+01 -1.900366627281314891e+00
-7.684484526643472009e+02 5.089756961256583168e+01 -1.762554049311210491e+01
-7.674484221449063170e+02 4.451441515458682829e+01 -2.591754299387692750e+00
-7.664483916254654332e+02 3.642663403470209715e+01 4.377395916238024043e+00
-7.654483611060245494e+02 4.289114882478552460e+01 -9.570503649531154622e+00
-7.644483305865836655e+02 4.535675226832765361e+01 -1.451725746290662400e+01
-7.634483000671427817e+02 4.069935887637079475e+01 -2.815483653857441482e+00
-7.624482695477018979e+02 5.463055797965262883e+01 -7.191026685181862277e+00
-7.614482390282610140e+02 5.486503080355159057e+01 -1.566859948600323627e+01
-7.604482085088201302e+02 3.614332971170148312e+01 -1.089509154593541851e+01
-7.594481779893792464e+02 3.149293514720170606e+01 -7.447798180637301257e+00
-7.584481474699383625e+02 4.337304763997936163e+01 -3.914118579673985909e+00
-7.574481169504974787e+02 4.411144995147451198e+01 6.680531289950512708e+00
-7.564480864310565948e+02 3.387242945448907960e+01 7.808660647464783722e+00
-7.554480559116157110e+02 2.786680466303986847e+01 -8.415827590625191590e+00
-7.544480253921748272e+02 3.938373127418893915e+01 -1.261188944411283508e+01
-7.534479948727339433e+02 4.470242191447010782e+01 -7.576072246536191379e+00
-7.524479643532930595e+02 4.811048028948307831e+01 -6.719118251135072661e+00
-7.514479338338521757e+02 5.411382483640376506e+01 -2.504313579708239867e+00
-7.504479033144112918e+02 5.516434889694588151e+01 1.910771512035587261e+00
-7.494478727949704080e+02 4.876603730710912998e+01 -7.311953388077322202e+00
-7.484478422755295242e+02 4.357188216399502068e+01 -1.426402796002996531e+01
-7.474478117560886403e+02 3.969438500305859918e+01 -6.912311074174287029e+00
-7.464477812366477565e+02 4.133483902082834760e+01 -7.392148348945699610e+00
-7.454477507172068727e+02 4.157548629448497479e+01 -1.511915624086203458e+01
-7.444477201977659888e+02 4.361704526559519479e+01 -1.880626051714128621e+01
-7.434476896783251050e+02 3.837862289610856692e+01 1.411361678837335987e+00
-7.424476591588842211e+02 2.975849626875736220e+01 2.069696317635268201e+01
-7.414476286394433373e+02 4.424291393443099452e+01 -5.663993055300323043e+00
-7.404475981200024535e+02 4.827588205159887735e+01 -2.319603443751671712e+00
-7.394475676005615696e+02 4.729939588210388024e+01 4.809138582182806765e+00
-7.384475370811206858e+02 4.044909979385056431e+01 7.776779344758073975e+00
-7.374475065616798020e+02 3.660624037086182625e+01 7.279339160918985030e+00
-7.364474760422389181e+02 3.189925618922394790e+01 3.614159738691777424e+00
-7.354474455227980343e+02 3.263819676542060222e+01 7.735979278437159934e+00
-7.344474150033571505e+02 4.630376385959032604e+01 -8.346155703849115426e+00
-7.334473844839162666e+02 4.857317827075675609e+01 -8.209573525542214867e+00
-7.324473539644753828e+02 4.818151633739927320e+01 3.560255668342641400e+00
-7.314473234450344989e+02 5.915992991961934422e+01 -9.401252423555449766e+00
-7.304472929255936151e+02 6.307476346758782881e+01 -2.062373056393171922e+01
-7.294472624061527313e+02 4.937765455532401404e+01 -8.899598638254923699e+00
-7.284472318867118474e+02 4.457993805602268367e+01 -7.891670094450832451e+00
-7.274472013672709636e+02 2.144170824093602334e+01 -1.293675032512491896e+01
-7.264471708478300798e+02 -1.138559221212259587e+01 1.390200323242418179e+01
-7.254471403283891959e+02 -6.050971053474896166e-01 -1.407578660767935030e+00
-7.244471098089483121e+02 -3.818280149819770486e-01 -6.612001296706028874e+00
-7.234470792895074283e+02 -1.574232890897522807e+01 7.137378147807789119e+00
-7.224470487700665444e+02 -1.841614293155438986e+01 1.803687187884304066e+01
-7.214470182506256606e+02 -1.532053224295828642e+01 9.179099582020205261e+00
-7.204469877311847767e+02 3.470028267128490995e+00 -2.086135955947663234e+01
-7.194469572117438929e+02 9.001027666061787613e+00 -3.074974059369921520e-01
-7.184469266923030091e+02 7.843031929024419924e-01 9.540465044082234058e+00
-7.174468961728621252e+02 -5.661241558162586784e+00 2.974986582911909316e+00
-7.164468656534212414e+02 -1.288069898872063845e+01 2.828764454363553504e+00
-7.154468351339803576e+02 -8.438260561300758411e+00 8.238844698040370673e+00
-7.144468046145394737e+02 6.958424554661988282e-01 -4.648476053441577882e+00
-7.134467740950985899e+02 -2.802181301173099826e+00 -5.847404904215378174e+00
-7.124467435756577061e+02 -1.905208068241135422e+01 6.507934740849882438e+00
-7.114467130562168222e+02 -2.251700516370172878e+01 4.122553084499465115e+00
-7.104466825367759384e+02 -1.295830232160978568e+01 -1.173989616466721486e+01
-7.094466520173350546e+02 -1.327412298035092419e+00 -1.591566329176258066e+01
-7.084466214978941707e+02 1.692136633016765757e+00 -8.944599463569453235e+00
-7.074465909784532869e+02 -3.244148841505413827e+00 -8.095569982060425218e+00
-7.064465604590124030e+02 -1.087478090878905590e+01 -1.227629567549502809e+01
-7.054465299395715192e+02 -1.065874824905850460e+01 -1.736181882777597707e+01
-7.044464994201306354e+02 -1.201469625894140236e+01 -2.178147017823631160e+01
-7.034464689006897515e+02 -1.763008902782398835e+01 -2.035255348815980270e+01
-7.024464383812488677e+02 -2.710060604767410553e+01 -3.733902029992332672e+00
-7.014464078618079839e+02 -1.703667517382457675e+01 1.190299830312028817e+01
-7.004463773423671000e+02 -1.533137873679741858e+00 4.089308942470085029e+00
-6.994463468229262162e+02 -4.263922814346482681e+00 6.610000074097923672e+00
-6.984463163034853324e+02 -1.605246257644827423e+01 2.702006993104985710e+00
-6.974462857840444485e+02 -2.326014892540037948e+01 -1.541882046907905313e+01
-6.964462552646035647e+02 -2.044183589437514570e+01 -1.941236096311221004e+01
-6.954462247451626808e+02 -9.107995212926276452e+00 -1.672196528921406156e+01
-6.944461942257217970e+02 3.992427979724546105e+00 -1.389206733531358395e+01
-6.934461637062809132e+02 4.387242779245802637e+00 -7.579651899794004777e+00
-6.924461331868400293e+02 -1.367773119131994264e+01 -5.309713400875784028e-01
-6.914461026673991455e+02 -2.716908039917368711e+01 -6.505980666493933917e+00
-6.904460721479582617e+02 -1.824166440746053652e+01 -1.212595099836600276e+01
-6.894460416285173778e+02 -1.186982398027592467e+01 -9.553183001748987380e+00
-6.884460111090764940e+02 -1.639096943324011235e+01 -9.778393188562850113e+00
-6.874459805896356102e+02 -2.217458723464865500e+01 -1.763162296911541560e+01
-6.864459500701947263e+02 -2.111552829412813281e+01 -1.337877215965438893e+01
-6.854459195507538425e+02 -2.034710911887611218e+01 -1.129043291401821847e+01
-6.844458890313129587e+02 -3.050776275407009308e+01 -3.695868030894021938e+00
-6.834458585118720748e+02 -4.331093181553309535e+01 6.875486936261498983e-03
-6.824458279924311910e+02 -4.396384515707856622e+01 -6.958393456808151356e+00
-6.814457974729903071e+02 -2.569396452307273293e+01 -2.042986660112678265e+00
-6.804457669535494233e+02 3.137585274421326176e-01 7.978042339877577938e+00
-6.794457364341085395e+02 -2.878108531037298690e+00 1.961399326914342822e+01
-6.784457059146676556e+02 -1.402587510422142358e+01 8.923499004355107900e+00
-6.774456753952267718e+02 -3.271057131513067873e+00 -5.062878888560955470e-01
-6.764456448757858880e+02 4.125331362810754854e+00 2.398604104832128048e+00
-6.754456143563450041e+02 -7.265076620744537195e-01 2.953956897706813578e+00
-6.744455838369041203e+02 -3.195425806371112287e+00 8.526593783143574967e+00
-6.734455533174632365e+02 -1.454023335382652959e+01 3.073598767104545360e+01
-6.724455227980223526e+02 -7.231440564166796037e+00 1.435584898735345227e+01
-6.714454922785814688e+02 8.802525422809630129e+00 -4.450376019185595666e-01
-6.704454617591405849e+02 2.741307488096306599e+01 -1.687813185780652248e+01
-6.694454312396997011e+02 2.592008411118294475e+01 -1.942973378064701251e+01
-6.684454007202588173e+02 1.571893118816755930e+01 1.860900211136842231e+00
-6.674453702008179334e+02 1.572953532261841758e+01 1.048027391860786750e+00
-6.664453396813770496e+02 8.848622032464810161e+00 6.705515980156517841e-01
-6.654453091619361658e+02 3.336058734716225160e+00 1.506162790477078950e+01
-6.644452786424952819e+02 1.548493907534264480e+01 1.575518596228551971e+01
-6.634452481230543981e+02 1.663138161928731051e+01 5.366793649152784340e+00
-6.624452176036135143e+02 4.581893314872019118e+00 3.693272470051748968e+00
-6.614451870841726304e+02 -1.796834488607750302e+00 5.712930567531485870e+00
-6.604451565647317466e+02 -3.749881318792823492e+00 3.473940952274310323e+00
-6.594451260452908627e+02 -9.962965336187160403e+00 4.890493907622825986e+00
-6.584450955258499789e+02 -1.158012840811672817e+01 7.613888333084155136e+00
-6.574450650064090951e+02 2.281392853578957158e+00 -1.228676931574432096e+01
-6.564450344869682112e+02 1.020109729107608132e+01 -1.745689268633442737e+01
-6.554450039675273274e+02 6.877465582670772903e+00 -9.130912617370727347e+00
-6.544449734480864436e+02 5.952354204514435310e+00 -8.551033057611970634e+00
-6.534449429286455597e+02 -3.719173281706407153e+00 -6.748187607857754955e+00
-6.524449124092046759e+02 -8.945638315593310352e+00 5.427979030417834139e+00
-6.514448818897637921e+02 8.926854864886056617e+00 -1.077771415503363173e+01
-6.504448513703229082e+02 8.496730842146096307e+00 1.115805074926202067e+01
-6.494448208508820244e+02 5.924463583205831441e+00 1.049848399137304966e+01
-6.484447903314411406e+02 -9.091639244538026077e+00 1.961732228386759402e+01
-6.474447598120002567e+02 -1.161131643777974887e+01 -7.273379301491861071e+00
-6.464447292925594866e+02 -1.317624758278304142e+01 -3.002963392045094793e+01
-6.454446987731184890e+02 -1.414379816032824877e+01 -5.723210061804861581e+00
-6.444446682536776052e+02 -2.797899348149520904e+00 -2.805113230623718756e+00
-6.434446377342367214e+02 -5.414181615694104721e-01 -1.576862203393287487e+01
-6.424446072147958375e+02 -2.132440681463620535e+00 -1.131287010832948958e+01
-6.414445766953549537e+02 1.994522028704615479e+00 -1.469782006297838173e+00
-6.404445461759140699e+02 1.274466660962188769e+01 -6.470604511841996143e+00
-6.394445156564731860e+02 8.671145726621112715e+00 3.886304361936896434e+00
-6.384444851370323022e+02 -5.411043074737520442e-01 7.876042607151254593e+00
-6.374444546175914184e+02 1.028944711008111312e+01 -2.025874693686706252e+00
-6.364444240981505345e+02 1.633085044834317046e+01 -1.577085685307688934e+01
-6.354443935787096507e+02 -2.607347303496538871e-01 -7.205257828737948955e+00
-6.344443630592687668e+02 -1.573004885043372170e+01 -5.030432916468943638e+00
-6.334443325398278830e+02 -1.378236585208901488e+01 -3.136735601698344311e+01
-6.324443020203869992e+02 -4.950900524039340667e+00 -4.212975783185843426e+01
-6.314442715009461153e+02 4.112693881992093736e+00 -3.064548998576555761e+01
-6.304442409815052315e+02 4.521755591055161005e+00 -1.536985449210228438e+01
-6.294442104620643477e+02 -5.648700754765656029e+00 -1.034607153724781625e+00
-6.284441799426234638e+02 -1.479820550889887798e+01 6.482985955269990441e+00
-6.274441494231825800e+02 -1.259840123702979398e+01 2.085091360863930987e-01
-6.264441189037418098e+02 -8.064439304672518460e+00 -1.133628216560978430e+01
-6.254440883843008123e+02 -1.453929358353904888e+01 -1.325116621562419716e+01
-6.244440578648599285e+02 -2.121797468734568781e+01 2.106969089611162360e+00
-6.234440273454190447e+02 -2.823690878016222428e+01 9.683777494344679937e+00
-6.224439968259781608e+02 -2.848323537205310885e+01 3.964322958340692704e+00
-6.214439663065372770e+02 -3.409830129131371734e+01 4.247355455827369397e+00
-6.204439357870963931e+02 -2.496170810061373402e+01 3.765879281419589830e+00
-6.194439052676555093e+02 -1.469127221315400789e+01 -1.008548796023624128e+01
-6.184438747482146255e+02 -1.565235474795172976e+01 -1.349415008151833995e+01
-6.174438442287737416e+02 -2.410381145037988304e+01 -1.360555894944651456e+00
-6.164438137093328578e+02 -2.064548784658281022e+01 2.227813938650432313e+00
-6.154437831898919740e+02 -2.426990133109405434e+01 -2.112823982346023755e+00
-6.144437526704510901e+02 -2.630409972391014151e+01 1.889503109563920979e+00
-6.134437221510102063e+02 -1.174808157414006970e+01 -4.216377109617592822e+00
-6.124436916315694361e+02 3.594633397341539194e+00 -1.051970770123556242e+01
-6.114436611121284386e+02 2.476455397572188133e-01 -3.116965369167857602e+00
-6.104436305926875548e+02 -1.026662436611047724e-02 -4.662438138029466828e+00
-6.094436000732466709e+02 6.970744619820635535e+00 4.929454378169997320e+00
-6.084435695538057871e+02 1.111602989617876958e+01 -6.461936003777946524e+00
-6.074435390343649033e+02 -4.400684468838861108e+00 -1.877818621144913180e+01
-6.064435085149240194e+02 -2.417138987192630850e+01 -1.313748499359849298e+01
-6.054434779954831356e+02 -1.961406143675832681e+01 -5.601069544199270389e+00
-6.044434474760422518e+02 -1.989692698869544429e+01 4.674808939017376375e-01
-6.034434169566013679e+02 -1.981049026531345802e+01 -2.330825187679948840e+01
-6.024433864371604841e+02 -2.016016007507457530e+01 4.311029900974064688e+00
-6.014433559177196003e+02 -1.687934134655255036e+01 6.077479389210106220e+00
-6.004433253982787164e+02 -2.188433331897071099e+01 2.077319907328825366e+01
-5.994432948788378326e+02 -4.254823409615077878e+00 2.894759908805669113e+01
-5.984432643593969487e+02 9.170755844803977652e+00 2.701496232171212242e+01
-5.974432338399560649e+02 -2.987497670213727474e+00 2.302461273320367319e+00
-5.964432033205151811e+02 -1.956640433565215531e+01 -9.916722264328166503e+00
-5.954431728010742972e+02 -2.443417783724352077e+01 2.143207433028317865e+01
-5.944431422816334134e+02 -2.226920373237216566e+01 2.699237202088155385e+01
-5.934431117621925296e+02 -1.149829765156820116e+01 -7.383707197513807330e+00
-5.924430812427517594e+02 -2.023874414741966987e+01 -1.750792613966593336e+01
-5.914430507233107619e+02 -3.945428048344157901e+01 -6.683592464313596437e+00
-5.904430202038698781e+02 -2.936141438940054371e+01 -1.609687209984358347e+01
-5.894429896844289942e+02 -3.386806841065872220e+01 -1.057071767469800605e+01
-5.884429591649881104e+02 -3.646270612305573167e+01 2.333016826685741840e+00
-5.874429286455472266e+02 -2.625874413412556407e+01 9.364630755511205606e+00
-5.864428981261063427e+02 -1.521065753883133453e+01 -6.672105409020200995e+00
-5.854428676066654589e+02 -1.014247008073034095e+01 7.502722732229042180e+00
-5.844428370872245750e+02 -1.435006794195906110e+01 3.421559152828193895e+00
-5.834428065677836912e+02 -2.028906241761037776e+01 -1.394553181607582992e+01
-5.824427760483428074e+02 -3.213111961106817205e+01 -1.536562743326287617e+01
-5.814427455289019235e+02 -3.839983555285540007e+01 -2.039720166531982404e+00
-5.804427150094610397e+02 -2.342059634871381490e+01 -7.833264214025961181e-01
-5.794426844900201559e+02 -3.214371572943424127e+00 -8.786298153691767254e+00
-5.784426539705792720e+02 6.141044398530254966e+00 -1.614010790754404923e+01
-5.774426234511383882e+02 1.381841326085272215e+01 -2.535442893036978518e+01
-5.764425929316975044e+02 5.470891124155468077e+00 -1.882783863737084218e+01
-5.754425624122566205e+02 1.342720129908517634e+00 7.723589283159551400e+00
-5.744425318928157367e+02 1.116010305517662005e+01 1.493227675877435701e+01
-5.734425013733748528e+02 1.161095371033702861e+01 -2.781510661437928356e+00
-5.724424708539340827e+02 1.143764590358550493e+01 -1.142980948241191541e+01
-5.714424403344930852e+02 -2.977954827707897323e+00 -6.713638539238599989e+00
-5.704424098150522013e+02 -1.926605136777462945e+01 1.880201345461880891e+00
-5.694423792956113175e+02 -2.567870685214818138e+01 1.525277604359122918e+01
-5.684423487761704337e+02 -2.124621198202735428e+01 3.835912878197163423e+00
-5.674423182567295498e+02 -1.178270525984868655e+01 1.151442869643091171e+00
-5.664422877372886660e+02 -6.137717684573473775e+00 9.494269940811470576e+00
-5.654422572178477822e+02 -9.777302138853716684e+00 1.744440626018534957e+01
-5.644422266984068983e+02 -1.465520579869085793e+00 1.982878206497183271e+01
-5.634421961789660145e+02 1.144529456268102763e+00 1.256218696339663410e+01
-5.624421656595251306e+02 -1.098358863115876360e+01 -1.390029462885406630e+00
-5.614421351400842468e+02 -3.190888322336768113e+00 -3.254112348111293240e-01
-5.604421046206433630e+02 1.057542751535367387e+01 1.527244838037089547e+00
-5.594420741012024791e+02 1.076786016925293410e+00 3.547281905751010544e+00
-5.584420435817617090e+02 -4.984976209673622094e+00 1.232374832278293475e+00
-5.574420130623207115e+02 1.308403122700540067e+01 1.164656445280377817e+00
-5.564419825428798276e+02 3.046462798750589229e+01 2.748918369854105315e+00
-5.554419520234389438e+02 1.690361726640737672e+01 -5.681519346888924460e+00
-5.544419215039980600e+02 1.097088829107504893e+01 -1.392282257931324452e+01
-5.534418909845571761e+02 2.448581381903021992e+01 -2.704960429455166704e+01
-5.524418604651162923e+02 2.480899686756472988e+00 -2.487933691721647023e+01
-5.514418299456754085e+02 -9.664645312914295516e+00 8.191740908947036104e+00
-5.504417994262345246e+02 2.307514591830243589e+01 -1.071487667761440221e+00
-5.494417689067936408e+02 2.238028533617984550e+01 9.993791395489786566e+00
-5.484417383873527569e+02 5.662816333141229563e+00 3.239713316029079415e+00
-5.474417078679118731e+02 -1.897759538762803189e+01 1.411814566989602149e+01
-5.464416773484709893e+02 -3.977748708919634879e+01 2.084191494738978179e+01
-5.454416468290301054e+02 -3.410778571993869690e+01 1.647759064959427988e+01
-5.444416163095892216e+02 -2.397141722041104828e+01 1.558130164515877780e+01
-5.434415857901483378e+02 -2.312771974867204960e+01 1.596268029312719605e+00
-5.424415552707074539e+02 -1.864947613163167972e+01 9.818683912097856847e+00
-5.414415247512665701e+02 1.073535737050950800e+01 5.648539386801651574e+00
-5.404414942318256863e+02 1.582729803444426864e+01 1.531347797739811867e+01
-5.394414637123848024e+02 8.446603363162061839e+00 5.686542439099552482e+00
-5.384414331929440323e+02 -3.067111211308422014e-01 3.150524543184246795e+00
-5.374414026735030347e+02 -4.574854094652128111e+00 1.373715184387278754e+01
-5.364413721540621509e+02 5.213016804959298867e+00 5.741085173979463718e+00
-5.354413416346212671e+02 1.164448712834727218e+01 1.194563064401285235e+00
-5.344413111151803832e+02 2.565237837161170376e+01 -2.110190500842389127e+00
-5.334412805957394994e+02 2.599015565206350331e+01 1.696943425482251300e-01
-5.324412500762986156e+02 2.342772895402553601e+01 -1.936399820134753202e+00
-5.314412195568577317e+02 3.058648974530597542e+01 7.485891163141634941e+00
-5.304411890374168479e+02 3.248581494396746905e+01 1.166230896424495533e+01
-5.294411585179759641e+02 2.178681922508101820e+01 8.259262079643182375e+00
-5.284411279985350802e+02 1.953067050698741980e+00 8.560767456369831052e+00
-5.274410974790941964e+02 -2.711976154714442089e+00 1.051397431689037987e+01
-5.264410669596533126e+02 -1.044988227877908571e+01 3.285768682744213187e+00
-5.254410364402124287e+02 -9.673165699989855426e+00 3.577353176427428227e+00
-5.244410059207716586e+02 2.650878284704781152e+00 6.997946805154713346e+00
-5.234409754013306610e+02 1.056439470383237378e+01 1.660319860945739912e+00
-5.224409448818897772e+02 2.321136992632881046e+01 7.401217019434303879e+00
-5.214409143624488934e+02 4.213701729577343968e+01 1.288340724561345496e+01
-5.204408838430080095e+02 4.108985138740310106e+01 1.659673349442753221e+01
-5.194408533235671257e+02 2.829123987994699974e+01 1.278958461354456766e+01
-5.184408228041263555e+02 2.289800060709927010e+01 6.157136056222776155e+00
-5.174407922846853580e+02 7.574151493947709923e+00 -5.390945482497571106e-01
-5.164407617652444742e+02 -5.950591400891617866e+00 6.683207098604160734e+00
-5.154407312458035904e+02 -6.645365817637909345e+00 1.892772780867176863e+01
-5.144407007263627065e+02 -1.219985463402046832e+00 9.089642772718455888e+00
-5.134406702069218227e+02 1.169371508392310943e+01 -7.563714102040345111e+00
-5.124406396874809388e+02 8.985345004329541752e+00 -1.785029770623186351e+00
-5.114406091680400550e+02 7.001721998010992820e+00 4.203031037774961121e+00
-5.104405786485991712e+02 -6.018803823833778210e-01 -7.597681871854556235e+00
-5.094405481291582873e+02 -1.989385534661087007e+01 -1.867325122189175346e+01
-5.084405176097174035e+02 -1.770344446545360029e+01 -8.142029381176529412e+00
-5.074404870902765197e+02 -1.314077884689834619e+01 -5.250466441346617330e+00
-5.064404565708356358e+02 -2.193006371603256710e+01 -1.643560497377773899e+01
-5.054404260513947520e+02 -2.105790108576001529e+01 -1.526587311791081092e+01
-5.044403955319539250e+02 -2.277469577300117720e+01 -7.852445131305132442e+00
-5.034403650125129843e+02 -2.512211288289260125e+01 -1.267358337466389173e+01
-5.024403344930721005e+02 -2.413602255189945112e+01 -1.621453964963455974e+01
-5.014403039736312735e+02 -2.700121800825029794e+01 2.175388373175509038e+00
-5.004402734541903328e+02 -2.924543682062673966e+01 2.262732778202803274e+01
-4.994402429347494490e+02 -8.459900833964589140e+00 -1.511208487883126139e+01
-4.984402124153086220e+02 9.324006897058293220e+00 4.671383460059193915e+00
-4.974401818958676813e+02 2.092672983573316969e+01 2.707573860526508724e+00
-4.964401513764267975e+02 2.113043381556925482e+01 1.961758144114441382e+00
-4.954401208569859136e+02 3.016138152175680176e+01 -1.115010118639646208e+01
-4.944400903375450298e+02 2.952811407435954294e+01 -7.507380996548051577e+00
-4.934400598181041460e+02 1.112531715952007971e+01 1.520752068580798699e+00
-4.924400292986632621e+02 9.835154093273818177e+00 -2.978281900935937365e+00
-4.914399987792223783e+02 1.403835498437285167e+01 -1.320058990906075280e+01
-4.904399682597814945e+02 6.718406905545883490e+00 -9.445641059303046205e+00
-4.894399377403406106e+02 -1.371873881793915473e+01 8.966664184986496977e-01
-4.884399072208997268e+02 -1.121431386630504079e+01 -2.258323629570922364e+00
-4.874398767014588998e+02 -1.412088250119490240e+01 -6.106712676379846272e-01
-4.864398461820179591e+02 -2.085700307368625062e+01 1.579234137999053367e+01
-4.854398156625770753e+02 -1.655380882014441113e+01 2.057570618147905250e+01
-4.844397851431362483e+02 -1.071860353905717744e+01 -1.938413426427515684e+00
-4.834397546236953076e+02 -1.443072339929368297e+01 -8.901032036843070649e-01
-4.824397241042544238e+02 -1.185291346611171548e+01 -1.494101111469037235e-01
-4.814396935848135968e+02 -1.089931179003438899e+01 -1.530441897309006549e+01
-4.804396630653726561e+02 -1.731833339357699941e+01 -9.906643069064916318e+00
-4.794396325459317723e+02 -3.013718940082507203e+01 -2.199826483393385601e+00
-4.784396020264908884e+02 -2.950010493165864034e+01 -1.009035187634527375e+01
-4.774395715070500046e+02 -1.365123258206347856e+01 -2.353826049837125822e+01
-4.764395409876091207e+02 -6.520481751405899473e+00 -1.759661659295831981e+01
-4.754395104681682369e+02 -1.111165786432818692e+01 -1.268611545640730931e+01
-4.744394799487273531e+02 -4.560823347131112371e+00 -3.216806722213989644e+01
-4.734394494292864692e+02 -5.438531010579929159e+00 -9.236366288818945947e+00
-4.724394189098455854e+02 4.053364560259353766e-01 -1.896221633986438349e+01
-4.714393883904047016e+02 -5.209151242519482139e+00 -2.004932800415024374e+01
-4.704393578709638746e+02 8.233161757897335065e+00 -2.457221052293148489e+01
-4.694393273515229339e+02 5.163915458623584698e+00 -1.773151428454952594e+01
-4.684392968320820501e+02 4.129814348133365343e+00 -1.049648811599848841e+01
-4.674392663126412231e+02 1.915519598890136166e+01 -1.228148380982239019e+01
-4.664392357932002824e+02 2.056906385448251839e+01 5.300706131199973470e+00
-4.654392052737593986e+02 7.874415439873789779e+00 -1.254319810861283635e+00
-4.644391747543185716e+02 2.008596111396570905e+00 -2.888029241797875102e+01
-4.634391442348776309e+02 -3.330460094726575448e+00 -2.399473202127322935e+01
-4.624391137154367470e+02 -1.069157248072912836e+01 -4.633274881234841658e+00
-4.614390831959958632e+02 6.094107888623980784e-01 -4.043632850318242156e+00
-4.604390526765549794e+02 1.710349130347648128e+01 -9.787377527363545937e+00
-4.594390221571140955e+02 2.572014745241324363e+01 -1.862211945515889155e+01
-4.584389916376732117e+02 1.814861038410365168e+01 -3.125811247444517704e+01
-4.574389611182323279e+02 2.218240143430620748e+01 -9.217774016867259945e+00
-4.564389305987914440e+02 4.945679683352054212e+00 -6.095391463220831696e+00
-4.554389000793505602e+02 1.385618919843481933e+01 -2.093104867070927710e+01
-4.544388695599096764e+02 3.029950464497500917e+01 -3.744241359354116128e+01
-4.534388390404687925e+02 4.161851772764396173e+01 -2.020071583009669425e+01
-4.524388085210279087e+02 4.555954999509383185e+01 -1.432215969047563853e+01
-4.514387780015870248e+02 3.277773656428572480e+01 -3.941840663589690053e+01
-4.504387474821461979e+02 3.467540233657724258e+01 -4.842083177495591428e+01
-4.494387169627052572e+02 2.490778178629388151e+01 1.332842584468302860e+01
-4.484386864432643733e+02 2.243171584672942487e+01 1.636416935350786694e+00
-4.474386559238235463e+02 4.213976209102143144e+01 -7.514478178557473242e+00
-4.464386254043826057e+02 4.846647049018513798e+01 -3.667220765135928318e+00
-4.454385948849417218e+02 6.217268090076937881e+01 -7.005807901484235600e+00
-4.444385643655008948e+02 5.910140608702519671e+01 5.057740094391566466e+00
-4.434385338460599542e+02 6.013780206049624155e+01 6.083155334090637467e-01
-4.424385033266190703e+02 5.623272631932544385e+01 4.157610194745955390e-01
-4.414384728071781865e+02 5.248655863013426881e+01 1.339660963438438657e+01
-4.404384422877373026e+02 7.428595764123016920e+01 1.444498465864805681e+00
-4.394384117682964188e+02 7.405047326358840110e+01 -9.870813553467927548e+00
-4.384383812488555350e+02 5.667513110327877968e+01 -8.743969328434864963e+00
-4.374383507294146511e+02 4.854241144525421703e+01 -1.041837840832999795e+01
-4.364383202099737673e+02 5.764326543912659417e+01 -8.648662504918753768e+00
-4.354382896905328835e+02 6.943818691743669547e+01 -4.936292941665533895e+00
-4.344382591710919996e+02 7.667390583510209012e+01 2.088531201356361322e+01
-4.334382286516511726e+02 9.291079219659670230e+01 3.305128199487307228e+01
-4.324381981322102320e+02 1.036292427072384612e+02 1.076370760979690289e+01
-4.314381676127693481e+02 9.611706492355205000e+01 2.717303218957595412e+00
-4.304381370933285211e+02 7.845047876258431074e+01 1.825872980342816732e+01
-4.294381065738875805e+02 6.159228103721643066e+01 1.634193109574953695e+01
-4.284380760544466966e+02 5.673594381174084589e+01 1.847476275746996777e+01
-4.274380455350058696e+02 5.322355033312713601e+01 1.868223690010668037e+01
-4.264380150155649289e+02 4.619007868590981047e+01 1.507656839844520746e+01
-4.254379844961240451e+02 4.083319858512870582e+01 1.417434033485867317e+01
-4.244379539766831613e+02 3.851253815440371397e+01 1.117193887455505319e+01
-4.234379234572422774e+02 5.323640573373098306e+01 -9.026738480647507501e+00
-4.224378929378013936e+02 5.172666952998102374e+01 -2.045029516453792695e+01
-4.214378624183605098e+02 3.293104557550167044e+01 -1.700350959761102487e+01
-4.204378318989196259e+02 2.723779911430054312e+01 -1.509035653955137235e+01
-4.194378013794787421e+02 4.582700016895997663e+01 -2.523703377453404073e+01
-4.184377708600378583e+02 4.781507225136335393e+01 -3.121915585609237453e+01
-4.174377403405969744e+02 3.565360974658765514e+01 -2.505061528255742331e+01
-4.164377098211561474e+02 5.787272675282743961e+01 -7.955882316084299966e+00
-4.154376793017152067e+02 6.539436438127725637e+01 3.722696442931507033e+00
-4.144376487822743229e+02 5.269059430309356173e+01 -1.179593803232120486e+00
-4.134376182628334959e+02 5.461006766557035519e+01 1.961989466469437104e+01
-4.124375877433925552e+02 6.692388805525899897e+01 3.787275405227075709e+01
-4.114375572239516714e+02 4.659614530139355537e+01 2.376353793863672692e+01
-4.104375267045108444e+02 5.598245737083006190e+01 1.721894492321603209e+01
-4.094374961850699037e+02 5.339454419497511850e+01 1.076834320657916955e+01
-4.084374656656290199e+02 4.000221120924535967e+00 -2.120703237081380976e+00
-4.074374351461881929e+02 -1.790528618993462828e+00 -1.034476733020179751e+01
-4.064374046267473091e+02 -7.388875366400142752e+00 -8.243448777544672978e+00
-4.054373741073063115e+02 -2.188309867839778633e+01 1.268465289874722046e+01
-4.044373435878654846e+02 -1.701860048668685010e+01 1.044993009132617878e+01
-4.034373130684246007e+02 -1.240124846226905220e+00 -7.190326621180454403e+00
-4.024372825489837169e+02 3.505649088828488402e+01 -5.105163086420535734e+00
-4.014372520295428899e+02 4.047906543386574185e+01 5.257369228899576363e+00
-4.004372215101020061e+02 1.095589223868655893e+01 2.009201031719193509e+00
-3.994371909906610654e+02 3.084043578094565419e+00 8.911114970917800804e+00
-3.984371604712201815e+02 -2.266216195767960073e+01 1.503671331628166641e+01
-3.974371299517792977e+02 -4.110504562878008983e+01 2.564782625442752106e+01
-3.964370994323384139e+02 -4.964780552411724557e+00 1.002082000465389022e+01
-3.954370689128975300e+02 2.164773801869641545e+01 1.606641952617858138e+00
-3.944370383934566462e+02 7.554173336605032318e+00 1.026860355744527986e+01
-3.934370078740157624e+02 -9.300423909178007875e+00 -3.868491353252640153e+00
-3.924369773545748785e+02 -1.767105791016527405e+01 8.338206515790881568e+00
-3.914369468351339947e+02 2.487744331925114238e+00 -1.245315969522849997e+01
-3.904369163156931108e+02 6.074273901496468397e+00 -1.623633011445959085e+01
-3.894368857962523407e+02 1.320593427667782294e+01 -2.750690755363550011e+00
-3.884368552768113432e+02 2.030727377424146596e+01 -2.258195202815124958e+01
-3.874368247573704593e+02 6.781076851594519894e+00 -1.727717650793446680e+01
-3.864367942379295755e+02 -2.467659357682356358e+01 1.667150518647712332e+01
-3.854367637184886917e+02 -3.750875297555707988e+01 2.812012338303499703e+01
-3.844367331990478078e+02 -3.228764471617627407e+01 -9.919333044213760608e-01
-3.834367026796070377e+02 -1.187935565155558493e+01 -4.567102530553525774e+00
-3.824366721601660402e+02 1.615893051500151500e+00 3.240588106315516370e+01
-3.814366416407251563e+02 4.878722961929327084e-01 3.401869264123097025e+01
-3.804366111212842725e+02 -1.094786271581830306e+01 1.940315227187100078e+01
-3.794365806018433886e+02 -2.756353159585992785e+01 2.730516541835481803e+01
-3.784365500824025048e+02 -8.169241085171542238e+00 2.288537246288919391e+01
-3.774365195629616210e+02 7.078931500423365719e+00 2.311241614495594376e+01
-3.764364890435207371e+02 1.839652865403294868e+00 2.612211223399279802e+01
-3.754364585240798533e+02 7.734641275922911063e-01 2.061939206431567229e+01
-3.744364280046389695e+02 -9.521706579035949858e+00 2.807439317070586249e+00
-3.734363974851980856e+02 -2.736623930616264744e+01 1.808670848855576452e+01
-3.724363669657573155e+02 -1.750333581542782468e+01 3.017714754609234262e+01
-3.714363364463163180e+02 1.489612904902786283e+01 1.333164811310648901e+00
-3.704363059268754341e+02 1.764645002416604314e+01 -1.375410900835787231e+01
-3.694362754074345503e+02 -1.146738541531347266e+01 -1.057150541678974154e+00
-3.684362448879936665e+02 -1.138590986161514707e+01 7.968392276760109638e+00
-3.674362143685527826e+02 -3.710725262020872606e+00 -9.699544635172959062e+00
-3.664361838491120125e+02 -2.898529287828854706e+01 -1.437742190519462326e+01
-3.654361533296710149e+02 -4.320340659365376013e+01 -1.582781002334995790e+01
-3.644361228102301311e+02 -3.144402064993420254e+01 -2.773810307977648648e+01
-3.634360922907892473e+02 -3.262277624548097066e+01 -2.108899328883944690e+01
-3.624360617713483634e+02 -5.940054231802434970e+00 -1.209215813160055220e+01
-3.614360312519074796e+02 1.331544736571633791e+01 -2.612134431904823018e+01
-3.604360007324665958e+02 -1.281654138882767313e+01 -3.041258529597853055e+01
-3.594359702130257119e+02 -1.981462565723801816e+01 -2.636446820652532352e+01
-3.584359396935848281e+02 -1.459478101173106523e+01 -2.521296826448370965e+01
-3.574359091741439443e+02 -9.663859600290884089e+00 -7.598651862021775116e+00
-3.564358786547030604e+02 -1.237121717524014741e+01 4.099326365997947086e+00
-3.554358481352621766e+02 -2.829193153230372104e+01 -2.437619569413433496e+01
-3.544358176158212927e+02 -8.624923178079299646e+00 4.428420719193252530e+00
-3.534357870963804089e+02 9.684038432950359265e+00 5.850424898303693055e+00
-3.524357565769395251e+02 2.940789745227111496e+01 -1.372688305045804746e+00
-3.514357260574986412e+02 4.195538701456054298e+01 -3.187563929371791005e+01
-3.504356955380577574e+02 2.712765882489978253e+01 -3.057610750383063092e+01
-3.494356650186169873e+02 1.121947783778577445e+01 7.547115561021273678e+00
-3.484356344991759897e+02 7.433836150518828845e+00 -1.392343990587141089e+00
-3.474356039797351059e+02 7.143995498215105044e+00 -3.707364272750466316e+00
-3.464355734602942221e+02 2.894160355210178182e+01 -1.564202563128320733e+00
-3.454355429408533382e+02 2.733701651604638982e+01 5.328231616032912399e-01
-3.444355124214124544e+02 2.106873225519503023e+01 -2.563042031364195950e+00
-3.434354819019716842e+02 1.328166312157667051e+01 -5.725569590620397165e+00
-3.424354513825306867e+02 -8.703293398276557014e+00 2.702959799103920346e+01
-3.414354208630898029e+02 -2.181388543093621735e+01 -1.233705562935977085e+01
-3.404353903436489190e+02 -3.104629404232510126e+01 -1.512447653601829423e+01
-3.394353598242080352e+02 -1.209725527947079371e+01 -2.218292156654776903e+01
-3.384353293047671514e+02 2.402081222570359387e+00 5.583123344847285452e+00
-3.374352987853262675e+02 4.771036951776117974e+00 1.664768655116770901e+01
-3.364352682658853837e+02 1.521568710385565737e+00 -5.308078332039937841e+00
-3.354352377464444999e+02 -7.024744324855191735e+00 -4.021567438252709792e+01
-3.344352072270036160e+02 -1.071261011900097770e+01 -3.157576205292021143e+01
-3.334351767075627322e+02 1.287785441725586821e+01 -1.009478615796386691e+01
-3.324351461881219620e+02 2.683976091227075500e+01 -2.012166335390387673e+01
-3.314351156686809645e+02 6.166727479232605447e+00 -1.286160887379606654e+00
-3.304350851492400807e+02 -1.928141780248716231e+01 1.387165687187701835e+01
-3.294350546297991968e+02 1.270095566420948785e+00 1.186819420559845106e+01
-3.284350241103583130e+02 6.386227420492645024e+00 2.572575339572692954e+01
-3.274349935909174292e+02 -6.240666737450112578e+00 2.694665498785921898e+01
-3.264349630714766590e+02 1.163140436088502838e+01 1.109026454881592016e+00
-3.254349325520356615e+02 1.525867349073423185e+01 2.981407398353757898e+00
-3.244349020325947777e+02 -1.649759532599246370e+01 3.051255535467077351e+01
-3.234348715131538938e+02 -2.684496911083905246e+01 5.662630333380038650e+01
-3.224348409937130100e+02 -1.279310041265702580e+00 5.192389466169804990e+01
-3.214348104742721262e+02 -1.197473231972094254e+01 3.021740150377487666e+01
-3.204347799548312423e+02 -2.756307302740466980e+01 2.301522859898681617e+01
-3.194347494353903585e+02 8.067878124293272890e+00 2.045221092618520942e+01
-3.184347189159494746e+02 2.171024337550301908e+01 3.563606824600157097e+01
-3.174346883965085908e+02 1.136205304862175325e+01 3.964436976339185748e+01
-3.164346578770677070e+02 -1.286940353359184996e+00 1.331965823918659098e+01
-3.154346273576269368e+02 -1.137838624290212408e+01 1.408446456953140924e+01
-3.144345968381859393e+02 -1.253014363905175799e+01 2.845733023659140315e+01
-3.134345663187450555e+02 1.462597873305711005e+00 3.788726677234213014e+01
-3.124345357993041716e+02 2.615135911268197333e+00 3.816025408103993755e+01
-3.114345052798632878e+02 6.281860751882646809e+00 8.997545740779269607e+00
-3.104344747604224040e+02 1.620426480123690283e+00 -1.775626056691394439e+01
-3.094344442409816338e+02 2.188298745054098049e+00 6.651208106061687886e+00
-3.084344137215406363e+02 1.953353355506237676e+00 -6.748094271424227131e+00
-3.074343832020997525e+02 -1.971193458888672723e+01 -3.114362449950784040e+00
-3.064343526826588686e+02 -3.535171538023653426e+01 1.329858893369343775e+01
-3.054343221632179848e+02 -4.782462812315741729e+01 4.156812703747524651e+00
-3.044342916437771009e+02 -4.878333803104607114e+01 1.739683546554960003e+01
-3.034342611243362171e+02 -5.023488859409776808e+01 1.825828940473536832e+01
-3.024342306048953333e+02 -4.462691873642951634e+01 2.990806183875415059e+01
-3.014342000854544494e+02 -3.271943125860579471e+01 2.760794199952022865e+01
-3.004341695660135656e+02 -2.696995766859208032e+01 -3.197484895061990073e+00
-2.994341390465726818e+02 -3.296654482428711930e+01 1.436288521541224483e+01
-2.984341085271319116e+02 -3.192848576220139734e+01 3.315957704655807703e+01
-2.974340780076909141e+02 -3.552384433618988169e+01 2.444612918210271246e+01
-2.964340474882500303e+02 -4.009039804540406493e+01 2.210946551951425931e+01
-2.954340169688091464e+02 -2.528617551226302851e+01 4.780969840038858365e+01
-2.944339864493682626e+02 6.268137654014978466e+00 2.652818660784572558e+01
-2.934339559299273787e+02 6.241279277674095738e+00 -5.704567658000891939e+00
-2.924339254104866086e+02 -7.613471537448624815e+00 2.168432433619100408e+01
-2.914338948910456111e+02 3.224055316250101555e+00 -8.867500325771835890e+00
-2.904338643716047272e+02 3.420082742149091359e+00 -2.994714887330713182e+01
-2.894338338521638434e+02 -2.236244318418756905e+01 -2.728981452538772601e+01
-2.884338033327229596e+02 -2.677461909555193387e+01 -8.014542431142491097e+00
-2.874337728132820757e+02 -1.310044368378919444e+01 -6.574839829306768024e+00
-2.864337422938411919e+02 -4.035560922260302164e+00 -2.194118895526491997e+01
-2.854337117744003081e+02 -1.271593608825594401e+01 -7.508120556601192597e+00
-2.844336812549594242e+02 -1.248899636326704154e+01 -9.108705496274862590e-01
-2.834336507355185404e+02 2.554419986532714404e+00 -1.298006252070193511e+01
-2.824336202160776566e+02 -1.527119220813356293e+01 -1.311894009852653475e+01
-2.814335896966368864e+02 4.686339372309888063e+00 2.225932097009244437e+00
-2.804335591771958889e+02 3.520455756504239986e+01 -3.331734325133965058e+00
-2.794335286577550050e+02 9.313033669047385388e+00 8.207973817791245352e+00
-2.784334981383141212e+02 -1.322418931726976155e+01 2.124600339785857273e+01
-2.774334676188732374e+02 -8.581877035458113312e+00 -1.519075076318523365e+01
-2.764334370994323535e+02 -2.154460104209643845e+01 -7.167494134785226834e+01
-2.754334065799915834e+02 -2.927100841896024974e+01 -5.175724818792302528e+01
-2.744333760605505859e+02 -1.830746677536331646e+01 -2.155074809171680528e+01
-2.734333455411097020e+02 -2.967202207654349877e+01 -2.090991615023892791e+01
-2.724333150216688182e+02 -3.601014983086907506e+01 -2.006287134678176898e+01
-2.714332845022279344e+02 -3.614509305468816081e+01 -2.461155593498659044e+01
-2.704332539827870505e+02 -1.584890312288269598e+01 -2.813854015877740267e+01
-2.694332234633462804e+02 -1.283018757168785839e+01 -2.440035989113157200e+01
-2.684331929439052828e+02 -2.616303081832212740e+01 1.023982347464365716e+01
-2.674331624244643990e+02 -2.154455943357248771e+01 3.460415434196489670e+00
-2.664331319050235152e+02 -2.584961286081140486e+01 -2.425489361715763081e+01
-2.654331013855826313e+02 -3.345112122280402644e+01 -1.900586733148947616e+01
-2.644330708661418612e+02 -3.690654361428163810e+01 9.671250404842693271e+00
-2.634330403467008637e+02 -2.750214365909538472e+01 5.925288098715990159e+00
-2.624330098272599798e+02 -8.987170389907909396e+00 -2.967429205536514303e+01
-2.614329793078190960e+02 6.224177490887065289e+00 -1.054274265838325242e+01
-2.604329487883782122e+02 2.760200189709082963e+01 2.274629445636331404e+00
-2.594329182689373283e+02 3.841033314184416270e+01 2.355255014968876282e+01
-2.584328877494965582e+02 8.775469353177115295e+00 2.529886998796036224e+01
-2.574328572300555606e+02 7.625001838417944100e-01 4.562574825564116310e+00
-2.564328267106146768e+02 2.364965567685077730e+01 -1.379751499352587096e+01
-2.554327961911737930e+02 2.347458003323300346e+01 -1.865503658981100443e+01
-2.544327656717329091e+02 1.491196619951225699e+01 2.480597296424054932e+01
-2.534327351522920253e+02 1.153766166345316435e+01 3.154455451092634277e+01
-2.524327046328512552e+02 1.008567232458071317e+01 -1.042693740926742585e+01
-2.514326741134102576e+02 -2.017343869010794322e+00 -1.516105720366556930e+01
-2.504326435939693738e+02 -8.411050115045455300e-01 -1.797092096251132176e+01
-2.494326130745284900e+02 3.868375778504017148e+00 -3.846581174742325260e+01
-2.484325825550876061e+02 -6.930828640608076796e+00 -6.684242693879570041e+00
-2.474325520356467223e+02 -6.215259458026430650e+00 1.386405561607410064e+01
-2.464325215162058385e+02 1.128506729563189737e+01 1.800781701755909125e-01
-2.454324909967649546e+02 4.965077777698695627e+00 1.448633990008834616e+01
-2.444324604773240708e+02 -7.357452597139790385e+00 4.151686214305956213e+01
-2.434324299578831869e+02 8.358318224321060086e+00 3.318909438176832793e+01
-2.424323994384423031e+02 3.231603080072930823e+01 2.157170119901137184e+01
-2.414323689190015330e+02 1.923107660638513750e+01 2.570988053080570879e+01
-2.404323383995605354e+02 7.124847886833819643e+00 3.682274657836931908e+01
-2.394323078801196516e+02 7.877687941403436866e+00 4.669801407688630945e+01
-2.384322773606787678e+02 2.727707664864708192e+01 3.483029938776031997e+01
-2.374322468412378839e+02 2.222456131146900304e+01 2.643167577973700588e+01
-2.364322163217970001e+02 3.130214682888450994e+01 -1.489709463406841472e+01
-2.354321858023562299e+02 4.747026972111896015e+01 -7.260120874164080362e+00
-2.344321552829152324e+02 2.100887588607913870e+01 6.217719872582449625e+00
-2.334321247634743486e+02 1.603792125025618986e+01 8.622341082309139537e+00
-2.324320942440334647e+02 3.322087821966039201e+01 2.600377321274199005e+01
-2.314320637245925809e+02 1.733252324121122001e+01 9.859568743782668676e+00
-2.304320332051516971e+02 1.271512175927485089e+01 3.271173570651521345e+01
-2.294320026857108132e+02 -6.545677308710253328e+00 5.061774107161954817e+01
-2.284319721662699294e+02 -2.663110941281243171e+01 5.829084171159188088e+01
-2.274319416468290456e+02 -1.383838104467207231e+01 1.929685529480526185e+01
-2.264319111273881617e+02 -6.615495835110966283e+00 -2.146967868112374589e+01
-2.254318806079472779e+02 -2.218904891675941826e+01 1.755673253653658961e+01
-2.244318500885065077e+02 -2.090415140427651863e+01 4.841448792385615008e+01
-2.234318195690655102e+02 9.384476630348324022e+00 1.968989936241589689e+01
-2.224317890496246264e+02 9.224902011780962141e+00 6.638870793919938507e+00
-2.214317585301837426e+02 5.730871830730109195e+00 1.239779064493809457e+01
-2.204317280107428587e+02 1.619278023466686989e+01 6.494706883149930832e+00
-2.194316974913019749e+02 2.213084859828710904e+01 2.989313754996837957e+01
-2.184316669718612047e+02 3.313180459030934344e+01 3.831500477911670544e+01
-2.174316364524202072e+02 4.272812549114804881e+01 2.216483906850182350e+01
-2.164316059329793234e+02 4.199797740696774895e+01 1.251716512111760693e+01
-2.154315754135384395e+02 1.426930627432310672e+01 2.522521750899410620e+01
-2.144315448940975557e+02 -5.496583338621590542e+00 2.640887228774993645e+01
-2.134315143746566719e+02 -6.092475432700268811e+00 -2.293460268509085154e+01
-2.124314838552157880e+02 -3.590361304665947273e+00 -5.254090702067476570e+01
-2.114314533357749042e+02 -7.533382842887377251e-01 -2.735389395173232430e+01
-2.104314228163340204e+02 -1.562249612465749493e+01 3.078698902279681349e+00
-2.094313922968931365e+02 -1.822282008343487547e+01 2.359059968732807278e+01
-2.084313617774522527e+02 -2.697569451912659133e+01 2.614316512361943623e+01
-2.074313312580114825e+02 -2.100810213555783434e+01 -6.976748976127925772e+00
-2.064313007385704850e+02 3.485902343459571284e+00 -2.345110646684478439e+01
-2.054312702191296012e+02 1.826950668154184854e+01 -6.849695543754859450e+00
-2.044312396996887173e+02 3.479559572980832627e+01 3.144719877391470675e+01
-2.034312091802478335e+02 5.238575432430117473e+01 4.753468950484918309e+01
-2.024311786608069497e+02 5.543552494559536825e+01 2.322108813627592383e+01
-2.014311481413661795e+02 3.103399966585000413e+01 9.054182452068266329e+00
-2.004311176219251820e+02 7.737623088249129921e+00 2.118291838338512179e+01
-1.994310871024842982e+02 -1.345333552509563901e+01 9.180147445063894907e+00
-1.984310565830434143e+02 -2.037174891678505162e+01 -8.887060709545661297e+00
-1.974310260636025305e+02 -7.436652622017973613e+00 -3.613281079322311484e+01
-1.964309955441616466e+02 -1.204859975668014016e+01 -2.764476763825479466e+01
-1.954309650247207628e+02 -9.839606231693608152e+00 -2.546863070405078133e+01
-1.944309345052798790e+02 -1.349097208444938190e+00 -2.183367942695030450e+01
-1.934309039858389951e+02 2.220113843036236290e+01 -2.907333623674153955e+01
-1.924308734663981113e+02 3.103306324900778179e+01 -3.946009728278282580e+01
-1.914308429469572275e+02 6.125153020333954146e+00 -8.109940959014895867e+00
-1.904308124275164573e+02 1.081449551197358971e+00 3.099557169809451196e+01
-1.894307819080754598e+02 -7.284751980841981833e+00 3.812670023632023941e+01
-1.884307513886345760e+02 -3.049910152339780467e+01 1.613244581903906294e+01
-1.874307208691936921e+02 -2.011924775010123057e+01 -7.178740445027905537e+00
-1.864306903497528083e+02 -2.984007003956795501e+01 -2.168725216471392514e+01
-1.854306598303119245e+02 -3.120796996349157126e+01 -1.201094174805283821e+01
-1.844306293108711543e+02 -2.675709887403401410e+01 1.975403753555803732e+01
-1.834305987914301568e+02 -1.701538756706017352e+01 -1.543351135213940850e+01
-1.824305682719892729e+02 -7.057511996297890278e+00 -4.800018874778221090e+00
-1.814305377525483891e+02 1.514368610432989470e+01 1.501657463551386762e+01
-1.804305072331075053e+02 5.117320649138406452e+01 3.440100857501059295e+01
-1.794304767136666214e+02 5.008803561853103048e+01 4.604342321463862220e+01
-1.784304461942258513e+02 3.827507452226993223e+01 2.309731632866548168e+01
-1.774304156747848538e+02 5.223077530801452895e+01 -1.278761808591884019e+01
-1.764303851553439699e+02 4.475275166626719425e+01 -1.108923886246521207e+01
-1.754303546359030861e+02 9.694721021382022741e+00 2.925932694858481398e+01
-1.744303241164622023e+02 8.027622396658067316e+00 4.263933678528519522e+01
-1.734302935970214321e+02 3.816856628280229558e+01 3.362346997998637121e+00
-1.724302630775804346e+02 2.758354500856087554e+01 3.949466463405215677e-02
-1.714302325581395507e+02 -5.947316864791751811e+00 2.092695505310909709e+01
-1.704302020386986669e+02 3.360474753783705637e+00 1.613873747120584312e+01
-1.694301715192577831e+02 9.751495003454166977e-01 2.569638698932034870e+01
-1.684301409998168992e+02 -1.859134135820324474e+01 2.592245794330438002e+01
-1.674301104803761291e+02 -1.299873956500358929e+01 2.689483392703292708e+01
-1.664300799609351316e+02 -2.008607189671039350e+00 3.475802567039475832e+01
-1.654300494414942477e+02 -1.841938378279294852e+01 5.001412822164132876e+01
-1.644300189220533639e+02 -6.948445683927026550e+00 2.244504665062526172e+01
-1.634299884026124801e+02 1.428467745971396852e+01 -2.988762482204673887e+01
-1.624299578831715962e+02 -1.059114701818662496e+01 -4.537351402816480572e+01
-1.614299273637308261e+02 -3.721831851142959380e+01 -1.899908328532792723e+01
-1.604298968442898286e+02 -2.961028460295816700e+01 -6.441536542077866301e+00
-1.594298663248489447e+02 -1.870326628102284161e+01 6.561892650606413468e+00
-1.584298358054080609e+02 -2.085595325514116638e+01 7.092142406586861014e-01
-1.574298052859671770e+02 -1.916657157322202920e+01 -2.282162971982684141e+01
-1.564297747665264069e+02 -1.730858816707645076e+01 -1.794729346658078839e+01
-1.554297442470854094e+02 -2.593020164898263147e+01 1.436684148837544228e+01
-1.544297137276445255e+02 -1.933272908225876563e+01 1.959092895367440690e+01
-1.534296832082036417e+02 -3.576974118459176566e+00 -6.132123192669027389e+00
-1.524296526887627579e+02 2.436854594902661120e+01 -8.491012673292363644e+00
-1.514296221693218740e+02 1.425797051745028199e+01 -7.093268665176386989e+00
-1.504295916498811039e+02 8.032785902989758142e+00 -5.817590792532513433e+00
-1.494295611304401064e+02 2.695669867377719697e+01 1.658062172459093730e+01
-1.484295306109992225e+02 3.052783889422602215e+01 6.571230690485325709e+00
-1.474295000915583387e+02 1.522959581032725396e+01 -1.711055065253505703e+00
-1.464294695721174548e+02 -1.420009263643748909e-01 1.537281670965389679e+01
-1.454294390526765710e+02 -1.358200522762490436e+01 3.083888386080418798e+01
-1.444294085332358009e+02 -1.202319625432163264e+01 1.896804914832620170e+01
-1.434293780137948033e+02 4.095474885183683966e+00 -4.384992293403841224e+00
-1.424293474943539195e+02 2.110662128588862174e+01 -8.125936274702745266e+00
-1.414293169749130357e+02 3.709678422372101636e+01 1.750450753606792631e+01
-1.404292864554721518e+02 2.959967487071789805e+01 1.202306513673008759e+01
-1.394292559360313817e+02 3.099386661017686606e+01 1.373634141660980035e+01
-1.384292254165903842e+02 3.248022417157822872e+01 -3.505791053494223597e+00
-1.374291948971495003e+02 3.921544350974536286e+01 1.080289678142057497e+01
-1.364291643777086165e+02 4.460982997795267124e+01 2.029362543376122119e+01
-1.354291338582677326e+02 4.981347526800893633e+01 8.642495732067793313e+00
-1.344291033388268488e+02 4.440618783506663192e+01 -1.585466609815158989e+01
-1.334290728193860787e+02 1.855946180907140786e+01 -2.393030559174952998e+01
-1.324290422999450811e+02 2.822894093897194523e+01 -3.966195858876816516e+01
-1.314290117805041973e+02 1.952170709872485332e+01 3.944495438265329224e+00
-1.304289812610633135e+02 -6.268571402410344717e+00 2.831143369990166292e+01
-1.294289507416224296e+02 1.658964503886656416e+01 2.734246179720043912e+01
-1.284289202221815458e+02 5.864023581155102960e+01 -2.106181949633196382e+01
-1.274288897027407756e+02 7.072131975248964864e+01 6.520149304600479923e+00
-1.264288591832997781e+02 4.580046775137773807e+01 3.666394118428010529e+01
-1.254288286638588943e+02 4.953362913859849925e+01 2.989159826522752894e+01
-1.244287981444180105e+02 7.379202052164001202e+01 7.085250672919798376e-01
-1.234287676249771266e+02 6.608241362449820144e+01 -1.508647447582136358e+01
-1.224287371055363565e+02 6.886326060548186945e+01 1.154156609276490641e+01
-1.214287065860953589e+02 7.568960222460663090e+01 -6.393919873785359087e+00
-1.204286760666544751e+02 4.211562794499241846e+01 1.011335193351230366e+01
-1.194286455472135913e+02 1.472997872964312194e+01 2.710210155846556290e+01
-1.184286150277727074e+02 4.924248697163699973e+01 1.232138486853192028e+01
-1.174285845083318236e+02 7.328546905471750961e+01 1.271777990696294935e+01
-1.164285539888910535e+02 5.901461714955970450e+01 2.749127139792572905e+01
-1.154285234694500559e+02 7.664963838299559029e+01 2.447973345627668351e+01
-1.144284929500091721e+02 1.085142908133636013e+02 5.827581877467876481e+00
-1.134284624305682883e+02 1.047463363161061807e+02 4.903161670572787401e+00
-1.124284319111274044e+02 7.946186791644723257e+01 1.144414926146334111e+01
-1.114284013916865206e+02 6.379697326832757653e+01 1.302459442949259838e+01
-1.104283708722457504e+02 4.600431111587812438e+01 2.253092859372392809e+01
-1.094283403528047529e+02 3.696797954712976519e+01 1.401559648222575305e+01
-1.084283098333638691e+02 4.780216974076093095e+01 -1.268379186236685996e+01
-1.074282793139229852e+02 4.362237001708325579e+01 1.068771991419449563e+00
-1.064282487944821014e+02 3.080332898682692644e+01 2.306202793993462308e+01
-1.054282182750412176e+02 4.544929450487599354e+01 1.249554327604920090e+01
-1.044281877556003337e+02 5.601348062238339764e+01 2.484008251538169532e+01
-1.034281572361594499e+02 5.049030671971019757e+01 -3.930940081595588609e+00
-1.024281267167185661e+02 2.165397036861565994e+01 1.032880099675619157e+01
-1.014280961972776822e+02 3.410368160599921339e+01 4.422280473058071593e+00
-1.004280656778367984e+02 4.160650709391119051e+01 -8.985037546920723983e+00
-9.942803515839602824e+01 2.423627783570809413e+01 -1.222007038257212486e+01
-9.842800463895503071e+01 5.791092247869597287e+01 -2.354953175719720804e+01
-9.742797411951414688e+01 7.706418899374804710e+01 -2.760645082348698054e+01
-9.642794360007326304e+01 4.873063910230632700e+01 7.443011927209592926e+00
-9.542791308063237921e+01 3.606473813822232444e+01 2.488380478869314061e+01
-9.442788256119149537e+01 6.161483895000810662e+01 -1.115889020160523604e+00
-9.342785204175072522e+01 4.326507435270313806e+01 -5.568473732136392407e+00
-9.242782152230972770e+01 4.091161727592894692e+01 1.061611631366297459e+01
-9.142779100286884386e+01 4.002383489061648447e+01 1.582933281222937794e+01
-9.042776048342796003e+01 -2.398804567480937067e+00 6.559391913968697807e+00
-8.942772996398707619e+01 3.318209498597738616e+00 2.508116080917817570e+00
-8.842769944454619235e+01 2.399779701655987196e+01 -3.888975114125902799e+00
-8.742766892510542220e+01 1.987055423249827868e+01 1.091333865863232333e+00
-8.642763840566442468e+01 -4.116938300784312332e+00 1.277877517656142636e+01
-8.542760788622354085e+01 3.080078663188530186e+00 -3.874570243321420193e-01
-8.442757736678265701e+01 5.564947264826115259e+01 6.051727205835963019e+00
-8.342754684734177317e+01 4.786532638977453757e+01 -6.143362823830195829e+00
-8.242751632790100302e+01 2.765582407527453768e+01 -1.056307751383847560e+01
-8.142748580846000550e+01 1.920886892665944856e+01 -6.660257484044930010e+00
-8.042745528901912166e+01 -4.898243909798452478e+00 -3.228752443971849573e+00
-7.942742476957823783e+01 -1.973579315351072694e+01 -2.085760951267188190e+01
-7.842739425013735399e+01 -2.250380712923274018e+00 -8.479456082332676559e+00
-7.742736373069647016e+01 2.419647775632235209e+01 4.630918226783239611e+00
-7.642733321125570001e+01 3.887626784157518500e+00 1.028839171128734797e+00
-7.542730269181470248e+01 -1.513155727215337265e+01 -7.327133840271972787e+00
-7.442727217237381865e+01 -8.046331842727340700e+00 -2.530583752592565361e+01
-7.342724165293293481e+01 1.234885477019091127e+01 7.668482794149236170e-01
-7.242721113349205098e+01 3.530139424005625415e+00 1.385208625300696106e+01
-7.142718061405116714e+01 -6.086105206790790589e-01 -1.235802493462689533e+01
-7.042715009461039699e+01 3.930170225711663079e+00 -1.619906367896540900e+01
-6.942711957516939947e+01 -2.133637474823188995e-01 1.849545605126482251e+00
-6.842708905572851563e+01 -2.801767154144931737e+01 8.893035303017082782e-02
-6.742705853628763180e+01 -5.139048077329145769e+01 -3.995563912961764608e+00
-6.642702801684674796e+01 -6.215877270841088631e+01 1.870873019362105083e+01
-6.542699749740597781e+01 -3.225837996077616765e+01 2.813778588852125750e+01
-6.442696697796498029e+01 1.751944333121784325e+00 -1.605943094348157629e+01
-6.342693645852409645e+01 5.638947495374679875e+00 -3.409227671497039580e+01
-6.242690593908321262e+01 -1.087161138190960230e+01 -2.683592839585618606e+01
-6.142687541964232878e+01 -2.749604396346516921e+01 -3.745804646556472051e+00
-6.042684490020144494e+01 6.523095525826704488e+00 -5.537381182910081634e-01
-5.942681438076067479e+01 1.142262958079747648e+01 3.885589249264682188e+00
-5.842678386131967727e+01 -1.683288525112146772e+00 2.441144062167108775e+00
-5.742675334187879344e+01 -8.343151710940901467e-01 6.944036767033785473e-01
-5.642672282243790960e+01 -1.461681951962418680e+01 6.855351932159695849e+00
-5.542669230299702576e+01 -2.392756392600725235e+01 -5.617679887928237470e-01
-5.442666178355614193e+01 -1.686719664957396958e+01 -8.595951462573532709e+00
-5.342663126411537178e+01 1.892518943647411334e+01 -3.034649840090796413e+00
-5.242660074467437425e+01 1.135722366522711013e+01 8.965543345796962882e+00
-5.142657022523349042e+01 -3.399315449666198674e+01 -3.425134389120847445e+00
-5.042653970579260658e+01 -4.420732068745751064e+01 -1.159161945660454718e+00
-4.942650918635172275e+01 -1.134876838310354685e+01 -2.123009609013932675e+01
-4.842647866691095260e+01 -2.173364423947766966e+01 -2.202972636249395322e+01
-4.742644814746995507e+01 -6.224248059215616991e+01 8.629790558461371219e+00
-4.642641762802907124e+01 -5.657894920897611968e+01 1.914146464255449942e+01
-4.542638710858818740e+01 -4.015647806428678734e+01 -1.741404729054664102e+01
-4.442635658914730357e+01 -7.511886882653598718e+00 -3.312463094205921266e+01
-4.342632606970641973e+01 1.657154677380387398e+01 -1.371740738956249217e+01
-4.242629555026564958e+01 -1.225340650511253671e+01 -2.248865427208834866e+00
-4.142626503082465206e+01 -1.570938052930434026e+01 -6.378443373035155517e+00
-4.042623451138376822e+01 -8.050054635359614963e+00 -1.384256966978337644e+01
-3.942620399194288439e+01 3.976290363670699435e+00 -2.138005029400741464e+01
-3.842617347250200055e+01 4.406316108806294096e-01 -2.580886211876400438e+01
-3.742614295306111671e+01 -2.708957686647801211e+01 -1.174291168847893196e+00
-3.642611243362034656e+01 -8.025116947321734528e+00 -1.157406720388267196e+00
-3.542608191417934904e+01 2.083220709444901786e+01 -2.408476427111133589e+01
-3.442605139473846521e+01 5.030086902885231837e+01 -4.805093201878512588e+01
-3.342602087529758137e+01 6.011302268901090429e+01 -1.242282322954894269e+01
-3.242599035585669753e+01 3.410818397964183646e+01 -1.425794319759299711e+01
-3.142595983641592738e+01 7.549129685835680448e-01 -3.662864903551882634e+01
-3.042592931697492986e+01 5.781273969145857450e+00 -5.111844751866910741e+01
-2.942589879753404603e+01 2.400359693218810264e+01 -8.302441939721854069e+00
-2.842586827809316219e+01 5.064852547162278995e+01 1.747725781890167696e+01
-2.742583775865227835e+01 3.271045236066704831e+01 6.631068111921232244e+00
-2.642580723921139452e+01 5.154161398843797315e+00 -3.660485720408120702e+00
-2.542577671977062437e+01 4.688273867808547379e+00 -9.649217506513787512e+00
-2.442574620032962684e+01 4.112717191860042476e-01 1.459412593955248205e+01
-2.342571568088874301e+01 -1.973223357596796745e+01 7.088163540171429133e+00
-2.242568516144785917e+01 -3.352234705520648106e+01 -5.128412212991470653e+00
-2.142565464200697534e+01 -5.872987859941360966e-01 9.713729867766279114e+00
-2.042562412256609150e+01 2.741154776991977826e+01 2.358439102445322177e+00
-1.942559360312532135e+01 3.489809156572390236e+01 -1.722002734751228559e+01
-1.842556308368432383e+01 3.626597538482904781e+01 -5.932163850717420139e+00
-1.742553256424343999e+01 9.882427808653829970e+00 1.153756096704855238e+01
-1.642550204480255616e+01 -9.363405759813431928e+00 1.310313593731038040e+01
-1.542547152536167232e+01 2.643762543678224120e+01 1.821846410214627809e+01
-1.442544100592090217e+01 4.681177114079184776e+01 2.721132671009623039e+01
-1.342541048647990465e+01 1.074656037292700717e+01 2.835205083292743211e+01
-1.242537996703902081e+01 -2.298874258719133934e+01 2.051220317631162970e+01
-1.142534944759813698e+01 6.852414431806010953e-01 2.229631924200365489e+01
-1.042531892815725314e+01 1.306674849391895066e+01 2.152345929984297612e+01
-9.425288408716369304e+00 1.852917410969006085e+01 1.291143940326986694e+01
-8.425257889275599155e+00 4.303319563848779694e+01 3.885470473393156254e+01
-7.425227369834601632e+00 3.404163871848761858e+01 3.469626775813961217e+01
-6.425196850393717796e+00 -8.464838834543087387e+00 2.765459524106227462e+01
-5.425166330952833960e+00 -9.459450768718710378e+00 7.282074978585805880e+00
-4.425135811511950124e+00 3.983858335733523859e+01 -7.871579136389595277e+00
-3.425105292071066287e+00 3.208578030845505680e+01 -7.676999363151892908e+00
-2.425074772630296138e+00 1.946820312254871510e+00 2.099751031081232711e+01
-1.425044253189298615e+00 3.496562668510821936e+01 1.198273839321108269e+01
-4.250137337484147793e-01 5.311182045408993702e+01 -1.489045811274048781e+01
5.750167856924690568e-01 4.246280101733279366e+01 -3.019987094677471973e+01
1.575047305133352893e+00 2.699833861198450791e+01 -2.054837151600116485e+01
2.575077824574236729e+00 -4.978254465630840286e-01 1.392593644960328092e+01
3.575108344015006878e+00 5.759215443115479616e+00 7.072849681822262369e+00
4.575138863456004401e+00 4.061883144686522940e+01 1.583324477971204125e+01
5.575169382896888237e+00 4.891910371444764394e+01 2.146133816126926774e+01
6.575199902337772073e+00 5.431897892029737562e+01 3.700929690827774721e+01
7.575230421778655909e+00 5.162672585798034675e+01 2.599231460540469030e+01
8.575260941219426059e+00 3.532824912726981381e+01 2.535671952010895680e+01
9.575291460660423581e+00 2.346455673095483974e+01 3.262417330349333611e+01
1.057532198010130742e+01 3.865716241296496491e+00 2.471915774391673182e+01
1.157535249954219125e+01 -2.616425474499585846e+01 3.813364626969038085e+01
1.257538301898307509e+01 -4.936740234044479791e+01 3.115625003373330060e+01
1.357541353842395893e+01 -4.961873428749348136e+01 1.386543430595392934e+01
1.457544405786472907e+01 -3.445687777068350499e+01 1.960576967964165007e+01
1.557547457730572660e+01 -1.712863940725897294e+01 3.695303837783862377e+01
1.657550509674661043e+01 1.755089738988573345e-01 1.306620542846986588e+01
1.757553561618749427e+01 3.110128956669299782e+00 -5.461576485013272197e+00
1.857556613562837811e+01 -1.500567860058197311e+00 1.532181095815317384e+01
1.957559665506926194e+01 5.287011009206196377e+00 2.347753782875818729e+01
2.057562717451003209e+01 -2.148870576851308556e+00 5.757548515229107267e+01
2.157565769395102961e+01 -4.734591549166680124e-01 4.990088412710117893e+01
2.257568821339191345e+01 8.435236576687913157e+00 3.889737383471921817e+01
2.357571873283279729e+01 3.469045855079986751e+01 3.546020650948025832e+01
2.457574925227368112e+01 2.873522829983927807e+01 1.277641462823024732e+01
2.557577977171445127e+01 1.857510587440512495e+01 -5.868939541641928770e+00
2.657581029115544879e+01 3.555759815951059721e+01 1.736060985447634408e+01
2.757584081059633263e+01 2.591084262068514477e+01 6.264222226919615721e+00
2.857587133003721647e+01 -2.131231470936697292e+01 -5.005881737364096473e+00
2.957590184947810030e+01 -1.193295704621725406e+01 -7.076244356960719628e+00
3.057593236891898414e+01 1.909747140679247934e+01 -3.645048673998299016e+00
3.157596288835975429e+01 2.403839044767423161e+00 -1.319603406609985008e+01
3.257599340780075181e+01 -2.077753818841762268e+01 -1.172675010102917170e+01
3.357602392724163565e+01 -3.180036438332791704e+00 2.445829759756737332e+01
3.457605444668251948e+01 2.288802993260470942e+01 3.243620804844286454e+01
3.557608496612340332e+01 7.294892334435076009e+00 -2.555789976706036803e+00
3.657611548556428716e+01 2.986307088772372964e+01 -1.802310532472412063e+01
3.757614600500505730e+01 5.451016996623436484e+01 3.136184885549635482e+00
3.857617652444605483e+01 1.426621050317555728e+01 3.398669021963115711e+00
3.957620704388693866e+01 -9.288648393722283458e+00 -6.519272263384374710e+00
4.057623756332782250e+01 1.507686985567190163e+01 9.503439715412397959e+00
4.157626808276870634e+01 1.454348569844924555e+00 3.136885770799165840e+01
4.257629860220947648e+01 -1.952959865269934170e+01 3.811579472476999086e+01
4.357632912165047401e+01 3.091474439244073835e+00 2.626016677867515980e+01
4.457635964109135784e+01 1.296129034138897396e+01 1.576159441943015338e+01
4.557639016053224168e+01 2.666626561332790857e+00 4.737271285733630322e+00
4.657642067997312552e+01 -3.275710228757688469e+00 2.664185792933371033e+01
4.757645119941400935e+01 1.334135532997586182e+01 4.578375377339577312e+01
4.857648171885477950e+01 3.250207568138421266e-01 2.018988960682323608e+01
4.957651223829577702e+01 -1.333881061420613179e+01 1.521167475039070638e+01
5.057654275773666086e+01 1.681057936391638918e+01 -1.058559127077567297e+01
5.157657327717754470e+01 6.913195263442517557e+00 -1.140788904866826492e+01
5.257660379661842853e+01 -2.052012162978103760e+01 -1.758180068069227531e+01
5.357663431605931237e+01 -2.238080953320000788e+01 -1.854684253939383964e+00
5.457666483550008252e+01 -5.458088594097446844e+00 1.011476179748751569e+01
5.557669535494108004e+01 2.498753610362554411e+01 -2.100520970936297260e+01
5.657672587438196388e+01 2.419374433813998593e+01 4.387609617205947998e+00
5.757675639382284771e+01 3.127370323349671821e+01 1.818249130859863527e+01
5.857678691326373155e+01 3.570528934397324861e+01 -1.571423385098865566e+01
5.957681743270450170e+01 5.904361946592423749e+00 -9.342500346578564319e+00
6.057684795214549922e+01 1.888776973580085894e+00 -1.050331316976641460e+01
6.157687847158638306e+01 3.206507299685287649e+01 -9.763425813893313432e+00
6.257690899102726689e+01 3.231083152958782279e+01 1.349857952178468601e+00
6.357693951046815073e+01 1.791765377322499830e+01 7.733796327808585502e+00
6.457697002990903457e+01 2.430709860415556278e+01 -2.158770165081421055e+01
6.557700054934980471e+01 3.373972061041926196e+01 -2.186259313560976025e+00
6.657703106879080224e+01 1.253177331823030016e+01 1.867593825599679569e+00
6.757706158823168607e+01 1.332612958694933525e+01 -3.324108230955875598e-01
6.857709210767256991e+01 3.525159767710202630e+01 -4.269218870250736586e+01
6.957712262711345375e+01 2.923196286108056796e+01 -4.105046942753408246e+01
7.057715314655433758e+01 1.764620112175555278e+01 2.126136462480450362e+01
7.157718366599510773e+01 3.786980502587075392e+01 2.620685810482132894e+01
7.257721418543610525e+01 2.807006842173124994e+01 1.261204945906986197e+01
7.357724470487698909e+01 -3.808143792118535487e+00 -1.120128440985673279e+01
7.457727522431787293e+01 5.084153956656166429e+00 3.139261553778005265e+01
7.557730574375875676e+01 5.503364427060267872e+01 3.241644147756607452e+01
7.657733626319952691e+01 5.306200681065746494e+01 1.073116711630971665e+01
7.757736678264041075e+01 2.146679118297822697e+01 4.312614942216536917e+01
7.857739730208140827e+01 1.913574641794190967e+01 1.099103636726073319e+01
7.957742782152229211e+01 5.170246307875801506e+01 -1.957173047406819677e+01
8.057745834096317594e+01 5.912509332131306650e+01 -5.123359054504930299e+01
8.157748886040405978e+01 4.477259786719248780e+01 -4.151267718222815262e-01
8.257751937984482993e+01 4.844667083428450383e+01 3.862085674887752873e+01
8.357754989928582745e+01 3.809393048588367492e+01 1.240853855051803478e+01
8.457758041872671129e+01 4.541278464163094952e+01 -1.507856181503723825e+01
8.557761093816759512e+01 5.781348325433528146e+01 1.337366997368183874e+00
8.657764145760847896e+01 3.854075267277831784e+01 -7.044304454037106922e-01
8.757767197704936279e+01 3.330982796138228963e+01 -1.846354539808588768e+01
8.857770249649013294e+01 1.850888473987561511e+01 -1.924362850694901539e+01
8.957773301593113047e+01 -1.654973757526242650e+00 1.354820966823542250e+00
9.057776353537201430e+01 3.597870701029673768e+00 8.747034937843643831e+00
9.157779405481289814e+01 -6.341618248033253025e+00 3.075849906229422714e+01
9.257782457425378198e+01 -2.781439786201122644e+01 3.788183113110825673e+01
9.357785509369455212e+01 -1.728394697543846092e+01 1.658048971169290731e+00
9.457788561313543596e+01 1.288777924443395051e+01 6.256710063170180192e+00
9.557791613257631980e+01 2.803452140216572985e+01 4.851758691094552489e+01
9.657794665201720363e+01 4.009904767680262694e+01 7.629992658894281021e+01
9.757797717145831484e+01 5.350469552218274316e+01 7.315204520675369793e+01
9.857800769089919868e+01 7.312841059751289663e+01 5.720200753910981462e+01
9.957803821033996883e+01 7.557448772859169139e+01 5.410680529948346873e+01
1.005780687297808527e+02 8.134737123418285876e+01 1.099056111872474162e+01
1.015780992492217365e+02 5.844081081880499084e+01 3.669344597876407477e+01
1.025781297686626203e+02 2.546709251559610010e+01 3.422068836486918997e+01
1.035781602881035042e+02 1.773932551492114840e+01 7.788975085735254211e+00
1.045781908075443880e+02 1.475854347221314811e+01 1.907361673331540430e+01
1.055782213269851582e+02 3.835311721274343455e+01 2.534478988764358576e+01
1.065782518464260420e+02 5.209240106714837282e+01 5.336971772788945145e+01
1.075782823658669258e+02 3.213683471937174829e+01 6.715794508234077398e+01
1.085783128853078097e+02 2.379048788297940220e+01 4.305818557127986423e+01
1.095783434047489209e+02 1.562771567452362476e+01 2.788958767986376230e+01
1.105783739241896910e+02 1.522368450144299601e+01 5.803507116452583148e+01
1.115784044436305749e+02 1.141047013089445628e+01 3.509823734742072077e+01
1.125784349630714587e+02 2.156529378827602983e+01 8.283271558771179599e+00
1.135784654825123425e+02 7.022076633167372961e+01 1.272864306144290225e+01
1.145784960019532264e+02 9.855919153348881423e+01 1.594063293519384494e+01
1.155785265213939965e+02 8.784826926719506446e+01 3.292415759675247244e+01
1.165785570408349940e+02 5.080540009885182684e+01 3.904978583596473385e+01
1.175785875602757642e+02 1.387000313889408076e+01 4.812022441046096333e+01
1.185786180797167617e+02 -1.147401052090397222e+01 3.640088247876315108e+01
1.195786485991575319e+02 7.725954477101737439e-02 1.093109215866443407e+01
1.205786791185985294e+02 1.625633621375534688e+01 3.243026971568585992e+01
1.215787096380395269e+02 -3.880059945855999004e+00 4.141732265162568183e+01
1.225787401574802971e+02 -1.222102781685543071e+01 3.006572820278246994e+01
1.235787706769212946e+02 -9.503551290830150933e+00 3.024674132289891659e+01
1.245788011963620647e+02 3.118958064816754572e+01 5.019456012532748446e+01
1.255788317158028349e+02 2.697850568524107473e+01 3.649598214872222002e+01
1.265788622352438324e+02 -9.478360241413440690e+00 3.813454532804085773e+01
1.275788927546846026e+02 -1.485488904960831036e+01 3.641694583555094056e+01
1.285789232741256001e+02 -3.464009652157448471e+01 1.835790533426389004e+01
1.295789537935663702e+02 -4.339722170639713283e+01 -1.220268792574261774e+01
1.305789843130071404e+02 -5.037001335012703862e+01 4.507996390292067446e+00
1.315790148324481379e+02 -7.689231709848466778e+01 3.713554393685683408e+01
1.325790453518891354e+02 -4.170555141841838065e+01 2.219862994907085607e+01
1.335790758713301329e+02 -5.406651687055328281e+00 8.531633242699932396e+00
1.345791063907709031e+02 1.748110034519629252e+01 2.458381786199450403e+01
1.355791369102119006e+02 4.570592835335598636e+01 1.572170198759980764e+01
1.365791674296526708e+02 7.709888245604346935e+01 -9.917718805570256535e+00
1.375791979490934409e+02 1.134963972925567361e+02 -7.108434924266887833e+00
1.385792284685344384e+02 1.112146574372569603e+02 -1.362206972932880511e+00
1.395792589879752086e+02 9.724012695963624253e+01 -1.190387860156340238e+01
1.405792895074162061e+02 7.264817359098724125e+01 1.714163358756012911e+01
1.415793200268569763e+02 2.394800073500804061e+01 4.813470033223200062e+01
1.425793505462977464e+02 -3.563253455578085038e+01 2.389969284754240419e+00
1.435793810657389713e+02 -5.928560748298530569e+01 -6.843025714249213820e+01
1.445794115851797415e+02 -4.226135971726319696e+01 -6.105367505630449898e+01
1.455794421046207390e+02 -4.866296943022808819e+01 -2.946661012300738491e+01
1.465794726240615091e+02 -7.527875748130801981e+01 6.878827498038217136e+00
1.475795031435022793e+02 -6.987844952019938205e+01 2.169196049649954006e+01
1.485795336629432768e+02 -6.283981983428700602e+01 2.851838288319687109e+00
1.495795641823840469e+02 -6.361616862574499720e+01 -1.823486093820039144e+01
1.505795947018250445e+02 -5.242059417536767540e+01 9.895504461201831248e+00
1.515796252212658146e+02 -2.879478038810426455e+01 3.684960944496206992e+01
1.525796557407068121e+02 -3.752415059485189630e+01 3.184330297844568847e+01
1.535796862601475823e+02 -1.194375991552148264e+01 4.621548783960905737e+00
1.545797167795885798e+02 1.917218638310335166e+01 7.148818410524523159e+00
1.555797472990295773e+02 -3.220760175527814795e+00 3.379991188862457818e+01
1.565797778184703475e+02 -2.937362855712029841e+01 2.424520986403096856e+01
1.575798083379113450e+02 -2.244848434236079981e+01 -1.308308785278584807e+01
1.585798388573521152e+02 -2.859047598650846567e+00 -3.441380018632735016e+00
1.595798693767928853e+02 1.120285222010173243e+01 2.039938600367069910e+01
1.605798998962338828e+02 2.309282434099367265e+01 5.707271084295268793e+01
1.615799304156746530e+02 2.296965807899682943e+01 6.534288883590069474e+01
1.625799609351156505e+02 1.756463808483167099e+01 3.685989805982495682e+01
1.635799914545564206e+02 4.502680995764359295e+01 5.378553768943366009e+00
1.645800219739971908e+02 8.058447974636325739e+01 -1.979113468658979968e+00
1.655800524934381883e+02 1.237259393116752904e+02 3.235335185984258999e+01
1.665800830128791858e+02 1.144490304416842719e+02 3.927115503551434017e+01
1.675801135323201834e+02 1.120790540005024241e+02 7.812790828532801157e+00
1.685801440517609535e+02 1.529487657363118274e+02 -2.495581778767039793e-01
1.695801745712019510e+02 2.113976774446907143e+02 8.614683868506620712e+00
1.705802050906427212e+02 2.693289561996660950e+02 -1.972929132723054835e+01
1.715802356100834913e+02 3.095256383770947650e+02 2.956809254254942587e+01
1.725802661295244889e+02 3.844129095108809793e+02 5.787819182812307872e+01
1.735802966489652590e+02 5.011770945309151557e+02 2.797633425759465098e+01
1.745803271684062565e+02 6.519879998338674341e+02 3.851230265377064654e+01
1.755803576878470267e+02 8.128824888886665576e+02 6.723084109268616260e+01
1.765803882072877968e+02 9.604108548892859289e+02 7.036841322499822127e+01
1.775804187267290217e+02 1.145625442888882844e+03 3.527237924368123601e+01
1.785804492461697919e+02 1.340067127148919099e+03 2.526941517464999976e+01
1.795804797656107894e+02 1.551733603546885661e+03 6.949399824108714085e+01
1.805805102850515595e+02 1.793956044943218558e+03 7.676125655520027635e+01
1.815805408044923297e+02 2.029556143992789202e+03 5.604631729616198754e+01
1.825805713239333272e+02 2.268661990899670400e+03 4.873426078772804715e+01
1.835806018433740974e+02 2.483478947698374213e+03 1.880017966628096815e+01
1.845806323628150949e+02 2.676293194037487865e+03 1.354043327348873405e+01
1.855806628822558650e+02 2.886653258791824555e+03 4.549394267738972530e+01
1.865806934016968626e+02 3.064088452342178243e+03 6.100785338359704468e+01
1.875807239211376327e+02 3.231654227892666768e+03 3.611817784016842126e+01
1.885807544405786302e+02 3.460226733341760792e+03 1.106581037238277787e+01
1.895807849600196278e+02 3.696156934486692080e+03 4.777299348058110695e+01
1.905808154794603979e+02 3.879673558832371782e+03 7.725166986062492924e+01
1.915808459989013954e+02 4.042382242886074891e+03 8.307468408982154529e+01
1.925808765183421656e+02 4.266354739996865646e+03 5.952179371440708167e+01
1.935809070377829357e+02 4.495439475745980417e+03 1.344303883055629711e+01
1.945809375572239333e+02 4.671952289680324611e+03 2.603844200215787197e+01
1.955809680766647034e+02 4.867317734901131189e+03 6.471135067441736055e+01
1.965809985961057009e+02 5.079718579175017112e+03 4.053870897874286783e+01
1.975810291155464711e+02 5.233039500054215750e+03 1.754100853909343627e+01
1.985810596349874686e+02 5.414786628432485486e+03 -1.589993537379629274e+01
1.995810901544282387e+02 5.644309024393702202e+03 -2.810179041894542706e-01
2.005811206738692363e+02 5.855024491581816619e+03 2.115511656374502536e+01
2.015811511933102338e+02 6.042967251847788248e+03 3.038738557555732456e+01
2.025811817127510039e+02 6.274299680893349432e+03 2.480000903164760473e+01
2.035812122321920015e+02 6.523558906353116981e+03 2.934876377716457085e+01
2.045812427516327716e+02 6.727187111927784827e+03 3.938737033883412408e+01
2.055812732710735418e+02 6.897692490362405806e+03 4.552286642021883267e+01
2.065813037905145393e+02 7.051392335589231152e+03 9.295194745782804802e+00
2.075813343099553094e+02 7.192142366976604535e+03 -2.748128605567679728e+01
2.085813648293963070e+02 7.341018326930553485e+03 -6.955533432247454684e+00
2.095813953488370771e+02 7.505219849473499380e+03 4.332670841302635978e+01
2.105814258682778473e+02 7.649543387320871261e+03 6.619827112636124866e+01
2.115814563877190722e+02 7.777193809889818112e+03 6.030054360894299492e+01
2.125814869071598423e+02 7.921735454131094230e+03 2.418399203866853853e+01
2.135815174266008398e+02 8.064264023789852217e+03 -2.310899590379985824e+00
2.145815479460416100e+02 8.203409898752146546e+03 3.170780208366856812e+00
2.155815784654823801e+02 8.285721183528292386e+03 3.894276620446252934e+01
2.165816089849233776e+02 8.393432744258783714e+03 6.965153376728498813e+01
2.175816395043641478e+02 8.488727718645108325e+03 4.737654123449521393e+01
2.185816700238051453e+02 8.550838886744570118e+03 4.214742929589097287e+01
2.195817005432459155e+02 8.661287976553252520e+03 3.468739882124706497e+01
2.205817310626869130e+02 8.712620576520072063e+03 4.399895610006397817e+01
2.215817615821276831e+02 8.700675002042422420e+03 1.505461058659079754e+00
2.225817921015684533e+02 8.702707619161437833e+03 -7.099626514142999056e+00
2.235818226210096782e+02 8.742060945392944632e+03 8.876110898309617525e+00
2.245818531404504483e+02 8.744621488659879105e+03 -3.297318481278666891e+00
2.255818836598914459e+02 8.726622955467779320e+03 5.218711421156299934e+00
2.265819141793322160e+02 8.681196507875994939e+03 -6.339494432790534262e+00
2.275819446987729862e+02 8.592495404332608814e+03 -1.274121277849898703e+01
2.285819752182139837e+02 8.531459065850685874e+03 2.602113149806754677e+00
2.295820057376547538e+02 8.454433779942639376e+03 5.654861913799103235e+01
2.305820362570957514e+02 8.361465116485293038e+03 7.607231621226350171e+01
2.315820667765365215e+02 8.274441724221353070e+03 5.996261540189579620e+01
2.325820972959775190e+02 8.232101108711069173e+03 5.017945535079672936e+01
2.335821278154182892e+02 8.238111619203267765e+03 4.742302926111110395e+01
2.345821583348592867e+02 8.185650903304707754e+03 5.575990394055087052e+01
2.355821888543002842e+02 8.077023303403252612e+03 9.877865264071697027e+01
2.365822193737410544e+02 7.967292010782300167e+03 8.678055617827362767e+01
2.375822498931820519e+02 7.844051014034881518e+03 8.695254374037227763e+01
2.385822804126228220e+02 7.707594543978874754e+03 1.136963118857309496e+02
2.395823109320635922e+02 7.585677788856660300e+03 1.455398140364856090e+02
2.405823414515045897e+02 7.442968468728273365e+03 1.495361230021931362e+02
2.415823719709453599e+02 7.275300448717516701e+03 1.481920167603025789e+02
2.425824024903863574e+02 7.134466760204570164e+03 1.182845949482866104e+02
2.435824330098271275e+02 6.978860075230600160e+03 1.433282673735762387e+02
2.445824635292678977e+02 6.839844133103867534e+03 1.983766180486259145e+02
2.455824940487091226e+02 6.687259163312770397e+03 2.344583718420669527e+02
2.465825245681498927e+02 6.536699426811496778e+03 2.115606740328605611e+02
2.475825550875908903e+02 6.400968871589338050e+03 1.874136226857829968e+02
2.485825856070316604e+02 6.254881280009046350e+03 2.300915795711438250e+02
2.495826161264726579e+02 6.083293109885396007e+03 2.512885809387367715e+02
2.505826466459134281e+02 5.906556969521452629e+03 2.638545957250454990e+02
2.515826771653541982e+02 5.743896316160375136e+03 2.776866877955401947e+02
2.525827076847951957e+02 5.628884590929880687e+03 3.027490343049546482e+02
2.535827382042359659e+02 5.513396131246928235e+03 3.231854607114231612e+02
2.545827687236769634e+02 5.359955526537643891e+03 3.408907959330013000e+02
2.555827992431177336e+02 5.156478220598301050e+03 3.532336876071665870e+02
2.565828297625585037e+02 4.969400874235723677e+03 3.154845355977785175e+02
2.575828602819997286e+02 4.864119358445332182e+03 3.071268796420133640e+02
2.585828908014404988e+02 4.706533876043975397e+03 3.398557967628680103e+02
2.595829213208814963e+02 4.540504804121601410e+03 3.799810936982106568e+02
2.605829518403222664e+02 4.389824093459872529e+03 4.075150381646340065e+02
2.615829823597630366e+02 4.253417769283971211e+03 3.997727990904301123e+02
2.625830128792040341e+02 4.126793587302177912e+03 3.994276742011817873e+02
2.635830433986448043e+02 4.003139640562776549e+03 4.116809715266558669e+02
2.645830739180858018e+02 3.917741944598616101e+03 4.558509509062155871e+02
2.655831044375265719e+02 3.785164389791847498e+03 4.810242460798174875e+02
2.665831349569675695e+02 3.593663763246748204e+03 4.962225263339167327e+02
2.675831654764083396e+02 3.455296189131069696e+03 4.714119399141985127e+02
2.685831959958493371e+02 3.359824039428769538e+03 4.981105694135744102e+02
2.695832265152903346e+02 3.221175000980010736e+03 5.292330641403531217e+02
2.705832570347311048e+02 3.079800978187959117e+03 5.680458879858276759e+02
2.715832875541721023e+02 2.984561314771639445e+03 5.905259527176228858e+02
2.725833180736128725e+02 2.901543787998371045e+03 5.988476590266424182e+02
2.735833485930536426e+02 2.843042251148617652e+03 6.134219406457506238e+02
2.745833791124946401e+02 2.783845580090124713e+03 6.446486286657871005e+02
2.755834096319354103e+02 2.653741437342529025e+03 6.719679030331449212e+02
2.765834401513764078e+02 2.548636851608604047e+03 6.774433888215518209e+02
2.775834706708171780e+02 2.475013933857535449e+03 6.833606620138702965e+02
2.785835011902579481e+02 2.398874448386823133e+03 7.366224274245538481e+02
2.795835317096991730e+02 2.299588698524048596e+03 7.447648636235056756e+02
2.805835622291399432e+02 2.193449996843934059e+03 7.776711062596907595e+02
2.815835927485809407e+02 2.126542108229656151e+03 7.889621384366324719e+02
2.825836232680217108e+02 2.076961244173468003e+03 8.087138043993245446e+02
2.835836537874627084e+02 2.045286541899045915e+03 8.255118886891843886e+02
2.845836843069034785e+02 2.000327457500166929e+03 8.201859845726958156e+02
2.855837148263442486e+02 1.927677172240737491e+03 8.254823713465576702e+02
2.865837453457852462e+02 1.843381951672923606e+03 8.494964855156769090e+02
2.875837758652260163e+02 1.807900423882592804e+03 8.435487450482117993e+02
2.885838063846670138e+02 1.802065430910191935e+03 8.753279587370302579e+02
2.895838369041077840e+02 1.790538520322312252e+03 9.255055648654359857e+02
2.905838674235485541e+02 1.746976310525398731e+03 9.237722320229761408e+02
2.915838979429897790e+02 1.698705553530395264e+03 9.224488594328170166e+02
2.925839284624305492e+02 1.684412324529632315e+03 9.637246472025775574e+02
2.935839589818715467e+02 1.650596648742388425e+03 1.014758782354594928e+03
2.945839895013123169e+02 1.596368380014022478e+03 1.049116032415941390e+03
2.955840200207530870e+02 1.558954880890185450e+03 1.059413647321977805e+03
2.965840505401940845e+02 1.564503828925890048e+03 1.038282820152007389e+03
2.975840810596348547e+02 1.564035523481446944e+03 1.073570627166887107e+03
2.985841115790758522e+02 1.538746157834788391e+03 1.085737714865248563e+03
2.995841420985166224e+02 1.515023649003223909e+03 1.096101382100713408e+03
3.005841726179576199e+02 1.486420610169654537e+03 1.126649764172320374e+03
3.015842031373983900e+02 1.476885241837773719e+03 1.163042704259712309e+03
3.025842336568393875e+02 1.549270157935790849e+03 1.175843427126444112e+03
3.035842641762803851e+02 1.598163470952926218e+03 1.186640158379737159e+03
3.045842946957211552e+02 1.572881644806091572e+03 1.205513924356038387e+03
3.055843252151621527e+02 1.555934790613426230e+03 1.222775799120669262e+03
3.065843557346029229e+02 1.598150076159483433e+03 1.245729390186992987e+03
3.075843862540436930e+02 1.639534562211732919e+03 1.252433984281697349e+03
3.085844167734846906e+02 1.648049900793486813e+03 1.269545432524679882e+03
3.095844472929254607e+02 1.675383270500808067e+03 1.314745070389187276e+03
3.105844778123664582e+02 1.677477736583770820e+03 1.319646765522669511e+03
3.115845083318072284e+02 1.635276661944673833e+03 1.337109063388970526e+03
3.125845388512479985e+02 1.658404411382920443e+03 1.350537283373385435e+03
3.135845693706889961e+02 1.732048839460287127e+03 1.371326982128540294e+03
3.145845998901299936e+02 1.754831974561189782e+03 1.359198013635003690e+03
3.155846304095709911e+02 1.755425011500890832e+03 1.369559290673100122e+03
3.165846609290117613e+02 1.824159919167526823e+03 1.382215624173679316e+03
3.175846914484527588e+02 1.891676336655555133e+03 1.423021684459750986e+03
3.185847219678935289e+02 1.912816888906831082e+03 1.441047219317185863e+03
3.195847524873342991e+02 1.911446811863554103e+03 1.454512674057821869e+03
3.205847830067752966e+02 1.900895321576130300e+03 1.460946650748122693e+03
3.215848135262160667e+02 1.929205334090964243e+03 1.443512480351088698e+03
3.225848440456570643e+02 1.968851552368243574e+03 1.446505768550290213e+03
3.235848745650978344e+02 1.990365451272922655e+03 1.495331816118967026e+03
3.245849050845386046e+02 2.014035563507582992e+03 1.514754000550895171e+03
3.255849356039798295e+02 2.011458712473864580e+03 1.502698672964419302e+03
3.265849661234205996e+02 1.991873408210563866e+03 1.516843329577918666e+03
3.275849966428615971e+02 1.977294751083056326e+03 1.538865559486028587e+03
3.285850271623023673e+02 1.972577003893802612e+03 1.538970319774421341e+03
3.295850576817431374e+02 1.956219126011674234e+03 1.525634667961194509e+03
3.305850882011841350e+02 1.953423401595500764e+03 1.518886059350818869e+03
3.315851187206249051e+02 1.985519675025912875e+03 1.558351617604232842e+03
3.325851492400659026e+02 2.021962786195263106e+03 1.575779882524069535e+03
3.335851797595066728e+02 2.060594692075019339e+03 1.577585513707109840e+03
3.345852102789476703e+02 2.074755078185731691e+03 1.583235835660833573e+03
3.355852407983884405e+02 2.066819716979442092e+03 1.597928223529225534e+03
3.365852713178294380e+02 2.053211634519955624e+03 1.607413674287545973e+03
3.375853018372704355e+02 2.063753481628120426e+03 1.611501799002491680e+03
3.385853323567112056e+02 2.047386079676418376e+03 1.630272971671966616e+03
3.395853628761522032e+02 2.029458491641742512e+03 1.653829069557981711e+03
3.405853933955929733e+02 2.042632594037224408e+03 1.619253812526258798e+03
3.415854239150337435e+02 2.092017305854269580e+03 1.625297268458725284e+03
3.425854544344747410e+02 2.112559997167343681e+03 1.686722462451573392e+03
3.435854849539155111e+02 2.133288432621468019e+03 1.682732414202066138e+03
3.445855154733565087e+02 2.166463814736063796e+03 1.678690059737263937e+03
3.455855459927972788e+02 2.153120637764463027e+03 1.699679789603651216e+03
3.465855765122380490e+02 2.113301224139764599e+03 1.713894316043853905e+03
3.475856070316790465e+02 2.138740207322902279e+03 1.706963174168643491e+03
3.485856375511200440e+02 2.166505097364435642e+03 1.705457058859620247e+03
3.495856680705610415e+02 2.128834103103858070e+03 1.720950995350243147e+03
3.505856985900018117e+02 2.070859835815421320e+03 1.720120776434237769e+03
3.515857291094428092e+02 2.067071727154687323e+03 1.715461999257827983e+03
3.525857596288835794e+02 2.091132974886661032e+03 1.723200424223247410e+03
3.535857901483243495e+02 2.070870001896209942e+03 1.758418240782099474e+03
3.545858206677653470e+02 2.093862463840179771e+03 1.761335621102007281e+03
3.555858511872061172e+02 2.122658358071379553e+03 1.742798628186276574e+03
3.565858817066471147e+02 2.071776205641666820e+03 1.724262701991041695e+03
3.575859122260878848e+02 2.046976024335144757e+03 1.721630196395411986e+03
3.585859427455286550e+02 2.065835290344402893e+03 1.754974668196609855e+03
3.595859732649698799e+02 2.060269841710918627e+03 1.738717963939682249e+03
3.605860037844106500e+02 2.037817373568452240e+03 1.773378109154888989e+03
3.615860343038516476e+02 2.071858465071340106e+03 1.790274227273041106e+03
3.625860648232924177e+02 2.109489796794166978e+03 1.780999505093008793e+03
3.635860953427331879e+02 2.094317980943100338e+03 1.767087187924402542e+03
3.645861258621741854e+02 2.073787580422696919e+03 1.765904137335789528e+03
3.655861563816149555e+02 2.084122069532853857e+03 1.766424743753723533e+03
3.665861869010559531e+02 2.083868422241659573e+03 1.767332751455770449e+03
3.675862174204967232e+02 2.063983822727725055e+03 1.783133982499612102e+03
3.685862479399377207e+02 2.069938285755531979e+03 1.775612737615477499e+03
3.695862784593784909e+02 2.041448493362287991e+03 1.773624686228198243e+03
3.705863089788192610e+02 2.017195354471356040e+03 1.743952082447979819e+03
3.715863394982604859e+02 2.003670919076681457e+03 1.775792449313308907e+03
3.725863700177012561e+02 2.033952294300197536e+03 1.807774195178405535e+03
3.735864005371422536e+02 2.101087342232183801e+03 1.813934136351626876e+03
3.745864310565830237e+02 2.097616149159772249e+03 1.816039030915025023e+03
3.755864615760237939e+02 2.086514143394218991e+03 1.825237609736569539e+03
3.765864920954647914e+02 2.095296183878694137e+03 1.829968436929127620e+03
3.775865226149055616e+02 2.066886650518683382e+03 1.833780567844217785e+03
3.785865531343465591e+02 2.056844334517063544e+03 1.840210420142676185e+03
3.795865836537873292e+02 2.058976341236306325e+03 1.831641157423493269e+03
3.805866141732280994e+02 2.028720285363371659e+03 1.831638112740773749e+03
3.815866446926690969e+02 2.014779884217727158e+03 1.807245352785577325e+03
3.825866752121100944e+02 2.008536013915805597e+03 1.817459346251155239e+03
3.835867057315510920e+02 2.000330672095944465e+03 1.822630460950626457e+03
3.845867362509918621e+02 1.979496335314644966e+03 1.801264049934005016e+03
3.855867667704328596e+02 1.988881190045973199e+03 1.771561203015590536e+03
3.865867972898736298e+02 2.008243701376470199e+03 1.809292895382244296e+03
3.875868278093143999e+02 1.998832392546197298e+03 1.818247327939896195e+03
3.885868583287553975e+02 2.009283289548904577e+03 1.766898481036455678e+03
3.895868888481961676e+02 2.026027592280417593e+03 1.743701727676889959e+03
3.905869193676371651e+02 2.017006694221985526e+03 1.785760185917879653e+03
3.915869498870779353e+02 2.005000249306660407e+03 1.818147907903982514e+03
3.925869804065187054e+02 2.033611457245480779e+03 1.803261786196022740e+03
3.935870109259599303e+02 2.090694301718824136e+03 1.789048443872585494e+03
3.945870414454007005e+02 2.084005692146143701e+03 1.787646938409217455e+03
3.955870719648416980e+02 2.056415235151122033e+03 1.798707062309626053e+03
3.965871024842824681e+02 2.054346227506171999e+03 1.802938673711742695e+03
3.975871330037232383e+02 2.067287289021996912e+03 1.810066678872653938e+03
3.985871635231642358e+02 2.065563731930109498e+03 1.793884742734044039e+03
3.995871940426050060e+02 2.025439684281456721e+03 1.788128750200933155e+03
4.005872245620460035e+02 2.004986216827828684e+03 1.783006783583195102e+03
4.015872550814867736e+02 1.993122551479240428e+03 1.767660368622930037e+03
4.025872856009277712e+02 2.002615615674836590e+03 1.776462572911448433e+03
4.035873161203685413e+02 2.039242931514900192e+03 1.767845851725842067e+03
4.045873466398093115e+02 2.026272375926471796e+03 1.750446113640421800e+03
4.055873771592505364e+02 2.009679742903648730e+03 1.764111355352933060e+03
4.065874076786913065e+02 1.973777432386423243e+03 1.776183831946273585e+03
4.075874381981323040e+02 1.926282310493799741e+03 1.767327569949527287e+03
4.085874687175730742e+02 1.887836128068362086e+03 1.765906305720156070e+03
4.095874992370138443e+02 1.834766487232520376e+03 1.754480202409795083e+03
4.105875297564548418e+02 1.783996944805330713e+03 1.751675908670847548e+03
4.115875602758956120e+02 1.778079815082279310e+03 1.768178378726087658e+03
4.125875907953366095e+02 1.787952427971162251e+03 1.786637308081714991e+03
4.135876213147773797e+02 1.783679069722782515e+03 1.776888377323158693e+03
4.145876518342183772e+02 1.766451534389123481e+03 1.770273272755277048e+03
4.155876823536591473e+02 1.736098546898305358e+03 1.754057070775582588e+03
4.165877128731001449e+02 1.728237374131833349e+03 1.746361381201046697e+03
4.175877433925411424e+02 1.716909554649751954e+03 1.770345591709453856e+03
4.185877739119819125e+02 1.706666433331611188e+03 1.729604158491180215e+03
4.195878044314229101e+02 1.656615500791293016e+03 1.692714351965013520e+03
4.205878349508636802e+02 1.641287449233528605e+03 1.681000409646254639e+03
4.215878654703044504e+02 1.652310376702056601e+03 1.697295631580781446e+03
4.225878959897454479e+02 1.644398172048822744e+03 1.710260998606465364e+03
4.235879265091862180e+02 1.648911377708180225e+03 1.692266293038411504e+03
4.245879570286272155e+02 1.634093240506223083e+03 1.682555938560433333e+03
4.255879875480679857e+02 1.595638430840443107e+03 1.660599804435755459e+03
4.265880180675087558e+02 1.564024774286188403e+03 1.671431540392044326e+03
4.275880485869499807e+02 1.534324028336906849e+03 1.662134536767582631e+03
4.285880791063907509e+02 1.532463810477511288e+03 1.629445071939314630e+03
4.295881096258317484e+02 1.509189392599439088e+03 1.629499171823609686e+03
4.305881401452725186e+02 1.508044665669498499e+03 1.646530388159014365e+03
4.315881706647132887e+02 1.571461694582310884e+03 1.658576784919489910e+03
4.325882011841542862e+02 1.600327473743318478e+03 1.633690155251297938e+03
4.335882317035950564e+02 1.583885168066228289e+03 1.605671314023523564e+03
4.345882622230360539e+02 1.538035663141379700e+03 1.600496517751850888e+03
4.355882927424768241e+02 1.468237040115454874e+03 1.607002041331214514e+03
4.365883232619178216e+02 1.406296260862400231e+03 1.598608150531378897e+03
4.375883537813585917e+02 1.389515007075819085e+03 1.566940683837785173e+03
4.385883843007993619e+02 1.387338803760363589e+03 1.546280222778738334e+03
4.395884148202405868e+02 1.339087713850911314e+03 1.546137145832015221e+03
4.405884453396813569e+02 1.281053952256959747e+03 1.591203597894907034e+03
4.415884758591223544e+02 1.269003314495463201e+03 1.582349657587791853e+03
4.425885063785631246e+02 1.304825273934604411e+03 1.535155602278326342e+03
4.435885368980038947e+02 1.301272087693370850e+03 1.529355169168627299e+03
4.445885674174448923e+02 1.272111848790886143e+03 1.502061865771878729e+03
4.455885979368856624e+02 1.249487814218962740e+03 1.486304395862599222e+03
4.465886284563266599e+02 1.237469905254436526e+03 1.485536852096784287e+03
4.475886589757674301e+02 1.243018107247073203e+03 1.464831634110027153e+03
4.485886894952084276e+02 1.213988949101007165e+03 1.449609073993677839e+03
4.495887200146491978e+02 1.172143849460033380e+03 1.433153668060907648e+03
4.505887505340901953e+02 1.199288499603842865e+03 1.428376714754645718e+03
4.515887810535311928e+02 1.218736698279435586e+03 1.419320906768219857e+03
4.525888115729719630e+02 1.220020835865600020e+03 1.424967446428494895e+03
4.535888420924129605e+02 1.245004570278992105e+03 1.424021924150756149e+03
4.545888726118537306e+02 1.270941308963076153e+03 1.415926205285275046e+03
4.555889031312945008e+02 1.285991138064719053e+03 1.411172519172089778e+03
4.565889336507354983e+02 1.287785418195386228e+03 1.397392615841983115e+03
4.575889641701762685e+02 1.287766363282340535e+03 1.392676072542225938e+03
4.585889946896172660e+02 1.264987417300444577e+03 1.391565078212402341e+03
4.595890252090580361e+02 1.226135105792898685e+03 1.377048635972030752e+03
4.605890557284988063e+02 1.190406509300166363e+03 1.381283241542613723e+03
4.615890862479398038e+02 1.195062387135758399e+03 1.395275010274537408e+03
4.625891167673808013e+02 1.211439332083997215e+03 1.439925590172991633e+03
4.635891472868217988e+02 1.233379599930169206e+03 1.399166104578478553e+03
4.645891778062625690e+02 1.244809472182074387e+03 1.378896683988915129e+03
4.655892083257035665e+02 1.259609970709467234e+03 1.395515621321249682e+03
4.665892388451443367e+02 1.257028727500510286e+03 1.402984211446927930e+03
4.675892693645851068e+02 1.225136327481495755e+03 1.414255591122144097e+03
4.685892998840261043e+02 1.232700065852477564e+03 1.353693085530145254e+03
4.695893304034668745e+02 1.228603526239532584e+03 1.365781259469931911e+03
4.705893609229078720e+02 1.185905763995731832e+03 1.373749754033971158e+03
4.715893914423486422e+02 1.227349156732861957e+03 1.366639010428501479e+03
4.725894219617894123e+02 1.276274010489900320e+03 1.340299211468811336e+03
4.735894524812306372e+02 1.260861031231183006e+03 1.354565243172116197e+03
4.745894830006714074e+02 1.255801094402684612e+03 1.360891589188326861e+03
4.755895135201124049e+02 1.279548363307148975e+03 1.322053247491570801e+03
4.765895440395531750e+02 1.303559844048042578e+03 1.344020092919370427e+03
4.775895745589939452e+02 1.324673980765093802e+03 1.358191991612123047e+03
4.785896050784349427e+02 1.343800577380414325e+03 1.321115241650574035e+03
4.795896355978757128e+02 1.336786937172815669e+03 1.323577392537690230e+03
4.805896661173167104e+02 1.327000574822481212e+03 1.336444038792554238e+03
4.815896966367574805e+02 1.362862817032937528e+03 1.344574811861667058e+03
4.825897271561984780e+02 1.420866108261132467e+03 1.348154287425249322e+03
4.835897576756392482e+02 1.457356009206652743e+03 1.349511419179127415e+03
4.845897881950802457e+02 1.437104205112060299e+03 1.325771320303823586e+03
4.855898187145212432e+02 1.451185388762422008e+03 1.313459437341217608e+03
4.865898492339620134e+02 1.489298424832002638e+03 1.314743351675054100e+03
4.875898797534030109e+02 1.545484196499844984e+03 1.299394151863961497e+03
4.885899102728437811e+02 1.562121184972926130e+03 1.280183931340513254e+03
4.895899407922845512e+02 1.527072834393316953e+03 1.286934824266935721e+03
4.905899713117255487e+02 1.538997650703449835e+03 1.322505261291905981e+03
4.915900018311663189e+02 1.565005522221636056e+03 1.370994921791978413e+03
4.925900323506073164e+02 1.613546078170951660e+03 1.355406461502865113e+03
4.935900628700480866e+02 1.637679196417104322e+03 1.322359732764684168e+03
4.945900933894888567e+02 1.608494965953745123e+03 1.354967167226483298e+03
4.955901239089298542e+02 1.615943840519787045e+03 1.395714772815977085e+03
4.965901544283708517e+02 1.635572687072743065e+03 1.387544782495237541e+03
4.975901849478118493e+02 1.640268985831013197e+03 1.398509679589186362e+03
4.985902154672526194e+02 1.667453686951939744e+03 1.365794720677160967e+03
4.995902459866936169e+02 1.685448101111735014e+03 1.338529645714083472e+03
5.005902765061343871e+02 1.698154642575493199e+03 1.317866634542347128e+03
5.015903070255751572e+02 1.687653434406667657e+03 1.369711699626071777e+03
5.025903375450161548e+02 1.674923173360213696e+03 1.407185653791300865e+03
5.035903680644569249e+02 1.700136786750987085e+03 1.361783689156890659e+03
5.045903985838979224e+02 1.682138838279790434e+03 1.324504806319368981e+03
5.055904291033386926e+02 1.632463559948946568e+03 1.374087245705146643e+03
5.065904596227794627e+02 1.661062192682773457e+03 1.386506893146170796e+03
5.075904901422206876e+02 1.711886594015732044e+03 1.348968743621794829e+03
5.085905206616614578e+02 1.691416017440007636e+03 1.336898218364891136e+03
5.095905511811024553e+02 1.656079140231104248e+03 1.350837833455681675e+03
5.105905817005432255e+02 1.657932186937969163e+03 1.373143881697745428e+03
5.115906122199839956e+02 1.673382779932231642e+03 1.386702268165991427e+03
5.125906427394249931e+02 1.654862219159862434e+03 1.394549391400817058e+03
5.135906732588657633e+02 1.632668995831942084e+03 1.374024332963762390e+03
5.145907037783067608e+02 1.643856374544247956e+03 1.362385104324761414e+03
5.155907342977475309e+02 1.591273015350125206e+03 1.372240681945067990e+03
5.165907648171885285e+02 1.566506027177954820e+03 1.428022977410056910e+03
5.175907953366292986e+02 1.591959476663496389e+03 1.453443305862887655e+03
5.185908258560702961e+02 1.587223530759805726e+03 1.426475927508166478e+03
5.195908563755112937e+02 1.560941632474276048e+03 1.417462918130898970e+03
5.205908868949520638e+02 1.582199740589225257e+03 1.381265814198263797e+03
5.215909174143930613e+02 1.633150665458111689e+03 1.404134645034266441e+03
5.225909479338338315e+02 1.634826897023767742e+03 1.399701358767163583e+03
5.235909784532746016e+02 1.581385931747006907e+03 1.365745720750554938e+03
5.245910089727155992e+02 1.525187490210382748e+03 1.390019381089481612e+03
5.255910394921563693e+02 1.481728655954117130e+03 1.402622739804629418e+03
5.265910700115973668e+02 1.443734446003547419e+03 1.432102440048199242e+03
5.275911005310381370e+02 1.444500155744999574e+03 1.453572229878073358e+03
5.285911310504789071e+02 1.455915152551695428e+03 1.423724510195244875e+03
5.295911615699199047e+02 1.429202539888718093e+03 1.434680642868540872e+03
5.305911920893609022e+02 1.439267691901186481e+03 1.459686565101939777e+03
5.315912226088018997e+02 1.466224223967994476e+03 1.457452845073834624e+03
5.325912531282426698e+02 1.502016208407379963e+03 1.410011454251414989e+03
5.335912836476836674e+02 1.487197544485203252e+03 1.374530315273275846e+03
5.345913141671244375e+02 1.452361585493825260e+03 1.408553368057046328e+03
5.355913446865652077e+02 1.431784265880820385e+03 1.438210816770257452e+03
5.365913752060062052e+02 1.417135979463699186e+03 1.430082161508901663e+03
5.375914057254469753e+02 1.443550739039845212e+03 1.432936128885502967e+03
5.385914362448879729e+02 1.413575604940753692e+03 1.418824204565967193e+03
5.395914667643287430e+02 1.335572958425573233e+03 1.402366019527700473e+03
5.405914972837695132e+02 1.310519771045488596e+03 1.396035447461585136e+03
5.415915278032107381e+02 1.315620900925447131e+03 1.407241061232845141e+03
5.425915583226515082e+02 1.301940897529964786e+03 1.403450734899754252e+03
5.435915888420925057e+02 1.305596794649311050e+03 1.377456627056516027e+03
5.445916193615332759e+02 1.274382719770952463e+03 1.423500516827409683e+03
5.455916498809740460e+02 1.196357551611798044e+03 1.436300010247804721e+03
5.465916804004150436e+02 1.185638791282948660e+03 1.436669523398855972e+03
5.475917109198558137e+02 1.179923473162431037e+03 1.427413105601282268e+03
5.485917414392968112e+02 1.142768608326516187e+03 1.418348996040439943e+03
5.495917719587375814e+02 1.129931168536044424e+03 1.378432078230706111e+03
5.505918024781785789e+02 1.171264971059144955e+03 1.400838869959869953e+03
5.515918329976193490e+02 1.256373002228074256e+03 1.431340418561518391e+03
5.525918635170601192e+02 1.282222109188071045e+03 1.408375789929180655e+03
5.535918940365013441e+02 1.251509110381666687e+03 1.393626943339126683e+03
5.545919245559421142e+02 1.232444026960461997e+03 1.405458253505662242e+03
5.555919550753831118e+02 1.190705823579637581e+03 1.426024712468193457e+03
5.565919855948238819e+02 1.135271935722155831e+03 1.399827540968970879e+03
5.575920161142646521e+02 1.106666537974682797e+03 1.362194832595227581e+03
5.585920466337056496e+02 1.067295190338763859e+03 1.353653835916422395e+03
5.595920771531464197e+02 1.033741867892871596e+03 1.363958247302001610e+03
5.605921076725874173e+02 1.021173767371408758e+03 1.398026319092290123e+03
5.615921381920281874e+02 1.008477681592705267e+03 1.438838550028175860e+03
5.625921687114689576e+02 1.013860865181712143e+03 1.408159219334824229e+03
5.635921992309099551e+02 9.878408824875332357e+02 1.326141345277105984e+03
5.645922297503509526e+02 9.436092950796610239e+02 1.322131109579847134e+03
5.655922602697919501e+02 9.162313698815269163e+02 1.309778710771879332e+03
5.665922907892327203e+02 8.839691513965553895e+02 1.366776942938815864e+03
5.675923213086737178e+02 8.465279925962804555e+02 1.398283690510253336e+03
5.685923518281144879e+02 7.918904142427236366e+02 1.396427008225169857e+03
5.695923823475552581e+02 7.475048673650762794e+02 1.410561102394408181e+03
5.705924128669962556e+02 7.889526043647965707e+02 1.401546234538513545e+03
5.715924433864370258e+02 8.236576343563665432e+02 1.418021133706100045e+03
5.725924739058780233e+02 8.147522125892810436e+02 1.423488497722955117e+03
5.735925044253187934e+02 7.686856670262586704e+02 1.363261224638066324e+03
5.745925349447595636e+02 7.222923957099501422e+02 1.370946432308989415e+03
5.755925654642007885e+02 7.557478895437925530e+02 1.392300378104467427e+03
5.765925959836415586e+02 7.473539260898796783e+02 1.381481383545054541e+03
5.775926265030825562e+02 7.229795481002875022e+02 1.367348533193959838e+03
5.785926570225233263e+02 6.903197345579555986e+02 1.377777873429395413e+03
5.795926875419640965e+02 6.566749472181636520e+02 1.392421679577654231e+03
5.805927180614050940e+02 6.516989982832437818e+02 1.418348888523496953e+03
5.815927485808458641e+02 6.545387384094192385e+02 1.420703073380110027e+03
5.825927791002868616e+02 7.141027354290818039e+02 1.381181677756650743e+03
5.835928096197276318e+02 7.086854167270175822e+02 1.340684691988226405e+03
5.845928401391686293e+02 6.363367247268670326e+02 1.348409528012366991e+03
5.855928706586093995e+02 6.479273647005575185e+02 1.386894234689174709e+03
5.865929011780501696e+02 7.120662693016456615e+02 1.394040288783343385e+03
5.875929316974913945e+02 7.176946202261842700e+02 1.370638482874509009e+03
5.885929622169321647e+02 6.903932201183306461e+02 1.377009621686446053e+03
5.895929927363731622e+02 7.101744500058921403e+02 1.369275949085929597e+03
5.905930232558139323e+02 7.312572565146274428e+02 1.346713465965498244e+03
5.915930537752547025e+02 7.663519920703183743e+02 1.387077516397417867e+03
5.925930842946957000e+02 8.019276002600272477e+02 1.378268439583277541e+03
5.935931148141364702e+02 7.606203179616168200e+02 1.369705934880300902e+03
5.945931453335774677e+02 7.691358408819669421e+02 1.369511354333745430e+03
5.955931758530182378e+02 8.008490696688531898e+02 1.426647707998607075e+03
5.965932063724590080e+02 8.163706767921157734e+02 1.435002374982196443e+03
5.975932368919000055e+02 8.073884813038985158e+02 1.380346967265371632e+03
5.985932674113410030e+02 7.847043038860647357e+02 1.373396358712833035e+03
5.995932979307820005e+02 8.116720987368771603e+02 1.420380795983885037e+03
6.005933284502227707e+02 8.563951641630010272e+02 1.428075101951935721e+03
6.015933589696637682e+02 9.084274862038328138e+02 1.430002240200835786e+03
6.025933894891045384e+02 9.609298867840516323e+02 1.438406049473469238e+03
6.035934200085453085e+02 9.905771696361589420e+02 1.407276626169710426e+03
6.045934505279863060e+02 9.907557065534729190e+02 1.403825388166459106e+03
6.055934810474270762e+02 1.044796338648340679e+03 1.437844082747577204e+03
6.065935115668680737e+02 1.112870833734643384e+03 1.452330823697511050e+03
6.075935420863088439e+02 1.171075995731762305e+03 1.396277712135965430e+03
6.085935726057496140e+02 1.197061559132702314e+03 1.336760081154533054e+03
6.095936031251908389e+02 1.204421769960399615e+03 1.366364361733688611e+03
6.105936336446316091e+02 1.252842595219612122e+03 1.422195520546717944e+03
6.115936641640726066e+02 1.266896112114083735e+03 1.460146849564217746e+03
6.125936946835133767e+02 1.262417809555898202e+03 1.450156471659341832e+03
6.135937252029541469e+02 1.278707519436022267e+03 1.358232510424138127e+03
6.145937557223951444e+02 1.307237788322188862e+03 1.375851003457255047e+03
6.155937862418359146e+02 1.343493850542774453e+03 1.419080735897018030e+03
6.165938167612769121e+02 1.350490351124448352e+03 1.386911591502714600e+03
6.175938472807176822e+02 1.347284392639332509e+03 1.350100445790081721e+03
6.185938778001586797e+02 1.313513386321003054e+03 1.316035581894779625e+03
6.195939083195994499e+02 1.294785655233954458e+03 1.347970025386131283e+03
6.205939388390402200e+02 1.376197497098553868e+03 1.399618293885184130e+03
6.215939693584814449e+02 1.424259927724282534e+03 1.384801281507997828e+03
6.225939998779222151e+02 1.396704155783532769e+03 1.362286317078297088e+03
6.235940303973632126e+02 1.372571982805466178e+03 1.364483051144042975e+03
6.245940609168039828e+02 1.425545179881841250e+03 1.372466561553678275e+03
6.255940914362447529e+02 1.465626528155889901e+03 1.374617914970326865e+03
6.265941219556857504e+02 1.460470182771274267e+03 1.345399448725706634e+03
6.275941524751265206e+02 1.485068940108823881e+03 1.307642119386001923e+03
6.285941829945675181e+02 1.485436418202836649e+03 1.312177093599507998e+03
6.295942135140082883e+02 1.426743434834053915e+03 1.373598836739185572e+03
6.305942440334490584e+02 1.455622720846684388e+03 1.416353717586508083e+03
6.315942745528900559e+02 1.540396110376808792e+03 1.407632299486533839e+03
6.325943050723310535e+02 1.539295978700620253e+03 1.380310133542311405e+03
6.335943355917720510e+02 1.504646458916449774e+03 1.371362696144258280e+03
6.345943661112128211e+02 1.545124425975460326e+03 1.352421240581752272e+03
6.355943966306538186e+02 1.561910852206134223e+03 1.377050580483040903e+03
6.365944271500945888e+02 1.548846642270649681e+03 1.415925210619227983e+03
6.375944576695353589e+02 1.520072624834472663e+03 1.386831513090449334e+03
6.385944881889763565e+02 1.468282169095225981e+03 1.375197366805615729e+03
6.395945187084171266e+02 1.480562611882582132e+03 1.369711288817924014e+03
6.405945492278581241e+02 1.516364143660002810e+03 1.377018612562439102e+03
6.415945797472988943e+02 1.522258276305728941e+03 1.354068432917678138e+03
6.425946102667396644e+02 1.519745304273357760e+03 1.310739884031358315e+03
6.435946407861806620e+02 1.498429540198703762e+03 1.325840680459811438e+03
6.445946713056216595e+02 1.447087348604050931e+03 1.354756046468080058e+03
6.455947018250626570e+02 1.402644818135915557e+03 1.348309696741524021e+03
6.465947323445034272e+02 1.388349265145470781e+03 1.315337687945531115e+03
6.475947628639441973e+02 1.327635650822239768e+03 1.319136348018291756e+03
6.485947933833851948e+02 1.269356133244322336e+03 1.318857890293362743e+03
6.495948239028259650e+02 1.269473829720824142e+03 1.360578377423551274e+03
6.505948544222669625e+02 1.297697626261062396e+03 1.393732351958760546e+03
6.515948849417077327e+02 1.339319273895131118e+03 1.369358195820076844e+03
6.525949154611487302e+02 1.328117861888986226e+03 1.336076827914939258e+03
6.535949459805895003e+02 1.297457073676678192e+03 1.325499512916552248e+03
6.545949765000302705e+02 1.255878577845549444e+03 1.375004348979519364e+03
6.555950070194714954e+02 1.258575641393206752e+03 1.418675910318734850e+03
6.565950375389122655e+02 1.232637932091945913e+03 1.408434772013042220e+03
6.575950680583532630e+02 1.198826650067640003e+03 1.379524380294892126e+03
6.585950985777940332e+02 1.195857128949073740e+03 1.386442141856756280e+03
6.595951290972348033e+02 1.221647405839303246e+03 1.433945602954104970e+03
6.605951596166758009e+02 1.232219019461597782e+03 1.437609439918404860e+03
6.615951901361165710e+02 1.230401382991532955e+03 1.430005681955112323e+03
6.625952206555575685e+02 1.240707061829039958e+03 1.400642944861413753e+03
6.635952511749983387e+02 1.217474305110892601e+03 1.393076083300082473e+03
6.645952816944391088e+02 1.148218325367801299e+03 1.448059673800509927e+03
6.655953122138801064e+02 1.137437650891683006e+03 1.494327601166725572e+03
6.665953427333211039e+02 1.140957749166514986e+03 1.442165737321842471e+03
6.675953732527621014e+02 1.084946921471526366e+03 1.394595647989293411e+03
6.685954037722028716e+02 1.006132442197562341e+03 1.430450253802375755e+03
6.695954342916438691e+02 9.982301805237566441e+02 1.455498999542523507e+03
6.705954648110846392e+02 1.035871981026335561e+03 1.466327925258103505e+03
6.715954953305254094e+02 9.972786653220518929e+02 1.464552993813409557e+03
6.725955258499664069e+02 9.965961529352662183e+02 1.458326460351893729e+03
6.735955563694071770e+02 1.045813848193844024e+03 1.455965927804950525e+03
6.745955868888481746e+02 9.900937133118495694e+02 1.457324632754635559e+03
6.755956174082889447e+02 9.572640091105986357e+02 1.477264709234928205e+03
6.765956479277297149e+02 1.009618666343205405e+03 1.413652466606205508e+03
6.775956784471707124e+02 9.997760321051882784e+02 1.380283526882142269e+03
6.785957089666117099e+02 9.602484391570797015e+02 1.404641531289357545e+03
6.795957394860527074e+02 1.001108899503202338e+03 1.439626125028987644e+03
6.805957700054934776e+02 1.048728861225130458e+03 1.479447812480614857e+03
6.815958005249342477e+02 1.057875792815104433e+03 1.452642659306306996e+03
6.825958310443752453e+02 1.042336118234974492e+03 1.422883307540210126e+03
6.835958615638160154e+02 1.058710435126220545e+03 1.437192068896243654e+03
6.845958920832570129e+02 1.093792704805171525e+03 1.455328837682263838e+03
6.855959226026977831e+02 1.101825838687856958e+03 1.478266423036818651e+03
6.865959531221387806e+02 1.116231746841251152e+03 1.478921894693078912e+03
6.875959836415795507e+02 1.095331110370869283e+03 1.438715212259282907e+03
6.885960141610203209e+02 1.071937615759017717e+03 1.440056435038240807e+03
6.895960446804615458e+02 1.062744686457144780e+03 1.451980938531813308e+03
6.905960751999023159e+02 1.094739357499161997e+03 1.474727118003865371e+03
6.915961057193433135e+02 1.178747245977461716e+03 1.479535557674220854e+03
6.925961362387840836e+02 1.190163818205382995e+03 1.455028701112136787e+03
6.935961667582248538e+02 1.181738424823193782e+03 1.445453347321358251e+03
6.945961972776658513e+02 1.202634974611803045e+03 1.451492808297732381e+03
6.955962277971066214e+02 1.190929235488056293e+03 1.457004030521492268e+03
6.965962583165476190e+02 1.196515086027928191e+03 1.485411268407791340e+03
6.975962888359883891e+02 1.193283105949440142e+03 1.462341684876563022e+03
6.985963193554293866e+02 1.153476658858795417e+03 1.465091276213850733e+03
6.995963498748701568e+02 1.147885653268334863e+03 1.460628938346041878e+03
7.005963803943111543e+02 1.164586256267593853e+03 1.467674374795411950e+03
7.015964109137521518e+02 1.174868890754274616e+03 1.473750381977524512e+03
7.025964414331929220e+02 1.173603851131098054e+03 1.456048862582207221e+03
7.035964719526339195e+02 1.180620755805497538e+03 1.467617070016514617e+03
7.045965024720746896e+02 1.208736921323503338e+03 1.470623180195506393e+03
7.055965329915154598e+02 1.214477076664526976e+03 1.443028447170858726e+03
7.065965635109564573e+02 1.230122827823339321e+03 1.441076851344976603e+03
7.075965940303972275e+02 1.238350295292208102e+03 1.397381454371119162e+03
7.085966245498382250e+02 1.213329319075475723e+03 1.412239444388083939e+03
7.095966550692789951e+02 1.192458737464425212e+03 1.459707199596076634e+03
7.105966855887197653e+02 1.247926690203077669e+03 1.468358282600599068e+03
7.115967161081607628e+02 1.345958804971191057e+03 1.451464533906020961e+03
7.125967466276017603e+02 1.368740610732933419e+03 1.455518132149454459e+03
7.135967771470427579e+02 1.367528012288241371e+03 1.490433114992576975e+03
7.145968076664835280e+02 1.379528939299418198e+03 1.511909040571016703e+03
7.155968381859242982e+02 1.425524252256347609e+03 1.485547526694527505e+03
7.165968687053652957e+02 1.455024683072992048e+03 1.428963496192179491e+03
7.175968992248060658e+02 1.431448102972104607e+03 1.458543245487633385e+03
7.185969297442470634e+02 1.436078962030644107e+03 1.442145668184495207e+03
7.195969602636878335e+02 1.432219742186271105e+03 1.442092937115893847e+03
7.205969907831288310e+02 1.463213474034197134e+03 1.491001731764249371e+03
7.215970213025696012e+02 1.544032106686803672e+03 1.492265856574658073e+03
7.225970518220103713e+02 1.560116773446279694e+03 1.466233472577891462e+03
7.235970823414515962e+02 1.554501622457726626e+03 1.460762379730334260e+03
7.245971128608923664e+02 1.536558220076258294e+03 1.459272742658737570e+03
7.255971433803333639e+02 1.539397554524801308e+03 1.460656515528004775e+03
7.265971738997741340e+02 1.556119661994727721e+03 1.460323983658230873e+03
7.275972044192149042e+02 1.529069039196097947e+03 1.451926925342273989e+03
7.285972349386559017e+02 1.489338146849589975e+03 1.473004764005529751e+03
7.295972654580966719e+02 1.515041539546828062e+03 1.481161991341018393e+03
7.305972959775376694e+02 1.535907741681879997e+03 1.458152425538143916e+03
7.315973264969784395e+02 1.547551955380457002e+03 1.448563060016559803e+03
7.325973570164194371e+02 1.554253408885884710e+03 1.423853108172359498e+03
7.335973875358602072e+02 1.518629460854628633e+03 1.448420384459678871e+03
7.345974180553009774e+02 1.509027909727641600e+03 1.467684538390889884e+03
7.355974485747422023e+02 1.517993370988329843e+03 1.468883988689729676e+03
7.365974790941829724e+02 1.517994416174775324e+03 1.460529404339139546e+03
7.375975096136239699e+02 1.447112560414465406e+03 1.455795355174092947e+03
7.385975401330647401e+02 1.406229129666844528e+03 1.474143784501384289e+03
7.395975706525055102e+02 1.446755465722042572e+03 1.479831991190160579e+03
7.405976011719465077e+02 1.465345951241617513e+03 1.506052125903609294e+03
7.415976316913872779e+02 1.485479347311713354e+03 1.477224270980657593e+03
7.425976622108282754e+02 1.483649844983454386e+03 1.436643219626154405e+03
7.435976927302690456e+02 1.434421029015056774e+03 1.480871813093359833e+03
7.445977232497098157e+02 1.426572934666482979e+03 1.490127413769733039e+03
7.455977537691508132e+02 1.405975549821334425e+03 1.482739026176497873e+03
7.465977842885918108e+02 1.390714006395308388e+03 1.486328486933591648e+03
7.475978148080328083e+02 1.376436602856852915e+03 1.474226946738733204e+03
7.485978453274735784e+02 1.381076535820742720e+03 1.450813696200738377e+03
7.495978758469145760e+02 1.436342342729560187e+03 1.442361462229541075e+03
7.505979063663553461e+02 1.473902700399581590e+03 1.421054981899632367e+03
7.515979368857961163e+02 1.487386553982045371e+03 1.433018608198994343e+03
7.525979674052371138e+02 1.459091183260643447e+03 1.444481248525711635e+03
7.535979979246778839e+02 1.408994947782119198e+03 1.439367073015963342e+03
7.545980284441188815e+02 1.369878169115547280e+03 1.458469769220212811e+03
7.555980589635596516e+02 1.349933652846093537e+03 1.453290237489667106e+03
7.565980894830004218e+02 1.337517353814348098e+03 1.441827072970414747e+03
7.575981200024416466e+02 1.299771948415043880e+03 1.399638983034868943e+03
7.585981505218824168e+02 1.246036798736016863e+03 1.392224750094262163e+03
7.595981810413234143e+02 1.215929564535948884e+03 1.448115115625945919e+03
7.605982115607641845e+02 1.257851324690696856e+03 1.399065631156552172e+03
7.615982420802049546e+02 1.276039998161075346e+03 1.384334880711286814e+03
7.625982725996459521e+02 1.250268248007767397e+03 1.429482096019268738e+03
7.635983031190867223e+02 1.200787958711869578e+03 1.442021772331354668e+03
7.645983336385277198e+02 1.193425222840865899e+03 1.436980410797293189e+03
7.655983641579684900e+02 1.230578025784998317e+03 1.419139211058837645e+03
7.665983946774094875e+02 1.202171296687160066e+03 1.429400023640607515e+03
7.675984251968502576e+02 1.135657764438810773e+03 1.398581446114902747e+03
7.685984557162910278e+02 1.152739413983008490e+03 1.379764702016066622e+03
7.695984862357322527e+02 1.172292046475338793e+03 1.414507031102156134e+03
7.705985167551730228e+02 1.167100843671538314e+03 1.448039462088336677e+03
7.715985472746140204e+02 1.193704839935855489e+03 1.443170650290694311e+03
7.725985777940547905e+02 1.220351217920413546e+03 1.425755380756690556e+03
7.735986083134955607e+02 1.204741005704001509e+03 1.444847126137277428e+03
7.745986388329365582e+02 1.192589653035935044e+03 1.446833740327085479e+03
7.755986693523773283e+02 1.198391362166625186e+03 1.399952541774924157e+03
7.765986998718183258e+02 1.163888568596112236e+03 1.399176399128239154e+03
7.775987303912590960e+02 1.112276427137543578e+03 1.382978525799737554e+03
7.785987609106998661e+02 1.060282633141547194e+03 1.382203201127433431e+03
7.795987914301408637e+02 1.060546127121928293e+03 1.375416199403237215e+03
7.805988219495818612e+02 1.096437067035090877e+03 1.419198998497466846e+03
7.815988524690228587e+02 1.134078164563123210e+03 1.433340092572855610e+03
7.825988829884636289e+02 1.125309873109885302e+03 1.425603383579424872e+03
7.835989135079046264e+02 1.145030551756257410e+03 1.404873554234161702e+03
7.845989440273453965e+02 1.152485278224086869e+03 1.403709880913356074e+03
7.855989745467861667e+02 1.134851672870412585e+03 1.387107769797238916e+03
7.865990050662271642e+02 1.166335099001718845e+03 1.356234022762891755e+03
7.875990355856679344e+02 1.160252069155023491e+03 1.374724068575268348e+03
7.885990661051089319e+02 1.122370441979817770e+03 1.383149238801574938e+03
7.895990966245497020e+02 1.185011357409550328e+03 1.373170081065118438e+03
7.905991271439904722e+02 1.261811412509941874e+03 1.347960674506344503e+03
7.915991576634316971e+02 1.273688396787381862e+03 1.368228529655393231e+03
7.925991881828724672e+02 1.277986130990238962e+03 1.387122688581288685e+03
7.935992187023134647e+02 1.304791213075903215e+03 1.382793725061958867e+03
7.945992492217542349e+02 1.335292720944924440e+03 1.390033963154786534e+03
7.955992797411950050e+02 1.357245805169441155e+03 1.406357091752274982e+03
7.965993102606360026e+02 1.391798620646692143e+03 1.402525902432816565e+03
7.975993407800767727e+02 1.393869827380271090e+03 1.391383919237397322e+03
7.985993712995177702e+02 1.387773017115834591e+03 1.381256762365663008e+03
7.995994018189585404e+02 1.432807721084416698e+03 1.384360041114116257e+03
8.005994323383995379e+02 1.487912134632342713e+03 1.410891838214477502e+03
8.015994628578403081e+02 1.532801493868973921e+03 1.402286451898910173e+03
8.025994933772810782e+02 1.533038593844239585e+03 1.371627223250508905e+03
8.035995238967223031e+02 1.533588877780963230e+03 1.380744180340184585e+03
8.045995544161630733e+02 1.572541579272610761e+03 1.373905038878039932e+03
8.055995849356040708e+02 1.645640751450549942e+03 1.350484218101953502e+03
8.065996154550448409e+02 1.649301635315683598e+03 1.371878056533928884e+03
8.075996459744856111e+02 1.588152983604228211e+03 1.391920851309317413e+03
8.085996764939266086e+02 1.577574569204431100e+03 1.361438126842795100e+03
8.095997070133673787e+02 1.605862688392453492e+03 1.322776337407648498e+03
8.105997375328083763e+02 1.671799453844467280e+03 1.349506905919691235e+03
8.115997680522491464e+02 1.691192020358130321e+03 1.382324515405165812e+03
8.125997985716899166e+02 1.660399339630968825e+03 1.367410530060175915e+03
8.135998290911309141e+02 1.674914579331649293e+03 1.353634693963037307e+03
8.145998596105719116e+02 1.679361751900491072e+03 1.371965138563042501e+03
8.155998901300129091e+02 1.666767725528534356e+03 1.385640429153251262e+03
8.165999206494536793e+02 1.708423915190549451e+03 1.380281865739393879e+03
8.175999511688946768e+02 1.736053250730590662e+03 1.389048369385242040e+03
8.185999816883354470e+02 1.736756668285819615e+03 1.405058395597135359e+03
8.196000122077762171e+02 1.728571231986916246e+03 1.395911008819374729e+03
8.206000427272172146e+02 1.726262168473140264e+03 1.399423596228344877e+03
8.216000732466579848e+02 1.744405546089548807e+03 1.411474382794324811e+03
8.226001037660989823e+02 1.740870838935719803e+03 1.405503706072246587e+03
8.236001342855397525e+02 1.705505182578577660e+03 1.388416486279193350e+03
8.246001648049805226e+02 1.721111274212271383e+03 1.403168595314353979e+03
8.256001953244215201e+02 1.774692826512529791e+03 1.419853347393581544e+03
8.266002258438625176e+02 1.752048769555894978e+03 1.432853062396330643e+03
8.276002563633035152e+02 1.724829132055214359e+03 1.407123431312800676e+03
8.286002868827442853e+02 1.739790810333355694e+03 1.397813770810640790e+03
8.296003174021850555e+02 1.757882531617357017e+03 1.425513870171312419e+03
8.306003479216260530e+02 1.746183764694744241e+03 1.421863703357265877e+03
8.316003784410668231e+02 1.756710018812895214e+03 1.427151156303539665e+03
8.326004089605078207e+02 1.776984747637863620e+03 1.440320141812603651e+03
8.336004394799485908e+02 1.717491115895365510e+03 1.428661189853496353e+03
8.346004699993895883e+02 1.718859129007889351e+03 1.431450829734953459e+03
8.356005005188303585e+02 1.776378656270362626e+03 1.422969194064841304e+03
8.366005310382711286e+02 1.774622590268476415e+03 1.444466895856114661e+03
8.376005615577123535e+02 1.756063148180270218e+03 1.450044656016874796e+03
8.386005920771531237e+02 1.791508580782390709e+03 1.410456840116438570e+03
8.396006225965941212e+02 1.836609529484776431e+03 1.401318413109775975e+03
8.406006531160348914e+02 1.860859779605039876e+03 1.379118817228348689e+03
8.416006836354756615e+02 1.851233459823626617e+03 1.357087914324937401e+03
8.426007141549166590e+02 1.798804610110868452e+03 1.392546147994621833e+03
8.436007446743574292e+02 1.749922932937346559e+03 1.416241182865585415e+03
8.446007751937984267e+02 1.731678529947785137e+03 1.411001304654024580e+03
8.456008057132391968e+02 1.753441063056221537e+03 1.423398829138593101e+03
8.466008362326799670e+02 1.785203074872086290e+03 1.420835705481506011e+03
8.476008667521209645e+02 1.756873583076659997e+03 1.422732537459508421e+03
8.486008972715619620e+02 1.778221071621343071e+03 1.387617470659652327e+03
8.496009277910029596e+02 1.806014950859167584e+03 1.393166738862847296e+03
8.506009583104437297e+02 1.850594159806154494e+03 1.434176430866034252e+03
8.516009888298847272e+02 1.846497819923188217e+03 1.460550506862397242e+03
8.526010193493254974e+02 1.812398963114104845e+03 1.435553258029700828e+03
8.536010498687662675e+02 1.809187380981675233e+03 1.410456975744366446e+03
8.546010803882072651e+02 1.806152863770230397e+03 1.420913416076835119e+03
8.556011109076480352e+02 1.836755158497260709e+03 1.449958287003163832e+03
8.566011414270890327e+02 1.806545621189163285e+03 1.438817275026575089e+03
8.576011719465298029e+02 1.717788627058465863e+03 1.420125270543865781e+03
8.586012024659705730e+02 1.695240728942319038e+03 1.421917285822627719e+03
8.596012329854115706e+02 1.715436604468268342e+03 1.435179651337898804e+03
8.606012635048525681e+02 1.702439234572912028e+03 1.475236917908614032e+03
8.616012940242935656e+02 1.701865941885225766e+03 1.469444978800590661e+03
8.626013245437343357e+02 1.646579720832796738e+03 1.424637749116167242e+03
8.636013550631751059e+02 1.533059186813383349e+03 1.427532039433210912e+03
8.646013855826161034e+02 1.521976263995346017e+03 1.412263345966441193e+03
8.656014161020568736e+02 1.527769113353830107e+03 1.406432550556383603e+03
8.666014466214978711e+02 1.502261275216860668e+03 1.396218645327460081e+03
8.676014771409386412e+02 1.500059205187890257e+03 1.372377449509453754e+03
8.686015076603796388e+02 1.518070795683037431e+03 1.386005122242629113e+03
8.696015381798204089e+02 1.604234759866403692e+03 1.393178001909335308e+03
8.706015686992611791e+02 1.638642129265321273e+03 1.409811994474864832e+03
8.716015992187024040e+02 1.594524475000423990e+03 1.393309228847940858e+03
8.726016297381431741e+02 1.582370505310404042e+03 1.397232433503218545e+03
8.736016602575841716e+02 1.548090509056828523e+03 1.401152268687053038e+03
8.746016907770249418e+02 1.499217631870324112e+03 1.400841891534930483e+03
8.756017212964657119e+02 1.477690572203862757e+03 1.405835925214027839e+03
8.766017518159067095e+02 1.435541109709167358e+03 1.387898853163025706e+03
8.776017823353474796e+02 1.403031081027500477e+03 1.388038430171239497e+03
8.786018128547884771e+02 1.384395027560187373e+03 1.401584055602286981e+03
8.796018433742292473e+02 1.369533844807980131e+03 1.392412469049349511e+03
8.806018738936700174e+02 1.390982982692143196e+03 1.391549379467987137e+03
8.816019044131110149e+02 1.366962504295730469e+03 1.401751240964476438e+03
8.826019349325520125e+02 1.338162337179968745e+03 1.404838085203170522e+03
8.836019654519930100e+02 1.321159252642048159e+03 1.369165007253176100e+03
8.846019959714337801e+02 1.272870097110939241e+03 1.426383614059061074e+03
8.856020264908747777e+02 1.252677358663022460e+03 1.444044896941361458e+03
8.866020570103155478e+02 1.210916950378530601e+03 1.448113494123508190e+03
8.876020875297563180e+02 1.159467964697712887e+03 1.457341773203664388e+03
8.886021180491973155e+02 1.186839827204808898e+03 1.410304178487791660e+03
8.896021485686380856e+02 1.205244434418795208e+03 1.424377216697894482e+03
8.906021790880790832e+02 1.195149772394664978e+03 1.416288359456376384e+03
8.916022096075198533e+02 1.155040146927725800e+03 1.438133926168670087e+03
8.926022401269606235e+02 1.096223445628267655e+03 1.421128972458050839e+03
8.936022706464016210e+02 1.128498277747019529e+03 1.405417311016000667e+03
8.946023011658426185e+02 1.119679276575896438e+03 1.437135472068388935e+03
8.956023316852836160e+02 1.094363427240929013e+03 1.439748238046736788e+03
8.966023622047243862e+02 1.070527773414500189e+03 1.436762670934758944e+03
8.976023927241651563e+02 1.020154479575980076e+03 1.435245228193320600e+03
8.986024232436061538e+02 9.936781384893201903e+02 1.413873682349700402e+03
8.996024537630469240e+02 1.002376878441438748e+03 1.414242281223275313e+03
9.006024842824879215e+02 1.048210452672234169e+03 1.423565210948369213e+03
9.016025148019286917e+02 1.019830983717629351e+03 1.437301979935821691e+03
9.026025453213696892e+02 9.592009422756273125e+02 1.436835494290444103e+03
9.036025758408104593e+02 1.000867715497590325e+03 1.431303319435711273e+03
9.046026063602512295e+02 1.063691507989120510e+03 1.431732529156520741e+03
9.056026368796924544e+02 1.071180204790478456e+03 1.438012466423777823e+03
9.066026673991332245e+02 1.064288054639044276e+03 1.404249061289497604e+03
9.076026979185742221e+02 1.049728048793216658e+03 1.388601764392061796e+03
9.086027284380149922e+02 1.043818874543956554e+03 1.380219062311680545e+03
9.096027589574557624e+02 1.087259228728855305e+03 1.404823065718170938e+03
9.106027894768967599e+02 1.140989814321945232e+03 1.451854548533474826e+03
9.116028199963375300e+02 1.108036685260316517e+03 1.478056883700676963e+03
9.126028505157785276e+02 1.109751045569908456e+03 1.484932522482791683e+03
9.136028810352192977e+02 1.119054171393116121e+03 1.470900947598333687e+03
9.146029115546602952e+02 1.109623884011598420e+03 1.484131786550170318e+03
9.156029420741010654e+02 1.098894710582639163e+03 1.503607495377149235e+03
9.166029725935418355e+02 1.091281963207646186e+03 1.503960038139027574e+03
9.176030031129830604e+02 1.146580055554160936e+03 1.512218380509326380e+03
9.186030336324238306e+02 1.199150833870538918e+03 1.481475863794345514e+03
9.196030641518648281e+02 1.259905496328568915e+03 1.470555261516542487e+03
9.206030946713055982e+02 1.333291953927449867e+03 1.473432703882551550e+03
9.216031251907463684e+02 1.380145717207746202e+03 1.498066088602352920e+03
9.226031557101873659e+02 1.386165651400695424e+03 1.527224705103535371e+03
9.236031862296281361e+02 1.452966789963800693e+03 1.505534550995442942e+03
9.246032167490691336e+02 1.551197328660091443e+03 1.458324964156025317e+03
9.256032472685099037e+02 1.612158071859075790e+03 1.499594036017789676e+03
9.266032777879506739e+02 1.635598128904524856e+03 1.519448905630214313e+03
9.276033083073916714e+02 1.640077697754777546e+03 1.471604596110468719e+03
9.286033388268326689e+02 1.682941885779815493e+03 1.461213573343002508e+03
9.296033693462736665e+02 1.695066184750170578e+03 1.462044335433669175e+03
9.306033998657144366e+02 1.684032531063221541e+03 1.499766340085793445e+03
9.316034303851552067e+02 1.723192690606492761e+03 1.480319913698421942e+03
9.326034609045962043e+02 1.742492713698893567e+03 1.471496118905160301e+03
9.336034914240369744e+02 1.763575654606267562e+03 1.463228790279654959e+03
9.346035219434779719e+02 1.788486159420843251e+03 1.473145492123314853e+03
9.356035524629187421e+02 1.796388377827972363e+03 1.478763456747511100e+03
9.366035829823597396e+02 1.777323164409132005e+03 1.509137623516474378e+03
9.376036135018005098e+02 1.762689658071712984e+03 1.531627791919976744e+03
9.386036440212412799e+02 1.843699788108020584e+03 1.506817747918734085e+03
9.396036745406825048e+02 1.883238433283804625e+03 1.503338203142829570e+03
9.406037050601232750e+02 1.832942232410296128e+03 1.484324319574115179e+03
9.416037355795642725e+02 1.801952431514289856e+03 1.491670427580482055e+03
9.426037660990050426e+02 1.837827963767300389e+03 1.483031065818286606e+03
9.436037966184458128e+02 1.850582428342637286e+03 1.471290818855319685e+03
9.446038271378868103e+02 1.833265961133627570e+03 1.494190115800055310e+03
9.456038576573275805e+02 1.867089487283472408e+03 1.496427496431853115e+03
9.466038881767685780e+02 1.848966079747933691e+03 1.531957249621044411e+03
9.476039186962093481e+02 1.777798612155367664e+03 1.542819272181513270e+03
9.486039492156503456e+02 1.798851717293207912e+03 1.518051155007017087e+03
9.496039797350911158e+02 1.859908186001628565e+03 1.528411841938993348e+03
9.506040102545318859e+02 1.833539059356895450e+03 1.524026116219827600e+03
9.516040407739731108e+02 1.777292763485989781e+03 1.552208548875389170e+03
9.526040712934138810e+02 1.806430452074559071e+03 1.469102357499537220e+03
9.536041018128548785e+02 1.777501482954407038e+03 1.443306738070145684e+03
9.546041323322956487e+02 1.725857481813702179e+03 1.494815956131339817e+03
9.556041628517364188e+02 1.692855039415799183e+03 1.516020988149089590e+03
9.566041933711774163e+02 1.634574830387777183e+03 1.494765421553461920e+03
9.576042238906181865e+02 1.674232841026137976e+03 1.486137507041631352e+03
9.586042544100591840e+02 1.749609415990536945e+03 1.469721995126261618e+03
9.596042849294999542e+02 1.782793466421551784e+03 1.460874408022168154e+03
9.606043154489407243e+02 1.808783144124350656e+03 1.466009060619164075e+03
9.616043459683817218e+02 1.800033728849492036e+03 1.474851381298319438e+03
9.626043764878227194e+02 1.748223697692888891e+03 1.461681452830062199e+03
9.636044070072637169e+02 1.686406489282562688e+03 1.454130288299966196e+03
9.646044375267044870e+02 1.641387876551962108e+03 1.506384402805427499e+03
9.656044680461454845e+02 1.576130041168853495e+03 1.520260215821921975e+03
9.666044985655862547e+02 1.527988947114245093e+03 1.495998784531198680e+03
9.676045290850270248e+02 1.532501130934735556e+03 1.498257905873655091e+03
9.686045596044680224e+02 1.583672276534236516e+03 1.473369726884475995e+03
9.696045901239087925e+02 1.635534291902346013e+03 1.453239165279150711e+03
9.706046206433497900e+02 1.623485770377168592e+03 1.485452152453499366e+03
9.716046511627905602e+02 1.578469562154075902e+03 1.501681444004901095e+03
9.726046816822313303e+02 1.527387096023185222e+03 1.471688964564706794e+03
9.736047122016723279e+02 1.535800066414038156e+03 1.457384319988972948e+03
9.746047427211133254e+02 1.503754847179097851e+03 1.485388627861819486e+03
9.756047732405543229e+02 1.459160327991223312e+03 1.506378474678929251e+03
9.766048037599950931e+02 1.463723056713011829e+03 1.450032408713017503e+03
9.776048342794358632e+02 1.474438859075131404e+03 1.414351361799039069e+03
9.786048647988768607e+02 1.480136399992827137e+03 1.423335973587741819e+03
9.796048953183176309e+02 1.507401286044974768e+03 1.427896082337402731e+03
9.806049258377586284e+02 1.527452520324539364e+03 1.455507525104974775e+03
9.816049563571993986e+02 1.491157885938499021e+03 1.512439224187048012e+03
9.826049868766403961e+02 1.410565526290705748e+03 1.478600710968041085e+03
9.836050173960811662e+02 1.407770713981875815e+03 1.372505263011823445e+03
9.846050479155219364e+02 1.436338263417585040e+03 1.378497972775293874e+03
9.856050784349631613e+02 1.397781763780481924e+03 1.384925683798837554e+03
9.866051089544039314e+02 1.335831091084333821e+03 1.407337906951351670e+03
9.876051394738449289e+02 1.323722457591607963e+03 1.443398328966960662e+03
9.886051699932856991e+02 1.346529924467084129e+03 1.471143326658391743e+03
9.896052005127264692e+02 1.318043369567569243e+03 1.455209595844159139e+03
9.906052310321674668e+02 1.315754695885854744e+03 1.466834571660221400e+03
9.916052615516082369e+02 1.375360339160039075e+03 1.475290215918205377e+03
9.926052920710492344e+02 1.323106924391560824e+03 1.489446905385409309e+03
9.936053225904900046e+02 1.298014790299588640e+03 1.412379827658003251e+03
9.946053531099307747e+02 1.355610549044071377e+03 1.414971857998767518e+03
9.956053836293717723e+02 1.320978294649527015e+03 1.451956634657508857e+03
9.966054141488127698e+02 1.274491357014678215e+03 1.455603125004570302e+03
9.976054446682537673e+02 1.343358172162812480e+03 1.424281731236813812e+03
9.986054751876945375e+02 1.393298048922364615e+03 1.437948567820198605e+03
9.996055057071355350e+02 1.404894017817590793e+03 1.484397002351922993e+03
1.000605536226576305e+03 1.413192865180189983e+03 1.499726688195371253e+03
1.001605566746017075e+03 1.435552094486420174e+03 1.487880211917007500e+03
1.002605597265458073e+03 1.488070114602558533e+03 1.462355679140497614e+03
1.003605627784898843e+03 1.503843007377021422e+03 1.421899244217789828e+03
1.004605658304339840e+03 1.483359298093822872e+03 1.411107804236133006e+03
1.005605688823780611e+03 1.423284298132779440e+03 1.455991542065284420e+03
1.006605719343221381e+03 1.368782643775140969e+03 1.477794860078056900e+03
1.007605749862662378e+03 1.328719305995873583e+03 1.425107193586722133e+03
1.008605780382103376e+03 1.329378857156514641e+03 1.444372972889544826e+03
1.009605810901544373e+03 1.418229609126803552e+03 1.467488083807444582e+03
1.010605841420985143e+03 1.427237798423271670e+03 1.443895301845204358e+03
1.011605871940425914e+03 1.400199383751485584e+03 1.459485361591856417e+03
1.012605902459866911e+03 1.423860568778341985e+03 1.443564076994943207e+03
1.013605932979307681e+03 1.402333312583172301e+03 1.464429112660188366e+03
1.014605963498748679e+03 1.403788332425176122e+03 1.437562997157506061e+03
1.015605994018189449e+03 1.390348145814507006e+03 1.491475115894264263e+03
1.016606024537630447e+03 1.346320591979349047e+03 1.523522348326946258e+03
1.017606055057071217e+03 1.339408545133390362e+03 1.453379434983254896e+03
1.018606085576511987e+03 1.355114261164095296e+03 1.438505843613055731e+03
1.019606116095953212e+03 1.365601574537067791e+03 1.492133067189902931e+03
1.020606146615393982e+03 1.364131861553862109e+03 1.533353748247523754e+03
1.021606177134834979e+03 1.379479135496920208e+03 1.532109489901038614e+03
1.022606207654275750e+03 1.408144339861046319e+03 1.518473118313125724e+03
1.023606238173716520e+03 1.433288143642923387e+03 1.508722253092539631e+03
1.024606268693157517e+03 1.459784783881370458e+03 1.521970540290863028e+03
1.025606299212598287e+03 1.448276926387350613e+03 1.565374505021734421e+03
1.026606329732039285e+03 1.421509953780323485e+03 1.559909162944341915e+03
1.027606360251480055e+03 1.398658511798710606e+03 1.495754370025594199e+03
1.028606390770920825e+03 1.431518534154738518e+03 1.430849793990871831e+03
1.029606421290361823e+03 1.512676597535973997e+03 1.485013413734722462e+03
1.030606451809802820e+03 1.550783813287072917e+03 1.509756228104830598e+03
1.031606482329243818e+03 1.537982198345818688e+03 1.545331863356625036e+03
1.032606512848684588e+03 1.518040382061732089e+03 1.547924437597816905e+03
1.033606543368125585e+03 1.561740046386643371e+03 1.472631376308343761e+03
1.034606573887566356e+03 1.598315004215775843e+03 1.491505736181616840e+03
1.035606604407007126e+03 1.585417166762177658e+03 1.507858821290970127e+03
1.036606634926448123e+03 1.581121493124903282e+03 1.495934927078210194e+03
1.037606665445888893e+03 1.563315435703190815e+03 1.457181156643737268e+03
1.038606695965329891e+03 1.569258309020569868e+03 1.384037024409071137e+03
1.039606726484770661e+03 1.632536087893176955e+03 1.441826660356418870e+03
1.040606757004211431e+03 1.621722663974767784e+03 1.516384139777853534e+03
1.041606787523652429e+03 1.588067541794382123e+03 1.493156106109712709e+03
1.042606818043093426e+03 1.576329186873408617e+03 1.468399107166466820e+03
1.043606848562534424e+03 1.561329590787961934e+03 1.468543796911105801e+03
1.044606879081975194e+03 1.550983955567331577e+03 1.482735726475311139e+03
1.045606909601415964e+03 1.508697441394651833e+03 1.501573081770474573e+03
1.046606940120856962e+03 1.464508606717297880e+03 1.497939801853553263e+03
1.047606970640297732e+03 1.497661275119615311e+03 1.453820013979231135e+03
1.048607001159738729e+03 1.520856465722865323e+03 1.437705044884731933e+03
1.049607031679179499e+03 1.508364607899786279e+03 1.502159539217504971e+03
1.050607062198620497e+03 1.503542430740430063e+03 1.548334809708485864e+03
1.051607092718061267e+03 1.480929412665866039e+03 1.508738632390886551e+03
1.052607123237502037e+03 1.467432067829100561e+03 1.504177438916765141e+03
1.053607153756943262e+03 1.475414366393826640e+03 1.491668374517724715e+03
1.054607184276384032e+03 1.472092404708017057e+03 1.476710328549049791e+03
1.055607214795825030e+03 1.391151705757585660e+03 1.494778765388879947e+03
1.056607245315265800e+03 1.324939745581048555e+03 1.514574128333383214e+03
1.057607275834706570e+03 1.317675473729985242e+03 1.478272848224059089e+03
1.058607306354147568e+03 1.310962157218109496e+03 1.488255312396660202e+03
1.059607336873588338e+03 1.316654722257431786e+03 1.495391624137999543e+03
1.060607367393029335e+03 1.290284061897429638e+03 1.521603350217497109e+03
1.061607397912470105e+03 1.214957874849689688e+03 1.486532148712261005e+03
1.062607428431910876e+03 1.186694548293577100e+03 1.431071989796605067e+03
1.063607458951351873e+03 1.165980216091349575e+03 1.436949108669573434e+03
1.064607489470792643e+03 1.138203235031503937e+03 1.473766055847305097e+03
1.065607519990233868e+03 1.113539299668385866e+03 1.479453374350763852e+03
1.066607550509674638e+03 1.098532161448845727e+03 1.448007387327874540e+03
1.067607581029115636e+03 1.116995750305321053e+03 1.442083602937415662e+03
1.068607611548556406e+03 1.141823375635305638e+03 1.427626044870256010e+03
1.069607642067997176e+03 1.143290112870261510e+03 1.456649628551381511e+03
1.070607672587438174e+03 1.074180597453239898e+03 1.514488868739139889e+03
1.071607703106878944e+03 1.006302581687219572e+03 1.479916685257633844e+03
1.072607733626319941e+03 9.502001407750922226e+02 1.423233275193745840e+03
1.073607764145760711e+03 9.083291915230929590e+02 1.425865706916665431e+03
1.074607794665201482e+03 9.054750048490241170e+02 1.468140314512426130e+03
1.075607825184642479e+03 8.650322815585277567e+02 1.532550524489234476e+03
1.076607855704083477e+03 8.185804429480558611e+02 1.518053535018921821e+03
1.077607886223524474e+03 7.826393388182586932e+02 1.494191732976015828e+03
1.078607916742965244e+03 8.026912990063392499e+02 1.496432024198649742e+03
1.079607947262406014e+03 8.141368838789676374e+02 1.554546170742926506e+03
1.080607977781847012e+03 7.623882578517532238e+02 1.553294858952302548e+03
1.081608008301287782e+03 6.761076618897677690e+02 1.543453269312713701e+03
1.082608038820728780e+03 6.554919373927805282e+02 1.514628045959766951e+03
1.083608069340169550e+03 6.852957464054434240e+02 1.493162619456633593e+03
1.084608099859610547e+03 6.594524491222709912e+02 1.557382955105025303e+03
1.085608130379051318e+03 5.904704655263540189e+02 1.619983702525766375e+03
1.086608160898492088e+03 6.054185149577097036e+02 1.551949384877121247e+03
1.087608191417933313e+03 6.155985275356160855e+02 1.497906572120013607e+03
1.088608221937374083e+03 5.873375584253572015e+02 1.556296513209833392e+03
1.089608252456815080e+03 5.890718309497588052e+02 1.592692325875666711e+03
1.090608282976255850e+03 5.896186731935140415e+02 1.605471409951894429e+03
1.091608313495696393e+03 5.377911616435758333e+02 1.627204815379842785e+03
1.092608344015137618e+03 5.128163104831128294e+02 1.583627944046607809e+03
1.093608374534578616e+03 4.941241690899096284e+02 1.573310047248626688e+03
1.094608405054019386e+03 4.195234482052401290e+02 1.586213851971779377e+03
1.095608435573460383e+03 3.335168207698025071e+02 1.615028528906770134e+03
1.096608466092900926e+03 2.532480411501146591e+02 1.557895129476507918e+03
1.097608496612342151e+03 2.096272649292968708e+02 1.508800316817787234e+03
1.098608527131782694e+03 1.739980546929764387e+02 1.544566974821326085e+03
1.099608557651223919e+03 1.601288580624332099e+02 1.544207146210483415e+03
1.100608588170664461e+03 1.058123285749516072e+02 1.582694812984494092e+03
1.101608618690105686e+03 6.923012781577926944e+01 1.567915567706646698e+03
1.102608649209546229e+03 4.664174650016138912e+01 1.552579601505471146e+03
1.103608679728987227e+03 1.229191561350489792e+01 1.551761959850945004e+03
1.104608710248428451e+03 1.022617851637005515e+01 1.556641698800948461e+03
1.105608740767868994e+03 -3.895898488480634114e+01 1.609855687840616611e+03
1.106608771287310219e+03 -1.174064676852613047e+02 1.603147264417023507e+03
1.107608801806750762e+03 -9.741951757626884500e+01 1.538804113184470680e+03
1.108608832326191759e+03 -1.012286659320961917e+02 1.550637555872241592e+03
1.109608862845632530e+03 -1.786031455139909667e+02 1.586801905503516082e+03
1.110608893365073527e+03 -2.251747429140341410e+02 1.595222008407136400e+03
1.111608923884514297e+03 -2.434757387774661765e+02 1.586844915931591686e+03
1.112608954403955295e+03 -2.601308646352481446e+02 1.579490539233512663e+03
1.113608984923395838e+03 -2.543994864879514353e+02 1.542569756770404183e+03
1.114609015442837062e+03 -2.622681637998466613e+02 1.563476265846021988e+03
1.115609045962277605e+03 -3.315747888164933102e+02 1.579071156302082500e+03
1.116609076481718830e+03 -4.345339298938633874e+02 1.611068286356844055e+03
1.117609107001159828e+03 -4.839456426492179162e+02 1.580123502086623148e+03
1.118609137520600598e+03 -5.146016153197469976e+02 1.566902036154225016e+03
1.119609168040041595e+03 -5.575745782718786359e+02 1.597663031202371940e+03
1.120609198559482138e+03 -6.462748035051117768e+02 1.594408966293384765e+03
1.121609229078923363e+03 -7.473037404226615763e+02 1.596751701094560758e+03
1.122609259598363906e+03 -8.309223361684162228e+02 1.593624992433989064e+03
1.123609290117805131e+03 -8.634870262635413383e+02 1.592550181295940092e+03
1.124609320637245673e+03 -9.578934623403511068e+02 1.607772822673137171e+03
1.125609351156686671e+03 -1.116194227682281053e+03 1.572394571814518940e+03
1.126609381676127441e+03 -1.213834396316533457e+03 1.562471984330764371e+03
1.127609412195568439e+03 -1.267587444486549430e+03 1.516410135251740257e+03
1.128609442715009664e+03 -1.287621256537959198e+03 1.521421172548478353e+03
1.129609473234450206e+03 -1.369876191931636640e+03 1.575917313967710470e+03
1.130609503753891204e+03 -1.497905279385671747e+03 1.602995175783195918e+03
1.131609534273331974e+03 -1.559521711521827456e+03 1.562422587459151600e+03
1.132609564792772971e+03 -1.649505802079787827e+03 1.554526755160886296e+03
1.133609595312213742e+03 -1.750998893677520755e+03 1.583237929828526148e+03
1.134609625831654739e+03 -1.794265809735874427e+03 1.603456961978517256e+03
1.135609656351095509e+03 -1.840139893125447998e+03 1.584522987346651462e+03
1.136609686870536507e+03 -1.916564690982368120e+03 1.525494706487487065e+03
1.137609717389977050e+03 -2.022419714709609252e+03 1.555360531267311444e+03
1.138609747909418275e+03 -2.094474483684900406e+03 1.522957420289189713e+03
1.139609778428859499e+03 -2.165170411859740852e+03 1.528218919105446503e+03
1.140609808948299815e+03 -2.267015634312947441e+03 1.595841782589688819e+03
1.141609839467741040e+03 -2.369475150227988706e+03 1.576908442711395310e+03
1.142609869987181810e+03 -2.418882059443991238e+03 1.553216500519213014e+03
1.143609900506622580e+03 -2.464173185900812314e+03 1.569199221355284408e+03
1.144609931026063350e+03 -2.546548442173332660e+03 1.565078363338217287e+03
1.145609961545504575e+03 -2.634723257144923991e+03 1.561259061866358024e+03
1.146609992064945345e+03 -2.713767009486400639e+03 1.564282322953377161e+03
1.147610022584386115e+03 -2.771929714019186576e+03 1.577747996800658257e+03
1.148610053103826885e+03 -2.830311298503273065e+03 1.581105881865821402e+03
1.149610083623268110e+03 -2.879761833952961751e+03 1.577614930528462310e+03
1.150610114142708881e+03 -2.950805752783004209e+03 1.575460296669647050e+03
1.151610144662149651e+03 -3.079351261733218053e+03 1.546398282033372652e+03
1.152610175181590876e+03 -3.132513422849484414e+03 1.503329566131651063e+03
1.153610205701031191e+03 -3.148594581414377899e+03 1.539124351937413394e+03
1.154610236220472416e+03 -3.196752261473735416e+03 1.545801626627088581e+03
1.155610266739913186e+03 -3.248957403454978703e+03 1.574686946720443757e+03
1.156610297259354411e+03 -3.239158724737770171e+03 1.564477176722325567e+03
1.157610327778794726e+03 -3.249547684981570455e+03 1.546744000506459997e+03
1.158610358298235951e+03 -3.308829913955247321e+03 1.566981152921892999e+03
1.159610388817676721e+03 -3.394047651234618570e+03 1.577978153259285818e+03
1.160610419337117492e+03 -3.529887283521299651e+03 1.612776483294185937e+03
1.161610449856558716e+03 -3.645733691642230042e+03 1.597981657409094623e+03
1.162610480375999487e+03 -3.682830803776222638e+03 1.513491368483610131e+03
1.163610510895440711e+03 -3.684432410831837842e+03 1.541669957199263536e+03
1.164610541414881027e+03 -3.692544837866761554e+03 1.591936793996489541e+03
1.165610571934322252e+03 -3.716512358491235318e+03 1.579069163630467074e+03
1.166610602453763022e+03 -3.706137500801094575e+03 1.566863229791282265e+03
1.167610632973203792e+03 -3.687600490037341842e+03 1.541078353661414894e+03
1.168610663492644562e+03 -3.617899910290253501e+03 1.516893152831627503e+03
1.169610694012085787e+03 -3.601058860628319053e+03 1.520678725967235550e+03
1.170610724531526103e+03 -3.608606081515269580e+03 1.509347286620975183e+03
1.171610755050967327e+03 -3.564623251019026611e+03 1.497534647151883746e+03
1.172610785570408098e+03 -3.521485377458352559e+03 1.512134114568067389e+03
1.173610816089849322e+03 -3.466756910716074344e+03 1.523763004768547262e+03
1.174610846609290093e+03 -3.475692188288075158e+03 1.534337279875808235e+03
1.175610877128730863e+03 -3.514171587766837547e+03 1.513474607844063257e+03
1.176610907648172088e+03 -3.497049998593191049e+03 1.522159849048781552e+03
1.177610938167612403e+03 -3.432126053734213201e+03 1.469981649707957104e+03
1.178610968687053628e+03 -3.392148579864282510e+03 1.451784363742481673e+03
1.179610999206494398e+03 -3.312385887301535149e+03 1.490455886614104429e+03
1.180611029725935623e+03 -3.288698178620171348e+03 1.462502586684235212e+03
1.181611060245375938e+03 -3.347810386964100871e+03 1.441668774420798627e+03
1.182611090764817163e+03 -3.296998257728967474e+03 1.459702923040486667e+03
1.183611121284257933e+03 -3.230679121115133967e+03 1.448682953677455998e+03
1.184611151803698704e+03 -3.210141563207068430e+03 1.459575988234384795e+03
1.185611182323139928e+03 -3.141235675882930082e+03 1.461001857651971477e+03
1.186611212842580699e+03 -3.034632813305385753e+03 1.461156122424417617e+03
1.187611243362021469e+03 -2.904079158085658491e+03 1.434797904397044704e+03
1.188611273881462239e+03 -2.814440670712670908e+03 1.416050477366647783e+03
1.189611304400903464e+03 -2.776001481807828895e+03 1.438235412616170834e+03
1.190611334920344234e+03 -2.720714776130338578e+03 1.475730248085033963e+03
1.191611365439785004e+03 -2.691630898215441448e+03 1.466339648278417144e+03
1.192611395959225774e+03 -2.686141120412235978e+03 1.424034794998658072e+03
1.193611426478666999e+03 -2.651794281985489761e+03 1.430486566643533479e+03
1.194611456998107315e+03 -2.632136500872327815e+03 1.451350293051174276e+03
1.195611487517548539e+03 -2.608673459081291185e+03 1.394287451291193747e+03
1.196611518036989764e+03 -2.584284519931190516e+03 1.387142490940419520e+03
1.197611548556430535e+03 -2.523777992700105642e+03 1.373096351240596505e+03
1.198611579075871305e+03 -2.430073637584487187e+03 1.365310553293990324e+03
1.199611609595312075e+03 -2.417952010502262965e+03 1.385344527747706707e+03
1.200611640114753300e+03 -2.404012201674009702e+03 1.420334295133527576e+03
1.201611670634193615e+03 -2.383059713661871683e+03 1.446838411419485055e+03
1.202611701153634840e+03 -2.388438294253529421e+03 1.440637220250714108e+03
1.203611731673075610e+03 -2.334366934140115973e+03 1.421967693269565189e+03
1.204611762192516380e+03 -2.297628170429150487e+03 1.403960736525263428e+03
1.205611792711957150e+03 -2.293488624229169545e+03 1.396779674610728080e+03
1.206611823231398375e+03 -2.213837330002357248e+03 1.362884428687245645e+03
1.207611853750839600e+03 -2.119073418218242750e+03 1.350890554318013301e+03
1.208611884270279916e+03 -2.072116179832503803e+03 1.374070654156763794e+03
1.209611914789721141e+03 -2.057187218932318501e+03 1.376563515268245510e+03
1.210611945309161911e+03 -2.046790584756975022e+03 1.333130875988887510e+03
1.211611975828602681e+03 -1.951288507524005581e+03 1.345462863106457462e+03
1.212612006348043451e+03 -1.900612174283407512e+03 1.366464509915107783e+03
1.213612036867484676e+03 -1.858664410704740931e+03 1.359592284545951770e+03
1.214612067386925446e+03 -1.820024276978684156e+03 1.382577338476912928e+03
1.215612097906366216e+03 -1.812826205708470297e+03 1.410246076057164601e+03
1.216612128425806986e+03 -1.779380661646824592e+03 1.382533517074598421e+03
1.217612158945248211e+03 -1.745912049994605695e+03 1.382884662132104495e+03
1.218612189464688981e+03 -1.655641245216470452e+03 1.357241445990716102e+03
1.219612219984129752e+03 -1.623229174959557895e+03 1.358094320836382167e+03
1.220612250503570976e+03 -1.610918452695295855e+03 1.368049332751275870e+03
1.221612281023011292e+03 -1.499255455692680698e+03 1.349976839218931445e+03
1.222612311542452517e+03 -1.386521475461896898e+03 1.340985512247227689e+03
1.223612342061893287e+03 -1.329946915127078682e+03 1.350189532175766544e+03
1.224612372581334512e+03 -1.273622969489515981e+03 1.359005763213235923e+03
1.225612403100774827e+03 -1.236261318166311867e+03 1.320494106667644928e+03
1.226612433620216052e+03 -1.207494409831612757e+03 1.325791065287855872e+03
1.227612464139656822e+03 -1.095253230608341255e+03 1.317412132550517072e+03
1.228612494659097592e+03 -9.664997722238758797e+02 1.296904372937028938e+03
1.229612525178538363e+03 -9.612010218168106803e+02 1.287826461619777774e+03
1.230612555697979587e+03 -8.928083697677475357e+02 1.291226762037623985e+03
1.231612586217420812e+03 -8.200566143051019026e+02 1.320757762390594507e+03
1.232612616736861128e+03 -7.832457974778139942e+02 1.323350066668182535e+03
1.233612647256302353e+03 -7.304008870421553183e+02 1.299522544871284936e+03
1.234612677775743123e+03 -6.648875682177222188e+02 1.294454876039744022e+03
1.235612708295183893e+03 -5.645863601424152876e+02 1.344923974519606190e+03
1.236612738814624663e+03 -4.820644636068632281e+02 1.320628325059694134e+03
1.237612769334065888e+03 -4.070820472208242791e+02 1.306600406163851630e+03
1.238612799853506203e+03 -3.234165860140210498e+02 1.331250694600362294e+03
1.239612830372947428e+03 -2.519737686785970254e+02 1.319682856203334723e+03
1.240612860892388198e+03 -2.591557045064546401e+02 1.333595423298086644e+03
1.241612891411829423e+03 -2.119957045463479517e+02 1.346744368190179557e+03
1.242612921931270193e+03 -1.289112995312102612e+02 1.329481512803413807e+03
1.243612952450710964e+03 -7.658986583172736573e+01 1.320809263169360293e+03
1.244612982970152188e+03 -4.152830974435573808e+01 1.327352146020410373e+03
1.245613013489592504e+03 4.220651899619042524e+00 1.360691086369990217e+03
1.246613044009033729e+03 9.449561056838138029e+01 1.341650923273216677e+03
1.247613074528474499e+03 1.148358970445588056e+02 1.303441385028205332e+03
1.248613105047915724e+03 1.373462507957610796e+02 1.294757051669739212e+03
1.249613135567356039e+03 2.051727575178333609e+02 1.312865314649538732e+03
1.250613166086797264e+03 1.987847907676257364e+02 1.309891565249711448e+03
1.251613196606238034e+03 2.037882115456181964e+02 1.306342337984701089e+03
1.252613227125678804e+03 2.453030540708066383e+02 1.325482713976364039e+03
1.253613257645120029e+03 2.798738995172911928e+02 1.326761145442632596e+03
1.254613288164560799e+03 2.631881450135722389e+02 1.315805416254677539e+03
1.255613318684001570e+03 2.543242077225206685e+02 1.321004574347637572e+03
1.256613349203442340e+03 3.374580307871410696e+02 1.363179296356107898e+03
1.257613379722883565e+03 3.576057469754248359e+02 1.353763416429632116e+03
1.258613410242324335e+03 2.898830611120631602e+02 1.340899825235607523e+03
1.259613440761765105e+03 2.693393415331820506e+02 1.327708218740082884e+03
1.260613471281205875e+03 3.055023703289532477e+02 1.319913864088180389e+03
1.261613501800647100e+03 2.995883468526399156e+02 1.299817248666502110e+03
1.262613532320087415e+03 2.817878502863377435e+02 1.302904772711867508e+03
1.263613562839528640e+03 3.031343934774095032e+02 1.326955735646581843e+03
1.264613593358969865e+03 2.737534991395148154e+02 1.323850134038476654e+03
1.265613623878410635e+03 2.234452798689699193e+02 1.347902550212716051e+03
1.266613654397851406e+03 2.501411171088991523e+02 1.343622270885432272e+03
1.267613684917292176e+03 2.937889111235012933e+02 1.341223164067925609e+03
1.268613715436733401e+03 2.549875986053903034e+02 1.318060898763396835e+03
1.269613745956173716e+03 2.157339595117068711e+02 1.314487052242066056e+03
1.270613776475614941e+03 2.311231952348693994e+02 1.365969539700011637e+03
1.271613806995055711e+03 2.060249288697541488e+02 1.389057891872029813e+03
1.272613837514496481e+03 1.981209550647902233e+02 1.340708973260095036e+03
1.273613868033937251e+03 1.807701246553845067e+02 1.321594507435195055e+03
1.274613898553378476e+03 1.232435788032837536e+02 1.328481142289494301e+03
1.275613929072819701e+03 1.473296969328682735e+02 1.328948420574823558e+03
1.276613959592260017e+03 1.955190595027356721e+02 1.337716743792994748e+03
1.277613990111701241e+03 2.118050797363010815e+02 1.314288935847052699e+03
1.278614020631142012e+03 2.266763404108794475e+02 1.291635286495193441e+03
1.279614051150582782e+03 2.011539129276425228e+02 1.311197131434236780e+03
1.280614081670023552e+03 1.332128990603636112e+02 1.334820217296368810e+03
1.281614112189464777e+03 3.715166863863350954e+01 1.350219576272507311e+03
1.282614142708905547e+03 -2.756137636546782232e+01 1.287529898447633286e+03
1.283614173228346317e+03 -9.847171135368239447e+01 1.278749502273866938e+03
1.284614203747787087e+03 -1.417500978040004611e+02 1.285997681549511526e+03
1.285614234267228312e+03 -1.246673135973099988e+02 1.272243796815384258e+03
1.286614264786669082e+03 -5.674320661600347648e+01 1.263667803126551917e+03
1.287614295306109852e+03 2.919417740661856442e+01 1.245479591637329349e+03
1.288614325825551077e+03 5.461185990792716893e+01 1.229869920130391165e+03
1.289614356344991847e+03 5.200641943984317095e+01 1.247603475067069894e+03
1.290614386864432618e+03 3.650930856920388123e+01 1.258597496470131773e+03
1.291614417383873388e+03 4.422531058622666933e+01 1.253407966328385100e+03
1.292614447903314613e+03 4.204262399930939864e+01 1.238459068135604184e+03
1.293614478422754928e+03 3.403126944815744537e+01 1.234983386814616779e+03
1.294614508942196153e+03 8.242194383628321930e+01 1.260120527709919315e+03
1.295614539461636923e+03 1.484994809894924970e+02 1.259380591622620614e+03
1.296614569981077693e+03 1.826319585397729384e+02 1.240787144224397025e+03
1.297614600500518463e+03 2.488120939189368528e+02 1.260279177894886061e+03
1.298614631019959688e+03 3.371986030083684227e+02 1.235275314123028693e+03
1.299614661539400913e+03 3.416530521776285241e+02 1.223462560959394295e+03
1.300614692058841229e+03 3.203017782611422035e+02 1.224100148649148878e+03
1.301614722578282453e+03 3.727537127998926394e+02 1.242397593494565626e+03
1.302614753097723224e+03 4.311006949438454967e+02 1.242855001608965267e+03
1.303614783617163994e+03 4.378480454608434229e+02 1.199705878093709543e+03
1.304614814136604764e+03 4.083353043801371882e+02 1.259782819607481770e+03
1.305614844656045989e+03 4.070097968096401928e+02 1.275513868876164679e+03
1.306614875175486759e+03 4.312133540331357153e+02 1.260216864484078314e+03
1.307614905694927529e+03 4.050527810905894057e+02 1.275997126995403733e+03
1.308614936214368299e+03 4.174687657835478376e+02 1.241982789122817849e+03
1.309614966733809524e+03 4.761092133278316965e+02 1.225153829848797159e+03
1.310614997253250294e+03 4.156859009694261431e+02 1.245229998763269350e+03
1.311615027772691064e+03 3.529498663512827648e+02 1.284750190823900766e+03
1.312615058292132289e+03 3.566740531198244639e+02 1.243619537867893769e+03
1.313615088811572605e+03 2.895513342763015316e+02 1.208868820101155279e+03
1.314615119331013830e+03 1.836710266354523924e+02 1.242915367013896685e+03
1.315615149850454600e+03 1.869808961024145901e+02 1.269108312101141792e+03
1.316615180369895825e+03 1.625598460813178008e+02 1.243504026011924225e+03
1.317615210889336140e+03 8.647573988953661228e+01 1.235761749907553849e+03
1.318615241408777365e+03 5.182955016597475151e+00 1.241981415085722347e+03
1.319615271928218135e+03 -5.544919513435741010e+01 1.212659356198117848e+03
1.320615302447658905e+03 -1.033382684420640771e+02 1.218504275724711988e+03
1.321615332967100130e+03 -1.931761548882232091e+02 1.227890208373135010e+03
1.322615363486540900e+03 -3.321435029070569271e+02 1.260596729837306611e+03
1.323615394005981670e+03 -5.099786713589264764e+02 1.248852763260258598e+03
1.324615424525422441e+03 -6.913470467712822938e+02 1.239153250247730966e+03
1.325615455044863666e+03 -8.582243979175250388e+02 1.257765533862836719e+03
1.326615485564304436e+03 -9.549628778623073231e+02 1.214722073560093804e+03
1.327615516083745206e+03 -9.538251555547839189e+02 1.174290030718245134e+03
1.328615546603185976e+03 -1.036812365946364025e+03 1.194522804837165495e+03
1.329615577122627201e+03 -1.131942451629198331e+03 1.211915499553028212e+03
1.330615607642067516e+03 -1.174200557287479569e+03 1.249909452768727533e+03
1.331615638161508741e+03 -1.275548389928954293e+03 1.304417490466716572e+03
1.332615668680949966e+03 -1.367637159062616320e+03 1.324892566867894402e+03
1.333615699200390736e+03 -1.471944343677933830e+03 1.301596269441374488e+03
1.334615729719831506e+03 -1.596435091767961922e+03 1.300403987120042075e+03
1.335615760239272277e+03 -1.693340409270912005e+03 1.323649195834484999e+03
1.336615790758713501e+03 -1.744865295634388531e+03 1.311594247380111483e+03
1.337615821278153817e+03 -1.803881836187938461e+03 1.288990228785831732e+03
1.338615851797595042e+03 -1.883367791030844728e+03 1.284578261714108294e+03
1.339615882317035812e+03 -1.912663975761786787e+03 1.275499886650496819e+03
1.340615912836476582e+03 -1.937391509012508777e+03 1.286736619841890160e+03
1.341615943355917352e+03 -1.968642078176115774e+03 1.301797712987201976e+03
1.342615973875358577e+03 -1.960407506475576383e+03 1.310662205187460131e+03
1.343616004394799802e+03 -1.992403958365680182e+03 1.311886456338439757e+03
1.344616034914240117e+03 -2.046729130118803823e+03 1.255210383537273628e+03
1.345616065433681342e+03 -2.081198905268399358e+03 1.295336545665460108e+03
1.346616095953122112e+03 -2.048921619241978988e+03 1.345282395714508766e+03
1.347616126472562883e+03 -1.974571044877584654e+03 1.295578400871751001e+03
1.348616156992003653e+03 -1.932300278625988312e+03 1.267987132095288871e+03
1.349616187511444878e+03 -1.911476577769011783e+03 1.303148104916833290e+03
1.350616218030885648e+03 -1.881436577893225831e+03 1.308934477812252908e+03
1.351616248550326418e+03 -1.783546142210983589e+03 1.280015343917718837e+03
1.352616279069767188e+03 -1.648425190319899457e+03 1.277255154011788136e+03
1.353616309589208413e+03 -1.552593477510724369e+03 1.282701830558705751e+03
1.354616340108648728e+03 -1.439006666035926401e+03 1.294946178941318067e+03
1.355616370628089953e+03 -1.348173838923754374e+03 1.312148883270725037e+03
1.356616401147531178e+03 -1.249276015423921308e+03 1.348196569932298644e+03
1.357616431666971948e+03 -1.086036758882243475e+03 1.342441400278432866e+03
1.358616462186412718e+03 -9.989928065449491896e+02 1.302955775305361158e+03
1.359616492705853489e+03 -9.158322590829413912e+02 1.318634404167210732e+03
1.360616523225294713e+03 -7.906784118007508368e+02 1.287477279065239372e+03
1.361616553744735029e+03 -6.961418651357291765e+02 1.287219345213115503e+03
1.362616584264176254e+03 -5.628904452369372393e+02 1.267071187353875757e+03
1.363616614783617024e+03 -4.304826949939701990e+02 1.268476473782429593e+03
1.364616645303057794e+03 -2.823117427010581650e+02 1.286628277026842397e+03
1.365616675822498564e+03 -4.988197254154010807e+01 1.291139381415552634e+03
1.366616706341939789e+03 1.680800178929189315e+02 1.345972546182515543e+03
1.367616736861381014e+03 3.706630151258784736e+02 1.355680156114354531e+03
1.368616767380821329e+03 5.931996746657371204e+02 1.313623135012213879e+03
1.369616797900262554e+03 8.085386126937694371e+02 1.310431595353932380e+03
1.370616828419703324e+03 1.036003933354438232e+03 1.312264085991598222e+03
1.371616858939144095e+03 1.285837463985790237e+03 1.327981596249706854e+03
1.372616889458584865e+03 1.542120744161649782e+03 1.292819958062949809e+03
1.373616919978026090e+03 1.722538863442781121e+03 1.268410135676609798e+03
1.374616950497466860e+03 1.888656372824464825e+03 1.297552968536783510e+03
1.375616981016907630e+03 2.129551386831431046e+03 1.307075122132079287e+03
1.376617011536348400e+03 2.344344771697208216e+03 1.283528729697222161e+03
1.377617042055789625e+03 2.563034486713769638e+03 1.268891504780595369e+03
1.378617072575230395e+03 2.769741843009957847e+03 1.214757398799346674e+03
1.379617103094671165e+03 2.935370389457959845e+03 1.206821765317173686e+03
1.380617133614112390e+03 3.153646129953612217e+03 1.198667069812700220e+03
1.381617164133552706e+03 3.355707512302858959e+03 1.191162712457518182e+03
1.382617194652993931e+03 3.522381911708963344e+03 1.178853232138590784e+03
1.383617225172434701e+03 3.707281877291308319e+03 1.161090148179753214e+03
1.384617255691875926e+03 3.909682874263813574e+03 1.205300573342490452e+03
1.385617286211316241e+03 4.143714224155381089e+03 1.202013145989355280e+03
1.386617316730757466e+03 4.352466896057513623e+03 1.144891449080135089e+03
1.387617347250198236e+03 4.533770947165167854e+03 1.145126654465710089e+03
1.388617377769639006e+03 4.656805265827960284e+03 1.112040167753500100e+03
1.389617408289080231e+03 4.780695065536273432e+03 1.061150434415846121e+03
1.390617438808521001e+03 4.908730671223308491e+03 1.085839856155891766e+03
1.391617469327962226e+03 5.039817040186455415e+03 1.096364984268182980e+03
1.392617499847402541e+03 5.196210873696388262e+03 1.015733239285401396e+03
1.393617530366843766e+03 5.311139205851162842e+03 9.850069706562833289e+02
1.394617560886284537e+03 5.429150143430728349e+03 9.916777519066934019e+02
1.395617591405725307e+03 5.552816923610075719e+03 1.001031932079016315e+03
1.396617621925166077e+03 5.725353055975907409e+03 9.263266397031698034e+02
1.397617652444607302e+03 5.868926196731504206e+03 8.793221725995931592e+02
1.398617682964047617e+03 5.953913521034650330e+03 8.567479773658490103e+02
1.399617713483488842e+03 5.977866661000247404e+03 8.272872141288248713e+02
1.400617744002930067e+03 6.045649587649732894e+03 8.513900399988855270e+02
1.401617774522370837e+03 6.182728447115659947e+03 8.610978873880020501e+02
1.402617805041811607e+03 6.241397956614726354e+03 8.265047974069642578e+02
1.403617835561252377e+03 6.268192913463833975e+03 6.957345859187823862e+02
1.404617866080693602e+03 6.400270081750149984e+03 6.760934599156657896e+02
1.405617896600133918e+03 6.542288929184011977e+03 6.837653894580378164e+02
1.406617927119575143e+03 6.643427326376819110e+03 6.777972800473453390e+02
1.407617957639015913e+03 6.761272240520041123e+03 7.090121200873770704e+02
1.408617988158457138e+03 6.885909914885442959e+03 7.332186878005130666e+02
1.409618018677897453e+03 6.947805822325321060e+03 6.914231705422022287e+02
1.410618049197338678e+03 7.000920822917343685e+03 6.731396549100937818e+02
1.411618079716779448e+03 7.042244059194816145e+03 6.902477680227377732e+02
1.412618110236220218e+03 7.044959761218138738e+03 6.727911533164341336e+02
1.413618140755661443e+03 7.031464324442476027e+03 5.829820558369299306e+02
1.414618171275102213e+03 7.025636865969810060e+03 5.742978538809439897e+02
1.415618201794542983e+03 7.043611032066721236e+03 5.908464300370917499e+02
1.416618232313983754e+03 7.063611988575460600e+03 5.961996302752418160e+02
1.417618262833424978e+03 7.082959261013673313e+03 5.410718212997314822e+02
1.418618293352865749e+03 7.066571180731099048e+03 5.334390559460247232e+02
1.419618323872306519e+03 7.094201957778404903e+03 5.605313303966236163e+02
1.420618354391747289e+03 7.113954009843457243e+03 5.890871368780893818e+02
1.421618384911188514e+03 7.105635598763196867e+03 5.771125040242558271e+02
1.422618415430628829e+03 7.132671425168409769e+03 5.186875589398407556e+02
1.423618445950070054e+03 7.111697214806289594e+03 4.673885078010541747e+02
1.424618476469511279e+03 7.094940187453812541e+03 4.151069814404430645e+02
1.425618506988952049e+03 7.161625453253024716e+03 4.678148742768721604e+02
1.426618537508392819e+03 7.195719423502582686e+03 4.877330738862161752e+02
1.427618568027833589e+03 7.146322242164525960e+03 4.267495974387621800e+02
1.428618598547274814e+03 7.140245304534945717e+03 4.220174419905022205e+02
1.429618629066715130e+03 7.180729215655019289e+03 4.228709674848770419e+02
1.430618659586156355e+03 7.200807508337435138e+03 3.889760767100750627e+02
1.431618690105597125e+03 7.221346436503155928e+03 3.835928202852099957e+02
1.432618720625037895e+03 7.232282890076086915e+03 3.800590667637574143e+02
1.433618751144478665e+03 7.184776461277449926e+03 3.742000797022363940e+02
1.434618781663919890e+03 7.117369937775224571e+03 3.499780162066045932e+02
1.435618812183361115e+03 7.081515881845976764e+03 3.981720124679278570e+02
1.436618842702801430e+03 7.026417644503732845e+03 4.253766314225965743e+02
1.437618873222242655e+03 6.991716585642191603e+03 3.770125361192484661e+02
1.438618903741683425e+03 6.915450502303443500e+03 3.591924596803454506e+02
1.439618934261124195e+03 6.815001746561857544e+03 3.989194935100289285e+02
1.440618964780564966e+03 6.721790924101109340e+03 4.381076224312733984e+02
1.441618995300006191e+03 6.662957037363301424e+03 4.429302349524222109e+02
1.442619025819446961e+03 6.561796138752920342e+03 4.496785868896565717e+02
1.443619056338887731e+03 6.423199785336274545e+03 4.545935369281461362e+02
1.444619086858328501e+03 6.340262920205930641e+03 4.573867949100600754e+02
1.445619117377769726e+03 6.303334393852916946e+03 4.882134133625075947e+02
1.446619147897210496e+03 6.292566488698881585e+03 4.995520048155600534e+02
1.447619178416651266e+03 6.204974474758668293e+03 4.458348272043713223e+02
1.448619208936092491e+03 6.080100877985535590e+03 3.871088942918840985e+02
1.449619239455532806e+03 6.017526570404186714e+03 4.548026115369760873e+02
1.450619269974974031e+03 5.928120743001409210e+03 4.967482909973225560e+02
1.451619300494414802e+03 5.820869055975239462e+03 5.244651960165934952e+02
1.452619331013856026e+03 5.756135232018357783e+03 5.534368276138715146e+02
1.453619361533296342e+03 5.693059707545817218e+03 5.121324021773993991e+02
1.454619392052737567e+03 5.587598264499314610e+03 5.151349371887285997e+02
1.455619422572178337e+03 5.465113985774518369e+03 5.523783572932737798e+02
1.456619453091619107e+03 5.353957092428372562e+03 5.729202434261308099e+02
1.457619483611060332e+03 5.252434736562336184e+03 5.467763864466049881e+02
1.458619514130501102e+03 5.138018841166385755e+03 4.656069762991476182e+02
1.459619544649942327e+03 5.030236556163219575e+03 5.045003778328788258e+02
1.460619575169382642e+03 4.976552362350737894e+03 5.983229955814671257e+02
1.461619605688823867e+03 4.914821699407513734e+03 5.970919071924621448e+02
1.462619636208264637e+03 4.826734436687496782e+03 5.899179640070054802e+02
1.463619666727705408e+03 4.746565490210426105e+03 5.852588565714062270e+02
1.464619697247146178e+03 4.673284385039374683e+03 6.166139874299299208e+02
1.465619727766587403e+03 4.632571402920208129e+03 6.300165786088424511e+02
1.466619758286027718e+03 4.572823647143188282e+03 6.450049635274823459e+02
1.467619788805468943e+03 4.502830243721437910e+03 6.143007831024362986e+02
1.468619819324910168e+03 4.412633781780999925e+03 5.725596568375189008e+02
1.469619849844350938e+03 4.262369245542700810e+03 6.519636718406168256e+02
1.470619880363791708e+03 4.180663023570562473e+03 7.527143991633240603e+02
1.471619910883232478e+03 4.116288492788406984e+03 7.360223701610862008e+02
1.472619941402673703e+03 3.996712511403470671e+03 7.277627471299773561e+02
1.473619971922114019e+03 3.883347536735498579e+03 7.537939802714503230e+02
1.474620002441555243e+03 3.847555006501993375e+03 7.529141452910433827e+02
1.475620032960996014e+03 3.790453975556850310e+03 7.774902192971991326e+02
1.476620063480437238e+03 3.683255477579275066e+03 8.362445023457408979e+02
1.477620093999877554e+03 3.540523709965613307e+03 8.280843530386382554e+02
1.478620124519318779e+03 3.365437381942720094e+03 8.291042332046979482e+02
1.479620155038759549e+03 3.218782165879434615e+03 8.328153652537903326e+02
1.480620185558200319e+03 3.132402691818572748e+03 8.865764878020710285e+02
1.481620216077641544e+03 3.065620439179490859e+03 8.838085771680488278e+02
1.482620246597082314e+03 3.005823383754445786e+03 8.388094997384831686e+02
1.483620277116523084e+03 2.956812034421014687e+03 8.536054142513999068e+02
1.484620307635963854e+03 2.945684428253535771e+03 9.000917462041400086e+02
1.485620338155405079e+03 2.928385011997756010e+03 9.222202400824984352e+02
1.486620368674845849e+03 2.956087633720394479e+03 9.047369694543853029e+02
1.487620399194286620e+03 2.940066450974034524e+03 9.036214391224332303e+02
1.488620429713727390e+03 2.905761525894553415e+03 9.130125460063868559e+02
1.489620460233168615e+03 2.915111497748199326e+03 9.557406968748178997e+02
1.490620490752608930e+03 2.915595771119082201e+03 1.039285199584424845e+03
1.491620521272050155e+03 2.894024534446344660e+03 1.045802277163664030e+03
1.492620551791491380e+03 2.804175000326263216e+03 1.014890169724914927e+03
1.493620582310932150e+03 2.716670710920936472e+03 1.030898723589828023e+03
1.494620612830372920e+03 2.703743351721671388e+03 1.094672403744130861e+03
1.495620643349813690e+03 2.707355102090717082e+03 1.158609336356193126e+03
1.496620673869254915e+03 2.691442092644980221e+03 1.178619896167754177e+03
1.497620704388695231e+03 2.715978823191956508e+03 1.183729110515046159e+03
1.498620734908136455e+03 2.690222355915761909e+03 1.193282021016914996e+03
1.499620765427577226e+03 2.605879581995609442e+03 1.255737523157451506e+03
1.500620795947017996e+03 2.589300800983594854e+03 1.272857561258984333e+03
1.501620826466458766e+03 2.571528208539393745e+03 1.287542211687945155e+03
1.502620856985899991e+03 2.528753701365002598e+03 1.271039571872553552e+03
1.503620887505341216e+03 2.535443767979285440e+03 1.239881169302741910e+03
1.504620918024781531e+03 2.582787891330595812e+03 1.323281565167962526e+03
1.505620948544222756e+03 2.678386720206910468e+03 1.399086820821383981e+03
1.506620979063663526e+03 2.715374021367863861e+03 1.352987394443571702e+03
1.507621009583104296e+03 2.700442019421575424e+03 1.329619109857465901e+03
1.508621040102545066e+03 2.713233957219777039e+03 1.375930553576061357e+03
1.509621070621986291e+03 2.700797165178105388e+03 1.428941922513474310e+03
1.510621101141427062e+03 2.686073275141579870e+03 1.435123956266776077e+03
1.511621131660867832e+03 2.670753706427225552e+03 1.480527509380879337e+03
1.512621162180308602e+03 2.617445546314917920e+03 1.487708036156262551e+03
1.513621192699749827e+03 2.591262145018570664e+03 1.478690059065113019e+03
1.514621223219190597e+03 2.582817858831873309e+03 1.506558549498137154e+03
1.515621253738631367e+03 2.613172442291628613e+03 1.559489674339131398e+03
1.516621284258072592e+03 2.670818560391885512e+03 1.495434045460644711e+03
1.517621314777512907e+03 2.671307930599232350e+03 1.461203056678995836e+03
1.518621345296954132e+03 2.676248863530991912e+03 1.499961481325412933e+03
1.519621375816394902e+03 2.692611183420383895e+03 1.524370051741402222e+03
1.520621406335836127e+03 2.676061696293079876e+03 1.575619272196909833e+03
1.521621436855276443e+03 2.695870659360468380e+03 1.567437785585237179e+03
1.522621467374717668e+03 2.678903208767736942e+03 1.584250911987285463e+03
1.523621497894158438e+03 2.645738542459905148e+03 1.598799835587331472e+03
1.524621528413599208e+03 2.680828593295200335e+03 1.602847660435679018e+03
1.525621558933040433e+03 2.701414084135811208e+03 1.668430127354475417e+03
1.526621589452481203e+03 2.667563136177896013e+03 1.668402070565926124e+03
1.527621619971922428e+03 2.607199602837325074e+03 1.605309802553400914e+03
1.528621650491362743e+03 2.555832226021728275e+03 1.629535390922682836e+03
1.529621681010803968e+03 2.583387715908271275e+03 1.687424212327095347e+03
1.530621711530244738e+03 2.557253430826760450e+03 1.710566343296856303e+03
1.531621742049685508e+03 2.512981863363993398e+03 1.709637554689043782e+03
1.532621772569126279e+03 2.456425532588873466e+03 1.734252524827899151e+03
1.533621803088567503e+03 2.377459897620872653e+03 1.708076993920419682e+03
1.534621833608007819e+03 2.353317127951031580e+03 1.696734653819215964e+03
1.535621864127449044e+03 2.325135710910961279e+03 1.736769524281043459e+03
1.536621894646889814e+03 2.342998943699778465e+03 1.772718082403758217e+03
1.537621925166331039e+03 2.305836961907687510e+03 1.736618213923362873e+03
1.538621955685771809e+03 2.263454124848849460e+03 1.742448954063890142e+03
1.539621986205212579e+03 2.308839212701379438e+03 1.775562978932300211e+03
1.540622016724653804e+03 2.348869836206673426e+03 1.783050802935484853e+03
1.541622047244094119e+03 2.328086931420910332e+03 1.779150658354537427e+03
1.542622077763535344e+03 2.295042666001392718e+03 1.784054173864357836e+03
1.543622108282976114e+03 2.245505166617780560e+03 1.789263260467642340e+03
1.544622138802417339e+03 2.195188574956076991e+03 1.784905465188471680e+03
1.545622169321857655e+03 2.252883139238934746e+03 1.746607131516788286e+03
1.546622199841298880e+03 2.332202183936782603e+03 1.721992905202259863e+03
1.547622230360739650e+03 2.280031938312968123e+03 1.680132040653659715e+03
1.548622260880180420e+03 2.325911677904181488e+03 1.677254722509356498e+03
1.549622291399621645e+03 2.382419783513152652e+03 1.728466752195067329e+03
1.550622321919062415e+03 2.367768070280344546e+03 1.795799321675945066e+03
1.551622352438503185e+03 2.377056858210820792e+03 1.762836681970120480e+03
1.552622382957943955e+03 2.387289472075224694e+03 1.762172671458299646e+03
1.553622413477385180e+03 2.432772228741123399e+03 1.774326006516819689e+03
1.554622443996825950e+03 2.467958308168699659e+03 1.784234411589052343e+03
1.555622474516266720e+03 2.501435277918835709e+03 1.772792141536614508e+03
1.556622505035707491e+03 2.541947957601911185e+03 1.715349846250759583e+03
1.557622535555148716e+03 2.558198960859843282e+03 1.710224614184834536e+03
1.558622566074589031e+03 2.512475425301479845e+03 1.690268923199462733e+03
1.559622596594030256e+03 2.516753862543746436e+03 1.679805405875000361e+03
1.560622627113471481e+03 2.568680756909287084e+03 1.727622970181870414e+03
1.561622657632912251e+03 2.594411245399840482e+03 1.725329305680433663e+03
1.562622688152353021e+03 2.587072697801413597e+03 1.713318495340247409e+03
1.563622718671793791e+03 2.597977910846182567e+03 1.740598347416788329e+03
1.564622749191235016e+03 2.667171908052088838e+03 1.728232454249233797e+03
1.565622779710675331e+03 2.655197016726526272e+03 1.726691467237463939e+03
1.566622810230116556e+03 2.627963946197831319e+03 1.726296277824030085e+03
1.567622840749557326e+03 2.637570587137499388e+03 1.729108264959274493e+03
1.568622871268998097e+03 2.582304550081320485e+03 1.722437881029907203e+03
1.569622901788438867e+03 2.550098341571447236e+03 1.713219596994074436e+03
1.570622932307880092e+03 2.542707296606480668e+03 1.707311795166151114e+03
1.571622962827321317e+03 2.507655702119645866e+03 1.668537324601476939e+03
1.572622993346761632e+03 2.402781642090038076e+03 1.620320133738615823e+03
1.573623023866202857e+03 2.311745983735510890e+03 1.649859209173011777e+03
1.574623054385643627e+03 2.354421316107993334e+03 1.659318570316391970e+03
1.575623084905084397e+03 2.401042105687694857e+03 1.672714649189987085e+03
1.576623115424525167e+03 2.417927120514192211e+03 1.673733263466998551e+03
1.577623145943966392e+03 2.486776459441040060e+03 1.657156140847034749e+03
1.578623176463407162e+03 2.581933013892572490e+03 1.638783817891666331e+03
1.579623206982847933e+03 2.646201621601901934e+03 1.662263308367453646e+03
1.580623237502288703e+03 2.695263766935751846e+03 1.689830031423069158e+03
1.581623268021729928e+03 2.766622825000145895e+03 1.684003534779069469e+03
1.582623298541170698e+03 2.768962759923677368e+03 1.593559117616763615e+03
1.583623329060611468e+03 2.753845508628744938e+03 1.589880066226242661e+03
1.584623359580052693e+03 2.822926888641008190e+03 1.632310992299243480e+03
1.585623390099493008e+03 2.886587156213061462e+03 1.616204175211641086e+03
1.586623420618934233e+03 2.877025749630958671e+03 1.605589363979383279e+03
1.587623451138375003e+03 2.888410457305157252e+03 1.580134503385703283e+03
1.588623481657816228e+03 2.929524990494783196e+03 1.556505010098314187e+03
1.589623512177256544e+03 2.937890042480177726e+03 1.544742495717269549e+03
1.590623542696697768e+03 2.962682112632124699e+03 1.531828134724674101e+03
1.591623573216138539e+03 2.928156182409900794e+03 1.513553469998495075e+03
1.592623603735579309e+03 2.837045311487034269e+03 1.520609046475023206e+03
1.593623634255020079e+03 2.845573657193157487e+03 1.530669454569584104e+03
1.594623664774461304e+03 2.875060622332903222e+03 1.554461968988399803e+03
1.595623695293902529e+03 2.860102566361094432e+03 1.522087348801918779e+03
1.596623725813342844e+03 2.816856996467544377e+03 1.539133732135879654e+03
1.597623756332784069e+03 2.771251497977338659e+03 1.506035232325753668e+03
1.598623786852224839e+03 2.692526670859297155e+03 1.467458267819364664e+03
1.599623817371665609e+03 2.600616250634247990e+03 1.509276588851658516e+03
1.600623847891106379e+03 2.569982966669098460e+03 1.506064088515362073e+03
1.601623878410547604e+03 2.497577826051980082e+03 1.455738663069783797e+03
1.602623908929987920e+03 2.435661420021444428e+03 1.483675110382775529e+03
1.603623939449429145e+03 2.422444631089318136e+03 1.477610798725010682e+03
1.604623969968869915e+03 2.468062342465487745e+03 1.480264358264381599e+03
1.605624000488311140e+03 2.557711754989668407e+03 1.501088035581681424e+03
1.606624031007751910e+03 2.566704858084929583e+03 1.514858811262032077e+03
1.607624061527192680e+03 2.538168793609289423e+03 1.471811974672756605e+03
1.608624092046633905e+03 2.468659011059944532e+03 1.433450698884887515e+03
1.609624122566074220e+03 2.403078124247494998e+03 1.440277592973237006e+03
1.610624153085515445e+03 2.348669377170104781e+03 1.469345647872717336e+03
1.611624183604956215e+03 2.292262522010507382e+03 1.482506653432667690e+03
1.612624214124397440e+03 2.292125946860605836e+03 1.464648352895858807e+03
1.613624244643837756e+03 2.318496303527894270e+03 1.458266377897626171e+03
1.614624275163278980e+03 2.331995467844777522e+03 1.460593799187536206e+03
1.615624305682719751e+03 2.377146281408917275e+03 1.425228969269958952e+03
1.616624336202160521e+03 2.418612692358370623e+03 1.416537453717431390e+03
1.617624366721601746e+03 2.391918303565240421e+03 1.407917258849476639e+03
1.618624397241042516e+03 2.358094692253902394e+03 1.418582988201825174e+03
1.619624427760483286e+03 2.404599261758445209e+03 1.419386889860574911e+03
1.620624458279924056e+03 2.489956392347428846e+03 1.459173397358333887e+03
1.621624488799365281e+03 2.479741723617837124e+03 1.474530904158071280e+03
1.622624519318806051e+03 2.381719341862026340e+03 1.469228512081358986e+03
1.623624549838246821e+03 2.297478092072175059e+03 1.450089164603242807e+03
1.624624580357687591e+03 2.257673236052607535e+03 1.436684291784743209e+03
1.625624610877128816e+03 2.209203085150778861e+03 1.455592952015395213e+03
1.626624641396569132e+03 2.189132885677428931e+03 1.441216210068031614e+03
1.627624671916010357e+03 2.209442786890947900e+03 1.395101169269473985e+03
1.628624702435451582e+03 2.161224944669302204e+03 1.406010306890703305e+03
1.629624732954892352e+03 2.140208324267327043e+03 1.427829328586735755e+03
1.630624763474333122e+03 2.192216229314626617e+03 1.383594848361521599e+03
1.631624793993773892e+03 2.169576127083233587e+03 1.379075594937634378e+03
1.632624824513215117e+03 2.116527782895242126e+03 1.421486310014227229e+03
1.633624855032655432e+03 2.170548705422297644e+03 1.431229830830002356e+03
1.634624885552096657e+03 2.225483983453013934e+03 1.460009722980339575e+03
1.635624916071537427e+03 2.233598976310429862e+03 1.492941970653415638e+03
1.636624946590978197e+03 2.207630221253026320e+03 1.483449163358132864e+03
1.637624977110418968e+03 2.210020910219052894e+03 1.470454648285256326e+03
1.638625007629860193e+03 2.237412785763253851e+03 1.464423090504231368e+03
1.639625038149301417e+03 2.227595965030792286e+03 1.477593635431649091e+03
1.640625068668741733e+03 2.181808916629181113e+03 1.464268621550249236e+03
1.641625099188182958e+03 2.102857134607058470e+03 1.471663033213375456e+03
1.642625129707623728e+03 2.013268406552599117e+03 1.441049265975638264e+03
1.643625160227064498e+03 1.940684026000468293e+03 1.451577644140387520e+03
1.644625190746505268e+03 1.934821991653459918e+03 1.478418606004375988e+03
1.645625221265946493e+03 2.026298800037657202e+03 1.440381908868787377e+03
1.646625251785387263e+03 2.011890986542242899e+03 1.442063348999226491e+03
1.647625282304828033e+03 1.971830225667416016e+03 1.434593782488703710e+03
1.648625312824268804e+03 2.019796845440383549e+03 1.422091421788642265e+03
1.649625343343710028e+03 2.017659456910927474e+03 1.424781960251964165e+03
1.650625373863150344e+03 1.991771725700755269e+03 1.437191245677208599e+03
1.651625404382591569e+03 1.954588048535852067e+03 1.480213636611862739e+03
1.652625434902032794e+03 1.896915211611489212e+03 1.498328902016656684e+03
1.653625465421473109e+03 1.841206350984997698e+03 1.488283656900478945e+03
1.654625495940914334e+03 1.847331390299823397e+03 1.471575422844498007e+03
1.655625526460355104e+03 1.860637874977621323e+03 1.502429477113609437e+03
1.656625556979796329e+03 1.828788392720376578e+03 1.491339746028514583e+03
1.657625587499236644e+03 1.821798049408600491e+03 1.465687619586176424e+03
1.658625618018677869e+03 1.814036489326852461e+03 1.480565404352422775e+03
1.659625648538118639e+03 1.823298384229505245e+03 1.480821616770656874e+03
1.660625679057559410e+03 1.857292534273588899e+03 1.496259284045085678e+03
1.661625709577000180e+03 1.866793507625090569e+03 1.523195017546275494e+03
1.662625740096441405e+03 1.843938303396940682e+03 1.517007574805615832e+03
1.663625770615882629e+03 1.817884454476061364e+03 1.505472095029586399e+03
1.664625801135322945e+03 1.854257992472252226e+03 1.510228658941294725e+03
1.665625831654764170e+03 1.922418641205067615e+03 1.529794679898375307e+03
1.666625862174204940e+03 1.943103258617546089e+03 1.527432098756174355e+03
1.667625892693645710e+03 1.926304715634722015e+03 1.500622430966614502e+03
1.668625923213086480e+03 1.928467504657333848e+03 1.471284142052721563e+03
1.669625953732527705e+03 2.009391977394614514e+03 1.489142912885840815e+03
1.670625984251968021e+03 2.088607676013818491e+03 1.506229599735236889e+03
1.671626014771409245e+03 2.108660024053251618e+03 1.506319415215989011e+03
1.672626045290850016e+03 2.157149961844641439e+03 1.509786600585452106e+03
1.673626075810291240e+03 2.164880288554219078e+03 1.523686875576147941e+03
1.674626106329732011e+03 2.160480634769113749e+03 1.530859223393862976e+03
1.675626136849172781e+03 2.237905062453279243e+03 1.514109138385523693e+03
1.676626167368614006e+03 2.209881859504515887e+03 1.544301142608831469e+03
1.677626197888054321e+03 2.146778803123803300e+03 1.555057386100697840e+03
1.678626228407495546e+03 2.126873350794247017e+03 1.536027348728965080e+03
1.679626258926936316e+03 2.083572783116940627e+03 1.525479679088375178e+03
1.680626289446377541e+03 2.048057659058365971e+03 1.514822903703033035e+03
1.681626319965817856e+03 1.980192567929534562e+03 1.473048872938677505e+03
1.682626350485259081e+03 1.972335155935077637e+03 1.476945884430607975e+03
1.683626381004699851e+03 2.036303228031885737e+03 1.490529039583008853e+03
1.684626411524140622e+03 2.073848367615988536e+03 1.515339775692893681e+03
1.685626442043581847e+03 2.110118353011093859e+03 1.548339517020815947e+03
1.686626472563022617e+03 2.155623428417688046e+03 1.549694452455175451e+03
1.687626503082463387e+03 2.180705189279049591e+03 1.567155107300914551e+03
1.688626533601904157e+03 2.218327264053834369e+03 1.550297990745200423e+03
1.689626564121345382e+03 2.297970671757946548e+03 1.539810570862897748e+03
1.690626594640786152e+03 2.364479675814060101e+03 1.579153595880268767e+03
1.691626625160226922e+03 2.327467627521691611e+03 1.607821177753315851e+03
1.692626655679667692e+03 2.291706539553662878e+03 1.556094630283875858e+03
1.693626686199108917e+03 2.351846342622717202e+03 1.542374238978606627e+03
1.694626716718549233e+03 2.377560690024378346e+03 1.567957595652085729e+03
1.695626747237990458e+03 2.391862348206268507e+03 1.558057462665405865e+03
1.696626777757431682e+03 2.391405937508152419e+03 1.554711996713333974e+03
1.697626808276872453e+03 2.346282545025103900e+03 1.539245879610580232e+03
1.698626838796313223e+03 2.359525457065743467e+03 1.494683551346982767e+03
1.699626869315753993e+03 2.383391222520998781e+03 1.495101827214660261e+03
1.700626899835195218e+03 2.373157559652107011e+03 1.539345969515225761e+03
1.701626930354635533e+03 2.357392404384905603e+03 1.542422283871761465e+03
1.702626960874076758e+03 2.386520965670031728e+03 1.492541781920408084e+03
1.703626991393517528e+03 2.451456797438417198e+03 1.500739145703529175e+03
1.704627021912958298e+03 2.487355481564994989e+03 1.510700857539456365e+03
1.705627052432399068e+03 2.517572335324841333e+03 1.536356717250710062e+03
1.706627082951840293e+03 2.473720819417752864e+03 1.504140039619836671e+03
1.707627113471281518e+03 2.405520198988599077e+03 1.462868303762634241e+03
1.708627143990721834e+03 2.344056745362069705e+03 1.463851917805755647e+03
1.709627174510163059e+03 2.320007480473652322e+03 1.470692709533360357e+03
1.710627205029603829e+03 2.352521912569522101e+03 1.493736234235651409e+03
1.711627235549044599e+03 2.328293193120049182e+03 1.466876495375865488e+03
1.712627266068485369e+03 2.271669588520315301e+03 1.450215721707188550e+03
1.713627296587926594e+03 2.228314030945175546e+03 1.461131069220898098e+03
1.714627327107367364e+03 2.254795804892004526e+03 1.470582795682270444e+03
1.715627357626808134e+03 2.239045258713396834e+03 1.475486840662597842e+03
1.716627388146248904e+03 2.156168200903195611e+03 1.472757273401533894e+03
1.717627418665690129e+03 2.036866851364820832e+03 1.481732833104156725e+03
1.718627449185130445e+03 1.968070464985141371e+03 1.473186153870484759e+03
1.719627479704571670e+03 1.960342390351006543e+03 1.466543765583151298e+03
1.720627510224012894e+03 1.897356543982516087e+03 1.466224096767718493e+03
1.721627540743453210e+03 1.828803740324201499e+03 1.465774206142195453e+03
1.722627571262894435e+03 1.841457820769524915e+03 1.444209319066395892e+03
1.723627601782335205e+03 1.874116106081895850e+03 1.416899669469014725e+03
1.724627632301776430e+03 1.872253719318110598e+03 1.440592026767269999e+03
1.725627662821216745e+03 1.910555189121820149e+03 1.456655989575499461e+03
1.726627693340657970e+03 1.944316544600671477e+03 1.459225822020251599e+03
1.727627723860098740e+03 1.902562445577692415e+03 1.460155445292850345e+03
1.728627754379539510e+03 1.872078642550139193e+03 1.447693532328172296e+03
1.729627784898980281e+03 1.826991483489584425e+03 1.447698427206441920e+03
1.730627815418421505e+03 1.768208673795808863e+03 1.467892545184833580e+03
1.731627845937862730e+03 1.697165060168441414e+03 1.500917762566841930e+03
1.732627876457303046e+03 1.606108558047419137e+03 1.475901583075124108e+03
1.733627906976744271e+03 1.543649071019413896e+03 1.424220503379385718e+03
1.734627937496185041e+03 1.510818597668810980e+03 1.441411923859677245e+03
1.735627968015625811e+03 1.482437132056775226e+03 1.486507358777592572e+03
1.736627998535066581e+03 1.418410487994609866e+03 1.473428204743636798e+03
1.737628029054507806e+03 1.400843233925052118e+03 1.450616834034815383e+03
1.738628059573948576e+03 1.372549159242329551e+03 1.465575311609703476e+03
1.739628090093389346e+03 1.318744401533620476e+03 1.453455203559609799e+03
1.740628120612830116e+03 1.308712119476231237e+03 1.437077497656689957e+03
1.741628151132271341e+03 1.262498910268124746e+03 1.447210531676799746e+03
1.742628181651712111e+03 1.213019451249763733e+03 1.465284043846147142e+03
1.743628212171152882e+03 1.242915454174475599e+03 1.460391883222171373e+03
1.744628242690594107e+03 1.255611849622235241e+03 1.482210838441827264e+03
1.745628273210034422e+03 1.204260746468828074e+03 1.500165307944311735e+03
1.746628303729475647e+03 1.210791768323108045e+03 1.488877469334386205e+03
1.747628334248916417e+03 1.263169136522568806e+03 1.450659064143642127e+03
1.748628364768357642e+03 1.300328592150342956e+03 1.463666036049633931e+03
1.749628395287797957e+03 1.340836851119269340e+03 1.490643409799596157e+03
1.750628425807239182e+03 1.387682693912354807e+03 1.503684624958582390e+03
1.751628456326679952e+03 1.383976121925954430e+03 1.530479062997340861e+03
1.752628486846120722e+03 1.337255136343534105e+03 1.584117788846554276e+03
1.753628517365561947e+03 1.333562935572039351e+03 1.577947302631247794e+03
1.754628547885002718e+03 1.332723964546752541e+03 1.563474375212224913e+03
1.755628578404443488e+03 1.361293085598003017e+03 1.603895112628854349e+03
1.756628608923884258e+03 1.348920543501109933e+03 1.578807642537623906e+03
1.757628639443325483e+03 1.295281285495701013e+03 1.562288246240068702e+03
1.758628669962766253e+03 1.266903138253888756e+03 1.553408693847965651e+03
1.759628700482207023e+03 1.276644068789708399e+03 1.560074176560662181e+03
1.760628731001647793e+03 1.246773460936661650e+03 1.584913158365545314e+03
1.761628761521089018e+03 1.191690635627775919e+03 1.589603812964979852e+03
1.762628792040529333e+03 1.189112875179620460e+03 1.598645425771466307e+03
1.763628822559970558e+03 1.228910622780251288e+03 1.595663884039583536e+03
1.764628853079411783e+03 1.333342288657522658e+03 1.567903820861396980e+03
1.765628883598852553e+03 1.344506216139463504e+03 1.608657029572659894e+03
1.766628914118293324e+03 1.302018294923993381e+03 1.667434297510659235e+03
1.767628944637734094e+03 1.321516315557915732e+03 1.641987857094107312e+03
1.768628975157175319e+03 1.312277664340654155e+03 1.605389140868528557e+03
1.769629005676615634e+03 1.302788390376608731e+03 1.632947887261197593e+03
1.770629036196056859e+03 1.332100898083472202e+03 1.638836698209971701e+03
1.771629066715497629e+03 1.358023169282880190e+03 1.594517685570534923e+03
1.772629097234938399e+03 1.340017751964589479e+03 1.580036034576291968e+03
1.773629127754379169e+03 1.308179587047387031e+03 1.605412636102262468e+03
1.774629158273820394e+03 1.297911613430445868e+03 1.625311597639356705e+03
1.775629188793261164e+03 1.308551126887399732e+03 1.631700898015410075e+03
1.776629219312701935e+03 1.290414611519039681e+03 1.663995559830886577e+03
1.777629249832143159e+03 1.257372085696071736e+03 1.640250954826996576e+03
1.778629280351583930e+03 1.278874812586316693e+03 1.620722657364146016e+03
1.779629310871024700e+03 1.299930983125850616e+03 1.641823888829828320e+03
1.780629341390465470e+03 1.304177982001336204e+03 1.629206704858099329e+03
1.781629371909906695e+03 1.346464097944310197e+03 1.605211771657588088e+03
1.782629402429347465e+03 1.385592040091567469e+03 1.583698576985659201e+03
1.783629432948788235e+03 1.409726018623037817e+03 1.602776615454466537e+03
1.784629463468229005e+03 1.413159270685504453e+03 1.612453707838652917e+03
1.785629493987670230e+03 1.437871747892384519e+03 1.628076362250119928e+03
1.786629524507110546e+03 1.442441010503494908e+03 1.674121403961164560e+03
1.787629555026551770e+03 1.387716986006524166e+03 1.710486105897929065e+03
1.788629585545992995e+03 1.382109745103663954e+03 1.664333292660111056e+03
1.789629616065433311e+03 1.404845146310381097e+03 1.655067086033661326e+03
1.790629646584874536e+03 1.380890318349545851e+03 1.663054671616057249e+03
1.791629677104315306e+03 1.348846403636500327e+03 1.661991650092203599e+03
1.792629707623756531e+03 1.392792396124257721e+03 1.629231816360762423e+03
1.793629738143196846e+03 1.408780020237885765e+03 1.617076506410860929e+03
1.794629768662638071e+03 1.370057363850422917e+03 1.652325143150529129e+03
1.795629799182078841e+03 1.309481333633733811e+03 1.672169054337217403e+03
1.796629829701519611e+03 1.219040680699135919e+03 1.653952446521047023e+03
1.797629860220960381e+03 1.133719130705190764e+03 1.637659911549280196e+03
1.798629890740401606e+03 1.098562823477708662e+03 1.582075767973524989e+03
1.799629921259842831e+03 1.098662244509221637e+03 1.572855157280906042e+03
1.800629951779283147e+03 1.104217667918406732e+03 1.608354802733368160e+03
1.801629982298724372e+03 1.124138030352680289e+03 1.591170279320097961e+03
1.802630012818165142e+03 1.153956885110581425e+03 1.563562547605815780e+03
1.803630043337605912e+03 1.156515215198214719e+03 1.586616300548947493e+03
1.804630073857046682e+03 1.227357032322615851e+03 1.611142475502504567e+03
1.805630104376487907e+03 1.260686088206241038e+03 1.621463914091139941e+03
1.806630134895928677e+03 1.271994021516624343e+03 1.570974585327168370e+03
1.807630165415369447e+03 1.299280268721302491e+03 1.560964999427896373e+03
1.808630195934810217e+03 1.307820319851316526e+03 1.559879017428532734e+03
1.809630226454251442e+03 1.308740408103722075e+03 1.523347363235936427e+03
1.810630256973692212e+03 1.242779676015381483e+03 1.567347996134632012e+03
1.811630287493132982e+03 1.183985465385410862e+03 1.602454468790106603e+03
1.812630318012574207e+03 1.205248185880021992e+03 1.535834681331455386e+03
1.813630348532014523e+03 1.248673104087949469e+03 1.508003510235482054e+03
1.814630379051455748e+03 1.265573779203610684e+03 1.548547818683541209e+03
1.815630409570896518e+03 1.330422020673979205e+03 1.571002361764786201e+03
1.816630440090337743e+03 1.355688256501824071e+03 1.504403124967244366e+03
1.817630470609778058e+03 1.293890094490685442e+03 1.472172584701635742e+03
1.818630501129219283e+03 1.296555776468601834e+03 1.474298333296343117e+03
1.819630531648660053e+03 1.283452686407868896e+03 1.454954845926532926e+03
1.820630562168100823e+03 1.243721175867825878e+03 1.476007157974116581e+03
1.821630592687542048e+03 1.271591043959155286e+03 1.502403165562817094e+03
1.822630623206982818e+03 1.339762554433678815e+03 1.490589797509548134e+03
1.823630653726423589e+03 1.447415990701765622e+03 1.409969009178542365e+03
1.824630684245864359e+03 1.506589521603757021e+03 1.407378061099736897e+03
1.825630714765305584e+03 1.510950045679826871e+03 1.415177150271883193e+03
1.826630745284746354e+03 1.546769827750786135e+03 1.422231328834868236e+03
1.827630775804187124e+03 1.543214966788660604e+03 1.455940138412544911e+03
1.828630806323627894e+03 1.526534613745339811e+03 1.511155372730333056e+03
1.829630836843069119e+03 1.522547507451363344e+03 1.503354877311768632e+03
1.830630867362509434e+03 1.502766170503909962e+03 1.488010889742131894e+03
1.831630897881950659e+03 1.521663415732777139e+03 1.516483694713952218e+03
1.832630928401391429e+03 1.517671051172932494e+03 1.502059066174479995e+03
1.833630958920832654e+03 1.539569151168774624e+03 1.419008428567586179e+03
1.834630989440273424e+03 1.597760220701899016e+03 1.437302519512161325e+03
1.835631019959714195e+03 1.584347909155241723e+03 1.479791114062526958e+03
1.836631050479155419e+03 1.571623280022398831e+03 1.498362161106002077e+03
1.837631080998595735e+03 1.591926355281255383e+03 1.446094149664171709e+03
1.838631111518036960e+03 1.585027396179755669e+03 1.444362882203490017e+03
1.839631142037477730e+03 1.596404244273498989e+03 1.484110576873950095e+03
1.840631172556918955e+03 1.576965795153320869e+03 1.522562724183917226e+03
1.841631203076359270e+03 1.552690570965303777e+03 1.537654962841097131e+03
1.842631233595800495e+03 1.566392268617099035e+03 1.499775333811479413e+03
1.843631264115241265e+03 1.554973087081642007e+03 1.451618436035756986e+03
1.844631294634682035e+03 1.510653336791208858e+03 1.436328249955011188e+03
1.845631325154123260e+03 1.462703689695305002e+03 1.477422010736944003e+03
1.846631355673564030e+03 1.437970178881663742e+03 1.480509314256082234e+03
1.847631386193004801e+03 1.478201973098734015e+03 1.444483479508583969e+03
1.848631416712445571e+03 1.459059149924119993e+03 1.455991602061837057e+03
1.849631447231886796e+03 1.430750921401324376e+03 1.498325966113553932e+03
1.850631477751327566e+03 1.398045625769374965e+03 1.484447110720094315e+03
1.851631508270768336e+03 1.349992130249276670e+03 1.476407579535152536e+03
1.852631538790209106e+03 1.326326693129642081e+03 1.499215324144563510e+03
1.853631569309650331e+03 1.293178757057508847e+03 1.498495484858666259e+03
1.854631599829090646e+03 1.316009083691875276e+03 1.484507010982059455e+03
1.855631630348531871e+03 1.291176388786010648e+03 1.530943517841195217e+03
1.856631660867973096e+03 1.267617260921799243e+03 1.550177199821723207e+03
1.857631691387413866e+03 1.319833977036774741e+03 1.480089232675945368e+03
1.858631721906854636e+03 1.341892255724929782e+03 1.459546938247201069e+03
1.859631752426295407e+03 1.283906476955366088e+03 1.522320924533230027e+03
1.860631782945736632e+03 1.210991148516715839e+03 1.565925734471673877e+03
1.861631813465176947e+03 1.134799170621276062e+03 1.570155531260136286e+03
1.862631843984618172e+03 1.061256573675735126e+03 1.596430475535232290e+03
1.863631874504058942e+03 1.091326403118364397e+03 1.608511064481228914e+03
1.864631905023499712e+03 1.147609771799592636e+03 1.614555768962306956e+03
1.865631935542940482e+03 1.108879579768838084e+03 1.647391835256708873e+03
1.866631966062381707e+03 1.183805632559040532e+03 1.628036777707906367e+03
1.867631996581822932e+03 1.251260994514537742e+03 1.584169684293622367e+03
1.868632027101263247e+03 1.242516171248513274e+03 1.526030039623314678e+03
1.869632057620704472e+03 1.254298881682332649e+03 1.577756569259458502e+03
1.870632088140145243e+03 1.270256094492297052e+03 1.616048198344568846e+03
1.871632118659586013e+03 1.316436584315477376e+03 1.624437764662834979e+03
1.872632149179026783e+03 1.340175926335145050e+03 1.649001116920883987e+03
1.873632179698468008e+03 1.354461019395450421e+03 1.618063085399425745e+03
1.874632210217908778e+03 1.354925555213763801e+03 1.617040216630228770e+03
1.875632240737349548e+03 1.339952413318640538e+03 1.631218424221804753e+03
1.876632271256790318e+03 1.285930906391286044e+03 1.653122167041263765e+03
1.877632301776231543e+03 1.273893233796803543e+03 1.600295024573628325e+03
1.878632332295672313e+03 1.292729019170741594e+03 1.531454710064055234e+03
1.879632362815113083e+03 1.308727197878986772e+03 1.571072707666198767e+03
1.880632393334554308e+03 1.294808284184256991e+03 1.629409977557008915e+03
1.881632423853994624e+03 1.277126832302621551e+03 1.628276454384506678e+03
1.882632454373435849e+03 1.332824324219078335e+03 1.600543477905695909e+03
1.883632484892876619e+03 1.321304197515310079e+03 1.578864796702662716e+03
1.884632515412317844e+03 1.303515798809483385e+03 1.611844847001708786e+03
1.885632545931758159e+03 1.327680653292329225e+03 1.642340540347932119e+03
1.886632576451199384e+03 1.309354430754725399e+03 1.622780812425510021e+03
1.887632606970640154e+03 1.303224989861724680e+03 1.555157354125080019e+03
1.888632637490080924e+03 1.294237374429265401e+03 1.529398537049344213e+03
1.889632668009522149e+03 1.293569960568254828e+03 1.588242001206335544e+03
1.890632698528962919e+03 1.261741711255486734e+03 1.685017138329578302e+03
1.891632729048403689e+03 1.225639991580361311e+03 1.673759540562042048e+03
1.892632759567844460e+03 1.289456247516658550e+03 1.650095372051368258e+03
1.893632790087285684e+03 1.361297854786680546e+03 1.647049215314522371e+03
1.894632820606726455e+03 1.403001433555718904e+03 1.644854289011932678e+03
1.895632851126167225e+03 1.493021065947090392e+03 1.662269623453520126e+03
1.896632881645607995e+03 1.622515405717937028e+03 1.700046936863901010e+03
1.897632912165049220e+03 1.704829803664073552e+03 1.681681679188893440e+03
1.898632942684489535e+03 1.746803522511747360e+03 1.676542511396647114e+03
1.899632973203930760e+03 1.805265260104029949e+03 1.686005568255940034e+03
1.900633003723371530e+03 1.800277692710003976e+03 1.707499829756456393e+03
1.901633034242812755e+03 1.785971526417341011e+03 1.668848112740521856e+03
1.902633064762253525e+03 1.863329308462047265e+03 1.607610123572330394e+03
1.903633095281694295e+03 1.943103133486092702e+03 1.590728581167365746e+03
1.904633125801135520e+03 1.933703690092625038e+03 1.610929972370685846e+03
1.905633156320575836e+03 1.934091216355520373e+03 1.635076037909163915e+03
1.906633186840017061e+03 1.973313196019025781e+03 1.621677196954804685e+03
1.907633217359457831e+03 1.988987411173278815e+03 1.602113012465285010e+03
1.908633247878899056e+03 2.018328093374411765e+03 1.579054330639458385e+03
1.909633278398339371e+03 1.998209826783127937e+03 1.587800858607154623e+03
1.910633308917780596e+03 1.918869436158356621e+03 1.647813133625426872e+03
1.911633339437221366e+03 1.921702534072532217e+03 1.660468904510684524e+03
1.912633369956662136e+03 1.960559513528793104e+03 1.622424720573802233e+03
1.913633400476103361e+03 1.944624518550110224e+03 1.601578937228752238e+03
1.914633430995544131e+03 1.904096807997566430e+03 1.643220725679304905e+03
1.915633461514984901e+03 1.863061369720388029e+03 1.685161125278755890e+03
1.916633492034425672e+03 1.788029123794854968e+03 1.694457741922974037e+03
1.917633522553866896e+03 1.689862777345548238e+03 1.689328074238878344e+03
1.918633553073307667e+03 1.632653183565687868e+03 1.670490495890723423e+03
1.919633583592748437e+03 1.547642442421147280e+03 1.718202317494710769e+03
1.920633614112189207e+03 1.488273277743081053e+03 1.729773398869307130e+03
1.921633644631630432e+03 1.473380443985584861e+03 1.741229756059528199e+03
1.922633675151070747e+03 1.537088762793757269e+03 1.708390227866807891e+03
1.923633705670511972e+03 1.640150385986749825e+03 1.652561844009348988e+03
1.924633736189953197e+03 1.645791464359786914e+03 1.731827275379206640e+03
1.925633766709393967e+03 1.638342661112406859e+03 1.780746718386741577e+03
1.926633797228834737e+03 1.589041949841304813e+03 1.742194295719750016e+03
1.927633827748275507e+03 1.545253382690816579e+03 1.703020791444148244e+03
1.928633858267716732e+03 1.508552160873494358e+03 1.718433092952503557e+03
1.929633888787157048e+03 1.484315323519931553e+03 1.772313428458102180e+03
1.930633919306598273e+03 1.535883107230971291e+03 1.760506428400288087e+03
1.931633949826039043e+03 1.594881486729163953e+03 1.786276470656556285e+03
1.932633980345479813e+03 1.623228877609364645e+03 1.774776453224882971e+03
1.933634010864920583e+03 1.675486440546532322e+03 1.741707268952852701e+03
1.934634041384361808e+03 1.727313096275671342e+03 1.770916910772031770e+03
1.935634071903803033e+03 1.723208435963637385e+03 1.822325766635492755e+03
1.936634102423243348e+03 1.734791028207808267e+03 1.747776890453178112e+03
1.937634132942684573e+03 1.819646908182403422e+03 1.699737997912278843e+03
1.938634163462125343e+03 1.907144560579983590e+03 1.725969755497426831e+03
1.939634193981566114e+03 1.896184774324152386e+03 1.738235525067884964e+03
1.940634224501006884e+03 1.805517397453717422e+03 1.758448987983330198e+03
1.941634255020448109e+03 1.726446006753083566e+03 1.738394230263800637e+03
1.942634285539888879e+03 1.678917531166502158e+03 1.717340998335036602e+03
1.943634316059329649e+03 1.626821680814913634e+03 1.713708668235466803e+03
1.944634346578770419e+03 1.597017448195290854e+03 1.732119313910182427e+03
1.945634377098211644e+03 1.599047357560926685e+03 1.788804526186842168e+03
1.946634407617652414e+03 1.554232553053267111e+03 1.777290790756729848e+03
1.947634438137093184e+03 1.528773681374701482e+03 1.711902197131591493e+03
1.948634468656534409e+03 1.540122440669065327e+03 1.721179913957618282e+03
1.949634499175974724e+03 1.486365696420365566e+03 1.777523211404100039e+03
1.950634529695415949e+03 1.447901720723510152e+03 1.798630108784582717e+03
1.951634560214856720e+03 1.504811989201685719e+03 1.791888194969524648e+03
1.952634590734297944e+03 1.570861263903228974e+03 1.782485505937085009e+03
1.953634621253738260e+03 1.591880770901219876e+03 1.729484594225628598e+03
1.954634651773179485e+03 1.568545948838884215e+03 1.724145203199140724e+03
1.955634682292620255e+03 1.590514237733894333e+03 1.758940541716403231e+03
1.956634712812061025e+03 1.646555384734916515e+03 1.766993550536419207e+03
1.957634743331501795e+03 1.664894354392694368e+03 1.721325555270652785e+03
1.958634773850943020e+03 1.644375080507581515e+03 1.708943415699669686e+03
1.959634804370384245e+03 1.563547215053917171e+03 1.746828731136925853e+03
1.960634834889824560e+03 1.514472309578037311e+03 1.750221761510946635e+03
1.961634865409265785e+03 1.478457655331058049e+03 1.747561346351067186e+03
1.962634895928706555e+03 1.485735903051509013e+03 1.753351616084208672e+03
1.963634926448147326e+03 1.605893603279309900e+03 1.738374904157949231e+03
1.964634956967588096e+03 1.601577060154060746e+03 1.731259675430100515e+03
1.965634987487029321e+03 1.574804897332554901e+03 1.715432391223094555e+03
1.966635018006469636e+03 1.653647394757337679e+03 1.681537704525437221e+03
1.967635048525910861e+03 1.679220922385675294e+03 1.623567179866478909e+03
1.968635079045351631e+03 1.662424185515237696e+03 1.608199118480376001e+03
1.969635109564792856e+03 1.627479516312894702e+03 1.669320960378333439e+03
1.970635140084233626e+03 1.582733419533076813e+03 1.735419687408883419e+03
1.971635170603674396e+03 1.541894332996054800e+03 1.717549531772578121e+03
1.972635201123115621e+03 1.567721131782782322e+03 1.716336492752932372e+03
1.973635231642555937e+03 1.616684585654880721e+03 1.700244871872704834e+03
1.974635262161997161e+03 1.593240776031465430e+03 1.730388247926473923e+03
1.975635292681437932e+03 1.595901789933199325e+03 1.740011818345770280e+03
1.976635323200879157e+03 1.626011843194082758e+03 1.659968598449754154e+03
1.977635353720319472e+03 1.628406633096801670e+03 1.644847042332971796e+03
1.978635384239760697e+03 1.625233882300211917e+03 1.627608116848927921e+03
1.979635414759201467e+03 1.619572180758366812e+03 1.637308702479347403e+03
1.980635445278642237e+03 1.589886739784496967e+03 1.677988913362101812e+03
1.981635475798083462e+03 1.578407835293886819e+03 1.663547078110556185e+03
1.982635506317524232e+03 1.589683181777541904e+03 1.641721498754435288e+03
1.983635536836965002e+03 1.612420282701199540e+03 1.666238119806505438e+03
1.984635567356405772e+03 1.620715698369778693e+03 1.665040519472246160e+03
1.985635597875846997e+03 1.608187081969083010e+03 1.673390177760758888e+03
1.986635628395287767e+03 1.616121079028189342e+03 1.680249010615466659e+03
1.987635658914728538e+03 1.660596087441717827e+03 1.702532940629223049e+03
1.988635689434169308e+03 1.677988555524567346e+03 1.703600983070122084e+03
1.989635719953610533e+03 1.639564451237845788e+03 1.683766068234044269e+03
1.990635750473050848e+03 1.627647431963310737e+03 1.681352178171506921e+03
1.991635780992492073e+03 1.588901720632153229e+03 1.654795702962767336e+03
1.992635811511933298e+03 1.536733579911093329e+03 1.627518517289981446e+03
1.993635842031374068e+03 1.570003905411520464e+03 1.667537147759364871e+03
1.994635872550814838e+03 1.575829893820409779e+03 1.706528391273302077e+03
1.995635903070255608e+03 1.542756137297325040e+03 1.704464487995506261e+03
1.996635933589696833e+03 1.545901173210269917e+03 1.705764369720740206e+03
1.997635964109137149e+03 1.527008770154323429e+03 1.700452336955416968e+03
1.998635994628578374e+03 1.456363195434587396e+03 1.674441618174154428e+03
1.999636025148019144e+03 1.360213675074124694e+03 1.697380193260081114e+03
