# time[us]  F_in[N]  F_out[N]
# time is the SOURCE FILE's own base (analysis t=0 sits at -511.4 us there)
# F_in: in bar, c0=5126.265 mm/ms, x=[935.0, 120.0] mm, reconstructed at ITS OWN face (x=0), time domain only
# F_out: out bar, c0=5126.265 mm/ms, x=[119.25, 1196.25] mm, reconstructed at ITS OWN face (x=0), time domain only
# x=0 is the impact interface; no eta, no attenuation, no dispersion
-5.114406091680400550e+02 7.021823425165598209e+00 -1.083194794466652766e+01
-5.104405786485991712e+02 -3.498269485605121076e+00 -1.593831146369785401e+01
-5.094405481291582873e+02 -1.954468999048387090e+01 2.560023172090151622e+00
-5.084405176097174035e+02 -7.711320183825360886e+00 -1.188956078579608544e+01
-5.074404870902765197e+02 -9.514196797646409465e+00 -1.375294501115713963e+01
-5.064404565708356358e+02 -1.900069289412242313e+01 5.623613228416523668e+00
-5.054404260513947520e+02 -6.470044031495209680e+00 -1.295230203124377866e+01
-5.044403955319538682e+02 -8.022622039912899794e+00 1.084590358716572389e+00
-5.034403650125129843e+02 -1.065504116569907112e+01 -9.552187801220224372e+00
-5.024403344930721005e+02 -1.211883555400809520e+01 4.945189038201049492e+00
-5.014403039736312166e+02 6.329083985114766442e+00 -4.831972648908252843e+00
-5.004402734541903328e+02 9.941915947479810001e+00 -1.255410216500231435e+01
-4.994402429347494490e+02 -6.744639996569281593e+00 2.019956661191045555e+01
-4.984402124153085651e+02 -5.455841906708927880e+00 1.323309596208147987e+01
-4.974401818958676813e+02 3.247090805177951456e+00 7.654598177711919860e+00
-4.964401513764267975e+02 3.300462451268703301e+00 1.571849624458779893e+01
-4.954401208569859136e+02 7.064884825096826582e+00 1.186638005723218825e+01
-4.944400903375450298e+02 1.061127595350781050e+01 -6.637464654215998294e+00
-4.934400598181041460e+02 3.318396201745265284e+00 -9.048879615314845637e+00
-4.924400292986632621e+02 -2.289613737994356413e+00 -4.059072420905851075e+00
-4.914399987792223783e+02 3.309078677228640686e-01 -7.249556813492326057e+00
-4.904399682597814945e+02 5.246332264697667114e+00 -1.069148260515106585e+01
-4.894399377403406106e+02 -3.259365356267598379e+00 -2.239249738762921105e+00
-4.884399072208997268e+02 -7.990642747501812693e-01 -6.169053971775326772e+00
-4.874398767014588429e+02 9.626117431999290375e+00 -1.586659935385624287e+01
-4.864398461820179591e+02 -2.010083557310514468e+00 1.118601482409523484e+01
-4.854398156625770753e+02 2.691293178874531122e+00 -2.395570643516838238e+00
-4.844397851431361914e+02 1.778715615814702389e+00 -1.533403037343516218e+01
-4.834397546236953076e+02 -8.247895707009563537e+00 -5.056216540759857381e+00
-4.824397241042544238e+02 -3.213253465546229926e+00 -1.385344869094840803e+01
-4.814396935848135399e+02 -8.393496674595789742e+00 -1.128103919420902024e+01
-4.804396630653726561e+02 -2.853511226466930673e+00 -1.466077072366723399e+01
-4.794396325459317723e+02 -1.055688919844119500e+00 -1.613440226007716749e+00
-4.784396020264908884e+02 -3.856562143273213117e+00 5.407379861172140423e+00
-4.774395715070500046e+02 1.529221467255335920e+00 -7.103896171574807461e+00
-4.764395409876091207e+02 4.649055407113262817e+00 -8.584123934331303829e+00
-4.754395104681682369e+02 1.123471423575086447e-01 4.165524494836503777e+00
-4.744394799487273531e+02 -1.683103445839086554e+00 6.853816349225354543e+00
-4.734394494292864692e+02 -1.530771169876038229e+00 6.644261284676129975e+00
-4.724394189098455854e+02 -4.320824456052564599e+00 1.167383187485555673e+01
-4.714393883904047016e+02 -3.006306399096505544e+00 1.082245820930124225e+01
-4.704393578709638177e+02 3.907207789180227042e+00 -4.029689767568470415e+00
-4.694393273515229339e+02 -6.614927274956752257e-01 -6.119019078008793855e+00
-4.684392968320820501e+02 -8.161994771666240212e+00 -4.986886403887609731e+00
-4.674392663126411662e+02 -1.330375811532048758e+00 -2.600973046262726029e+01
-4.664392357932002824e+02 -6.502430176253243488e+00 -3.268182253170148499e+01
-4.654392052737593986e+02 -1.096568704908790259e+01 -7.492250273341549693e+00
-4.644391747543185147e+02 5.707316024452708803e+00 -2.509734812465516285e+01
-4.634391442348776309e+02 4.157238686016623497e+00 -5.750600602234992031e+00
-4.624391137154367470e+02 -7.907652243243701307e-02 -5.466737366147831345e+00
-4.614390831959958632e+02 -7.396419447457532215e+00 2.010367028554644442e+00
-4.604390526765549794e+02 -3.895732918903243913e+00 8.405143720019907505e-01
-4.594390221571140955e+02 3.796052000527694759e+00 -1.329649506190768093e+01
-4.584389916376732117e+02 -2.378765980931661250e+00 4.696445258470292039e-01
-4.574389611182323279e+02 4.140026649376937762e-01 2.253360186564976164e+00
-4.564389305987914440e+02 -1.088757569810184123e+00 -3.688563022876972575e+00
-4.554389000793505602e+02 -8.201496163996811362e+00 4.102522746154492417e+00
-4.544388695599096764e+02 -6.895866220044187145e+00 1.501414996964092019e+01
-4.534388390404687925e+02 4.095248333398603613e+00 8.846513646806144493e-01
-4.524388085210279087e+02 7.750220298936170593e+00 -1.195790794926924150e+01
-4.514387780015870248e+02 -3.525952301375511855e+00 1.503406112655289739e+01
-4.504387474821461410e+02 2.311383317626932943e+00 -1.961660222173900792e+00
-4.494387169627052572e+02 4.998095999401247269e+00 -9.454951239088567050e+00
-4.484386864432643733e+02 -6.928554663516768297e-01 4.292278127338825300e+00
-4.474386559238234895e+02 -8.152992294013445829e-01 6.098106800438913844e+00
-4.464386254043826057e+02 -2.065917142193510969e+00 -3.413496188611837123e+00
-4.454385948849417218e+02 -5.782866359872248729e+00 6.913861491182880847e+00
-4.444385643655008380e+02 -5.600991116643665890e+00 5.733392818431374494e+00
-4.434385338460599542e+02 2.575021775021073545e+00 -2.451934195235152814e+01
-4.424385033266190703e+02 6.923467047456631107e+00 -1.830029262600443118e+01
-4.414384728071781865e+02 1.492374500196112486e+01 -2.077474874650983594e+01
-4.404384422877373026e+02 6.082751150903042081e+00 6.357974584901633364e+00
-4.394384117682964188e+02 8.831443059029016496e+00 -4.080849375690711156e+00
-4.384383812488555350e+02 -5.875362811830081355e+00 1.985405767995032100e+00
-4.374383507294146511e+02 -2.082928486288350811e+01 2.467704517431078415e+01
-4.364383202099737673e+02 -1.065739399948086508e+01 1.027958961195490950e+01
-4.354382896905328835e+02 2.693716356232882525e-01 -7.118166022730935794e+00
-4.344382591710919996e+02 -2.546635317709037949e+00 1.031128951916603675e+01
-4.334382286516511158e+02 4.874808685163544375e+00 9.442992829019804191e+00
-4.324381981322102320e+02 1.628091005390406920e+01 -5.191852987973013533e+00
-4.314381676127693481e+02 1.020276462760503478e+01 2.587529082074362830e+00
-4.304381370933284643e+02 4.926861206921810954e-01 6.206684420544438474e+00
-4.294381065738875805e+02 6.442094155059186811e+00 -1.049825745815966904e+01
-4.284380760544466966e+02 4.427807344780553045e+00 -1.600859218838603226e+01
-4.274380455350058128e+02 -4.863505862627224730e+00 -9.019170552494564674e+00
-4.264380150155649289e+02 2.277993046942984989e+00 -1.207158628492161156e+01
-4.254379844961240451e+02 6.262736585765161124e+00 -1.504620809309570895e+01
-4.244379539766831613e+02 -7.690966506802181080e+00 5.116784698263248998e+00
-4.234379234572422774e+02 3.562683828535060826e+00 -2.857412935080070682e+01
-4.224378929378013936e+02 5.054929466665599058e+00 -2.277262504099771689e+01
-4.214378624183605098e+02 1.408551622020945970e+00 -1.501425318173591350e+01
-4.204378318989196259e+02 -1.419359561499344835e-01 -7.472999293717504266e+00
-4.194378013794787421e+02 -5.612649967333478429e-01 -2.088346070895320317e+00
-4.184377708600378583e+02 5.266347399637653304e+00 2.705092730454818906e-01
-4.174377403405969744e+02 -2.558502477086700644e+00 2.087554981664343501e+01
-4.164377098211560906e+02 -1.738106271513385259e+00 1.381228612254819055e+01
-4.154376793017152067e+02 -2.307547234632210120e+00 3.204690354072916136e+00
-4.144376487822743229e+02 -5.915623761855309581e+00 5.278085367763063473e+00
-4.134376182628334391e+02 -9.089126902114340822e+00 4.907190057721804166e+00
-4.124375877433925552e+02 -9.709114701700832128e+00 2.871344745230191897e+00
-4.114375572239516714e+02 -7.395654692205829939e+00 -1.096402019860020172e+00
-4.104375267045107876e+02 -7.966488045986063860e+00 -1.050200439115476447e+00
-4.094374961850699037e+02 -3.137794698040676344e+00 -7.883546096658980318e+00
-4.084374656656290199e+02 5.161341592563755576e+00 -1.292505062834549179e+01
-4.074374351461881361e+02 4.009486880754244531e+00 -8.999790328034764642e-01
-4.064374046267472522e+02 8.124865896260375919e+00 6.630388927114799991e+00
-4.054373741073063684e+02 1.664916964742001326e+01 -4.077492230369808901e+00
-4.044373435878654846e+02 3.738253219299213725e+00 1.182703056059064295e+01
-4.034373130684246007e+02 1.123205837843199717e+00 1.904457362410516907e+01
-4.024372825489837169e+02 7.297349908685770714e+00 2.957590587429369755e+00
-4.014372520295428330e+02 -1.406957205536401467e+00 1.410267556433338321e+01
-4.004372215101019492e+02 3.759571733597433241e+00 -1.157892417622299241e+01
-3.994371909906610654e+02 -1.065888637575433728e+00 -5.922772236299085336e+00
-3.984371604712201815e+02 3.288358541546748448e+00 -7.856797727665838948e+00
-3.974371299517792977e+02 3.739171570634096220e+00 -7.644290131617083262e+00
-3.964370994323384139e+02 -7.662538069400342877e+00 8.107397040358497620e+00
-3.954370689128975300e+02 -6.545068669570083486e+00 -9.214288484840480464e-01
-3.944370383934566462e+02 -2.585337270887926309e-01 -1.280099769410039556e+01
-3.934370078740157624e+02 -1.436528250791742289e+00 -8.278798719905251957e+00
-3.924369773545748785e+02 -3.604808335021886023e+00 -2.394873478166743563e+00
-3.914369468351339947e+02 -3.692360464706631706e+00 -3.860971895179230007e+00
-3.904369163156931108e+02 -3.670876144704995347e+00 -1.079245108489420790e+00
-3.894368857962522270e+02 -2.621433326679175391e+00 1.972035006112567324e+00
-3.884368552768113432e+02 5.076445172404605799e+00 5.948185506935121936e-01
-3.874368247573704593e+02 8.817886650603981025e+00 -5.244263451144462351e+00
-3.864367942379295755e+02 -4.248289730919456275e+00 7.327553573223648087e+00
-3.854367637184886917e+02 -2.822425296013486573e+00 2.792817599200271061e+00
-3.844367331990478078e+02 7.028248332641339857e+00 -1.766882237694994018e+01
-3.834367026796069240e+02 -9.107451094966039662e+00 2.217575493652349650e+01
-3.824366721601660402e+02 -2.835617498842613493e+00 1.763255933082141347e+00
-3.814366416407251563e+02 -5.451266391264258715e+00 7.159649324362592715e+00
-3.804366111212842725e+02 -1.394950596930042153e+01 1.572058644225039359e+01
-3.794365806018433886e+02 -8.353193938233061999e+00 9.925578361073256417e+00
-3.784365500824025048e+02 -5.387967985192474885e+00 1.806848872411983820e+01
-3.774365195629616210e+02 1.821725539332007315e+00 -4.450280179722420293e+00
-3.764364890435207371e+02 -1.010409170295111458e+00 1.422888133729285798e+01
-3.754364585240798533e+02 1.638778531691347595e+01 1.119136928321930213e+01
-3.744364280046389695e+02 3.205104691998446498e+01 -6.004076120019652407e+00
-3.734363974851980856e+02 4.214353808997923068e+01 4.612943178147018486e+00
-3.724363669657572018e+02 4.504154856953933006e+01 1.867055065798636093e+01
-3.714363364463163180e+02 5.203048665794993610e+01 6.636573265567164093e+00
-3.704363059268754341e+02 5.484142869421130939e+01 7.274005375629458925e+00
-3.694362754074345503e+02 4.706012505787730049e+01 1.392994219878482554e+01
-3.684362448879936665e+02 4.574604325152066764e+01 1.067033906955381362e+01
-3.674362143685527826e+02 5.465544627997946492e+01 -4.863799402154798557e+00
-3.664361838491118988e+02 3.833699767612701947e+01 6.490512507270125298e+00
-3.654361533296710149e+02 3.333707974723088086e+01 1.087014374177691423e+00
-3.644361228102301311e+02 5.680037690992312349e+01 -1.995866156376014544e+01
-3.634360922907892473e+02 5.254494201978399559e+01 -6.595429691329492528e+00
-3.624360617713483634e+02 4.102903384044952873e+01 1.290238230892601834e+01
-3.614360312519074796e+02 4.827204734356094917e+01 -1.531031972844968969e+01
-3.604360007324665958e+02 3.490552612274392175e+01 4.426567431985545475e+00
-3.594359702130257119e+02 2.520948859087485872e+01 2.609611586804587713e-01
-3.584359396935848281e+02 1.864295925009137989e+01 5.473702958992284762e-01
-3.574359091741439443e+02 1.727759583638315632e+01 1.109830299997027314e+00
-3.564358786547030604e+02 1.375055405314955692e+01 9.815344977416298633e+00
-3.554358481352621766e+02 1.804631943606754518e+01 2.462332421325747234e+01
-3.544358176158212927e+02 2.548630596297266493e+01 1.352411167043235096e+01
-3.534357870963804089e+02 2.766257952316480484e+01 -1.728803445688624318e+00
-3.524357565769395251e+02 3.173565846110444966e+01 5.284584816361693527e+00
-3.514357260574986412e+02 3.056122012652328124e+01 4.529718061007965701e+00
-3.504356955380577574e+02 2.690271807910920288e+01 6.091919117513512560e+00
-3.494356650186168736e+02 3.286544701716136530e+01 1.521090992873816283e+01
-3.484356344991759897e+02 3.454099216755879809e+01 1.532325592543100967e+01
-3.474356039797351059e+02 3.745210754283397137e+01 9.766583603475083919e+00
-3.464355734602942221e+02 4.681583156347417685e+01 6.523003022203045731e+00
-3.454355429408533382e+02 4.142334849322222823e+01 1.190531648774243045e+01
-3.444355124214124544e+02 4.591346805502985973e+01 9.085411666809669384e+00
-3.434354819019715706e+02 4.598450004611189001e+01 -1.708129970855538637e+00
-3.424354513825306867e+02 2.514660066502493763e+01 1.640094306698488325e+01
-3.414354208630898029e+02 1.997828430752337070e+01 1.948116733377291965e+00
-3.404353903436489190e+02 2.290689185996475885e+01 -1.307124527347163756e+01
-3.394353598242080352e+02 3.091148817476154775e+01 3.507059674289630280e+00
-3.384353293047671514e+02 3.761692399940341858e+01 -1.269213655119814099e+01
-3.374352987853262675e+02 1.858630938573887192e+01 4.884215035873627819e+00
-3.364352682658853837e+02 2.735213200638593278e+01 2.458710971562735992e+00
-3.354352377464444999e+02 3.210962977098849080e+01 8.055874918953978892e+00
-3.344352072270036160e+02 2.255491216924804476e+01 1.657435532597974870e+01
-3.334351767075627322e+02 2.940412777539631861e+01 5.661305710161367521e+00
-3.324351461881218484e+02 4.139926316928563210e+01 -3.104467857399725084e+00
-3.314351156686809645e+02 4.061135064278182227e+01 1.137658724937205967e+01
-3.304350851492400807e+02 3.624412519589104420e+01 9.872030435976434148e+00
-3.294350546297991968e+02 2.262347614228444570e+01 -1.028489494432472284e+00
-3.284350241103583130e+02 7.656175300945736950e+00 2.085543589787232310e+00
-3.274349935909174292e+02 -2.757318042237418609e+00 1.492072392614699439e+01
-3.264349630714765453e+02 -7.958984758953988603e+00 4.922301110822299819e+00
-3.254349325520356615e+02 -1.531340462495418109e+01 -2.869838199414656899e+00
-3.244349020325947777e+02 -1.562658121841132441e+01 -4.963076036702807947e+00
-3.234348715131538938e+02 -6.930452232709711780e-01 -2.236275054225293601e+01
-3.224348409937130100e+02 1.197418412532914544e+01 -1.205260642534633497e+01
-3.214348104742721262e+02 5.905744538728185944e+00 1.363864206073726137e+01
-3.204347799548312423e+02 1.974760137525741754e+00 -5.255873217059532365e+00
-3.194347494353903585e+02 -1.226652919487470683e+00 5.034531150077293127e+00
-3.184347189159494746e+02 -1.904018896642867276e+00 9.602577824067370926e-01
-3.174346883965085908e+02 -1.161246235498363433e+01 -1.231002007594609537e+01
-3.164346578770677070e+02 -1.629750829561497127e+01 -1.006474536435070100e+01
-3.154346273576268231e+02 1.871871650720564162e+00 -7.904635740383644915e+00
-3.144345968381859393e+02 1.196887874298278831e+01 -4.964387224231824547e+00
-3.134345663187450555e+02 -8.847837965999545418e-01 1.030812326092455322e+01
-3.124345357993041716e+02 -3.962639066521187914e+00 -9.917089092610565260e+00
-3.114345052798632878e+02 -1.159188789047050960e+01 -4.537936638183598603e+00
-3.104344747604224040e+02 -1.236776609512622471e+01 -7.336381045193683725e+00
-3.094344442409815201e+02 -1.026236213040331080e+01 -1.819922420875208857e+01
-3.084344137215406363e+02 -1.209678072947578897e+01 -1.099320204360196840e+01
-3.074343832020997525e+02 -8.261082051158549433e+00 -5.810495510692419430e-01
-3.064343526826588686e+02 -2.445514224495831002e+00 -7.467737984682604413e+00
-3.054343221632179848e+02 3.055984844260606792e+00 -1.025204055272234172e+01
-3.044342916437771009e+02 -8.314868202189853008e+00 -6.506821069781736355e-01
-3.034342611243362171e+02 -1.132068532534668748e+01 -9.081662678556490675e+00
-3.024342306048953333e+02 -9.669766619153573828e+00 -2.074244106916676600e+01
-3.014342000854544494e+02 -1.395170418324707384e+01 -8.113895056370990844e+00
-3.004341695660135656e+02 -2.078660105578441630e+01 -9.817094825172992145e+00
-2.994341390465726818e+02 -1.990939894300530710e+01 -2.715089834599821117e+01
-2.984341085271317979e+02 -2.442646908100983794e+01 -3.001991368085564993e+00
-2.974340780076909141e+02 -5.849871942477584241e+00 -1.233518101606401807e+01
-2.964340474882500303e+02 -8.530142136730919589e+00 9.290151390421939048e-01
-2.954340169688091464e+02 -4.330910289724606343e+00 5.566645404084383131e+00
-2.944339864493682626e+02 1.521423063804789422e+01 2.290953652705486565e+00
-2.934339559299273787e+02 1.202070370579823333e+01 3.217790412463653382e+00
-2.924339254104864949e+02 3.511842920462399320e+00 -9.133295190940692976e+00
-2.914338948910456111e+02 1.260695800759307161e+01 -1.326178664311242272e+01
-2.904338643716047272e+02 2.071691812253370202e+01 -1.320008847643678962e+01
-2.894338338521638434e+02 7.654264739222373493e+00 -1.509681236932355830e+01
-2.884338033327229596e+02 1.140015826392065890e+00 -1.088386903655404936e+01
-2.874337728132820757e+02 1.183616707208157237e+01 8.850798074570493945e-01
-2.864337422938411919e+02 1.164898721191903874e+01 1.057299097687416456e+01
-2.854337117744003081e+02 -3.233987278082722128e+00 7.452598746704057753e+00
-2.844336812549594242e+02 -5.317775061717178176e+00 -8.715053807629585592e+00
-2.834336507355185404e+02 -9.824866786808776453e+00 -8.910906936424758840e+00
-2.824336202160776566e+02 -8.038372301744708182e+00 -2.365675784178049135e+00
-2.814335896966367727e+02 8.504797786337725540e+00 -1.368034518386381393e+01
-2.804335591771958889e+02 1.176262100626268747e+01 7.614212736007524462e+00
-2.794335286577550050e+02 6.985829297610933963e+00 1.080039513565927756e+01
-2.784334981383141212e+02 5.623942296146172026e+00 1.192003617231645762e+01
-2.774334676188732374e+02 4.077217248308194542e+00 3.007666216190042263e+01
-2.764334370994323535e+02 8.966348733029768425e+00 9.237541180800501905e+00
-2.754334065799914697e+02 1.311896600746585761e+00 1.354999975131695322e+01
-2.744333760605505859e+02 9.328201513794660116e+00 6.379383070044033488e+00
-2.734333455411097020e+02 1.691489269718532995e+01 1.889019940922964125e+01
-2.724333150216688182e+02 4.553493725162191197e+00 2.931883822591515809e+01
-2.714332845022279344e+02 6.021177657465866417e+00 1.365892157564023179e+01
-2.704332539827870505e+02 1.819577222449076359e+01 1.609875071125361501e+01
-2.694332234633461667e+02 7.193772827340904286e+00 1.842635300864432679e+01
-2.684331929439052828e+02 -4.931953463691005624e+00 8.728540972188678637e-01
-2.674331624244643990e+02 -2.976107219688330474e+00 -3.384993963579423948e+00
-2.664331319050235152e+02 -6.908408056391447616e+00 1.273763339894401625e+01
-2.654331013855826313e+02 -1.483403235127267372e+01 1.395735216506055743e+01
-2.644330708661417475e+02 -4.104227055914094535e+00 6.117419962058892935e+00
-2.634330403467008637e+02 3.144852679437548204e+00 7.313808717585244423e+00
-2.624330098272599798e+02 3.378205933087844670e+00 1.151437662610500112e+01
-2.614329793078190960e+02 4.343702037791075554e+00 -4.279634208322976363e+00
-2.604329487883782122e+02 -2.330789019696659636e+00 -1.062840448612122657e+01
-2.594329182689373283e+02 -2.472601269461989659e+01 1.896435646597774394e+01
-2.584328877494964445e+02 -1.695525588789129401e+01 -2.464740913006966849e+00
-2.574328572300555606e+02 -3.836462213052431736e+00 1.246730796014183795e-01
-2.564328267106146768e+02 -2.926518081164754648e+00 6.655025719715650823e+00
-2.554327961911737930e+02 -9.243661937700011322e+00 9.836448726924288621e+00
-2.544327656717329091e+02 -1.365152824507856266e+01 1.654160331686604835e+01
-2.534327351522920253e+02 -5.145807770068486775e+00 6.011710041720039754e+00
-2.524327046328511415e+02 -2.485467142965688936e+00 1.818570624557666449e+01
-2.514326741134103145e+02 -8.366846889668558163e+00 1.333739099585518062e+01
-2.504326435939693738e+02 -2.487120978874628463e-01 -4.817018416140641079e+00
-2.494326130745284900e+02 6.207286948530203574e+00 4.220252861459226068e-01
-2.484325825550876630e+02 -5.753891880854233420e+00 7.281427639386816253e+00
-2.474325520356467223e+02 -4.063789235051856963e+00 -1.979411859577522392e+01
-2.464325215162058385e+02 1.088774731370016013e+00 -1.293702428120204218e+01
-2.454324909967649546e+02 5.655628473950883972e+00 -1.091678312950340768e+01
-2.444324604773240708e+02 1.195026369297087143e+01 3.862031738086312060e+00
-2.434324299578831869e+02 3.009368389968901880e+01 -3.949736245094008336e+00
-2.424323994384423031e+02 3.039194857364107705e+01 -3.492489158648970360e-01
-2.414323689190014193e+02 1.640406128457184565e+01 1.023034576948686691e+01
-2.404323383995605354e+02 1.191377761136389068e+01 -1.618081713771156949e+00
-2.394323078801196516e+02 1.477395804517944100e+01 -4.858429581910098882e+00
-2.384322773606787678e+02 3.752157650919251353e+00 1.617031431987903645e+01
-2.374322468412378839e+02 -9.275641629300039881e-01 2.023173696726682635e+01
-2.364322163217970001e+02 7.983243579607801621e-01 4.556590691998181342e+00
-2.354321858023561163e+02 -1.145197954998974410e+01 7.620605867755938512e+00
-2.344321552829152324e+02 -1.157915585487477017e+01 9.782737663569209374e+00
-2.334321247634743486e+02 9.548129869896797572e-01 -6.111005841110503489e+00
-2.324320942440334647e+02 2.481041361157203085e+00 -4.750719568994123065e+00
-2.314320637245926378e+02 6.388362354836893076e+00 3.840024044843580953e+00
-2.304320332051516971e+02 1.594514747086138584e+01 4.207174368121644470e-01
-2.294320026857108132e+02 4.835047534450239937e+00 -9.962374853916822204e-02
-2.284319721662699862e+02 -2.054770619135751986e+00 -2.993605310486185278e+00
-2.274319416468290456e+02 4.735295923883114710e+00 -5.186147775721154041e+00
-2.264319111273881617e+02 1.298140704823400426e+01 -1.263605755014413035e+01
-2.254318806079472779e+02 1.104540305927994126e+01 -1.257715766646709454e+01
-2.244318500885063941e+02 5.907748114643133874e+00 -1.846982223822510960e+01
-2.234318195690655102e+02 8.021636473015789193e+00 -2.064274195551324809e+01
-2.224317890496246264e+02 -6.949347596875092847e-01 -1.790989394665770362e+01
-2.214317585301837426e+02 -3.363084599576829703e+00 -8.859794548799175828e-01
-2.204317280107428587e+02 9.706212743068299176e+00 -7.662639983311867908e+00
-2.194316974913019749e+02 2.384527255343833474e+01 -7.660267564758983738e+00
-2.184316669718610910e+02 2.413042020197650928e+01 1.446563500890747633e+01
-2.174316364524202072e+02 1.646584888403686620e+01 2.081610397634102583e+01
-2.164316059329793234e+02 9.986078801305389163e+00 -1.396628645320090900e+00
-2.154315754135384395e+02 -1.488330897389165131e+00 6.445273289156653540e+00
-2.144315448940976125e+02 5.164515971015624984e+00 1.655659232985886575e-01
-2.134315143746566719e+02 2.683907969143518812e+00 1.450079164312203872e+01
-2.124314838552157880e+02 -2.555694014094385125e-01 1.163009256873623798e+01
-2.114314533357749610e+02 -3.149810010616718614e+00 1.211649724848919618e+01
-2.104314228163340204e+02 -1.836908938897728660e+01 1.799377652799533323e+01
-2.094313922968931365e+02 -1.598304139847140171e+01 1.203481869363342227e+01
-2.084313617774522527e+02 1.747554961398392948e+01 -1.270538554620927130e+00
-2.074313312580113688e+02 2.239641359000503229e+01 -6.156572198509790539e+00
-2.064313007385704850e+02 4.101298698247916263e+00 -8.509862678895821375e+00
-2.054312702191296012e+02 6.710902935751192899e+00 -1.080376612447386719e+01
-2.044312396996887173e+02 1.277959551889517087e+01 -6.086215322207653600e+00
-2.034312091802478335e+02 1.957018032406849173e+01 1.735421946765285384e+00
-2.024311786608069497e+02 1.055479604946989269e+01 1.007899644173519960e+01
-2.014311481413660658e+02 1.352624452347114214e+01 1.726210943006010368e+01
-2.004311176219251820e+02 1.582764446557001037e+01 3.163094147945425405e+01
-1.994310871024842982e+02 -8.061812807523693891e-02 3.096371363033178170e+01
-1.984310565830434143e+02 3.843429471128086305e+00 1.515181308710021568e+01
-1.974310260636025873e+02 6.410246704404457319e+00 4.671445479573968385e+00
-1.964309955441616466e+02 1.505438015102156157e+01 1.787613055746509616e+01
-1.954309650247207628e+02 1.786543297963688559e+01 3.445207937754479843e+01
-1.944309345052799358e+02 1.266320884311849682e+01 2.741044164633877145e+01
-1.934309039858389951e+02 1.540688506707672190e+01 1.538795057451469717e+01
-1.924308734663981113e+02 6.180732736206806521e+00 1.577866465764461879e+01
-1.914308429469572843e+02 1.103968530504179313e+00 1.566704024082369351e+01
-1.904308124275163436e+02 1.841484857412095266e+01 4.847303703908456995e+00
-1.894307819080754598e+02 6.811957295641562382e+00 5.441813398164865312e-01
-1.884307513886345760e+02 -7.590268366818854417e+00 4.452814545275254332e-01
-1.874307208691936921e+02 -8.185832233233938382e-01 -6.867407794966932322e+00
-1.864306903497528083e+02 -2.360362958920492105e+01 -7.491838013805558916e+00
-1.854306598303119245e+02 -3.350141633388492579e+01 -1.171926216771243645e+00
-1.844306293108710406e+02 -1.756659887117640295e+01 1.437748325143598294e+00
-1.834305987914301568e+02 7.722597508974381242e+00 -4.951773232457568952e+00
-1.824305682719892729e+02 6.418078102200528434e+00 4.217847451217908272e+00
-1.814305377525483891e+02 -9.216300366345429040e+00 -4.646061701112460973e+00
-1.804305072331075053e+02 -6.069312570886872038e+00 -1.240987767567108868e+01
-1.794304767136666214e+02 -3.315043569596923589e+00 -1.838258901027569170e+00
-1.784304461942257376e+02 6.903201990041978320e+00 2.670993511084844840e-01
-1.774304156747849106e+02 2.601564508306223900e+01 1.362654684989814413e+01
-1.764303851553439699e+02 3.965170120821321120e+01 4.539300141313735715e+00
-1.754303546359030861e+02 1.319944268931666542e+01 3.245307428596731825e+01
-1.744303241164622591e+02 -3.445949193253341036e+00 4.477500306658988904e+01
-1.734302935970213184e+02 1.730593905382718845e+01 2.164862094123076375e+01
-1.724302630775804346e+02 1.158879538946531795e+01 2.770927159226278746e+01
-1.714302325581395507e+02 -1.051176333557486231e+01 1.735269544542354936e+01
-1.704302020386986669e+02 -5.808618717175676238e+00 4.908233699263811367e+00
-1.694301715192577831e+02 2.217124003530182108e+01 -1.520531906923567433e+01
-1.684301409998168992e+02 9.123251766845640987e+00 2.312504939020296746e+00
-1.674301104803760154e+02 9.866018176824660202e+00 1.402298477516746189e+01
-1.664300799609351316e+02 1.254973972174803265e+01 1.181734824994763677e+00
-1.654300494414942477e+02 1.072211856794214313e+01 1.279074267824632294e+00
-1.644300189220533639e+02 1.579451924492499870e+01 -1.769254510346787157e-01
-1.634299884026124801e+02 2.748657735594403917e+01 -1.379253118278896117e+01
-1.624299578831715962e+02 3.347385006609633251e+01 -9.734277029890810340e+00
-1.614299273637307124e+02 1.731643666641654988e+01 1.148862702797519475e+01
-1.604298968442898854e+02 1.833545384029615377e+01 1.922579207091662568e+01
-1.594298663248489447e+02 2.606956975717685054e+01 1.260627765238471731e+01
-1.584298358054080609e+02 2.288764060533474520e+01 1.370655711397606069e+01
-1.574298052859672339e+02 1.846378895918944352e+01 1.685532614585933331e+01
-1.564297747665262932e+02 1.588815395682546949e+01 5.034693012704694937e+00
-1.554297442470854094e+02 2.315737545027984368e+01 1.319959680384406120e+01
-1.544297137276445255e+02 1.081066034595377090e+01 2.057864652393348948e+01
-1.534296832082036417e+02 6.767492282085022737e+00 1.656537142131849549e+00
-1.524296526887627579e+02 1.338374057224303471e+00 -2.029655150968183364e+01
-1.514296221693218740e+02 -1.401265477867564613e+01 -2.555646632516142347e+01
-1.504295916498809902e+02 -1.978376299531304028e+01 -1.431432510085299548e+01
-1.494295611304401064e+02 -1.464786368705421182e+01 -1.193250890320581803e+01
-1.484295306109992225e+02 -1.253936384536122972e+01 -1.130368944859502811e+01
-1.474295000915583387e+02 -1.616188162852437671e+01 4.952266297365344627e+00
-1.464294695721174548e+02 -6.569248688722865381e+00 1.243000949006511924e+01
-1.454294390526765710e+02 7.863415534332478529e+00 9.621639077493604475e+00
-1.444294085332356872e+02 2.045346331311152355e+01 2.721798015832053252e+01
-1.434293780137948602e+02 4.605451920601318250e+00 4.686089265708839235e+01
-1.424293474943539195e+02 1.497474918309450942e+01 4.533543838294893646e+01
-1.414293169749130357e+02 2.212156818593669882e+01 4.436469636183537801e+01
-1.404292864554722087e+02 2.121265541049512393e+01 3.694505023084429496e+01
-1.394292559360312680e+02 2.688735156957330119e+01 1.924928275850451698e+01
-1.384292254165903842e+02 1.988778944558983852e+01 1.498840639985064982e+01
-1.374291948971495572e+02 -1.120285796323535976e+00 1.738536961015962490e+01
-1.364291643777086165e+02 -1.091385150924836722e+01 1.993912637523904507e+01
-1.354291338582677326e+02 8.832837137891782930e+00 1.744086461676217326e+01
-1.344291033388268488e+02 2.741576596249419140e+01 1.983114277733420039e+01
-1.334290728193859650e+02 1.597986196441938489e+01 1.955575502244982644e+01
-1.324290422999450811e+02 1.417082454304016892e+01 1.369720550270332637e+01
-1.314290117805041973e+02 3.563019545417926537e+00 2.704174438956140136e+01
-1.304289812610633135e+02 -4.823617281146951541e+00 7.676795194137604028e+00
-1.294289507416224296e+02 -8.591826095006275921e+00 6.971207041943990212e+00
-1.284289202221815458e+02 -1.396217532041056586e+00 1.301647694048138071e+00
-1.274288897027406620e+02 -4.067648877623685877e+00 8.479675494696628846e+00
-1.264288591832998350e+02 -9.544600011204842360e+00 5.090596426897874949e+00
-1.254288286638588943e+02 1.783690645063437330e+00 -1.244448246429871219e+01
-1.244287981444180105e+02 1.370496155456277876e+01 1.190845197767189667e+01
-1.234287676249771835e+02 1.828163631787924004e+01 1.956493903881169416e+01
-1.224287371055362428e+02 2.902992975222242222e+01 -1.111241927122804896e+01
-1.214287065860953589e+02 4.004036284382011956e+01 -1.492510037998642503e+01
-1.204286760666545320e+02 1.368443947105615877e+01 -2.168653317250916146e+00
-1.194286455472135913e+02 3.122180586302565786e+00 -1.835982736548748662e+00
-1.184286150277727074e+02 4.541637927781284390e+00 9.479565596928387627e-01
-1.174285845083318236e+02 6.722552354365362248e+00 1.064780187840395875e+01
-1.164285539888909398e+02 8.152555100075865369e+00 2.132499151709418328e+01
-1.154285234694500559e+02 2.122450333612433582e+01 2.122635242072960082e+01
-1.144284929500091721e+02 2.887060710257744489e+01 1.899298944982498938e+01
-1.134284624305682883e+02 7.473313980871459705e+00 3.037830521553762253e+01
-1.124284319111274044e+02 8.898162197260276685e+00 -1.526027536035628795e+00
-1.114284013916865206e+02 1.044452957613035693e+01 -1.107613808558503976e+01
-1.104283708722456367e+02 -1.469218161473197171e+00 -1.777206028700466511e+00
-1.094283403528047529e+02 -5.537310084026671575e+00 -9.152163952359977372e-01
-1.084283098333638691e+02 2.377053231978734971e+00 -6.933034946392528930e+00
-1.074282793139229852e+02 1.299075233450494693e+00 8.168208844867061558e+00
-1.064282487944821582e+02 -1.068828767776235011e+01 7.156827296833627727e+00
-1.054282182750412176e+02 1.104287295105235245e+01 2.194319566618112560e+01
-1.044281877556003337e+02 2.002724726089437013e+01 2.074641172218209562e+01
-1.034281572361595067e+02 1.445507055718070077e+01 1.451852665798448960e+00
-1.024281267167185661e+02 1.088289128891010549e+01 6.181978972892806290e+00
-1.014280961972776822e+02 2.997464359436517256e+01 -1.116973735744163498e+01
-1.004280656778368552e+02 3.413189328060205696e+01 -1.090798409584884254e+01
-9.942803515839591455e+01 1.759733676465936725e+01 -1.576571827535619974e+00
-9.842800463895503071e+01 2.263157947227112743e+01 -2.648908271464125619e+01
-9.742797411951414688e+01 1.347649194224534952e+01 -2.490663646383810459e+01
-9.642794360007326304e+01 7.178636919587688681e+00 -2.334240089889016190e+01
-9.542791308063237921e+01 1.009458279533171066e+01 -1.328630129000323024e+01
-9.442788256119149537e+01 1.574322769524437149e+01 -2.324880004260101884e+01
-9.342785204175061153e+01 1.806592597112760146e+01 -3.687068857518407405e+00
-9.242782152230972770e+01 2.282324164034566394e+00 1.541411372366873778e+01
-9.142779100286884386e+01 9.866251466259576830e+00 -2.736157409504889948e+00
-9.042776048342796003e+01 2.231805041792103594e+01 -1.323083734532028188e+01
-8.942772996398713303e+01 1.577525440010631286e+01 3.969570042138796495e+00
-8.842769944454619235e+01 1.422623382160166017e+01 -1.110706769355391543e+01
-8.742766892510530852e+01 1.814763119805644820e+01 7.053175715134074153e+00
-8.642763840566448152e+01 1.385700421258141901e+01 2.259009477163524338e+01
-8.542760788622354085e+01 7.228958615014871469e+00 7.268896612362648391e+00
-8.442757736678265701e+01 2.249452193649129228e+01 2.195485360694783949e+01
-8.342754684734183002e+01 2.439093281803069146e+01 5.626328220239233957e+00
-8.242751632790088934e+01 3.172866495905024209e+01 1.485781868019763685e+01
-8.142748580846000550e+01 4.406356104553375985e+01 -8.790775671792607326e+00
-8.042745528901912166e+01 5.551413420911632102e+01 -9.773115491426281665e+00
-7.942742476957823783e+01 3.443308533413683392e+01 2.900668439418436151e+01
-7.842739425013735399e+01 2.076498361989940378e+01 1.823463331342087912e+01
-7.742736373069647016e+01 8.727786537060470806e+00 -5.894842667749809806e+00
-7.642733321125558632e+01 1.051895334607522159e+00 2.071638863356054472e+01
-7.542730269181470248e+01 3.725121542533742058e+00 3.552450866082519099e+01
-7.442727217237381865e+01 1.218000907643826736e+01 9.001551461222423001e+00
-7.342724165293293481e+01 2.070831391785288744e+01 5.155829697427293468e+00
-7.242721113349210782e+01 2.450041228558978190e+01 1.176948471987547862e+01
-7.142718061405116714e+01 1.565635652073148698e+01 -3.103899211195143337e+00
-7.042715009461028330e+01 1.647825499573004038e+01 -9.382203055111947521e+00
-6.942711957516945631e+01 1.335590371818302557e+01 2.671509392297100050e+00
-6.842708905572851563e+01 -1.016547538002963691e+01 4.377549548786174860e+00
-6.742705853628763180e+01 -3.616805581243077938e+00 -1.392571062593424003e-01
-6.642702801684680480e+01 2.279282127280389147e+01 3.955237867437415389e+01
-6.542699749740586412e+01 7.464526212638823210e+00 4.022519357088661707e+01
-6.442696697796498029e+01 9.765155746561440253e+00 1.716255393877215951e+01
-6.342693645852409645e+01 3.826929198734639215e+00 2.260519581805352729e+01
-6.242690593908321262e+01 -1.467586499827849167e+00 2.559321504686777615e+01
-6.142687541964232878e+01 6.112364129916475264e+00 -1.101798500477208620e+00
-6.042684490020144494e+01 2.550991837269070572e+01 -5.059593404423029739e+00
-5.942681438076056111e+01 3.249600635699357554e+01 1.037658436228548808e+01
-5.842678386131967727e+01 2.528787876413358759e+01 9.462068485761601977e+00
-5.742675334187879344e+01 4.436313915057777990e+01 1.516775455496900094e+01
-5.642672282243790960e+01 4.275666790593943034e+01 1.122709340732857441e+01
-5.542669230299702576e+01 5.652133635277370871e+01 3.799705351166601730e+01
-5.442666178355614193e+01 6.527791718508369456e+01 4.464042329554773403e+01
-5.342663126411525809e+01 7.299163019822024978e+01 1.922329078102247379e+01
-5.242660074467443110e+01 7.671997369928037358e+01 3.282949534888616938e+01
-5.142657022523349042e+01 6.055997702194927967e+01 1.806235127452890410e+01
-5.042653970579260658e+01 6.337263118453171273e+01 1.654410461487549000e+01
-4.942650918635177959e+01 8.631499511908300803e+01 -3.971997513672278046e+00
-4.842647866691083891e+01 7.965205855498722087e+01 -1.832536669322539780e-01
-4.742644814746995507e+01 6.839022210469404683e+01 3.296771918300715143e+00
-4.642641762802912808e+01 8.686279479463073017e+01 -3.573975669147132095e+01
-4.542638710858818740e+01 6.987973448299482015e+01 -8.480803582042426569e+00
-4.442635658914730357e+01 5.486000157834803304e+01 -6.576816529638079167e+00
-4.342632606970641973e+01 6.894811659769050038e+01 2.848077513417995199e+00
-4.242629555026553589e+01 4.631927237226423699e+01 3.897457270038202637e+01
-4.142626503082465206e+01 3.386473747352846431e+01 3.543287135344229455e+01
-4.042623451138376822e+01 4.252778959442124318e+01 -2.649628742861258601e-01
-3.942620399194288439e+01 6.615411497109005268e+01 1.470811056358395952e+01
-3.842617347250200055e+01 6.000996449553088041e+01 3.131105464814204709e+00
-3.742614295306111671e+01 5.215659708944662043e+01 1.707938538423981711e+01
-3.642611243362023288e+01 6.116687714498706896e+01 1.308211540344001733e+01
-3.542608191417940589e+01 6.014649956007727383e+01 2.779600716522681836e+01
-3.442605139473846521e+01 5.806776745818724095e+01 5.913408329087010173e+01
-3.342602087529758137e+01 5.060879766327427376e+01 2.970820995721307511e+01
-3.242599035585675438e+01 5.675916281597328350e+01 -2.813093207669821183e+00
-3.142595983641581370e+01 6.531941261992783154e+01 2.580567547781400606e+01
-3.042592931697492986e+01 5.508946763667380253e+01 8.732972182226792057e+00
-2.942589879753410287e+01 5.767401597389243051e+01 -1.330229537279932828e+01
-2.842586827809316219e+01 6.677987957116934581e+01 9.704252587753037673e+00
-2.742583775865227835e+01 4.692984573076684995e+01 4.215180220404265299e+01
-2.642580723921139452e+01 4.619563166051355552e+01 2.780139635105858886e+01
-2.542577671977051068e+01 5.503095401075380266e+01 3.271484043996046154e+01
-2.442574620032962684e+01 3.894810458628194993e+01 4.659195924311562464e+01
-2.342571568088874301e+01 3.690181018702222104e+01 1.995413178012088551e+01
-2.242568516144785917e+01 4.272086771046451759e+01 3.200640210137271069e+00
-2.142565464200697534e+01 5.738205732145254956e+01 1.210560994249646605e+01
-2.042562412256609150e+01 4.503329359438285451e+01 2.669808694928827819e+01
-1.942559360312520766e+01 3.405402456306714498e+01 1.374271223550051957e+01
-1.842556308368438067e+01 5.842613306198386880e+01 3.498571524685543466e+01
-1.742553256424343999e+01 5.668237082033774499e+01 5.673314939656904698e+01
-1.642550204480255616e+01 6.201440453152813603e+01 3.792800566104814664e+01
-1.542547152536172916e+01 6.873469917573086718e+01 1.098571398288270728e+01
-1.442544100592078848e+01 6.799259108410441854e+01 3.159014046475120097e+01
-1.342541048647990465e+01 5.033974673998793747e+01 2.569554541706518691e+01
-1.242537996703907766e+01 4.623244769306285207e+01 -1.771053357199938816e+01
-1.142534944759813698e+01 3.871359139738122934e+01 -1.097345559102956614e+00
-1.042531892815725314e+01 2.956531867728936902e+01 3.485542310278567868e+01
-9.425288408716426147e+00 1.871548538324995548e+01 1.787977681374181316e+01
-8.425257889275542311e+00 8.552262339499250743e+00 7.301582114831662196e+00
-7.425227369834544788e+00 -7.145895075287214127e-01 1.649597648262773220e+01
-6.425196850393717796e+00 2.822023029976534758e+00 1.703383689624510566e+01
-5.425166330952833960e+00 3.988421541367782908e+01 5.405196211819982111e+00
-4.425135811511950124e+00 6.360723322297804572e+01 3.240482436487484819e+01
-3.425105292071123131e+00 4.498840838627877758e+01 1.219576415195768071e+01
-2.425074772630239295e+00 3.154283319060631641e+01 6.240148159999439059e-01
-1.425044253189298615e+00 2.883634850018741247e+01 2.251344228978935291e+01
-4.250137337484147793e-01 1.362600351499788331e+01 6.215960859234884595e+01
5.750167856924690568e-01 -1.259656130719797318e+01 3.970500104366538352e+01
1.575047305133352893e+00 4.223820836338639140e+00 2.916781082880212139e+01
2.575077824574236729e+00 1.540597772635287299e+01 3.413314501735458606e+01
3.575108344015120565e+00 1.723835858353996997e+01 2.369870506021288392e+01
4.575138863456004401e+00 2.090630033161361467e+01 1.503449296086830778e+01
5.575169382896888237e+00 3.289030822916519980e+01 2.047185936806661033e+01
6.575199902337772073e+00 3.118543847335440233e+01 3.003017506185935304e+01
7.575230421778655909e+00 2.862156130580272873e+01 1.969719458519447386e+01
8.575260941219426059e+00 3.108556657622063568e+01 1.598317494408558126e+01
9.575291460660423581e+00 2.806606573960582551e+01 1.773813001606330886e+01
1.057532198010130742e+01 2.987053679571571507e+01 -5.336837120465977691e+00
1.157535249954219125e+01 4.459501937431478069e+01 -3.071757497930275349e+01
1.257538301898307509e+01 6.519540904111053692e+01 -2.118006035665866804e+01
1.357541353842395893e+01 5.696063017272433626e+01 1.871512083540201488e+01
1.457544405786472907e+01 3.667965938735000719e+01 -7.143027559913441848e-01
1.557547457730572660e+01 1.677305513346082222e+01 3.874205861014151253e+01
1.657550509674661043e+01 1.849887274070901810e+01 5.128065207936049319e+01
1.757553561618749427e+01 1.789706960280653902e+01 1.354571889795797723e+01
1.857556613562837811e+01 2.512262296360212588e+01 1.056126793926499552e+01
1.957559665506926194e+01 2.671457500687428421e+01 8.873798108425088316e+00
2.057562717451014578e+01 2.401459028760703518e+01 7.444279212927662925e+00
2.157565769395102961e+01 1.939194323006836385e+01 -1.280430276221257913e+01
2.257568821339191345e+01 2.584553333574023526e+01 2.118198469927500938e+01
2.357571873283279729e+01 4.025451912197816284e+01 5.003822084984493301e+01
2.457574925227368112e+01 4.848467925544122892e+01 5.461437504310175228e+01
2.557577977171445127e+01 4.270561160602365192e+01 1.318975494570460150e+01
2.657581029115544879e+01 4.978734054696697342e+01 8.611418008119613887e+00
2.757584081059633263e+01 5.544886462240815206e+01 2.878600347185951236e+01
2.857587133003721647e+01 4.518061328335826943e+01 -1.584442217088612637e+01
2.957590184947810030e+01 3.529546109284282807e+01 -2.462582288731049118e+00
3.057593236891898414e+01 5.230420240556360767e+01 2.093944240904277265e+01
3.157596288835975429e+01 3.276207120880616230e+01 1.707859526847430232e+01
3.257599340780075181e+01 1.110147145286637738e+01 4.960281827535711230e+00
3.357602392724163565e+01 3.285370240952348553e+01 2.630942781197708413e+01
3.457605444668251948e+01 3.133497942118384572e+01 2.166925276321518012e+01
3.557608496612340332e+01 2.364092954329533569e+01 -1.306893119933705272e+01
3.657611548556428716e+01 4.083853976420375886e+01 1.220442379687122525e+01
3.757614600500517099e+01 5.362944186652782008e+01 1.638482463517124899e+01
3.857617652444605483e+01 5.415949904426995687e+01 2.543308049124522086e+01
3.957620704388693866e+01 5.538837687744122462e+01 2.630101365823821880e+01
4.057623756332782250e+01 5.028533957964185674e+01 2.996158267906035633e+01
4.157626808276870634e+01 2.937628758581101351e+01 3.190165793064393185e+01
4.257629860220959017e+01 1.971650848051663729e+01 4.380659166066133992e+01
4.357632912165047401e+01 2.736699924907468784e+01 6.049354901146356411e+01
4.457635964109135784e+01 1.798747602338987406e+01 5.323059447037807956e+01
4.557639016053224168e+01 1.219389014729222964e+01 3.131417099577220142e+01
4.657642067997312552e+01 2.839961089994247345e+01 2.357121755074002323e+01
4.757645119941400935e+01 3.832191752730938816e+01 5.463539483355194193e+01
4.857648171885477950e+01 2.600394977451167833e+01 4.771178675490833143e+01
4.957651223829577702e+01 1.121872508795895129e+01 2.973215088823774721e+01
5.057654275773666086e+01 3.471358499589726421e+01 2.795345760709973248e+01
5.157657327717754470e+01 4.182849715066791418e+01 3.578760003497136921e+01
5.257660379661842853e+01 2.478243301086012096e+01 1.902604839182979646e+01
5.357663431605931237e+01 4.415653737778244192e+01 2.513239628921136770e+01
5.457666483550008252e+01 4.911009628132120497e+01 3.359733835114153067e+01
5.557669535494108004e+01 4.659080514977799226e+01 2.775932700119097873e+01
5.657672587438196388e+01 5.025872995314168890e+01 3.153348611944080560e+01
5.757675639382284771e+01 4.449617653801480088e+01 5.734928921506143951e+01
5.857678691326373155e+01 1.060283966697311087e+01 5.554449582910635286e+01
5.957681743270461538e+01 2.662586599786899910e+01 5.192164922332570853e+01
6.057684795214549922e+01 5.463441790181823166e+01 5.324790013636993535e+01
6.157687847158638306e+01 5.205882743497780041e+01 4.334332641224985139e+01
6.257690899102726689e+01 3.176963671147793278e+01 1.321681594493798428e+01
6.357693951046815073e+01 3.601192455901518485e+01 2.393063501419279149e+01
6.457697002990903457e+01 3.291053343903413975e+01 3.738157948268614916e+01
6.557700054934980471e+01 4.378228926666821508e+01 4.999471642067995703e+01
6.657703106879080224e+01 5.745183615177295877e+01 4.104118681876987296e+01
6.757706158823168607e+01 5.406185820075344139e+01 4.057617065895496467e+01
6.857709210767256991e+01 5.164172332961428680e+01 4.470152024766068166e+01
6.957712262711345375e+01 3.742957818585257002e+01 3.434857573379309059e+01
7.057715314655433758e+01 2.631568185174543828e+01 3.499091256175014308e+01
7.157718366599510773e+01 2.568292702346978729e+01 5.988295981120892009e+01
7.257721418543610525e+01 3.156420467805746455e+01 5.664957587008223072e+01
7.357724470487698909e+01 4.910840770575921965e+01 2.764213702181766052e+01
7.457727522431787293e+01 6.651234400367620481e+01 3.066329541111316104e+01
7.557730574375875676e+01 7.351338629427441163e+01 5.102355377172845152e+01
7.657733626319964060e+01 7.486157335574172578e+01 2.428619350747020889e+01
7.757736678264052443e+01 6.858185550629940508e+01 6.412904663819432471e+01
7.857739730208140827e+01 7.771031988125628232e+01 6.804572719039640560e+01
7.957742782152229211e+01 6.202885054366866058e+01 4.007201806245875986e+01
8.057745834096317594e+01 5.128737003684516083e+01 1.521413066150222626e+01
8.157748886040405978e+01 5.725005131432340022e+01 4.158819029994197081e+01
8.257751937984482993e+01 5.180602316786608696e+01 3.984385287790902197e+01
8.357754989928582745e+01 5.062224019609048042e+01 3.890855352445606741e+01
8.457758041872671129e+01 5.843687727028709133e+01 3.372965891929234772e+01
8.557761093816759512e+01 4.033590041870016307e+01 4.619721903781037042e+01
8.657764145760847896e+01 4.575848548959100981e+01 3.896950380721784768e+01
8.757767197704936279e+01 5.739778632747339771e+01 7.317978957542518259e+00
8.857770249649013294e+01 4.284955464348376353e+01 5.698820321387254495e+01
8.957773301593113047e+01 4.085774666240007491e+01 7.725871537678348488e+01
9.057776353537201430e+01 5.178490608907242887e+01 5.102735862807852385e+01
9.157779405481289814e+01 6.564093613280982709e+01 5.490517330143642027e+01
9.257782457425378198e+01 6.254900940477752869e+01 6.618085813601503276e+01
9.357785509369466581e+01 5.848942187466879972e+01 2.315191064455977710e+01
9.457788561313554965e+01 6.109524703661048761e+01 1.555150559602147098e+00
9.557791613257643348e+01 4.768298967142997924e+01 1.321114947293494524e+01
9.657794665201731732e+01 4.188913378438801516e+01 -2.914354795627747130e+00
9.757797717145820116e+01 5.072859946555087163e+01 -7.772571027714519687e+00
9.857800769089908499e+01 7.103900695494513684e+01 4.349350273907920439e+01
9.957803821033985514e+01 7.461440833100384395e+01 4.292589634996026859e+01
1.005780687297808527e+02 7.187539163791119279e+01 4.815010508889344720e+01
1.015780992492217365e+02 6.503477043636243593e+01 7.552963806125566748e+01
1.025781297686626203e+02 4.456760370263207705e+01 7.107260033711128244e+01
1.035781602881035042e+02 4.539814391930612203e+01 3.613424257410996177e+01
1.045781908075443880e+02 5.587064624976507332e+01 4.710519691065735515e+01
1.055782213269851582e+02 5.303049277116573990e+01 4.421634205217990399e+01
1.065782518464261557e+02 3.880793037880312113e+01 5.218982094351174794e+01
1.075782823658670395e+02 2.221184311639467168e+01 3.000115352149404657e+01
1.085783128853079234e+02 2.217370592772534721e+01 3.931939354739307646e+01
1.095783434047488072e+02 5.503337599944816105e+01 3.775938478424093603e+01
1.105783739241896910e+02 5.692355776357486263e+01 8.030786495407618020e-01
1.115784044436305749e+02 4.206415024805865954e+01 4.880600738302451447e+00
1.125784349630714587e+02 4.586166780125734022e+01 3.426445619504388418e+01
1.135784654825123425e+02 3.672071506780459060e+01 3.576402040297872986e+01
1.145784960019532264e+02 3.264667118293435522e+01 2.699681125740018928e+01
1.155785265213941102e+02 2.943791301493214263e+01 3.167592126953525167e+01
1.165785570408348804e+02 2.421607497819390176e+01 2.527129373638666010e+01
1.175785875602758779e+02 3.257246537775669992e+01 2.356462896895001080e+01
1.185786180797167617e+02 2.838470257488832260e+01 4.164486375820293773e+01
1.195786485991576455e+02 3.033162195667053851e+01 4.262788836068402532e+01
1.205786791185985294e+02 1.708639353749983769e+01 3.092995281741082536e+01
1.215787096380394132e+02 8.125749201409156797e+00 3.818834446233787361e+01
1.225787401574801834e+02 2.248969410227793730e+01 3.951602616512948885e+01
1.235787706769211809e+02 1.582630916316682601e+01 6.133546123227131375e+01
1.245788011963620647e+02 1.214744779328911939e+01 4.611959990721996405e+01
1.255788317158029486e+02 1.512283390781069592e+01 5.239174881441907417e+01
1.265788622352438324e+02 1.764418750971716321e+01 6.126037370813756411e+01
1.275788927546847162e+02 2.420723369564313288e+01 7.191827304117326491e+01
1.285789232741254864e+02 1.329347690234057744e+01 5.000254858696461469e+01
1.295789537935664839e+02 8.322240882636631198e+00 3.256867836197135802e+01
1.305789843130073677e+02 3.185305635112420930e+00 4.262801278911275205e+01
1.315790148324482516e+02 5.188682060859287404e+00 3.425341850764952056e+01
1.325790453518891354e+02 4.672999928880780374e+01 3.200188794418824045e+01
1.335790758713299056e+02 7.338001666772721876e+01 7.369165528339109983e+01
1.345791063907709031e+02 9.063109677597479674e+01 7.808420201780926106e+01
1.355791369102117869e+02 9.708813210678401617e+01 4.864589682088953992e+01
1.365791674296526708e+02 7.930380790996807150e+01 4.874662118133019817e+01
1.375791979490935546e+02 4.754137246698092412e+01 6.986472440669723483e+01
1.385792284685344384e+02 2.851520849609550723e+01 4.915194801247187684e+01
1.395792589879752086e+02 1.964101167886173727e+01 5.895287466202446325e+01
1.405792895074162061e+02 -6.420148127865289212e+00 7.899011768026599611e+01
1.415793200268570899e+02 -2.782136134884883916e+01 8.906269857899606279e+01
1.425793505462979738e+02 -6.182800075243273596e+01 1.159443513738776090e+02
1.435793810657388576e+02 -8.374283178944416761e+01 1.214898363834378188e+02
1.445794115851797415e+02 -6.835907077398204024e+01 1.013262975587639261e+02
1.455794421046205116e+02 -5.669733944714265306e+01 8.155822413001214954e+01
1.465794726240615091e+02 -5.590046391434758277e+01 8.527716066612639167e+01
1.475795031435023930e+02 -4.670114438342542940e+01 8.728345859510453408e+01
1.485795336629432768e+02 1.575852447234771958e+01 6.825469418903772123e+01
1.495795641823841606e+02 3.134891488212156574e+01 7.390498248333378228e+01
1.505795947018250445e+02 2.707210274860338828e+01 9.727811544758635875e+01
1.515796252212659283e+02 3.364484547094170352e+01 1.066785244660050580e+02
1.525796557407068121e+02 4.178369235714956176e+01 8.965086774579719986e+01
1.535796862601476960e+02 5.729661643565907525e+01 1.140202612514963505e+02
1.545797167795885798e+02 6.807768532780427506e+01 1.351068868374586600e+02
1.555797472990294636e+02 6.359873041449310449e+01 1.222376854922015212e+02
1.565797778184702338e+02 5.053666261403295579e+01 1.220632380724431272e+02
1.575798083379112313e+02 7.634864297513479414e+01 1.396890260042779914e+02
1.585798388573521152e+02 1.073795979044083992e+02 1.261230215584971859e+02
1.595798693767929990e+02 1.214883179007782132e+02 1.113998299433401939e+02
1.605798998962338828e+02 1.219810162087956087e+02 1.578896912893686704e+02
1.615799304156747667e+02 1.253148328236080573e+02 1.529321505056030048e+02
1.625799609351155368e+02 1.395671257787020636e+02 1.365356436354949778e+02
1.635799914545565343e+02 1.463392436796883374e+02 1.627312481151811312e+02
1.645800219739974182e+02 1.746677655428043181e+02 1.768507055100791376e+02
1.655800524934383020e+02 2.093742796610995640e+02 1.771899148939533291e+02
1.665800830128791858e+02 2.421527652813305451e+02 1.966323325339671442e+02
1.675801135323200697e+02 2.914974798471426993e+02 2.107864381803009621e+02
1.685801440517609535e+02 3.521655352719910752e+02 2.318138798864259513e+02
1.695801745712018374e+02 4.129129968959769030e+02 2.268873195873210591e+02
1.705802050906427212e+02 4.698428801915695203e+02 2.271660953263311455e+02
1.715802356100836050e+02 5.518028075429847377e+02 2.342181291374666046e+02
1.725802661295244889e+02 6.461173553803514551e+02 2.312549935822798375e+02
1.735802966489652590e+02 7.650872932782818907e+02 2.627828153266998470e+02
1.745803271684062565e+02 8.871194474915510000e+02 2.925886027775804337e+02
1.755803576878471404e+02 1.038020990644994527e+03 3.505670680627799243e+02
1.765803882072880242e+02 1.184631509790973041e+03 3.788200993885782282e+02
1.775804187267289080e+02 1.329478909614442955e+03 4.233754571721296429e+02
1.785804492461697919e+02 1.508490071369729321e+03 4.582385171484427246e+02
1.795804797656105620e+02 1.659149781258926396e+03 5.094777104048767455e+02
1.805805102850515595e+02 1.788898015781469894e+03 5.785703989824230575e+02
1.815805408044924434e+02 1.973296765382812509e+03 6.594677091574279757e+02
1.825805713239333272e+02 2.199702560561806422e+03 7.351104207736722174e+02
1.835806018433742111e+02 2.395218459405142312e+03 8.095700247829086038e+02
1.845806323628150949e+02 2.571319160311330961e+03 9.030057144193407339e+02
1.855806628822559787e+02 2.757235667271331749e+03 9.854534874123152122e+02
1.865806934016968626e+02 2.916718957716147997e+03 1.083839934383917580e+03
1.875807239211377464e+02 3.073519090793676696e+03 1.210130193993878947e+03
1.885807544405786302e+02 3.238094692897667301e+03 1.313848658501822001e+03
1.895807849600195141e+02 3.439311977172045317e+03 1.434106272255188060e+03
1.905808154794602842e+02 3.593263577721274942e+03 1.575523338174325090e+03
1.915808459989012817e+02 3.735271123822410118e+03 1.730176017481825966e+03
1.925808765183421656e+02 3.913561498221115016e+03 1.879618482190773875e+03
1.935809070377830494e+02 4.105344828097481695e+03 2.025600524599750543e+03
1.945809375572239333e+02 4.271585239995158190e+03 2.213380190894562475e+03
1.955809680766648171e+02 4.444944371747809782e+03 2.403823932252671966e+03
1.965809985961055872e+02 4.618005714953989809e+03 2.583593044942932011e+03
1.975810291155465848e+02 4.724110570784645461e+03 2.776104438608424971e+03
1.985810596349874686e+02 4.834920879550994869e+03 2.980345767897912083e+03
1.995810901544283524e+02 4.968442447441313561e+03 3.160836127451779248e+03
2.005811206738692363e+02 5.104431554721609245e+03 3.348938389024846856e+03
2.015811511933101201e+02 5.236843120827435996e+03 3.570957300456397661e+03
2.025811817127510039e+02 5.373094689603354709e+03 3.794504368383285509e+03
2.035812122321918878e+02 5.491211624212926836e+03 3.980721522498525246e+03
2.045812427516327716e+02 5.570669407522942493e+03 4.175549516815219249e+03
2.055812732710736555e+02 5.680857604138057468e+03 4.397278484743289482e+03
2.065813037905145393e+02 5.792690910168156734e+03 4.615173384630477813e+03
2.075813343099553094e+02 5.888176906545935708e+03 4.838518602336848744e+03
2.085813648293963070e+02 6.000296422782517766e+03 5.056447831183235394e+03
2.095813953488371908e+02 6.127482374566217914e+03 5.257509624790640373e+03
2.105814258682780746e+02 6.245229138475983746e+03 5.444343551558583385e+03
2.115814563877189585e+02 6.367579220658182749e+03 5.617801319517888260e+03
2.125814869071598423e+02 6.510783541799381055e+03 5.803035449430465633e+03
2.135815174266006125e+02 6.623918063085552603e+03 5.966582118748452558e+03
2.145815479460416100e+02 6.719498793005168409e+03 6.130163464144052341e+03
2.155815784654824938e+02 6.818633468980196085e+03 6.335317720149114393e+03
2.165816089849233776e+02 6.952410873898104910e+03 6.538455697788515863e+03
2.175816395043642615e+02 7.091880040190315412e+03 6.715639670116518573e+03
2.185816700238051453e+02 7.222910273524642434e+03 6.884008636111729174e+03
2.195817005432459155e+02 7.359820859063414900e+03 7.042760923291580184e+03
2.205817310626869130e+02 7.502967171903972485e+03 7.160453976667262395e+03
2.215817615821277968e+02 7.638762198808885842e+03 7.276054700425924239e+03
2.225817921015686807e+02 7.762549069600062467e+03 7.418335954293859686e+03
2.235818226210095645e+02 7.893655366969291208e+03 7.550192752824294985e+03
2.245818531404503346e+02 8.006739636076081297e+03 7.683336741118375357e+03
2.255818836598913322e+02 8.101842528060790755e+03 7.790697797368252395e+03
2.265819141793322160e+02 8.216842550486782784e+03 7.897387038997012496e+03
2.275819446987730998e+02 8.335305039253236828e+03 8.015302142354046737e+03
2.285819752182139837e+02 8.447289341461120785e+03 8.118559740768047959e+03
2.295820057376548675e+02 8.540285324286549439e+03 8.253948217397532062e+03
2.305820362570956377e+02 8.641914872402365290e+03 8.379070453681961226e+03
2.315820667765366352e+02 8.743359990957154878e+03 8.454330389219372591e+03
2.325820972959775190e+02 8.873903608145041289e+03 8.519931328915514314e+03
2.335821278154184029e+02 9.003290747104723778e+03 8.612641750585842601e+03
2.345821583348592867e+02 9.117973726605594493e+03 8.674180514299698189e+03
2.355821888543001705e+02 9.254043965214417767e+03 8.735985895927398815e+03
2.365822193737409407e+02 9.373458092781147570e+03 8.818995660175231023e+03
2.375822498931819382e+02 9.490346362930687974e+03 8.911420520240853875e+03
2.385822804126228220e+02 9.578853193907760215e+03 8.966088921368354931e+03
2.395823109320637059e+02 9.663416169682845066e+03 9.037644581695707529e+03
2.405823414515045897e+02 9.734721511369514701e+03 9.138810991901304078e+03
2.415823719709453599e+02 9.802471168068996121e+03 9.213168643750144838e+03
2.425824024903863574e+02 9.875078183961710238e+03 9.287190649224319714e+03
2.435824330098272412e+02 9.963196970017408603e+03 9.351857651861151680e+03
2.445824635292681251e+02 1.006485642251763784e+04 9.428724390350631438e+03
2.455824940487090089e+02 1.016563099501241959e+04 9.494924839576135128e+03
2.465825245681498927e+02 1.023831710808354364e+04 9.550618122172651056e+03
2.475825550875906629e+02 1.030608284565015856e+04 9.600023539016556242e+03
2.485825856070316604e+02 1.037546568500214744e+04 9.622509672209902419e+03
2.495826161264725442e+02 1.041553194034168700e+04 9.686418136195192346e+03
2.505826466459134281e+02 1.050145166168812830e+04 9.739553311670690164e+03
2.515826771653543119e+02 1.060549384842103609e+04 9.807018855697586332e+03
2.525827076847951957e+02 1.067372074065882043e+04 9.859376607004976904e+03
2.535827382042359659e+02 1.075756699536360975e+04 9.900416806794870354e+03
2.545827687236769634e+02 1.082024034707120336e+04 9.950933019227253681e+03
2.555827992431178473e+02 1.087394758285602074e+04 1.000291217585894992e+04
2.565828297625587311e+02 1.092719443635908465e+04 1.005619441566087880e+04
2.575828602819996149e+02 1.099017236041934848e+04 1.013435572794669679e+04
2.585828908014403851e+02 1.103870310131763108e+04 1.020339738281110658e+04
2.595829213208813826e+02 1.106778989506354083e+04 1.026832172818977415e+04
2.605829518403222664e+02 1.112140745577169764e+04 1.032700571904132266e+04
2.615829823597631503e+02 1.116029465210741364e+04 1.035989314042050319e+04
2.625830128792040341e+02 1.121126591027056929e+04 1.040934654849530853e+04
2.635830433986449179e+02 1.124820907482147413e+04 1.046167580849958358e+04
2.645830739180856881e+02 1.128700182698229764e+04 1.051408491165890882e+04
2.655831044375266856e+02 1.133384231563467438e+04 1.057613511461000599e+04
2.665831349569675695e+02 1.136974871493285718e+04 1.063160161857453386e+04
2.675831654764084533e+02 1.142872900099475919e+04 1.067610332611316153e+04
2.685831959958493371e+02 1.149741039496408303e+04 1.071525064619216755e+04
2.695832265152902210e+02 1.153719930958688383e+04 1.075322296292935789e+04
2.705832570347309911e+02 1.157735003431616315e+04 1.079892888693881105e+04
2.715832875541719886e+02 1.166548040367591057e+04 1.084073790694717900e+04
2.725833180736128725e+02 1.171729752813217965e+04 1.091226710918283243e+04
2.735833485930537563e+02 1.176189448120169072e+04 1.098530567508841523e+04
2.745833791124946401e+02 1.184053856081169397e+04 1.103313113859489022e+04
2.755834096319354103e+02 1.186294669102539956e+04 1.110425524963811040e+04
2.765834401513764078e+02 1.190100314198936212e+04 1.115678077675980967e+04
2.775834706708172916e+02 1.195951301916124248e+04 1.122094628017626201e+04
2.785835011902581755e+02 1.201817631610474564e+04 1.126673304103674127e+04
2.795835317096990593e+02 1.202212420973264852e+04 1.129830187210320219e+04
2.805835622291399432e+02 1.201455836952307254e+04 1.132137056700865833e+04
2.815835927485807133e+02 1.204926338136115010e+04 1.134620573586672253e+04
2.825836232680217108e+02 1.207883130279750185e+04 1.138054986237464618e+04
2.835836537874625947e+02 1.209579397681150112e+04 1.141390235980048601e+04
2.845836843069034785e+02 1.213539480376288702e+04 1.144901202563255174e+04
2.855837148263443623e+02 1.219734166353695036e+04 1.149634108222202849e+04
2.865837453457852462e+02 1.225798161273629012e+04 1.151354492540579849e+04
2.875837758652260163e+02 1.230914642510835620e+04 1.152697267785849908e+04
2.885838063846670138e+02 1.236753014594459455e+04 1.154706350763997034e+04
2.895838369041078977e+02 1.239541612578456079e+04 1.157605155212574755e+04
2.905838674235487815e+02 1.238388216446308252e+04 1.159897334768590372e+04
2.915838979429896654e+02 1.240283838870130785e+04 1.159820897278528173e+04
2.925839284624305492e+02 1.241840429023861543e+04 1.163248783685366470e+04
2.935839589818714330e+02 1.240084526570811431e+04 1.165159061182699406e+04
2.945839895013123169e+02 1.240283575014813323e+04 1.166406543064419566e+04
2.955840200207532007e+02 1.240636545614040915e+04 1.170406782935530646e+04
2.965840505401940845e+02 1.240359445454849083e+04 1.176063802296929498e+04
2.975840810596349684e+02 1.238210578015308056e+04 1.176484929330752857e+04
2.985841115790757385e+02 1.237238545934866306e+04 1.174780943582790496e+04
2.995841420985167360e+02 1.240096063162463543e+04 1.177879815812349261e+04
3.005841726179576199e+02 1.240831951536277120e+04 1.181524360657611578e+04
3.015842031373985037e+02 1.242349120068779303e+04 1.181825873663663515e+04
3.025842336568393875e+02 1.242711014346326556e+04 1.184292493206196923e+04
3.035842641762802714e+02 1.243121002810219579e+04 1.188539166142660724e+04
3.045842946957210415e+02 1.243508941427552782e+04 1.189551827642549688e+04
3.055843252151620391e+02 1.244728683389576327e+04 1.189734288901470063e+04
3.065843557346029229e+02 1.245072862040206564e+04 1.192046469852936207e+04
3.075843862540438067e+02 1.245894421925409370e+04 1.191656444133767036e+04
3.085844167734846906e+02 1.246821938624271024e+04 1.192053396337828781e+04
3.095844472929255744e+02 1.244250489084548099e+04 1.195128753907047030e+04
3.105844778123663446e+02 1.241352599666627430e+04 1.196964522701875103e+04
3.115845083318073421e+02 1.241900820288846444e+04 1.195906208711784529e+04
3.125845388512482259e+02 1.244376566695334986e+04 1.196923110136865216e+04
3.135845693706891097e+02 1.244733614980097991e+04 1.199567694403029054e+04
3.145845998901299936e+02 1.241530551116701099e+04 1.203570543620907119e+04
3.155846304095707637e+02 1.239322135830998377e+04 1.204562918077342511e+04
3.165846609290117613e+02 1.239930981014793178e+04 1.204318481987031737e+04
3.175846914484526451e+02 1.238774296091713950e+04 1.205662540597966472e+04
3.185847219678935289e+02 1.236203031594518325e+04 1.203992815414602228e+04
3.195847524873344128e+02 1.238987891564096390e+04 1.202586107173083838e+04
3.205847830067752966e+02 1.239747530440228365e+04 1.203575029560711664e+04
3.215848135262160667e+02 1.239757841559158987e+04 1.201999087694401896e+04
3.225848440456570643e+02 1.241596664654852611e+04 1.200420707892877545e+04
3.235848745650979481e+02 1.240739481599365718e+04 1.204105549100846838e+04
3.245849050845388319e+02 1.239898483555057283e+04 1.206473325878494143e+04
3.255849356039797158e+02 1.240001410999555083e+04 1.206619492618397453e+04
3.265849661234205996e+02 1.240225289619877003e+04 1.212203653414466862e+04
3.275849966428613698e+02 1.239995440432203577e+04 1.215522545210019052e+04
3.285850271623023673e+02 1.238511064598107441e+04 1.217109050050251608e+04
3.295850576817432511e+02 1.239719033684095666e+04 1.216575865004768821e+04
3.305850882011841350e+02 1.239386642758587004e+04 1.219870561002253635e+04
3.315851187206250188e+02 1.235751154295763990e+04 1.221268704986175908e+04
3.325851492400657889e+02 1.234656788082475941e+04 1.222718115465624760e+04
3.335851797595067865e+02 1.232168643587391853e+04 1.225969645135011706e+04
3.345852102789476703e+02 1.229755066044885461e+04 1.225038907730137544e+04
3.355852407983885541e+02 1.229599795414025357e+04 1.225613868295256179e+04
3.365852713178294380e+02 1.230921911284302041e+04 1.223181236183230249e+04
3.375853018372703218e+02 1.230606413980659272e+04 1.224502564418575457e+04
3.385853323567110920e+02 1.228886968987878754e+04 1.223563736294092269e+04
3.395853628761520895e+02 1.228336265807956443e+04 1.221148284572634475e+04
3.405853933955929733e+02 1.228239713512999879e+04 1.224084450436705629e+04
3.415854239150338572e+02 1.229103285884494107e+04 1.222832040294875333e+04
3.425854544344747410e+02 1.230111763732498366e+04 1.219063330747910550e+04
3.435854849539156248e+02 1.228760039854078241e+04 1.221955137053638828e+04
3.445855154733563950e+02 1.228649240832578653e+04 1.224449046119605191e+04
3.455855459927973925e+02 1.228701560100160350e+04 1.222083758957751161e+04
3.465855765122382763e+02 1.228132453346614966e+04 1.219844312800553780e+04
3.475856070316791602e+02 1.227402395211598559e+04 1.222274752565476410e+04
3.485856375511200440e+02 1.226836599541185205e+04 1.223399592850735826e+04
3.495856680705608142e+02 1.223692625074800344e+04 1.222666851215577117e+04
3.505856985900018117e+02 1.220905018897824993e+04 1.224455679132076875e+04
3.515857291094426955e+02 1.220727823328306476e+04 1.226237587444738347e+04
3.525857596288835794e+02 1.218822398735154820e+04 1.222817873584113659e+04
3.535857901483244632e+02 1.217644384503011315e+04 1.225582144024093213e+04
3.545858206677653470e+02 1.218244413056554185e+04 1.226580629161816796e+04
3.555858511872061172e+02 1.218507049009906950e+04 1.223889887950349475e+04
3.565858817066471147e+02 1.220552613768047013e+04 1.224366007778095081e+04
3.575859122260879985e+02 1.221270392384668958e+04 1.226502180636989215e+04
3.585859427455288824e+02 1.218967817865771940e+04 1.225642992155449429e+04
3.595859732649697662e+02 1.217094893092354141e+04 1.224987034241346737e+04
3.605860037844106500e+02 1.217936257633418973e+04 1.225788366344468886e+04
3.615860343038514202e+02 1.219646307451243592e+04 1.227102087449569262e+04
3.625860648232924177e+02 1.218288443669453954e+04 1.228811863457288564e+04
3.635860953427333015e+02 1.216622586390711513e+04 1.229096913126417348e+04
3.645861258621741854e+02 1.218156492954839814e+04 1.231898452700387497e+04
3.655861563816150692e+02 1.219172013350763336e+04 1.234228566742984913e+04
3.665861869010558394e+02 1.216678779057478278e+04 1.232862535346079130e+04
3.675862174204968369e+02 1.214895216783599062e+04 1.234251356938813296e+04
3.685862479399377207e+02 1.216844471068950588e+04 1.234001670575739990e+04
3.695862784593786046e+02 1.215879497430953415e+04 1.233840810362799493e+04
3.705863089788194884e+02 1.213039168881412297e+04 1.232442644004091926e+04
3.715863394982603722e+02 1.214333922934748080e+04 1.234221282684799917e+04
3.725863700177011424e+02 1.213972160101368536e+04 1.236059041525555222e+04
3.735864005371421399e+02 1.213997221467221425e+04 1.234427206372802539e+04
3.745864310565830237e+02 1.215101744006106674e+04 1.238098146745517261e+04
3.755864615760239076e+02 1.215228583290320239e+04 1.240734144316701168e+04
3.765864920954647914e+02 1.213204839987509149e+04 1.239012372590229097e+04
3.775865226149056753e+02 1.215071377020961700e+04 1.244415277701384184e+04
3.785865531343464454e+02 1.217878934097128331e+04 1.242597521714625873e+04
3.795865836537874429e+02 1.217220014103802896e+04 1.238866187749746314e+04
3.805866141732283268e+02 1.216250936913315854e+04 1.239239876384788295e+04
3.815866446926692106e+02 1.216021759560698229e+04 1.236748744299921600e+04
3.825866752121100944e+02 1.214263231132996043e+04 1.239932798002114941e+04
3.835867057315508646e+02 1.215469320795964268e+04 1.239472189107381746e+04
3.845867362509918621e+02 1.218634452442584006e+04 1.241390579609363886e+04
3.855867667704327459e+02 1.220807170187789779e+04 1.247121466804969350e+04
3.865867972898736298e+02 1.222629017162659875e+04 1.247042918978195485e+04
3.875868278093145136e+02 1.222808233975946132e+04 1.245110966821641705e+04
3.885868583287553975e+02 1.220769636430313949e+04 1.248363629316358856e+04
3.895868888481961676e+02 1.220512962198562309e+04 1.247749588058239897e+04
3.905869193676371651e+02 1.221619902807668950e+04 1.244176495159993465e+04
3.915869498870780490e+02 1.224108422662143676e+04 1.244389884805454858e+04
3.925869804065189328e+02 1.225079369168312769e+04 1.248237283134658173e+04
3.935870109259598166e+02 1.226344914120123940e+04 1.248312864680249913e+04
3.945870414454007005e+02 1.227733976689202063e+04 1.249227835106332896e+04
3.955870719648414706e+02 1.226895082167067085e+04 1.250576587560546795e+04
3.965871024842824681e+02 1.228151744428186066e+04 1.247247906133755168e+04
3.975871330037233520e+02 1.227377884609613830e+04 1.243965072431002227e+04
3.985871635231642358e+02 1.225900252159216689e+04 1.245990718333039695e+04
3.995871940426051196e+02 1.226359394329093629e+04 1.248500041822684034e+04
4.005872245620460035e+02 1.226174470059043233e+04 1.248450380121117087e+04
4.015872550814867736e+02 1.225832555143011268e+04 1.251611774719046480e+04
4.025872856009277712e+02 1.225965292800020507e+04 1.254023599637685402e+04
4.035873161203686550e+02 1.224451595769161213e+04 1.251800618195028073e+04
4.045873466398095388e+02 1.224777891520368394e+04 1.249243149138444824e+04
4.055873771592504227e+02 1.225486251053828346e+04 1.252486765496789485e+04
4.065874076786911928e+02 1.223534757917130810e+04 1.251998635204386301e+04
4.075874381981321903e+02 1.221327298344929295e+04 1.247481415996776923e+04
4.085874687175730742e+02 1.220748524069159794e+04 1.249114224741999715e+04
4.095874992370139580e+02 1.222235328855315311e+04 1.252247584366482988e+04
4.105875297564548418e+02 1.222840213654646141e+04 1.251478408439717168e+04
4.115875602758957257e+02 1.223386639088279844e+04 1.250319985810219623e+04
4.125875907953364958e+02 1.224637576742525744e+04 1.252137799013861513e+04
4.135876213147774934e+02 1.225085404655096681e+04 1.251802744125807658e+04
4.145876518342183772e+02 1.224638371093384922e+04 1.251749100358518990e+04
4.155876823536592610e+02 1.223527998747387937e+04 1.254335782813321930e+04
4.165877128731001449e+02 1.225164822838274085e+04 1.253597766321128438e+04
4.175877433925410287e+02 1.225716282975112335e+04 1.253854099649939235e+04
4.185877739119817988e+02 1.225155446678497538e+04 1.253858755342142649e+04
4.195878044314227964e+02 1.225427290244984215e+04 1.256726139569560655e+04
4.205878349508636802e+02 1.223752656508261498e+04 1.254427816394562615e+04
4.215878654703045640e+02 1.223169126595472881e+04 1.252766646731437504e+04
4.225878959897454479e+02 1.225483925083397480e+04 1.254441428247971635e+04
4.235879265091862180e+02 1.224907628312659836e+04 1.251861011493420665e+04
4.245879570286272155e+02 1.222717793625187187e+04 1.250844592245648164e+04
4.255879875480680994e+02 1.220999017899208411e+04 1.252478687306709799e+04
4.265880180675089832e+02 1.221579273718173135e+04 1.253805531575175883e+04
4.275880485869498671e+02 1.227050606068582601e+04 1.254294260682578351e+04
4.285880791063907509e+02 1.229197649173653372e+04 1.252574173213327595e+04
4.295881096258315210e+02 1.226173069021877564e+04 1.254575187100779112e+04
4.305881401452725186e+02 1.225645441112685148e+04 1.252785801904730033e+04
4.315881706647134024e+02 1.223071303743451790e+04 1.250915115820302344e+04
4.325882011841542862e+02 1.223005613380982140e+04 1.249657567538481089e+04
4.335882317035951701e+02 1.222012105776087810e+04 1.252919813166781569e+04
4.345882622230360539e+02 1.219928649089849932e+04 1.252096580959905259e+04
4.355882927424768241e+02 1.220859306206198380e+04 1.253605171701194377e+04
4.365883232619178216e+02 1.219999267612713629e+04 1.254736093608743613e+04
4.375883537813587054e+02 1.217888448105686075e+04 1.254682669945882662e+04
4.385883843007995893e+02 1.214898674884308639e+04 1.253419155036383017e+04
4.395884148202404731e+02 1.214985291536356453e+04 1.251095261606355780e+04
4.405884453396812432e+02 1.215803057114938747e+04 1.250299918893074755e+04
4.415884758591222408e+02 1.213847562003452549e+04 1.251161135920754168e+04
4.425885063785631246e+02 1.214099711134277459e+04 1.254480278589430964e+04
4.435885368980040084e+02 1.216287584153801618e+04 1.256581931949387763e+04
4.445885674174448923e+02 1.217065819036560606e+04 1.259599318231906364e+04
4.455885979368857761e+02 1.218780921765813218e+04 1.255365547118495488e+04
4.465886284563265463e+02 1.217431999100244866e+04 1.253735140920149570e+04
4.475886589757675438e+02 1.216038995466573942e+04 1.254633802401214962e+04
4.485886894952084276e+02 1.214874953755996103e+04 1.251658834675024991e+04
4.495887200146493115e+02 1.215232466294092228e+04 1.252447833319171514e+04
4.505887505340901953e+02 1.219485118044158298e+04 1.254452380440211527e+04
4.515887810535310791e+02 1.220872463208585941e+04 1.253839456110378160e+04
4.525888115729718493e+02 1.222560915733415277e+04 1.252096882042103425e+04
4.535888420924128468e+02 1.223961290377835030e+04 1.253947353839330208e+04
4.545888726118537306e+02 1.221773747316405206e+04 1.253609937217215702e+04
4.555889031312946145e+02 1.219081460350286216e+04 1.249640454545188004e+04
4.565889336507354983e+02 1.219104529941510555e+04 1.250453272534135067e+04
4.575889641701762685e+02 1.218420868090546355e+04 1.251965918429202065e+04
4.585889946896172660e+02 1.214776240500589665e+04 1.253510176937263714e+04
4.595890252090581498e+02 1.213386376172198470e+04 1.254162459208115615e+04
4.605890557284990336e+02 1.211293942058079665e+04 1.254791899455052408e+04
4.615890862479399175e+02 1.209217541097359754e+04 1.254825828482465840e+04
4.625891167673808013e+02 1.210805935024473547e+04 1.254961343783567463e+04
4.635891472868215715e+02 1.212700073548368528e+04 1.255886379060477702e+04
4.645891778062625690e+02 1.212315514721473301e+04 1.256320214227005454e+04
4.655892083257034528e+02 1.212657342908236387e+04 1.254272346656236550e+04
4.665892388451443367e+02 1.219402196216873563e+04 1.252382828386585606e+04
4.675892693645852205e+02 1.223049355356895467e+04 1.253949836002453048e+04
4.685892998840261043e+02 1.224265418863339073e+04 1.254164350420501978e+04
4.695893304034668745e+02 1.225817737014886370e+04 1.252344947916930869e+04
4.705893609229078720e+02 1.227859852934999981e+04 1.251234285581142467e+04
4.715893914423487558e+02 1.231074703312378188e+04 1.252182483573452737e+04
4.725894219617896397e+02 1.235296832119858300e+04 1.250787263703562894e+04
4.735894524812305235e+02 1.237101520867621366e+04 1.249966028585977438e+04
4.745894830006712937e+02 1.236014011875977121e+04 1.250525219195158752e+04
4.755895135201121775e+02 1.240058528226084491e+04 1.249319819006649959e+04
4.765895440395531750e+02 1.245069205987693749e+04 1.249062673181014543e+04
4.775895745589940589e+02 1.248003847440678328e+04 1.250884924514216073e+04
4.785896050784349427e+02 1.250497144013539764e+04 1.251443916121491020e+04
4.795896355978758265e+02 1.252870639141240281e+04 1.251462242239034640e+04
4.805896661173165967e+02 1.256552061960555329e+04 1.250328732023650446e+04
4.815896966367575942e+02 1.257403623286195216e+04 1.249591409756409485e+04
4.825897271561984780e+02 1.259605268322746269e+04 1.246810993635197519e+04
4.835897576756393619e+02 1.261892948653673920e+04 1.249831197926742243e+04
4.845897881950802457e+02 1.264308441738246074e+04 1.250531893970667807e+04
4.855898187145211296e+02 1.267491926348973720e+04 1.250124545243844477e+04
4.865898492339618997e+02 1.268043089734786008e+04 1.250243587771937564e+04
4.875898797534028972e+02 1.268397840203791020e+04 1.250332270142928792e+04
4.885899102728437811e+02 1.269288364655147052e+04 1.248362893125294067e+04
4.895899407922846649e+02 1.268755370373991900e+04 1.247085770183432032e+04
4.905899713117255487e+02 1.267289664922569318e+04 1.247647981660936421e+04
4.915900018311663189e+02 1.267397259472198857e+04 1.247540010232496206e+04
4.925900323506072027e+02 1.267024929673411134e+04 1.248131577443720562e+04
4.935900628700480866e+02 1.267810883134087089e+04 1.245799759466442993e+04
4.945900933894889704e+02 1.268646868271893982e+04 1.246986152627622323e+04
4.955901239089300816e+02 1.269581918181092260e+04 1.247407688003291150e+04
4.965901544283709654e+02 1.270170841202556585e+04 1.246047001414038095e+04
4.975901849478117356e+02 1.266057156768203458e+04 1.250002625272617479e+04
4.985902154672526194e+02 1.260484338029175342e+04 1.249230420100538504e+04
4.995902459866935033e+02 1.259163068252377525e+04 1.245851072001405373e+04
5.005902765061343871e+02 1.262054108106512649e+04 1.243755271565855583e+04
5.015903070255752709e+02 1.265200471842694242e+04 1.245347760326699063e+04
5.025903375450161548e+02 1.267451691675735674e+04 1.246747593816728295e+04
5.035903680644569249e+02 1.268958476994737794e+04 1.247437192394179147e+04
5.045903985838978087e+02 1.268207527541759191e+04 1.246760931239751153e+04
5.055904291033386926e+02 1.268618696891788568e+04 1.247883473492036319e+04
5.065904596227795764e+02 1.268898883488890169e+04 1.246953936988887472e+04
5.075904901422206876e+02 1.271263533818623364e+04 1.241561846251332099e+04
5.085905206616614578e+02 1.270385737818131383e+04 1.243155565749916786e+04
5.095905511811023416e+02 1.267379783184038388e+04 1.247428621044184365e+04
5.105905817005432255e+02 1.267844441466378339e+04 1.247010790280059337e+04
5.115906122199841093e+02 1.271269367752007020e+04 1.247317764041525515e+04
5.125906427394249931e+02 1.271447199333020399e+04 1.248585641392325851e+04
5.135906732588657633e+02 1.270174807974165742e+04 1.246999659570177755e+04
5.145907037783067608e+02 1.271249578507342085e+04 1.243974289664213393e+04
5.155907342977475309e+02 1.268777274117839988e+04 1.242874927751594259e+04
5.165907648171885285e+02 1.266043640607493217e+04 1.241827526570420559e+04
5.175907953366292986e+02 1.265014887473772978e+04 1.240090843117421718e+04
5.185908258560702961e+02 1.266795434834547632e+04 1.242515145439171101e+04
5.195908563755112937e+02 1.266998547553294156e+04 1.244930358463456105e+04
5.205908868949520638e+02 1.266273076518035668e+04 1.248717513702587712e+04
5.215909174143930613e+02 1.265721422118972805e+04 1.249454416160792789e+04
5.225909479338338315e+02 1.260142679149115975e+04 1.249811214541982190e+04
5.235909784532746016e+02 1.255465985755497240e+04 1.247856908813599512e+04
5.245910089727155992e+02 1.250821634842660387e+04 1.248909858616736528e+04
5.255910394921563693e+02 1.247005815819779309e+04 1.248225329917655290e+04
5.265910700115973668e+02 1.247871185778008839e+04 1.247751780532231169e+04
5.275911005310381370e+02 1.249721210917386452e+04 1.246105604865757596e+04
5.285911310504789071e+02 1.250845563545937694e+04 1.244676077985104166e+04
5.295911615699199047e+02 1.253247039491092619e+04 1.244203372445326568e+04
5.305911920893609022e+02 1.255697300250815715e+04 1.243028705650250413e+04
5.315912226088018997e+02 1.254471747842862715e+04 1.244778542643689070e+04
5.325912531282426698e+02 1.253969589462903423e+04 1.246620856138729869e+04
5.335912836476836674e+02 1.254233224058161613e+04 1.246251475500061861e+04
5.345913141671244375e+02 1.257507373525317416e+04 1.245598848852958508e+04
5.355913446865652077e+02 1.262299795684469791e+04 1.244405616336328421e+04
5.365913752060062052e+02 1.264007961778324170e+04 1.244726715412482008e+04
5.375914057254469753e+02 1.267181481311476273e+04 1.243927061469683213e+04
5.385914362448879729e+02 1.268913120981922839e+04 1.244459909616222649e+04
5.395914667643287430e+02 1.271893570485113560e+04 1.247003136363493286e+04
5.405914972837695132e+02 1.274759247260753364e+04 1.248368119598713383e+04
5.415915278032107381e+02 1.277363418393840220e+04 1.246899568855560210e+04
5.425915583226515082e+02 1.277122867778950058e+04 1.248120456834572360e+04
5.435915888420925057e+02 1.274811841319379892e+04 1.248379698703387658e+04
5.445916193615332759e+02 1.276890832089723699e+04 1.245633387464822954e+04
5.455916498809740460e+02 1.278780747156399048e+04 1.245678640585449830e+04
5.465916804004150436e+02 1.278425421564735007e+04 1.248863207107595917e+04
5.475917109198558137e+02 1.278743578243335105e+04 1.249101430292564510e+04
5.485917414392968112e+02 1.281281025383125598e+04 1.246006712672262074e+04
5.495917719587375814e+02 1.281572615463246257e+04 1.243306820330357550e+04
5.505918024781785789e+02 1.285398882218210383e+04 1.245466148436621006e+04
5.515918329976193490e+02 1.290448365538136932e+04 1.244499813377585997e+04
5.525918635170603466e+02 1.292759913630512528e+04 1.243579826293679798e+04
5.535918940365013441e+02 1.297487441177741493e+04 1.247938371534839098e+04
5.545919245559421142e+02 1.301053720429693203e+04 1.247404142547544507e+04
5.555919550753831118e+02 1.302634972995360295e+04 1.243076021061080792e+04
5.565919855948238819e+02 1.299801484069542494e+04 1.243222860494008819e+04
5.575920161142646521e+02 1.296468519024646594e+04 1.245960673331365069e+04
5.585920466337056496e+02 1.292310559333138735e+04 1.244029894201685966e+04
5.595920771531464197e+02 1.288177050825946390e+04 1.245917900689173803e+04
5.605921076725874173e+02 1.286107966803293493e+04 1.248553244367155639e+04
5.615921381920281874e+02 1.287240026626967119e+04 1.249520385621878631e+04
5.625921687114689576e+02 1.290485503760532629e+04 1.252391108752302171e+04
5.635921992309099551e+02 1.293396523860703019e+04 1.255191121508503420e+04
5.645922297503509526e+02 1.293466771913664161e+04 1.253987543057983203e+04
5.655922602697919501e+02 1.292516527689226132e+04 1.251019404233394744e+04
5.665922907892327203e+02 1.292876432660148384e+04 1.251320049196388209e+04
5.675923213086737178e+02 1.292496338843249214e+04 1.250520920117874266e+04
5.685923518281144879e+02 1.295934155799584914e+04 1.247229403234060555e+04
5.695923823475552581e+02 1.301400962545200491e+04 1.247199455841296913e+04
5.705924128669962556e+02 1.304391922767314463e+04 1.249305933405349970e+04
5.715924433864370258e+02 1.306628647372673731e+04 1.249580357007782732e+04
5.725924739058780233e+02 1.303969708310651731e+04 1.248634470492577202e+04
5.735925044253187934e+02 1.301414620202210244e+04 1.251617719737032166e+04
5.745925349447595636e+02 1.300974034432346161e+04 1.252623389920621594e+04
5.755925654642007885e+02 1.300270507051661298e+04 1.252127134485191527e+04
5.765925959836415586e+02 1.296281885096253245e+04 1.253422944279661897e+04
5.775926265030825562e+02 1.292253456115082736e+04 1.253973513477544293e+04
5.785926570225233263e+02 1.293015540913599943e+04 1.251443844899696342e+04
5.795926875419640965e+02 1.292056908710312928e+04 1.250300775426032305e+04
5.805927180614050940e+02 1.290875894638009413e+04 1.254089739582461152e+04
5.815927485808458641e+02 1.288526471680142458e+04 1.254192156969436655e+04
5.825927791002868616e+02 1.287027285116921666e+04 1.252804058720481589e+04
5.835928096197276318e+02 1.286816085625305277e+04 1.251660817220902027e+04
5.845928401391686293e+02 1.283596957401140571e+04 1.254668525239561495e+04
5.855928706586093995e+02 1.282256238848112116e+04 1.255562147511241892e+04
5.865929011780503970e+02 1.283582310261724888e+04 1.257311190371599150e+04
5.875929316974913945e+02 1.283894679891516171e+04 1.258658835898226607e+04
5.885929622169321647e+02 1.284582306641647301e+04 1.259514668729054392e+04
5.895929927363731622e+02 1.289471342697177715e+04 1.257904435249083326e+04
5.905930232558139323e+02 1.289657630444319148e+04 1.255584212221488269e+04
5.915930537752547025e+02 1.289671607206870613e+04 1.256776499950734797e+04
5.925930842946957000e+02 1.292827249666787611e+04 1.255444495697350249e+04
5.935931148141364702e+02 1.290535982683687325e+04 1.254304949137757467e+04
5.945931453335774677e+02 1.290447291360077543e+04 1.254248769562167945e+04
5.955931758530182378e+02 1.292452275699161692e+04 1.257912916864951512e+04
5.965932063724592354e+02 1.293401770800147642e+04 1.259109523850063306e+04
5.975932368919000055e+02 1.292493631187362735e+04 1.258025750686779975e+04
5.985932674113410030e+02 1.290923452103063937e+04 1.259860604414885711e+04
5.995932979307820005e+02 1.290365313252730630e+04 1.264040889196651551e+04
6.005933284502227707e+02 1.289194903282565792e+04 1.262929521623315668e+04
6.015933589696637682e+02 1.287008723274062322e+04 1.265335410418260471e+04
6.025933894891045384e+02 1.288296400490053566e+04 1.267496053396096613e+04
6.035934200085453085e+02 1.290802309069753210e+04 1.267544836214987663e+04
6.045934505279863060e+02 1.293575703831020655e+04 1.270723633687404799e+04
6.055934810474270762e+02 1.296357641738813800e+04 1.272016001221906117e+04
6.065935115668680737e+02 1.299386783576874041e+04 1.272837963064197356e+04
6.075935420863088439e+02 1.300820617578915881e+04 1.274831221387651385e+04
6.085935726057496140e+02 1.298284007599065444e+04 1.274759319391132703e+04
6.095936031251908389e+02 1.297676622427949769e+04 1.276115093133248774e+04
6.105936336446316091e+02 1.298055774313503935e+04 1.277857653526241666e+04
6.115936641640726066e+02 1.295983813481249672e+04 1.281226293971756422e+04
6.125936946835133767e+02 1.294827130985804069e+04 1.283137504804100172e+04
6.135937252029541469e+02 1.292322950849475092e+04 1.283164516370030287e+04
6.145937557223951444e+02 1.289650020986322670e+04 1.286490978328929305e+04
6.155937862418359146e+02 1.286324524905068574e+04 1.288984570671076835e+04
6.165938167612769121e+02 1.282161613322293124e+04 1.291783002394830328e+04
6.175938472807176822e+02 1.281677829824823857e+04 1.295758118704183471e+04
6.185938778001586797e+02 1.282427412188868766e+04 1.298634020820940350e+04
6.195939083195994499e+02 1.283436281846403290e+04 1.301212306576041010e+04
6.205939388390402200e+02 1.282638054571412067e+04 1.303933549469474201e+04
6.215939693584814449e+02 1.284096168249004768e+04 1.306316546829574327e+04
6.225939998779222151e+02 1.285935451167549945e+04 1.310579099190466331e+04
6.235940303973632126e+02 1.286599990138748944e+04 1.311487476092883298e+04
6.245940609168039828e+02 1.286556008755948824e+04 1.311701687953673718e+04
6.255940914362447529e+02 1.286601977724179233e+04 1.314107145602193486e+04
6.265941219556857504e+02 1.287351205488140477e+04 1.317511273306607109e+04
6.275941524751265206e+02 1.286204061654478573e+04 1.319566092066698548e+04
6.285941829945675181e+02 1.285068068767362092e+04 1.321742394481767406e+04
6.295942135140082883e+02 1.285344178717825707e+04 1.324544519288760966e+04
6.305942440334492858e+02 1.285905565651443794e+04 1.325069510413541684e+04
6.315942745528900559e+02 1.284569558125477488e+04 1.323725582027354903e+04
6.325943050723310535e+02 1.279962494307047018e+04 1.325738170245774199e+04
6.335943355917720510e+02 1.274936708858602469e+04 1.325887047815702317e+04
6.345943661112128211e+02 1.273565392424269521e+04 1.326500458294692726e+04
6.355943966306538186e+02 1.270152489427360342e+04 1.331375374772651776e+04
6.365944271500945888e+02 1.265549810232812888e+04 1.336287869647944353e+04
6.375944576695353589e+02 1.268131035077996057e+04 1.341817866569907892e+04
6.385944881889763565e+02 1.267296363030240173e+04 1.343082197691626243e+04
6.395945187084171266e+02 1.265401101318777000e+04 1.343069356023808723e+04
6.405945492278581241e+02 1.264551195450922023e+04 1.341952211635091044e+04
6.415945797472988943e+02 1.263229590190331874e+04 1.336644522383633375e+04
6.425946102667396644e+02 1.260463681905329031e+04 1.336102087589147413e+04
6.435946407861808893e+02 1.258567727010630369e+04 1.332964586698329549e+04
6.445946713056216595e+02 1.257706991821463635e+04 1.333831574948943671e+04
6.455947018250626570e+02 1.255240855768478650e+04 1.330635464601916465e+04
6.465947323445034272e+02 1.252338398910276555e+04 1.323963649098934729e+04
6.475947628639444247e+02 1.253343733328203234e+04 1.319979517292203491e+04
6.485947933833851948e+02 1.250686244329544570e+04 1.317145389043371142e+04
6.495948239028259650e+02 1.244656703453642513e+04 1.314687625725887301e+04
6.505948544222669625e+02 1.243376472185118109e+04 1.311108027334665348e+04
6.515948849417077327e+02 1.240688600261079773e+04 1.306402867679453811e+04
6.525949154611487302e+02 1.237666688997216443e+04 1.300968146774097659e+04
6.535949459805895003e+02 1.235941010041016307e+04 1.294607891056763401e+04
6.545949765000302705e+02 1.236115861148010299e+04 1.287833302338879730e+04
6.555950070194714954e+02 1.235460983655278324e+04 1.282967785184765671e+04
6.565950375389122655e+02 1.233510576877877065e+04 1.277897712963187769e+04
6.575950680583532630e+02 1.233034254366602363e+04 1.273240276448754230e+04
6.585950985777940332e+02 1.232088728487539811e+04 1.266973802801472266e+04
6.595951290972348033e+02 1.232274878020122560e+04 1.261069140773899562e+04
6.605951596166758009e+02 1.234485077827116766e+04 1.258739448335898305e+04
6.615951901361165710e+02 1.233490569150605188e+04 1.257685236047855506e+04
6.625952206555575685e+02 1.232623171343702779e+04 1.253830893875853508e+04
6.635952511749983387e+02 1.232087496770868711e+04 1.246029870712568481e+04
6.645952816944393362e+02 1.230553943664655162e+04 1.241372466674130737e+04
6.655953122138801064e+02 1.229463038532455721e+04 1.238094464459222399e+04
6.665953427333211039e+02 1.229596710247402734e+04 1.233048919673521959e+04
6.675953732527621014e+02 1.227949499328604725e+04 1.227678763575583434e+04
6.685954037722028716e+02 1.225619531266894774e+04 1.222551810402435694e+04
6.695954342916438691e+02 1.226826601237251634e+04 1.219100830413159929e+04
6.705954648110846392e+02 1.227118928140215939e+04 1.215576362718152086e+04
6.715954953305254094e+02 1.225580337718001647e+04 1.216267249881035968e+04
6.725955258499664069e+02 1.225832380207136157e+04 1.213026758171569963e+04
6.735955563694071770e+02 1.226074072056852128e+04 1.207184182185406280e+04
6.745955868888481746e+02 1.227715639526648556e+04 1.205220292797173897e+04
6.755956174082889447e+02 1.227757980196450444e+04 1.204280227111009117e+04
6.765956479277297149e+02 1.225494779089310759e+04 1.204096441908025008e+04
6.775956784471709398e+02 1.226112893115527186e+04 1.202983517083196602e+04
6.785957089666117099e+02 1.228050582965673857e+04 1.202012506141055928e+04
6.795957394860527074e+02 1.229497050486965600e+04 1.202988901995865308e+04
6.805957700054934776e+02 1.228437371592851923e+04 1.200635472620681685e+04
6.815958005249344751e+02 1.226269910824408908e+04 1.194613455561465707e+04
6.825958310443752453e+02 1.227781559182330784e+04 1.189430931361422699e+04
6.835958615638160154e+02 1.228643677014104833e+04 1.184953477173394094e+04
6.845958920832570129e+02 1.225594997438440259e+04 1.185501484009655542e+04
6.855959226026977831e+02 1.224658906852187829e+04 1.189071820336182645e+04
6.865959531221387806e+02 1.227471170951978456e+04 1.192496588789260568e+04
6.875959836415795507e+02 1.227210207455597993e+04 1.194141448850929191e+04
6.885960141610203209e+02 1.224800822483446791e+04 1.193978997835663540e+04
6.895960446804615458e+02 1.224377779571072824e+04 1.195097549782796341e+04
6.905960751999023159e+02 1.223273149446633397e+04 1.196158663016266291e+04
6.915961057193433135e+02 1.225201252047994058e+04 1.197874094258896912e+04
6.925961362387840836e+02 1.228695676405186532e+04 1.202028492780005217e+04
6.935961667582248538e+02 1.228056507371412044e+04 1.207038271866833384e+04
6.945961972776658513e+02 1.226767220302120768e+04 1.209873726223319136e+04
6.955962277971066214e+02 1.230752908364320501e+04 1.215428577536511330e+04
6.965962583165476190e+02 1.234818015007424037e+04 1.216408726401613239e+04
6.975962888359883891e+02 1.232214820643267740e+04 1.220141762387003473e+04
6.985963193554293866e+02 1.230297318745233133e+04 1.227940734132327634e+04
6.995963498748701568e+02 1.231524455525178200e+04 1.231427818070764079e+04
7.005963803943111543e+02 1.230999849690111660e+04 1.233791630680293019e+04
7.015964109137521518e+02 1.232738951431446549e+04 1.237699539360025483e+04
7.025964414331929220e+02 1.237679298649135853e+04 1.240643525214367401e+04
7.035964719526339195e+02 1.240902292950013361e+04 1.240982507961325246e+04
7.045965024720746896e+02 1.243190842809197056e+04 1.245420247794021088e+04
7.055965329915154598e+02 1.244252100571146184e+04 1.251359557833663712e+04
7.065965635109564573e+02 1.242910499359587448e+04 1.249619790484012628e+04
7.075965940303972275e+02 1.242791880573703747e+04 1.247212151488389463e+04
7.085966245498382250e+02 1.243908428926426495e+04 1.250355064517142637e+04
7.095966550692789951e+02 1.247128914857006021e+04 1.253585601749351190e+04
7.105966855887197653e+02 1.248335159261992339e+04 1.255677448553732938e+04
7.115967161081607628e+02 1.249343504512095933e+04 1.257811508049008989e+04
7.125967466276017603e+02 1.250094343777951144e+04 1.260323247719529536e+04
7.135967771470427579e+02 1.249451060098745802e+04 1.259747994377436953e+04
7.145968076664835280e+02 1.250843787151554170e+04 1.259719817634184983e+04
7.155968381859245255e+02 1.250446649301631442e+04 1.261088504210607425e+04
7.165968687053652957e+02 1.249644923684137393e+04 1.258855017590568423e+04
7.175968992248060658e+02 1.249343162390227189e+04 1.254930195364005158e+04
7.185969297442470634e+02 1.249761033706528542e+04 1.248148148206688711e+04
7.195969602636878335e+02 1.249928134690377919e+04 1.246018392060649603e+04
7.205969907831288310e+02 1.247574988386130644e+04 1.250103401682513868e+04
7.215970213025696012e+02 1.244632151435723790e+04 1.250516759306236781e+04
7.225970518220103713e+02 1.245768351750931834e+04 1.252009767786698649e+04
7.235970823414515962e+02 1.248277439475138817e+04 1.251864588541702324e+04
7.245971128608923664e+02 1.246565212727409926e+04 1.251798243733575873e+04
7.255971433803333639e+02 1.245399077335527363e+04 1.251195576923821318e+04
7.265971738997741340e+02 1.247338600775140003e+04 1.249368931775496276e+04
7.275972044192149042e+02 1.249376805674533534e+04 1.248442762738608872e+04
7.285972349386559017e+02 1.248714645525404194e+04 1.248006052589152387e+04
7.295972654580966719e+02 1.248617788592539000e+04 1.242786265728874423e+04
7.305972959775376694e+02 1.251002592475371966e+04 1.236273573540863435e+04
7.315973264969784395e+02 1.252599861124965719e+04 1.231368515592834410e+04
7.325973570164194371e+02 1.252817308888938896e+04 1.228685137412829135e+04
7.335973875358602072e+02 1.251828826253005354e+04 1.228635952242730855e+04
7.345974180553012047e+02 1.253033458277232603e+04 1.232636832846803009e+04
7.355974485747422023e+02 1.253143237508010498e+04 1.235532650909182303e+04
7.365974790941829724e+02 1.253733663520341361e+04 1.234698891794169140e+04
7.375975096136239699e+02 1.254463907533993552e+04 1.234702453122612133e+04
7.385975401330647401e+02 1.250888174993177745e+04 1.232030203465580234e+04
7.395975706525055102e+02 1.252159061087476402e+04 1.229165107248416098e+04
7.405976011719465077e+02 1.254579695651937072e+04 1.231376233496901295e+04
7.415976316913872779e+02 1.252155531291341504e+04 1.229784745737890262e+04
7.425976622108282754e+02 1.249205106056175828e+04 1.226585857258907890e+04
7.435976927302690456e+02 1.246823936690670780e+04 1.225536580411373325e+04
7.445977232497098157e+02 1.248041306432367492e+04 1.225356571060604256e+04
7.455977537691508132e+02 1.252543153051905938e+04 1.226539845839986083e+04
7.465977842885918108e+02 1.254992018835946874e+04 1.228152913125164196e+04
7.475978148080328083e+02 1.251658957405767615e+04 1.230402698084059193e+04
7.485978453274735784e+02 1.249312730277570336e+04 1.231986475798304491e+04
7.495978758469145760e+02 1.245661176464729579e+04 1.231648763627249173e+04
7.505979063663553461e+02 1.245150846825952249e+04 1.232281565829123429e+04
7.515979368857961163e+02 1.244362267613291806e+04 1.232034330589966339e+04
7.525979674052371138e+02 1.240714886373777335e+04 1.232653937517105987e+04
7.535979979246778839e+02 1.240908540979287864e+04 1.234042841614343706e+04
7.545980284441188815e+02 1.240799256695903568e+04 1.233079725157022403e+04
7.555980589635596516e+02 1.238751382968604048e+04 1.234501938119337319e+04
7.565980894830004218e+02 1.237922136377166134e+04 1.231605110353951386e+04
7.575981200024416466e+02 1.240035622153872646e+04 1.230344003415576117e+04
7.585981505218824168e+02 1.240663782536600047e+04 1.230414452744640221e+04
7.595981810413234143e+02 1.238012292096679448e+04 1.229495041746088646e+04
7.605982115607641845e+02 1.237952231510635465e+04 1.232470054219057056e+04
7.615982420802049546e+02 1.238796907697838833e+04 1.235147294707173023e+04
7.625982725996459521e+02 1.237339694863493423e+04 1.235176350971996180e+04
7.635983031190867223e+02 1.238890933672859683e+04 1.239750701378809754e+04
7.645983336385277198e+02 1.238381114518952563e+04 1.246959748877901075e+04
7.655983641579684900e+02 1.236614224059480330e+04 1.251246197571235462e+04
7.665983946774094875e+02 1.235883429290411550e+04 1.249371916626906204e+04
7.675984251968502576e+02 1.236618550130692529e+04 1.247073270055790454e+04
7.685984557162910278e+02 1.240516591634249198e+04 1.246822001548658955e+04
7.695984862357322527e+02 1.241678922349210188e+04 1.247392839549466044e+04
7.705985167551730228e+02 1.242592481009897892e+04 1.249309960985778343e+04
7.715985472746140204e+02 1.243867774037803065e+04 1.250022423917978085e+04
7.725985777940547905e+02 1.242068039077019239e+04 1.250620005340502212e+04
7.735986083134955607e+02 1.241097916906663522e+04 1.252055990799623942e+04
7.745986388329365582e+02 1.241749998058820165e+04 1.255500427902260890e+04
7.755986693523773283e+02 1.241770734062308293e+04 1.255945252825140597e+04
7.765986998718183258e+02 1.239189174237113548e+04 1.260059520661031638e+04
7.775987303912590960e+02 1.236146835183348958e+04 1.266446258094121367e+04
7.785987609106998661e+02 1.231648924847833950e+04 1.267994479033229618e+04
7.795987914301408637e+02 1.229055672277410122e+04 1.266555652601843030e+04
7.805988219495818612e+02 1.232471628828276334e+04 1.265004779156135191e+04
7.815988524690228587e+02 1.235817742607601758e+04 1.264768712152150874e+04
7.825988829884636289e+02 1.236789028069196138e+04 1.263458733064836088e+04
7.835989135079046264e+02 1.237152946961042653e+04 1.261635804005339378e+04
7.845989440273453965e+02 1.241730545426526260e+04 1.264026305194996166e+04
7.855989745467861667e+02 1.244261476437399688e+04 1.266493392947545544e+04
7.865990050662271642e+02 1.245157751771837502e+04 1.260822889755057076e+04
7.875990355856679344e+02 1.245523693134449786e+04 1.257192086146850852e+04
7.885990661051089319e+02 1.246336906047120647e+04 1.257894618583855845e+04
7.895990966245497020e+02 1.248932628952933737e+04 1.257119429873262743e+04
7.905991271439904722e+02 1.253569451551377824e+04 1.256023107506582164e+04
7.915991576634316971e+02 1.255872384840879022e+04 1.258605423764254738e+04
7.925991881828724672e+02 1.255059087321123297e+04 1.257526089404095364e+04
7.935992187023134647e+02 1.260520161030526651e+04 1.254894162339879222e+04
7.945992492217542349e+02 1.266708699121949758e+04 1.256495966886247152e+04
7.955992797411950050e+02 1.270749984238877551e+04 1.257391490186179726e+04
7.965993102606360026e+02 1.273038910593368200e+04 1.256250365183737085e+04
7.975993407800767727e+02 1.275279482307821672e+04 1.258339130971876330e+04
7.985993712995177702e+02 1.279436929716184568e+04 1.257201282203841947e+04
7.995994018189585404e+02 1.281147837151496788e+04 1.255243599793275098e+04
8.005994323383995379e+02 1.282591685272030372e+04 1.253741215476448087e+04
8.015994628578403081e+02 1.283935288443075297e+04 1.253688457663518238e+04
8.025994933772810782e+02 1.287473661805117990e+04 1.254975470087490430e+04
8.035995238967223031e+02 1.288639233051361771e+04 1.255547481752727253e+04
8.045995544161630733e+02 1.286226256550868311e+04 1.258476629805421908e+04
8.055995849356040708e+02 1.286010423706011170e+04 1.262996759994598870e+04
8.065996154550448409e+02 1.287990000216552653e+04 1.263477874984111077e+04
8.075996459744856111e+02 1.287385370374815830e+04 1.261628344026774175e+04
8.085996764939266086e+02 1.286513180448991079e+04 1.264142044326501855e+04
8.095997070133673787e+02 1.287944867569273629e+04 1.264283662331110463e+04
8.105997375328083763e+02 1.287770551938276913e+04 1.262152662267296728e+04
8.115997680522491464e+02 1.287142846633431327e+04 1.262268438076888924e+04
8.125997985716901439e+02 1.286849221723740266e+04 1.262945044297859931e+04
8.135998290911309141e+02 1.285779450592696594e+04 1.262727057362289270e+04
8.145998596105719116e+02 1.284293622380339184e+04 1.262985652849600956e+04
8.155998901300129091e+02 1.281401633463277722e+04 1.262452947310250784e+04
8.165999206494536793e+02 1.278309263620355341e+04 1.257707251487995563e+04
8.175999511688946768e+02 1.276659435923145065e+04 1.255072898069574148e+04
8.185999816883354470e+02 1.279590000873323697e+04 1.254885475327309723e+04
8.196000122077762171e+02 1.282835521765217345e+04 1.256406852453003194e+04
8.206000427272172146e+02 1.283488430285016148e+04 1.257982344206413291e+04
8.216000732466579848e+02 1.285491537081516253e+04 1.260364036860096530e+04
8.226001037660989823e+02 1.285360635249287043e+04 1.263266472357819839e+04
8.236001342855397525e+02 1.286672199602315777e+04 1.261020062640796095e+04
8.246001648049805226e+02 1.285520081061289238e+04 1.258785378081426097e+04
8.256001953244217475e+02 1.285688672336568015e+04 1.260141630210420226e+04
8.266002258438625176e+02 1.284317228257811985e+04 1.258482863393451589e+04
8.276002563633035152e+02 1.281212168499562358e+04 1.254765569033564680e+04
8.286002868827442853e+02 1.282252342314964699e+04 1.256180066591239665e+04
8.296003174021850555e+02 1.287337784512386497e+04 1.258669918742843583e+04
8.306003479216260530e+02 1.288972674999753508e+04 1.257107374966442512e+04
8.316003784410668231e+02 1.287719952323840516e+04 1.255171404760287987e+04
8.326004089605078207e+02 1.288211769306718452e+04 1.254756286548394019e+04
8.336004394799485908e+02 1.286485597437287106e+04 1.254886245749866976e+04
8.346004699993895883e+02 1.283379115839051337e+04 1.255700260890461504e+04
8.356005005188303585e+02 1.282548857028993916e+04 1.257063442313099949e+04
8.366005310382711286e+02 1.284983905521765155e+04 1.254566544614242412e+04
8.376005615577123535e+02 1.283278099319647481e+04 1.252615181480886349e+04
8.386005920771531237e+02 1.280810775245133300e+04 1.250381280264172165e+04
8.396006225965941212e+02 1.280217411617517973e+04 1.250464769048176277e+04
8.406006531160348914e+02 1.275158571780066450e+04 1.247530044998773519e+04
8.416006836354756615e+02 1.269757494662307727e+04 1.243871800770052141e+04
8.426007141549166590e+02 1.263049526097886519e+04 1.245316870236725663e+04
8.436007446743574292e+02 1.257750834679346008e+04 1.242362219871104389e+04
8.446007751937984267e+02 1.255914513187833472e+04 1.241461315003804339e+04
8.456008057132391968e+02 1.257326405838438950e+04 1.242768187060000855e+04
8.466008362326801944e+02 1.260504140636133707e+04 1.243625747686318573e+04
8.476008667521209645e+02 1.262876348708338810e+04 1.246942889274411755e+04
8.486008972715619620e+02 1.265194454086439328e+04 1.245701737648798189e+04
8.496009277910029596e+02 1.264675492855558514e+04 1.243959884289490947e+04
8.506009583104437297e+02 1.263874092681412549e+04 1.244569495067166281e+04
8.516009888298847272e+02 1.264943285094863131e+04 1.240683269942038532e+04
8.526010193493254974e+02 1.267523574165805076e+04 1.237413109430521217e+04
8.536010498687662675e+02 1.272934078505411890e+04 1.238493942654803868e+04
8.546010803882072651e+02 1.275913136151732579e+04 1.239072453250412582e+04
8.556011109076480352e+02 1.280556061175980358e+04 1.240660537082312476e+04
8.566011414270890327e+02 1.284255541814443131e+04 1.240526065547582402e+04
8.576011719465298029e+02 1.288645984670271537e+04 1.240451633090744326e+04
8.586012024659705730e+02 1.291388361638661809e+04 1.240227009818353872e+04
8.596012329854115706e+02 1.292857714627808491e+04 1.237289805046619404e+04
8.606012635048525681e+02 1.291775549872058218e+04 1.235628496433124019e+04
8.616012940242935656e+02 1.290348404757581375e+04 1.237045397236977078e+04
8.626013245437343357e+02 1.292487556480924832e+04 1.240976058226363239e+04
8.636013550631753333e+02 1.294530388892539668e+04 1.243580119078507778e+04
8.646013855826161034e+02 1.296058959760745529e+04 1.245973475734569911e+04
8.656014161020568736e+02 1.297259186485100327e+04 1.242810021385768050e+04
8.666014466214978711e+02 1.299522710493163868e+04 1.239689253958070549e+04
8.676014771409386412e+02 1.298595832143406187e+04 1.238697438415494980e+04
8.686015076603796388e+02 1.299863800762733808e+04 1.237274973745167881e+04
8.696015381798204089e+02 1.303904464590494354e+04 1.238619865689156904e+04
8.706015686992611791e+02 1.306711314103999939e+04 1.241828034076361655e+04
8.716015992187024040e+02 1.312042287138306165e+04 1.243416076162484205e+04
8.726016297381431741e+02 1.314987334989520423e+04 1.242011435743846414e+04
8.736016602575841716e+02 1.316087051226578296e+04 1.243103660958954970e+04
8.746016907770249418e+02 1.312790867075546703e+04 1.242714787868571148e+04
8.756017212964657119e+02 1.307775571635602319e+04 1.239821789819872902e+04
8.766017518159067095e+02 1.301727742777795174e+04 1.238228229184854899e+04
8.776017823353474796e+02 1.296649987998051256e+04 1.238012137874772452e+04
8.786018128547884771e+02 1.293041860019200794e+04 1.239074845519827795e+04
8.796018433742292473e+02 1.291640806880435412e+04 1.239772623229348937e+04
8.806018738936702448e+02 1.292743679594862806e+04 1.239249045352241228e+04
8.816019044131110149e+02 1.294757908962722468e+04 1.239843851800712218e+04
8.826019349325520125e+02 1.293622909601440188e+04 1.241895113450897043e+04
8.836019654519930100e+02 1.290026633141993989e+04 1.244501763696798116e+04
8.846019959714337801e+02 1.290368220984627442e+04 1.246307309095673190e+04
8.856020264908747777e+02 1.290326770943236261e+04 1.245529787042573116e+04
8.866020570103155478e+02 1.291832171124661545e+04 1.245098065650054014e+04
8.876020875297563180e+02 1.296112495045948526e+04 1.246337074735938950e+04
8.886021180491973155e+02 1.299897502868881384e+04 1.246408459709703311e+04
8.896021485686380856e+02 1.302264184246557670e+04 1.246081740511744829e+04
8.906021790880790832e+02 1.300506875163313634e+04 1.241542128439032786e+04
8.916022096075198533e+02 1.298841621757113535e+04 1.240736242133100313e+04
8.926022401269606235e+02 1.297226013514831720e+04 1.240386429085153759e+04
8.936022706464016210e+02 1.293921769895643229e+04 1.239807235189195853e+04
8.946023011658426185e+02 1.289005327650467552e+04 1.240873325144928458e+04
8.956023316852836160e+02 1.286063052136847728e+04 1.238266330934111284e+04
8.966023622047243862e+02 1.285680498287617593e+04 1.239430610614329089e+04
8.976023927241653837e+02 1.281885876822442515e+04 1.240874599994940945e+04
8.986024232436061538e+02 1.281165724155682437e+04 1.242450849580614522e+04
8.996024537630469240e+02 1.278275790213498476e+04 1.245394105151005351e+04
9.006024842824879215e+02 1.275868309512400992e+04 1.244716190215387542e+04
9.016025148019286917e+02 1.276753153007081892e+04 1.241433577928286650e+04
9.026025453213696892e+02 1.273649266423088011e+04 1.243569055012671924e+04
9.036025758408104593e+02 1.272219038275746789e+04 1.246439238332698733e+04
9.046026063602512295e+02 1.272151057864750328e+04 1.247997755853313538e+04
9.056026368796924544e+02 1.271463676765566743e+04 1.249231368856367044e+04
9.066026673991332245e+02 1.271998678311694493e+04 1.250633004630994219e+04
9.076026979185742221e+02 1.275781313795158349e+04 1.249204544407864159e+04
9.086027284380149922e+02 1.275947848417769819e+04 1.245751665562308153e+04
9.096027589574557624e+02 1.275410520261967031e+04 1.244708707957144179e+04
9.106027894768967599e+02 1.277996612875981737e+04 1.242730630669556012e+04
9.116028199963375300e+02 1.275330990956381174e+04 1.242978565480596444e+04
9.126028505157785276e+02 1.274072178547591102e+04 1.244818035907642297e+04
9.136028810352192977e+02 1.275839206709877726e+04 1.244077979720981602e+04
9.146029115546602952e+02 1.277692161583270172e+04 1.245996633981849664e+04
9.156029420741010654e+02 1.277940118742440973e+04 1.246247687050257082e+04
9.166029725935420629e+02 1.277729082939339241e+04 1.245407077757993829e+04
9.176030031129830604e+02 1.278333266823508893e+04 1.248896629212120024e+04
9.186030336324238306e+02 1.276829892550577097e+04 1.247512602709596104e+04
9.196030641518648281e+02 1.273440075065912242e+04 1.244457925459355101e+04
9.206030946713055982e+02 1.274332691727138263e+04 1.243339823584162878e+04
9.216031251907463684e+02 1.277063575242436855e+04 1.243229539644200304e+04
9.226031557101873659e+02 1.280021443467034624e+04 1.244776691378904070e+04
9.236031862296281361e+02 1.282735721921732875e+04 1.246053398871028367e+04
9.246032167490691336e+02 1.285202791281848477e+04 1.244792775369246374e+04
9.256032472685099037e+02 1.286051388064122875e+04 1.244633421827620987e+04
9.266032777879506739e+02 1.283364757158309476e+04 1.245552508186242812e+04
9.276033083073916714e+02 1.283433741547706813e+04 1.242503435522916516e+04
9.286033388268326689e+02 1.282555832843894314e+04 1.242507606594237768e+04
9.296033693462736665e+02 1.279658512246978898e+04 1.245846074868503274e+04
9.306033998657144366e+02 1.279849736345468045e+04 1.244527283044382602e+04
9.316034303851554341e+02 1.277466625961852151e+04 1.243949979762587827e+04
9.326034609045962043e+02 1.274616569512958995e+04 1.246254039489347451e+04
9.336034914240369744e+02 1.271781586318068184e+04 1.246170396626068941e+04
9.346035219434779719e+02 1.267920835938744494e+04 1.244587465711212280e+04
9.356035524629187421e+02 1.266373425004643286e+04 1.242446583921406818e+04
9.366035829823597396e+02 1.266850001844631151e+04 1.240694602790137287e+04
9.376036135018005098e+02 1.267596039934177315e+04 1.238473111586377854e+04
9.386036440212412799e+02 1.266484600321210019e+04 1.238873181660497903e+04
9.396036745406825048e+02 1.267297542335010075e+04 1.240588324369714064e+04
9.406037050601232750e+02 1.269837439052625450e+04 1.242180597301375383e+04
9.416037355795642725e+02 1.272139882988700083e+04 1.243714016967592215e+04
9.426037660990050426e+02 1.272021582940510052e+04 1.244842595382357831e+04
9.436037966184458128e+02 1.271511494061431949e+04 1.243292672620963822e+04
9.446038271378868103e+02 1.272854921060502238e+04 1.243609318145412362e+04
9.456038576573275805e+02 1.272862499938113251e+04 1.241953762453237869e+04
9.466038881767685780e+02 1.270643478195556054e+04 1.241978490394967594e+04
9.476039186962093481e+02 1.268007242914591188e+04 1.240467926032037212e+04
9.486039492156503456e+02 1.266172316692161621e+04 1.237698206554327226e+04
9.496039797350911158e+02 1.263183827721536727e+04 1.234750518762859247e+04
9.506040102545318859e+02 1.258255141427891613e+04 1.233206255669964776e+04
9.516040407739731108e+02 1.253986865012122325e+04 1.235572263494432082e+04
9.526040712934138810e+02 1.251497024760832210e+04 1.238553221088438477e+04
9.536041018128548785e+02 1.248638281629880476e+04 1.235905703578037901e+04
9.546041323322956487e+02 1.243258189035209944e+04 1.235218032919939287e+04
9.556041628517364188e+02 1.243961215602491393e+04 1.233708177056117711e+04
9.566041933711774163e+02 1.242902056518109021e+04 1.232191019324123226e+04
9.576042238906181865e+02 1.240055957374978425e+04 1.232531453953352502e+04
9.586042544100591840e+02 1.239149115056817209e+04 1.231920793918938034e+04
9.596042849294999542e+02 1.234818036415471215e+04 1.234333008556746972e+04
9.606043154489407243e+02 1.231206625275257829e+04 1.235256387434478165e+04
9.616043459683817218e+02 1.231900416501497966e+04 1.231611238287188644e+04
9.626043764878227194e+02 1.229157288136427451e+04 1.232891699827974662e+04
9.636044070072637169e+02 1.227004342828195331e+04 1.231044242080033109e+04
9.646044375267044870e+02 1.224605810787066548e+04 1.229864964659653742e+04
9.656044680461454845e+02 1.226691118242655830e+04 1.230055094895471666e+04
9.666044985655862547e+02 1.224794906538874420e+04 1.233737973604447870e+04
9.676045290850270248e+02 1.217051049821701599e+04 1.235603807420675184e+04
9.686045596044680224e+02 1.216754255441554960e+04 1.232310686033131242e+04
9.696045901239087925e+02 1.214342633424473206e+04 1.230521796221237673e+04
9.706046206433497900e+02 1.210852762634375722e+04 1.232979667973155119e+04
9.716046511627905602e+02 1.210071272325587779e+04 1.230253723295664167e+04
9.726046816822313303e+02 1.210004772713917009e+04 1.227266334337449371e+04
9.736047122016725552e+02 1.207793919005989665e+04 1.231243393140887201e+04
9.746047427211133254e+02 1.206164398320846522e+04 1.233229411282836554e+04
9.756047732405543229e+02 1.206892471225661575e+04 1.229543268134189384e+04
9.766048037599950931e+02 1.206121090324404213e+04 1.228326534171456660e+04
9.776048342794358632e+02 1.206924665434957387e+04 1.229300181980753950e+04
9.786048647988768607e+02 1.209525363888976426e+04 1.227872684159419441e+04
9.796048953183176309e+02 1.209538433137807988e+04 1.228795365389226936e+04
9.806049258377586284e+02 1.209526994818661115e+04 1.230264887028404519e+04
9.816049563571993986e+02 1.209753039755394275e+04 1.232936120013690015e+04
9.826049868766403961e+02 1.209721922916448784e+04 1.235787439312233255e+04
9.836050173960811662e+02 1.207100962388825064e+04 1.241278290950765040e+04
9.846050479155219364e+02 1.207398164420865760e+04 1.240874835954523223e+04
9.856050784349631613e+02 1.205697674791822465e+04 1.239027193313055795e+04
9.866051089544039314e+02 1.202029274729716963e+04 1.238986722546031524e+04
9.876051394738449289e+02 1.203832135491809640e+04 1.237486049558759078e+04
9.886051699932856991e+02 1.204465207083858331e+04 1.234214330729143876e+04
9.896052005127264692e+02 1.202142268470932868e+04 1.235860427398946922e+04
9.906052310321674668e+02 1.202204923000043891e+04 1.237791575808772905e+04
9.916052615516082369e+02 1.201985192218658449e+04 1.236577176111887456e+04
9.926052920710492344e+02 1.201750497406073919e+04 1.235514109807901150e+04
9.936053225904900046e+02 1.200555635501350662e+04 1.237892272711047735e+04
9.946053531099307747e+02 1.199578227019222322e+04 1.239980658176475481e+04
9.956053836293717723e+02 1.200499266040464681e+04 1.241000880264642183e+04
9.966054141488127698e+02 1.200850443195911794e+04 1.242453393509463967e+04
9.976054446682537673e+02 1.201893763586216119e+04 1.239548794934875696e+04
9.986054751876945375e+02 1.200718034303852983e+04 1.236967017412047426e+04
9.996055057071355350e+02 1.197930670769571407e+04 1.238173906470511793e+04
1.000605536226576305e+03 1.199195796712187803e+04 1.241273589999779506e+04
1.001605566746017075e+03 1.201882669877802800e+04 1.242216094834676005e+04
1.002605597265458073e+03 1.200950190140162158e+04 1.240446796897451532e+04
1.003605627784898843e+03 1.199425231893941782e+04 1.239397478370942736e+04
1.004605658304339840e+03 1.202952800526503052e+04 1.243097501712202393e+04
1.005605688823780611e+03 1.202966126798049481e+04 1.241867089726525228e+04
1.006605719343221381e+03 1.200034951395342432e+04 1.243153266607193473e+04
1.007605749862662606e+03 1.200451215509124268e+04 1.243784527709076428e+04
1.008605780382103376e+03 1.198463250011747550e+04 1.245928209629476623e+04
1.009605810901544373e+03 1.200494721861189100e+04 1.246054165589566946e+04
1.010605841420985143e+03 1.203356734008826606e+04 1.243308437963757751e+04
1.011605871940425914e+03 1.199278276209404612e+04 1.243865325494443277e+04
1.012605902459866911e+03 1.196587764891403822e+04 1.242199544274924847e+04
1.013605932979307681e+03 1.202033898501341173e+04 1.240366887897875131e+04
1.014605963498748679e+03 1.205801814017659854e+04 1.240763489510035288e+04
1.015605994018189449e+03 1.202141855383949223e+04 1.242171814919281860e+04
1.016606024537630447e+03 1.200759096351929111e+04 1.241307953576902582e+04
1.017606055057071217e+03 1.201087867242067841e+04 1.239229893615424226e+04
1.018606085576511987e+03 1.198898143660813548e+04 1.240809814564571570e+04
1.019606116095953212e+03 1.202116156551776658e+04 1.244781874533184782e+04
1.020606146615393982e+03 1.209347511770160781e+04 1.245006293279087549e+04
1.021606177134834979e+03 1.211270727261817046e+04 1.247466588954778854e+04
1.022606207654275750e+03 1.211921761449713813e+04 1.248497270813133218e+04
1.023606238173716520e+03 1.213730319255494578e+04 1.247108544791862187e+04
1.024606268693157517e+03 1.213213775282456299e+04 1.249382145136637155e+04
1.025606299212598287e+03 1.212721009616317860e+04 1.250299464727351187e+04
1.026606329732039285e+03 1.213395498782098548e+04 1.249183160915008193e+04
1.027606360251480055e+03 1.215803818481058988e+04 1.248475073128926488e+04
1.028606390770920825e+03 1.214846916805816727e+04 1.248374979940249250e+04
1.029606421290361823e+03 1.213935000229856814e+04 1.251439167226732388e+04
1.030606451809802820e+03 1.216410129057659651e+04 1.251820044950614101e+04
1.031606482329243818e+03 1.216938522101338822e+04 1.254801393072924111e+04
1.032606512848684588e+03 1.217900864862565868e+04 1.255970906983051646e+04
1.033606543368125585e+03 1.215721139870593288e+04 1.255777945506869401e+04
1.034606573887566356e+03 1.210274149638032031e+04 1.258540607330628336e+04
1.035606604407007126e+03 1.208785026981401097e+04 1.257463974326998687e+04
1.036606634926448123e+03 1.209258250536388005e+04 1.259491738291309593e+04
1.037606665445888893e+03 1.208453147875292416e+04 1.263839689453520805e+04
1.038606695965329891e+03 1.206843836214629846e+04 1.265486621153420492e+04
1.039606726484770661e+03 1.204115661548382195e+04 1.267783950236422424e+04
1.040606757004211431e+03 1.204552616257382761e+04 1.271771414981975431e+04
1.041606787523652429e+03 1.206604857911629733e+04 1.273057373515985637e+04
1.042606818043093426e+03 1.203713059501775206e+04 1.275319842716055973e+04
1.043606848562534424e+03 1.201514510754060029e+04 1.277758129007648859e+04
1.044606879081975194e+03 1.203008252318481755e+04 1.278230494401872602e+04
1.045606909601415964e+03 1.203977292880648565e+04 1.277496728236204399e+04
1.046606940120856962e+03 1.201035104923409745e+04 1.279745916023201607e+04
1.047606970640297732e+03 1.198034885975450561e+04 1.281471871235126855e+04
1.048607001159738729e+03 1.198375767170990912e+04 1.281411564987317252e+04
1.049607031679179499e+03 1.198814947586276503e+04 1.286431790307602387e+04
1.050607062198620497e+03 1.197813308298131051e+04 1.288671203923927169e+04
1.051607092718061267e+03 1.196079243205524290e+04 1.285739600789459837e+04
1.052607123237502037e+03 1.197383731574078229e+04 1.287516380177473911e+04
1.053607153756943262e+03 1.197765412207721965e+04 1.290227385546899677e+04
1.054607184276384032e+03 1.198205327308947017e+04 1.291813935246136862e+04
1.055607214795825030e+03 1.199701825238970559e+04 1.292895239803555705e+04
1.056607245315265800e+03 1.194689928081764083e+04 1.299792924812613819e+04
1.057607275834706570e+03 1.196218805555991639e+04 1.305445070251118523e+04
1.058607306354147568e+03 1.197695198864196391e+04 1.307620702057167546e+04
1.059607336873588338e+03 1.195104241655507940e+04 1.305918505020004886e+04
1.060607367393029335e+03 1.192584242144884593e+04 1.303667170224020992e+04
1.061607397912470105e+03 1.189728075234184507e+04 1.301353266211076880e+04
1.062607428431910876e+03 1.191429633991261289e+04 1.300539489713467083e+04
1.063607458951351873e+03 1.195227473218701562e+04 1.298872591652592746e+04
1.064607489470792871e+03 1.195574456821297827e+04 1.300966290142760590e+04
1.065607519990233868e+03 1.190251577723630544e+04 1.296678229031290721e+04
1.066607550509674638e+03 1.186541869368766311e+04 1.289249847171260990e+04
1.067607581029115636e+03 1.181550684302386435e+04 1.284035446721811604e+04
1.068607611548556406e+03 1.180099549222371388e+04 1.281569084691693024e+04
1.069607642067997176e+03 1.179063792230847139e+04 1.279263305787522586e+04
1.070607672587438174e+03 1.175202506179053671e+04 1.274470621824128284e+04
1.071607703106878944e+03 1.173460695171964653e+04 1.269714020507523310e+04
1.072607733626319941e+03 1.172219202749936630e+04 1.265028582951135104e+04
1.073607764145760711e+03 1.168858002690346621e+04 1.257020189964944620e+04
1.074607794665201482e+03 1.167534720367036425e+04 1.249157887446058885e+04
1.075607825184642479e+03 1.171131803804061929e+04 1.243257802835484108e+04
1.076607855704083477e+03 1.173675069040571907e+04 1.235990446656785025e+04
1.077607886223524474e+03 1.170957032389182314e+04 1.228678353250761029e+04
1.078607916742965244e+03 1.168686112877395863e+04 1.224954188172463182e+04
1.079607947262406014e+03 1.168995910554010152e+04 1.216139056542791150e+04
1.080607977781847012e+03 1.167015851850547551e+04 1.211323894295366517e+04
1.081608008301287782e+03 1.167683540764519057e+04 1.208917065771370289e+04
1.082608038820728780e+03 1.165765362886873118e+04 1.205861326029878728e+04
1.083608069340169550e+03 1.161059712724957717e+04 1.198064214080431884e+04
1.084608099859610547e+03 1.160308588764146225e+04 1.190734784538794338e+04
1.085608130379051318e+03 1.159296849187732369e+04 1.186039602495052532e+04
1.086608160898492088e+03 1.160972611805350789e+04 1.177444666380991839e+04
1.087608191417933313e+03 1.161207757657817274e+04 1.168213312084487370e+04
1.088608221937374083e+03 1.161024682748034320e+04 1.160321631261258881e+04
1.089608252456815080e+03 1.159916291259505306e+04 1.155113140621389903e+04
1.090608282976255850e+03 1.155402205469665387e+04 1.149426360239441965e+04
1.091608313495696621e+03 1.151722947089835725e+04 1.147997388560211220e+04
1.092608344015137618e+03 1.150174810716200045e+04 1.144241239575265536e+04
1.093608374534578388e+03 1.148968727060341553e+04 1.136257981812104481e+04
1.094608405054019386e+03 1.145253308643949276e+04 1.131113606334161523e+04
1.095608435573460156e+03 1.137425778190682286e+04 1.128934547731214843e+04
1.096608466092901153e+03 1.128437457601180540e+04 1.125054066050973415e+04
1.097608496612341924e+03 1.122176588605529287e+04 1.120905687789947115e+04
1.098608527131782921e+03 1.120164186098538630e+04 1.116661025850262013e+04
1.099608557651223919e+03 1.118787999748880793e+04 1.112358208996216490e+04
1.100608588170664689e+03 1.117239850430405022e+04 1.104947983900525105e+04
1.101608618690105686e+03 1.113158533088375771e+04 1.093891566160536968e+04
1.102608649209546456e+03 1.111240902771180663e+04 1.086663018788047521e+04
1.103608679728987227e+03 1.109515878146626892e+04 1.075769035058108966e+04
1.104608710248428224e+03 1.104443420358549884e+04 1.072944832874980966e+04
1.105608740767868994e+03 1.099552817886356934e+04 1.074072650172214162e+04
1.106608771287309992e+03 1.096565948301356548e+04 1.073569298423230794e+04
1.107608801806750762e+03 1.095086859158370680e+04 1.072415341810664358e+04
1.108608832326191532e+03 1.093493435578313802e+04 1.065753275531793224e+04
1.109608862845632530e+03 1.089789311857606299e+04 1.062558973422399504e+04
1.110608893365073527e+03 1.083845170927239815e+04 1.058818783540676304e+04
1.111608923884514525e+03 1.083424827989296500e+04 1.052710204248785158e+04
1.112608954403955295e+03 1.082963447771581014e+04 1.051681364913634388e+04
1.113608984923396065e+03 1.079208473402091113e+04 1.054233617944368052e+04
1.114609015442837062e+03 1.074953771994449380e+04 1.050993107448333103e+04
1.115609045962277833e+03 1.069976521003476410e+04 1.048672940009875674e+04
1.116609076481718830e+03 1.064930240791942742e+04 1.045576056114109815e+04
1.117609107001159600e+03 1.057725442861695592e+04 1.044847758545284523e+04
1.118609137520600598e+03 1.049420252724261445e+04 1.043276254333781617e+04
1.119609168040041368e+03 1.043017030924626488e+04 1.041334413381015293e+04
1.120609198559482138e+03 1.040853986053693006e+04 1.039324374394304687e+04
1.121609229078923363e+03 1.033953157641210601e+04 1.035905171157756922e+04
1.122609259598364133e+03 1.021690040732148918e+04 1.031304747899052200e+04
1.123609290117805131e+03 1.011186195764741569e+04 1.026942973229812742e+04
1.124609320637245901e+03 1.003851566233702761e+04 1.023553249612299624e+04
1.125609351156686671e+03 9.933932781692323260e+03 1.021282972597124353e+04
1.126609381676127668e+03 9.812260100946707098e+03 1.016578848628218839e+04
1.127609412195568439e+03 9.730215528968574290e+03 1.004833726052421480e+04
1.128609442715009436e+03 9.618693519535980158e+03 9.991879527468166998e+03
1.129609473234450206e+03 9.514238608400613884e+03 9.932167220868859658e+03
1.130609503753891204e+03 9.438435913200428331e+03 9.870328450231656461e+03
1.131609534273331974e+03 9.341413798924115326e+03 9.787516672587909852e+03
1.132609564792772744e+03 9.214231811527572063e+03 9.701321727320762875e+03
1.133609595312213969e+03 9.068350838418413332e+03 9.627002286230706886e+03
1.134609625831654739e+03 8.937035785844787824e+03 9.530219796787534506e+03
1.135609656351095737e+03 8.822396760482664831e+03 9.430873682540262962e+03
1.136609686870536507e+03 8.755693924841529224e+03 9.335206742101096097e+03
1.137609717389977277e+03 8.672969909857845778e+03 9.199026589695995426e+03
1.138609747909418275e+03 8.561682422305470027e+03 9.023641884721117094e+03
1.139609778428859045e+03 8.463676397699517111e+03 8.907540984717690662e+03
1.140609808948300042e+03 8.333194974246660422e+03 8.848161899230621202e+03
1.141609839467740812e+03 8.246014445292057644e+03 8.758641724670749682e+03
1.142609869987181582e+03 8.155178807564984709e+03 8.661093152399937026e+03
1.143609900506622580e+03 8.073665895138463384e+03 8.562972778024919535e+03
1.144609931026063578e+03 7.972674736825822947e+03 8.464443588006575737e+03
1.145609961545504575e+03 7.850740782369220142e+03 8.334533432964040912e+03
1.146609992064945345e+03 7.768086353831307861e+03 8.211474267394834897e+03
1.147610022584386343e+03 7.718678121109776839e+03 8.117573253290603134e+03
1.148610053103827113e+03 7.633772317599129565e+03 8.003552366201121913e+03
1.149610083623267883e+03 7.521174951442385463e+03 7.894725261237918858e+03
1.150610114142708881e+03 7.430052343608764204e+03 7.727618606356235432e+03
1.151610144662149651e+03 7.313651336089325923e+03 7.547727389517061965e+03
1.152610175181590648e+03 7.185618212082397804e+03 7.402917942697941726e+03
1.153610205701031418e+03 7.080068438551242252e+03 7.295812867154844753e+03
1.154610236220472189e+03 6.985534591785190059e+03 7.253857324119080658e+03
1.155610266739913413e+03 6.874234724337818989e+03 7.185497317805272360e+03
1.156610297259354184e+03 6.762502366633055317e+03 7.103886634207060524e+03
1.157610327778795181e+03 6.663655715000710188e+03 7.017960703121099868e+03
1.158610358298235951e+03 6.534283069385295676e+03 6.915638306709535755e+03
1.159610388817676721e+03 6.391402589797622568e+03 6.790785461134102661e+03
1.160610419337117719e+03 6.242737798507484513e+03 6.717210986147127187e+03
1.161610449856558489e+03 6.113320060747751995e+03 6.597547673794691036e+03
1.162610480375999487e+03 5.998301255298471006e+03 6.468581065419984952e+03
1.163610510895440257e+03 5.926632222774927868e+03 6.387791873164487697e+03
1.164610541414881254e+03 5.881269071898964285e+03 6.307853507264413565e+03
1.165610571934322024e+03 5.840614520433364305e+03 6.229551490165047653e+03
1.166610602453762795e+03 5.768972601477898024e+03 6.174012057319150699e+03
1.167610632973204019e+03 5.649821140077605378e+03 6.128378987619496002e+03
1.168610663492644790e+03 5.574260447613867655e+03 6.060773556584449580e+03
1.169610694012085787e+03 5.515247732220689613e+03 5.992552548436653524e+03
1.170610724531526557e+03 5.462504804400778994e+03 5.913080748172975291e+03
1.171610755050967327e+03 5.452850114469692926e+03 5.810950026132315543e+03
1.172610785570408325e+03 5.414368815366018680e+03 5.754063412976035579e+03
1.173610816089849095e+03 5.375606864634429257e+03 5.740932111569265544e+03
1.174610846609290093e+03 5.329532857454733858e+03 5.643989082971716016e+03
1.175610877128730863e+03 5.307467616872364488e+03 5.578446167894257087e+03
1.176610907648171633e+03 5.276279130644943507e+03 5.490270342476869700e+03
1.177610938167612630e+03 5.213183528389353341e+03 5.421816928269009622e+03
1.178610968687053628e+03 5.147886551346563465e+03 5.333369335296291865e+03
1.179610999206494625e+03 5.091330621602774954e+03 5.205695779768946522e+03
1.180611029725935396e+03 5.030921823033920191e+03 5.169636028944650207e+03
1.181611060245376393e+03 4.973026279588651050e+03 5.135801516003212782e+03
1.182611090764817163e+03 4.937493253027662831e+03 5.068288293900875033e+03
1.183611121284257933e+03 4.878124613990330545e+03 5.035176614571646496e+03
1.184611151803698931e+03 4.843740703983109597e+03 5.011119874060365873e+03
1.185611182323139701e+03 4.793245068470499064e+03 4.974273156580702562e+03
1.186611212842580699e+03 4.752539251194471944e+03 4.865819341539173365e+03
1.187611243362021469e+03 4.724536599116736397e+03 4.770664335433283668e+03
1.188611273881462239e+03 4.703018704625919781e+03 4.661600775426725704e+03
1.189611304400903464e+03 4.709099071785616616e+03 4.542765310819975639e+03
1.190611334920344234e+03 4.667353911457013055e+03 4.457033681477261780e+03
1.191611365439785232e+03 4.615822645624652068e+03 4.342096302984918111e+03
1.192611395959226002e+03 4.527508193469480830e+03 4.242987440384205911e+03
1.193611426478666772e+03 4.402248926468690115e+03 4.192845675465704517e+03
1.194611456998107769e+03 4.278549704134754393e+03 4.162454995975490419e+03
1.195611487517548539e+03 4.170413205179028409e+03 4.123734911774145075e+03
1.196611518036989537e+03 4.083496447498815996e+03 4.131732851100956395e+03
1.197611548556430307e+03 4.019363442533217494e+03 4.145542992734101063e+03
1.198611579075871305e+03 3.967091833730931285e+03 4.158435897948165803e+03
1.199611609595312075e+03 3.934504721694304862e+03 4.109456201955580582e+03
1.200611640114752845e+03 3.858953146508576992e+03 4.058692913091947503e+03
1.201611670634194070e+03 3.771640347157020642e+03 3.995135246488910525e+03
1.202611701153634840e+03 3.728483674470385722e+03 3.918215154237183924e+03
1.203611731673075838e+03 3.677940872324574229e+03 3.867136523611397479e+03
1.204611762192516608e+03 3.653349067735956851e+03 3.844885298063376922e+03
1.205611792711957378e+03 3.653910808776257909e+03 3.824501183838249744e+03
1.206611823231398375e+03 3.634304501628214439e+03 3.762187784213467694e+03
1.207611853750839146e+03 3.614623206435446264e+03 3.698306887800200457e+03
1.208611884270280143e+03 3.574641597456650743e+03 3.651884069243174508e+03
1.209611914789720913e+03 3.534329121971496988e+03 3.589941130784489815e+03
1.210611945309161683e+03 3.471802452233423537e+03 3.560727894462146651e+03
1.211611975828602681e+03 3.387066466488108745e+03 3.522806504351050989e+03
1.212612006348043678e+03 3.294363965092995841e+03 3.462813395198380476e+03
1.213612036867484676e+03 3.206066535254617520e+03 3.417986909810671023e+03
1.214612067386925446e+03 3.160945031549259966e+03 3.384071765417849747e+03
1.215612097906366444e+03 3.086507302724919555e+03 3.343942532508896875e+03
1.216612128425807214e+03 3.032303653602303257e+03 3.300568397884292608e+03
1.217612158945247984e+03 2.948574953969005492e+03 3.268508626798543901e+03
1.218612189464688981e+03 2.866448093641805826e+03 3.229490595504078101e+03
1.219612219984129752e+03 2.833870869739062982e+03 3.177379398156645948e+03
1.220612250503570749e+03 2.767154127020298802e+03 3.122639139199276542e+03
1.221612281023011519e+03 2.719206976759660392e+03 3.086900256867110784e+03
1.222612311542452289e+03 2.696684152723946681e+03 3.040521903696461777e+03
1.223612342061893287e+03 2.659015164937550253e+03 3.030234891282180797e+03
1.224612372581334284e+03 2.644724748473977797e+03 3.017284039587779262e+03
1.225612403100775282e+03 2.644136891531491074e+03 3.027643220384963570e+03
1.226612433620216052e+03 2.593574612197035094e+03 3.015153567700328495e+03
1.227612464139656822e+03 2.557881447926126384e+03 2.951961061742323182e+03
1.228612494659097820e+03 2.540795202972107290e+03 2.913265282617129742e+03
1.229612525178538590e+03 2.473090950482929657e+03 2.885018572127710740e+03
1.230612555697979587e+03 2.424597174076305237e+03 2.846265531385823579e+03
1.231612586217420358e+03 2.396620797100351865e+03 2.804935016971377081e+03
1.232612616736861355e+03 2.364510675909488782e+03 2.772713099380667245e+03
1.233612647256302125e+03 2.318297185865406846e+03 2.739035080561981886e+03
1.234612677775742895e+03 2.268915357339443290e+03 2.702266328837789388e+03
1.235612708295184120e+03 2.226620669442756480e+03 2.667687388002001171e+03
1.236612738814624890e+03 2.169921830666657115e+03 2.594920856672043556e+03
1.237612769334065888e+03 2.107808377359800943e+03 2.541430969549446672e+03
1.238612799853506658e+03 2.078607354594953904e+03 2.502991355486676639e+03
1.239612830372947428e+03 2.071563587440924493e+03 2.492627562783536177e+03
1.240612860892388426e+03 2.070954549118740943e+03 2.469132288669374248e+03
1.241612891411829196e+03 2.060838523089528735e+03 2.477635143025790512e+03
1.242612921931270193e+03 2.052540175487165470e+03 2.468399084438053251e+03
1.243612952450710964e+03 2.022805462225746851e+03 2.404274328297234661e+03
1.244612982970151734e+03 1.944684183739646414e+03 2.324807347326527179e+03
1.245613013489592731e+03 1.897873289931550516e+03 2.273420112192398847e+03
1.246613044009033729e+03 1.851570343419175970e+03 2.233786521289198390e+03
1.247613074528474726e+03 1.792605227681167435e+03 2.150781565769870213e+03
1.248613105047915496e+03 1.750758791318432941e+03 2.105474282753509215e+03
1.249613135567356494e+03 1.683984390190742488e+03 2.093324635309590576e+03
1.250613166086797264e+03 1.623684361306964092e+03 1.998945552925098127e+03
1.251613196606238034e+03 1.543047972024646242e+03 1.905198388368600945e+03
1.252613227125679032e+03 1.457626022173323918e+03 1.843966614614856780e+03
1.253613257645119802e+03 1.418060586709631934e+03 1.787786146536064280e+03
1.254613288164560799e+03 1.376890746386776755e+03 1.743713550262952594e+03
1.255613318684001570e+03 1.322123490755028797e+03 1.703827982219263504e+03
1.256613349203442340e+03 1.253611547084696213e+03 1.625341671650196986e+03
1.257613379722883337e+03 1.211716621517347448e+03 1.527756386799937445e+03
1.258613410242324335e+03 1.194267174266897200e+03 1.437406465990333345e+03
1.259613440761765332e+03 1.183487391390162884e+03 1.366042474420133885e+03
1.260613471281206103e+03 1.144428584603145964e+03 1.268636018658700323e+03
1.261613501800646873e+03 1.085938266480527545e+03 1.165382657639288936e+03
1.262613532320087870e+03 1.051666191992578206e+03 1.091505473057589825e+03
1.263613562839528640e+03 1.007072917742660593e+03 1.003118365785976380e+03
1.264613593358969638e+03 9.544162847046179650e+02 9.228650753227437917e+02
1.265613623878410408e+03 8.791754736966249766e+02 8.302869832875210250e+02
1.266613654397851406e+03 8.059429072551886293e+02 7.648646187966616026e+02
1.267613684917292176e+03 7.408141410997367302e+02 6.852442551184947206e+02
1.268613715436732946e+03 6.532224191448385682e+02 5.882193006727834472e+02
1.269613745956174171e+03 5.818493104165967225e+02 4.812841367118039670e+02
1.270613776475614941e+03 5.157102357697521029e+02 3.847871441060360667e+02
1.271613806995055938e+03 4.413337054168250120e+02 2.489877557182855980e+02
1.272613837514496709e+03 3.555637271734479441e+02 9.597277213239067351e+01
1.273613868033937479e+03 3.078975013866158292e+02 -2.422502269057349622e+01
1.274613898553378476e+03 2.367974005476993966e+02 -1.382507682377242872e+02
1.275613929072819246e+03 1.445406547678405786e+02 -2.506647606151259424e+02
1.276613959592260244e+03 6.691174319979040774e+01 -3.860171887095480088e+02
1.277613990111701014e+03 -3.657384842708069073e+01 -5.243696285042335603e+02
1.278614020631141784e+03 -1.368864911451142916e+02 -6.537829320982543777e+02
1.279614051150582782e+03 -2.141601347425005315e+02 -7.893768021871596829e+02
1.280614081670023779e+03 -3.365520866606936465e+02 -9.297746463196631339e+02
1.281614112189464777e+03 -4.446075353819524025e+02 -1.046589351939358949e+03
1.282614142708905547e+03 -5.503351046489724467e+02 -1.136904156408265180e+03
1.283614173228346544e+03 -6.273061949856333968e+02 -1.250594410257285062e+03
1.284614203747787315e+03 -7.643984536978405231e+02 -1.366161717944421298e+03
1.285614234267228085e+03 -9.604184967071198571e+02 -1.513689615464028748e+03
1.286614264786669082e+03 -1.086069784500700734e+03 -1.655619496936374162e+03
1.287614295306109852e+03 -1.239174337976294737e+03 -1.810843962790060459e+03
1.288614325825550850e+03 -1.410037133767685191e+03 -1.989287589372223465e+03
1.289614356344991620e+03 -1.546670338976765152e+03 -2.162451119411704440e+03
1.290614386864432390e+03 -1.682600283257039564e+03 -2.318156223142546878e+03
1.291614417383873388e+03 -1.832152329278218986e+03 -2.491538525075839061e+03
1.292614447903314385e+03 -1.976773709926854735e+03 -2.674923190012591476e+03
1.293614478422755383e+03 -2.110412086365416599e+03 -2.834021973379384235e+03
1.294614508942196153e+03 -2.239589007457429943e+03 -3.039626984544529023e+03
1.295614539461636923e+03 -2.345724171703585853e+03 -3.276696194566613030e+03
1.296614569981077921e+03 -2.457152646830251342e+03 -3.484207445906272824e+03
1.297614600500518691e+03 -2.592626000168358587e+03 -3.684515555816849428e+03
1.298614631019959688e+03 -2.715857416533171090e+03 -3.885681229447543956e+03
1.299614661539400458e+03 -2.843222706854398439e+03 -4.067566417192508197e+03
1.300614692058841456e+03 -2.975162577976205739e+03 -4.263519199240749003e+03
1.301614722578282226e+03 -3.110861509804046818e+03 -4.464583476363929549e+03
1.302614753097722996e+03 -3.215745267736469486e+03 -4.634402989042424451e+03
1.303614783617164221e+03 -3.355990388857819653e+03 -4.785255898537563553e+03
1.304614814136604991e+03 -3.500950513680028962e+03 -4.921055362695798976e+03
1.305614844656045989e+03 -3.585316303970969784e+03 -5.080562319489454239e+03
1.306614875175486759e+03 -3.689598280999833150e+03 -5.244421637886453937e+03
1.307614905694927529e+03 -3.826455023294382499e+03 -5.387398696203724285e+03
1.308614936214368527e+03 -3.932849155020799117e+03 -5.506433507232659395e+03
1.309614966733809297e+03 -4.026533215515323718e+03 -5.636596666117102359e+03
1.310614997253250294e+03 -4.135966163886534559e+03 -5.796275928440243661e+03
1.311615027772691064e+03 -4.244976498726727186e+03 -5.948495183553081006e+03
1.312615058292132062e+03 -4.343736242039612989e+03 -6.053087056161299188e+03
1.313615088811572832e+03 -4.427487113790302828e+03 -6.177215225631485737e+03
1.314615119331013602e+03 -4.532412725153396423e+03 -6.304376539724513350e+03
1.315615149850454827e+03 -4.654583211369342280e+03 -6.380452327219858489e+03
1.316615180369895597e+03 -4.786106315976345286e+03 -6.462753294084217487e+03
1.317615210889336595e+03 -4.929150459519004471e+03 -6.550382472837560272e+03
1.318615241408777365e+03 -5.044518093342094289e+03 -6.614327231306643625e+03
1.319615271928218135e+03 -5.142792600164567375e+03 -6.636794945112232199e+03
1.320615302447659133e+03 -5.264181102687166458e+03 -6.704817037810836155e+03
1.321615332967099903e+03 -5.393298135315533727e+03 -6.797004212255312268e+03
1.322615363486540900e+03 -5.490946472157314020e+03 -6.830344435801089276e+03
1.323615394005981670e+03 -5.609488287358451089e+03 -6.845102007308748398e+03
1.324615424525422441e+03 -5.731482318675080933e+03 -6.887889948612748412e+03
1.325615455044863438e+03 -5.872920115229526346e+03 -6.919611309261077622e+03
1.326615485564304436e+03 -6.023508183890828150e+03 -6.936516028245841881e+03
1.327615516083745433e+03 -6.102228158725065441e+03 -7.008925848406416662e+03
1.328615546603186203e+03 -6.187227875768453487e+03 -7.113693091507185272e+03
1.329615577122626974e+03 -6.343623437780497625e+03 -7.177087196041055904e+03
1.330615607642067971e+03 -6.473570037393093116e+03 -7.220565838238793731e+03
1.331615638161508741e+03 -6.488789958467851648e+03 -7.271062408621598479e+03
1.332615668680949739e+03 -6.560062982420803564e+03 -7.280652785350548584e+03
1.333615699200390509e+03 -6.719023371744610813e+03 -7.317861428309722214e+03
1.334615729719831506e+03 -6.835484925894328626e+03 -7.345625956120920819e+03
1.335615760239272277e+03 -6.928616171769908760e+03 -7.405519611636131231e+03
1.336615790758713047e+03 -7.047407247102157271e+03 -7.462387414569352586e+03
1.337615821278154272e+03 -7.116918298658505591e+03 -7.490325226362261674e+03
1.338615851797595042e+03 -7.148492338553626723e+03 -7.569836305408070984e+03
1.339615882317036039e+03 -7.245351347182785503e+03 -7.683212823540487079e+03
1.340615912836476809e+03 -7.355508523705593689e+03 -7.784439002446573795e+03
1.341615943355917580e+03 -7.444457154576425637e+03 -7.920126865935713795e+03
1.342615973875358577e+03 -7.535253285141829110e+03 -7.967950478107137315e+03
1.343616004394799347e+03 -7.607815914214397708e+03 -7.991474631359114937e+03
1.344616034914240345e+03 -7.682970657709155603e+03 -8.024504399218174512e+03
1.345616065433681115e+03 -7.734491494725509256e+03 -8.059901165267372562e+03
1.346616095953122112e+03 -7.814451212724863581e+03 -8.083331159626666704e+03
1.347616126472562883e+03 -7.877111740441083384e+03 -8.150613236939314447e+03
1.348616156992003653e+03 -7.896383585040252910e+03 -8.200523601547924045e+03
1.349616187511444878e+03 -7.939773517669424109e+03 -8.219543345303733076e+03
1.350616218030885648e+03 -7.967297977247886593e+03 -8.281555639339349000e+03
1.351616248550326645e+03 -8.041590472773317742e+03 -8.332827805600732972e+03
1.352616279069767415e+03 -8.158596630045245547e+03 -8.352855200788291768e+03
1.353616309589208186e+03 -8.209712215407238546e+03 -8.419022410217934521e+03
1.354616340108649183e+03 -8.248357297218914027e+03 -8.455474105936522392e+03
1.355616370628089953e+03 -8.313531957184442945e+03 -8.533661160406032650e+03
1.356616401147530951e+03 -8.402075888095692790e+03 -8.587897038335484467e+03
1.357616431666971721e+03 -8.482536589708439351e+03 -8.653653514841487777e+03
1.358616462186412491e+03 -8.525338190824737467e+03 -8.708945553720848693e+03
1.359616492705853489e+03 -8.587976934623204215e+03 -8.744033577588477783e+03
1.360616523225294486e+03 -8.662817837281176253e+03 -8.791378594662875912e+03
1.361616553744735484e+03 -8.715165369657661358e+03 -8.843154985534612933e+03
1.362616584264176254e+03 -8.759971842974609899e+03 -8.892165809575873936e+03
1.363616614783617251e+03 -8.806101264920973335e+03 -8.964432900661389795e+03
1.364616645303058021e+03 -8.877520147030858425e+03 -9.026859786447135775e+03
1.365616675822498792e+03 -8.962648412444186761e+03 -9.098954489222409393e+03
1.366616706341939789e+03 -9.030331575086360317e+03 -9.171455820470262552e+03
1.367616736861380559e+03 -9.091927296824207588e+03 -9.215450277078154613e+03
1.368616767380821557e+03 -9.161308297316425524e+03 -9.307176638672184708e+03
1.369616797900262327e+03 -9.257803555615548248e+03 -9.419713959155393241e+03
1.370616828419703097e+03 -9.307243175200221231e+03 -9.509905631514593551e+03
1.371616858939144095e+03 -9.351921624350279671e+03 -9.546994326812753570e+03
1.372616889458585092e+03 -9.391801358386148422e+03 -9.568175169886468211e+03
1.373616919978026090e+03 -9.436593681431595542e+03 -9.622724606655345269e+03
1.374616950497466860e+03 -9.542346210868212438e+03 -9.650081816919004268e+03
1.375616981016907630e+03 -9.566940008438781661e+03 -9.698389221765133698e+03
1.376617011536348627e+03 -9.598120598601290112e+03 -9.732014284358627265e+03
1.377617042055789398e+03 -9.668436290783833101e+03 -9.776334499986100127e+03
1.378617072575230395e+03 -9.733254971664408004e+03 -9.813000145407822856e+03
1.379617103094671165e+03 -9.776888595924197944e+03 -9.848979484799838247e+03
1.380617133614112163e+03 -9.782838929273852045e+03 -9.916446252852601901e+03
1.381617164133552933e+03 -9.787493825346784433e+03 -9.995422089283048990e+03
1.382617194652993703e+03 -9.807771476410836840e+03 -1.003604771815872846e+04
1.383617225172434928e+03 -9.861912353391111537e+03 -1.009459951557435670e+04
1.384617255691875698e+03 -9.926650033101846930e+03 -1.012748845731889742e+04
1.385617286211316696e+03 -1.000460122030582534e+04 -1.014915331180525754e+04
1.386617316730757466e+03 -1.002679989491065862e+04 -1.016830939969995597e+04
1.387617347250198236e+03 -1.005735298902275463e+04 -1.017745581540228704e+04
1.388617377769639234e+03 -1.012751214791206075e+04 -1.021961194753300879e+04
1.389617408289080004e+03 -1.016277306159092041e+04 -1.028572243832219465e+04
1.390617438808521001e+03 -1.020318257814889876e+04 -1.031082998321204468e+04
1.391617469327961771e+03 -1.026509974734554635e+04 -1.034726113392380830e+04
1.392617499847402541e+03 -1.030684252521822418e+04 -1.042329639238160780e+04
1.393617530366843539e+03 -1.029670644189420091e+04 -1.043500193201978982e+04
1.394617560886284537e+03 -1.029594961268661973e+04 -1.046434931150605371e+04
1.395617591405725534e+03 -1.036782068550083568e+04 -1.049407355314133747e+04
1.396617621925166304e+03 -1.040654482159362306e+04 -1.055077373208622157e+04
1.397617652444607302e+03 -1.044870617736011809e+04 -1.059095922500093729e+04
1.398617682964048072e+03 -1.050924761099422722e+04 -1.061727105388970085e+04
1.399617713483488842e+03 -1.051858405744936863e+04 -1.067260870604697629e+04
1.400617744002929840e+03 -1.056798361613692032e+04 -1.068278023995040348e+04
1.401617774522370610e+03 -1.062822811814569468e+04 -1.069148107654308478e+04
1.402617805041811607e+03 -1.066455140282891989e+04 -1.070205560425951808e+04
1.403617835561252377e+03 -1.070044139652242848e+04 -1.067228893533672635e+04
1.404617866080693148e+03 -1.069899903116658425e+04 -1.068915555896484693e+04
1.405617896600134145e+03 -1.071849036608334427e+04 -1.073937717025958227e+04
1.406617927119575143e+03 -1.074663942581237279e+04 -1.075933941525354385e+04
1.407617957639016140e+03 -1.078311423117945378e+04 -1.078951081165742289e+04
1.408617988158456910e+03 -1.084224884965745878e+04 -1.086231268523056497e+04
1.409618018677897680e+03 -1.090166586069496043e+04 -1.089958896061788255e+04
1.410618049197338678e+03 -1.094311551057990619e+04 -1.091611029131415489e+04
1.411618079716779448e+03 -1.095002744529149459e+04 -1.097327117870050824e+04
1.412618110236220446e+03 -1.098294120454125732e+04 -1.101307836941622190e+04
1.413618140755661216e+03 -1.108324016750640658e+04 -1.101635069746926638e+04
1.414618171275102213e+03 -1.118063589244846298e+04 -1.101970370392009318e+04
1.415618201794542983e+03 -1.122500587908495072e+04 -1.103236520899019524e+04
1.416618232313983754e+03 -1.124585396987693821e+04 -1.104767494203720707e+04
1.417618262833424978e+03 -1.127375327367903446e+04 -1.106847589332874122e+04
1.418618293352865749e+03 -1.126304307914507081e+04 -1.115843799737709014e+04
1.419618323872306746e+03 -1.128770420723846837e+04 -1.118111802749807066e+04
1.420618354391747516e+03 -1.130207975570295093e+04 -1.116749385910215278e+04
1.421618384911188286e+03 -1.131351870733784017e+04 -1.116679153414506618e+04
1.422618415430629284e+03 -1.134452996654733033e+04 -1.118783584907391923e+04
1.423618445950070054e+03 -1.135890064543042899e+04 -1.124876100975994996e+04
1.424618476469511052e+03 -1.138136647879183511e+04 -1.122904195809298290e+04
1.425618506988951822e+03 -1.137602226890895690e+04 -1.126089789743671827e+04
1.426618537508392592e+03 -1.135597356394375311e+04 -1.129976367023122293e+04
1.427618568027833589e+03 -1.137016999427622613e+04 -1.128738569727161666e+04
1.428618598547274587e+03 -1.138642995710421928e+04 -1.128852987488562030e+04
1.429618629066715584e+03 -1.133119235311812008e+04 -1.132987014608986101e+04
1.430618659586156355e+03 -1.128542227866197754e+04 -1.139510413912181502e+04
1.431618690105597352e+03 -1.126796610537926790e+04 -1.140481354109667700e+04
1.432618720625038122e+03 -1.125227299356908770e+04 -1.143332037799767750e+04
1.433618751144478892e+03 -1.124049072816792250e+04 -1.149499283407894109e+04
1.434618781663919890e+03 -1.122496220028543212e+04 -1.152947844062233162e+04
1.435618812183360660e+03 -1.122437447651402181e+04 -1.154796599358366075e+04
1.436618842702801658e+03 -1.123725657103326739e+04 -1.158280201543979092e+04
1.437618873222242428e+03 -1.123225728393098689e+04 -1.161408093695210482e+04
1.438618903741683198e+03 -1.119335942551963490e+04 -1.159229583371570152e+04
1.439618934261124195e+03 -1.119048106904391716e+04 -1.157055598840699349e+04
1.440618964780565193e+03 -1.124851287991814570e+04 -1.158909723533575743e+04
1.441618995300006191e+03 -1.131472834091387631e+04 -1.158418998746980651e+04
1.442619025819446961e+03 -1.133023290495116271e+04 -1.162443335225470037e+04
1.443619056338887731e+03 -1.138482521026568065e+04 -1.163969627744132231e+04
1.444619086858328728e+03 -1.144504613992960003e+04 -1.166124088606665828e+04
1.445619117377769498e+03 -1.146601117326806525e+04 -1.168746244701762589e+04
1.446619147897210496e+03 -1.152027621372556132e+04 -1.168408305222305353e+04
1.447619178416651266e+03 -1.154283226131916854e+04 -1.170833851415625759e+04
1.448619208936092264e+03 -1.154991489719704077e+04 -1.172456687795881226e+04
1.449619239455533034e+03 -1.158762578518234113e+04 -1.171307027573436790e+04
1.450619269974973804e+03 -1.162505163208968224e+04 -1.173128479391039582e+04
1.451619300494415029e+03 -1.167605997715812919e+04 -1.173293626004255566e+04
1.452619331013855799e+03 -1.175409677581726282e+04 -1.174449077777599268e+04
1.453619361533296797e+03 -1.182094454229254916e+04 -1.176624620335144573e+04
1.454619392052737567e+03 -1.182160284064597363e+04 -1.175691092577660311e+04
1.455619422572178337e+03 -1.183184854634628027e+04 -1.177975509606295782e+04
1.456619453091619334e+03 -1.185617999258550481e+04 -1.177542065477611322e+04
1.457619483611060105e+03 -1.185508323515852499e+04 -1.174627806857650467e+04
1.458619514130501102e+03 -1.190877087257340099e+04 -1.174296127287916170e+04
1.459619544649941872e+03 -1.192887604492462742e+04 -1.174146985367179695e+04
1.460619575169382642e+03 -1.193285096351969878e+04 -1.171602755994599465e+04
1.461619605688823640e+03 -1.192444192743130043e+04 -1.171576034157350296e+04
1.462619636208264410e+03 -1.194281112315609971e+04 -1.170201277640675107e+04
1.463619666727705635e+03 -1.195994291195307051e+04 -1.170219600320038808e+04
1.464619697247146405e+03 -1.195667503706002572e+04 -1.169138363551142538e+04
1.465619727766587403e+03 -1.194772729181123759e+04 -1.170734418053496120e+04
1.466619758286028173e+03 -1.194300279320059963e+04 -1.172504375798128240e+04
1.467619788805468943e+03 -1.196826989378389044e+04 -1.172214034653570343e+04
1.468619819324909940e+03 -1.198353915810283434e+04 -1.173228593775588524e+04
1.469619849844350711e+03 -1.201139789003046826e+04 -1.172087453783717319e+04
1.470619880363791708e+03 -1.204961040001043875e+04 -1.173635563566870769e+04
1.471619910883232478e+03 -1.207131060992426137e+04 -1.176048762615291344e+04
1.472619941402673248e+03 -1.208416261028329063e+04 -1.175815421043479000e+04
1.473619971922114246e+03 -1.210127053593925848e+04 -1.174128920327154810e+04
1.474620002441555243e+03 -1.213259916908321065e+04 -1.172608315905393465e+04
1.475620032960996241e+03 -1.217775884519051942e+04 -1.171475484353591673e+04
1.476620063480437011e+03 -1.221957576702657389e+04 -1.167736569346939905e+04
1.477620093999877781e+03 -1.227433272307027073e+04 -1.164462666778221501e+04
1.478620124519318779e+03 -1.235583729021335239e+04 -1.162290482974828956e+04
1.479620155038759549e+03 -1.241229518033475870e+04 -1.163925994642460682e+04
1.480620185558200546e+03 -1.243985403004553154e+04 -1.168181491542727235e+04
1.481620216077641317e+03 -1.242632312920392178e+04 -1.168574506724664752e+04
1.482620246597082314e+03 -1.238066059102743748e+04 -1.170125429978139255e+04
1.483620277116523084e+03 -1.233563766982068955e+04 -1.172608966783536380e+04
1.484620307635963854e+03 -1.233898764613861385e+04 -1.170249165702944811e+04
1.485620338155405079e+03 -1.237564204433548184e+04 -1.174878425352605882e+04
1.486620368674845849e+03 -1.237237561659538005e+04 -1.180681790967677443e+04
1.487620399194286847e+03 -1.233396684267965429e+04 -1.186525449035090787e+04
1.488620429713727617e+03 -1.230297184022028159e+04 -1.189815885624570910e+04
1.489620460233168160e+03 -1.225615635811036555e+04 -1.190528156349939854e+04
1.490620490752609385e+03 -1.220606328043710892e+04 -1.193161571858069510e+04
1.491620521272050382e+03 -1.215889958712241059e+04 -1.196213088034729481e+04
1.492620551791491152e+03 -1.213856216026882976e+04 -1.200015397334983572e+04
1.493620582310932150e+03 -1.208755159477037887e+04 -1.206324419179877805e+04
1.494620612830372693e+03 -1.205077194255419272e+04 -1.212079408779136065e+04
1.495620643349813918e+03 -1.206413428830043995e+04 -1.219016836977441199e+04
1.496620673869254460e+03 -1.208602316664118007e+04 -1.226600764034982603e+04
1.497620704388695685e+03 -1.208818117674930727e+04 -1.233374784911783354e+04
1.498620734908136228e+03 -1.209031520473501405e+04 -1.235608377532088525e+04
1.499620765427577453e+03 -1.209755983890520838e+04 -1.240502253768990340e+04
1.500620795947017996e+03 -1.208534337967089414e+04 -1.244763956276193858e+04
1.501620826466458993e+03 -1.208068806083041272e+04 -1.244714556498741695e+04
1.502620856985900218e+03 -1.205397457252718414e+04 -1.246283692921202055e+04
1.503620887505340761e+03 -1.204439489656409205e+04 -1.251978390257528008e+04
1.504620918024781986e+03 -1.199898967807576446e+04 -1.257693957835612127e+04
1.505620948544222529e+03 -1.195007168075793015e+04 -1.258544513639065372e+04
1.506620979063663526e+03 -1.189869287292484478e+04 -1.267182378461114058e+04
1.507621009583104296e+03 -1.182379458665119273e+04 -1.276318256265208583e+04
1.508621040102545294e+03 -1.179486423875494438e+04 -1.282272919667264250e+04
1.509621070621986064e+03 -1.177787620523300575e+04 -1.287672738811303861e+04
1.510621101141427062e+03 -1.182072542198795236e+04 -1.290970058667751982e+04
1.511621131660867604e+03 -1.189216268208935617e+04 -1.290473804053032836e+04
1.512621162180308829e+03 -1.195613696716794402e+04 -1.292980594948986982e+04
1.513621192699749372e+03 -1.199483835585364250e+04 -1.298568171171478389e+04
1.514621223219190597e+03 -1.200363294721324201e+04 -1.300295129951592207e+04
1.515621253738631594e+03 -1.201430237187317471e+04 -1.301003563752276023e+04
1.516621284258072365e+03 -1.200771575783563276e+04 -1.305047361847849425e+04
1.517621314777513362e+03 -1.198945182125083375e+04 -1.306693317265318183e+04
1.518621345296953905e+03 -1.200831523868254044e+04 -1.306891676026161622e+04
1.519621375816395130e+03 -1.203819642108255357e+04 -1.310211075296104354e+04
1.520621406335835673e+03 -1.205271107329565893e+04 -1.316131783962316331e+04
1.521621436855276897e+03 -1.207197507718549605e+04 -1.321101458452767110e+04
1.522621467374717440e+03 -1.206434572787022807e+04 -1.327104752299432039e+04
1.523621497894158438e+03 -1.207170210963359750e+04 -1.334358499168996786e+04
1.524621528413599208e+03 -1.208383803107186213e+04 -1.332057425791111382e+04
1.525621558933040205e+03 -1.205945873374486837e+04 -1.329315621906422348e+04
1.526621589452481430e+03 -1.205762952202443739e+04 -1.322628395507961068e+04
1.527621619971921973e+03 -1.206198734087822231e+04 -1.319174840655704611e+04
1.528621650491362971e+03 -1.208244955950016083e+04 -1.323419968056198195e+04
1.529621681010803741e+03 -1.214414276847810834e+04 -1.323775097177192583e+04
1.530621711530244738e+03 -1.221491283293758170e+04 -1.325036366358867053e+04
1.531621742049685508e+03 -1.227248301960569734e+04 -1.326013352601071711e+04
1.532621772569126506e+03 -1.229190757826292611e+04 -1.323690304438605199e+04
1.533621803088567276e+03 -1.234192902201145444e+04 -1.319941213775777032e+04
1.534621833608008274e+03 -1.236764783310740677e+04 -1.316772523485509373e+04
1.535621864127448816e+03 -1.241451000454821042e+04 -1.312477717425638548e+04
1.536621894646890041e+03 -1.247074674122073520e+04 -1.310043997919917092e+04
1.537621925166331266e+03 -1.247163961690590986e+04 -1.307635159557691259e+04
1.538621955685771582e+03 -1.250162882855033058e+04 -1.303675466061463885e+04
1.539621986205212806e+03 -1.251535834572143540e+04 -1.298814431137830252e+04
1.540622016724653577e+03 -1.251024825191990385e+04 -1.295954824270331119e+04
1.541622047244094347e+03 -1.253446792677759004e+04 -1.293123283066172553e+04
1.542622077763535117e+03 -1.253936275233560445e+04 -1.289018058548567569e+04
1.543622108282976342e+03 -1.252256701130945839e+04 -1.285133645876999435e+04
1.544622138802417112e+03 -1.253824117597060285e+04 -1.284136735988988221e+04
1.545622169321857882e+03 -1.253902720619781394e+04 -1.276636235249473975e+04
1.546622199841298652e+03 -1.251522117337599229e+04 -1.274186537151346602e+04
1.547622230360739877e+03 -1.254911946750969946e+04 -1.278126894383100625e+04
1.548622260880180647e+03 -1.256351276857882840e+04 -1.276069686847173944e+04
1.549622291399621417e+03 -1.255544671814405410e+04 -1.275225477803521972e+04
1.550622321919062642e+03 -1.257466649012935341e+04 -1.273202302319848241e+04
1.551622352438502958e+03 -1.258003755771256328e+04 -1.275712776726080301e+04
1.552622382957944183e+03 -1.259562576524523320e+04 -1.277178570713698900e+04
1.553622413477384953e+03 -1.262197276259568571e+04 -1.274100010492675392e+04
1.554622443996826178e+03 -1.264806990193084675e+04 -1.274623137499215773e+04
1.555622474516266493e+03 -1.267846609105658536e+04 -1.276588146363050146e+04
1.556622505035707718e+03 -1.268736326821679177e+04 -1.277586937560349361e+04
1.557622535555148488e+03 -1.265303667544373093e+04 -1.282054781494582130e+04
1.558622566074589258e+03 -1.259993014237422904e+04 -1.290399648516248089e+04
1.559622596594030483e+03 -1.257301364875511354e+04 -1.294527547362229234e+04
1.560622627113471253e+03 -1.254625508211124543e+04 -1.289959315847872313e+04
1.561622657632912478e+03 -1.255179055916160542e+04 -1.288981543410217091e+04
1.562622688152352794e+03 -1.258352197596077895e+04 -1.288860660393889520e+04
1.563622718671794019e+03 -1.258615225168635152e+04 -1.287056452014289789e+04
1.564622749191234789e+03 -1.257714569392726844e+04 -1.288124122099936176e+04
1.565622779710675559e+03 -1.257487694066020777e+04 -1.291804763131644540e+04
1.566622810230116329e+03 -1.258046312991882405e+04 -1.291648416481846289e+04
1.567622840749557554e+03 -1.257789195048400506e+04 -1.290085726383973451e+04
1.568622871268997869e+03 -1.257251040229079808e+04 -1.292935521457501818e+04
1.569622901788439094e+03 -1.261002098532105265e+04 -1.291449823949162419e+04
1.570622932307879864e+03 -1.263339182222079580e+04 -1.299984939115224552e+04
1.571622962827321089e+03 -1.261956468485624464e+04 -1.306101163666881439e+04
1.572622993346761859e+03 -1.260584901182221802e+04 -1.310549211589551851e+04
1.573623023866202630e+03 -1.261885562694427426e+04 -1.310443937575761993e+04
1.574623054385643854e+03 -1.262027771470714833e+04 -1.303107033978279469e+04
1.575623084905084170e+03 -1.260590977932062015e+04 -1.298342554755723359e+04
1.576623115424525395e+03 -1.259321823950654834e+04 -1.296003575503467982e+04
1.577623145943966165e+03 -1.255677136840339517e+04 -1.292613871859711799e+04
1.578623176463407390e+03 -1.252841971095052577e+04 -1.290541485578097127e+04
1.579623206982847705e+03 -1.252801039029508502e+04 -1.292523881558458379e+04
1.580623237502288930e+03 -1.251602694121381137e+04 -1.290326426619456470e+04
1.581623268021729700e+03 -1.250747977341405203e+04 -1.289911003631343192e+04
1.582623298541170470e+03 -1.250466867393098801e+04 -1.291662257488812975e+04
1.583623329060611695e+03 -1.252446849971174197e+04 -1.292392861420949885e+04
1.584623359580052465e+03 -1.254607949945357359e+04 -1.291426302429348107e+04
1.585623390099493236e+03 -1.254764943717130154e+04 -1.290505337931841859e+04
1.586623420618934006e+03 -1.256869045546121924e+04 -1.289758814991571126e+04
1.587623451138375231e+03 -1.257996105346890363e+04 -1.285348862621947956e+04
1.588623481657816001e+03 -1.260174721568719178e+04 -1.280750433060292380e+04
1.589623512177256771e+03 -1.261572691300811675e+04 -1.279675301683426187e+04
1.590623542696697541e+03 -1.262485842244272135e+04 -1.276343499427090501e+04
1.591623573216138766e+03 -1.260473308079660455e+04 -1.276721002556923304e+04
1.592623603735579081e+03 -1.262320043754063772e+04 -1.273980446069540267e+04
1.593623634255020306e+03 -1.263731892766621058e+04 -1.267996230581016971e+04
1.594623664774461531e+03 -1.264362613772615987e+04 -1.269072032749538084e+04
1.595623695293902301e+03 -1.270475238724582596e+04 -1.266438241034803650e+04
1.596623725813343071e+03 -1.272462682630941345e+04 -1.266424769055277102e+04
1.597623756332783842e+03 -1.270684978068078453e+04 -1.266383428673183880e+04
1.598623786852225066e+03 -1.275396058336527858e+04 -1.265182550320346309e+04
1.599623817371665382e+03 -1.278711734272023023e+04 -1.269197688180479599e+04
1.600623847891106607e+03 -1.278613035166594273e+04 -1.268257830600410671e+04
1.601623878410547377e+03 -1.275905932506102545e+04 -1.263351903156006847e+04
1.602623908929988147e+03 -1.279881297175410873e+04 -1.260502828274565945e+04
1.603623939449428917e+03 -1.286284121635728116e+04 -1.257420100063547034e+04
1.604623969968870142e+03 -1.287680542313728802e+04 -1.251894604080472163e+04
1.605624000488311367e+03 -1.292406180690491237e+04 -1.246619134863569889e+04
1.606624031007751682e+03 -1.296607350693207263e+04 -1.249535536469525869e+04
1.607624061527192907e+03 -1.297556227992863933e+04 -1.254277722704646840e+04
1.608624092046633677e+03 -1.298511605109942320e+04 -1.257795481772576204e+04
1.609624122566074448e+03 -1.300542179468658105e+04 -1.261687176581976564e+04
1.610624153085515218e+03 -1.300387738913231988e+04 -1.266797024745843555e+04
1.611624183604956443e+03 -1.301085632445451847e+04 -1.269464014053251594e+04
1.612624214124397213e+03 -1.303049555104463616e+04 -1.272882841257322616e+04
1.613624244643837983e+03 -1.301410281157412282e+04 -1.272128392417047144e+04
1.614624275163278753e+03 -1.299696171156251148e+04 -1.266972448548567263e+04
1.615624305682719978e+03 -1.300454544841000643e+04 -1.265894439504725051e+04
1.616624336202160748e+03 -1.300183209854507913e+04 -1.259948293484382521e+04
1.617624366721601518e+03 -1.301332912816420321e+04 -1.251257483053695796e+04
1.618624397241042743e+03 -1.303912262633308819e+04 -1.245240978019719478e+04
1.619624427760483059e+03 -1.306340064626025014e+04 -1.243185731957485768e+04
1.620624458279924283e+03 -1.306878348324757826e+04 -1.243640105739564751e+04
1.621624488799365054e+03 -1.312226940688546165e+04 -1.243920749362913375e+04
1.622624519318806279e+03 -1.315764745744114225e+04 -1.244991685091369800e+04
1.623624549838246594e+03 -1.313560619054953531e+04 -1.244596629964250133e+04
1.624624580357687819e+03 -1.315168671338310196e+04 -1.242046309609206037e+04
1.625624610877128589e+03 -1.319361867288563190e+04 -1.238617080893901766e+04
1.626624641396569359e+03 -1.319679751961136208e+04 -1.238047281603677948e+04
1.627624671916010129e+03 -1.318894063202332472e+04 -1.238956441749307669e+04
1.628624702435451354e+03 -1.319872338292058885e+04 -1.239268409321370564e+04
1.629624732954892579e+03 -1.322447235596896098e+04 -1.239583225824537476e+04
1.630624763474332894e+03 -1.322890686150072179e+04 -1.236731355132133649e+04
1.631624793993774119e+03 -1.320397138200477639e+04 -1.236869245904316813e+04
1.632624824513214890e+03 -1.321454574825798954e+04 -1.234729260780372533e+04
1.633624855032655660e+03 -1.324070166167396201e+04 -1.234693185760706911e+04
1.634624885552096430e+03 -1.327783893492174138e+04 -1.233464208590082490e+04
1.635624916071537655e+03 -1.330310639318888025e+04 -1.230984999104711460e+04
1.636624946590977970e+03 -1.328054434451103771e+04 -1.232349074257505890e+04
1.637624977110419195e+03 -1.327254710856700694e+04 -1.229406519740838485e+04
1.638625007629859965e+03 -1.326716784289353745e+04 -1.229015411962377948e+04
1.639625038149301190e+03 -1.325818137345202013e+04 -1.235476897973287487e+04
1.640625068668741960e+03 -1.325269813150193113e+04 -1.236262492261468105e+04
1.641625099188182730e+03 -1.325248652050763303e+04 -1.235885280036039876e+04
1.642625129707623955e+03 -1.325780672886829598e+04 -1.234373898371431278e+04
1.643625160227064271e+03 -1.327806108666652653e+04 -1.231509881338907144e+04
1.644625190746505496e+03 -1.327751455634462218e+04 -1.229171283839010721e+04
1.645625221265946266e+03 -1.321351216426774408e+04 -1.220364692841830038e+04
1.646625251785387491e+03 -1.316959323467432841e+04 -1.217202581523469962e+04
1.647625282304827806e+03 -1.322194981393799935e+04 -1.218295452064876736e+04
1.648625312824269031e+03 -1.323147224854559681e+04 -1.216815621418491173e+04
1.649625343343709801e+03 -1.312660287395050000e+04 -1.216733501144901675e+04
1.650625373863150571e+03 -1.309670499813599235e+04 -1.216685495805320534e+04
1.651625404382591796e+03 -1.314907194527001957e+04 -1.212768308662240997e+04
1.652625434902032566e+03 -1.313840922784624308e+04 -1.210390067049472964e+04
1.653625465421473336e+03 -1.313100712270192525e+04 -1.205939480323684984e+04
1.654625495940914107e+03 -1.314332118926799376e+04 -1.202907248173419794e+04
1.655625526460355331e+03 -1.310402961062854592e+04 -1.198873271375819786e+04
1.656625556979796102e+03 -1.305432043682936091e+04 -1.198081070784894291e+04
1.657625587499236872e+03 -1.304665416253179865e+04 -1.195709319058784786e+04
1.658625618018677642e+03 -1.304680514511573529e+04 -1.188668085404066369e+04
1.659625648538118867e+03 -1.305482559257899629e+04 -1.183602444264397855e+04
1.660625679057559182e+03 -1.305747974407049696e+04 -1.182868890405443926e+04
1.661625709577000407e+03 -1.303898191277581282e+04 -1.178882686621480207e+04
1.662625740096441632e+03 -1.304978552446945650e+04 -1.177453830237173679e+04
1.663625770615882402e+03 -1.303153403506073664e+04 -1.180744643954768435e+04
1.664625801135323172e+03 -1.302005791088327351e+04 -1.187519824384029016e+04
1.665625831654763942e+03 -1.299061049560777792e+04 -1.190971363418820329e+04
1.666625862174205167e+03 -1.295165774997914377e+04 -1.192475846899991666e+04
1.667625892693645483e+03 -1.292751012104363144e+04 -1.197602656766001019e+04
1.668625923213086708e+03 -1.289343337939669800e+04 -1.198827313729410707e+04
1.669625953732527478e+03 -1.292111389107488139e+04 -1.197130710207103766e+04
1.670625984251968248e+03 -1.296792465605050711e+04 -1.203059984197917220e+04
1.671626014771409018e+03 -1.295057548242461780e+04 -1.210373180343212334e+04
1.672626045290850243e+03 -1.292373472396053330e+04 -1.214169757053999092e+04
1.673626075810291468e+03 -1.290986664809483045e+04 -1.220052117938864649e+04
1.674626106329731783e+03 -1.293734784562292225e+04 -1.221162987571305348e+04
1.675626136849173008e+03 -1.295499151588769564e+04 -1.222742863389533159e+04
1.676626167368613778e+03 -1.293907181744455193e+04 -1.228585445349622205e+04
1.677626197888054548e+03 -1.292915517834545062e+04 -1.236875493668914169e+04
1.678626228407495319e+03 -1.292868547351379857e+04 -1.243733937103296921e+04
1.679626258926936544e+03 -1.292352762881771014e+04 -1.247375439251532043e+04
1.680626289446377314e+03 -1.290304500824859133e+04 -1.252940665675977471e+04
1.681626319965818084e+03 -1.288744487996475436e+04 -1.260364978706902184e+04
1.682626350485258854e+03 -1.291650374378396009e+04 -1.264640636389908286e+04
1.683626381004700079e+03 -1.294679112529051417e+04 -1.266285127788877435e+04
1.684626411524140849e+03 -1.293557228220303477e+04 -1.269141506367439615e+04
1.685626442043581619e+03 -1.293725346603519029e+04 -1.275385767913174277e+04
1.686626472563022844e+03 -1.294649575049287159e+04 -1.275296674892893498e+04
1.687626503082463614e+03 -1.296018695724069039e+04 -1.277812864889416778e+04
1.688626533601904384e+03 -1.294134563099016123e+04 -1.282647838962589049e+04
1.689626564121345154e+03 -1.291963470374016651e+04 -1.286688378621362972e+04
1.690626594640786379e+03 -1.289231508172921713e+04 -1.288384285387740783e+04
1.691626625160226695e+03 -1.289287215352130806e+04 -1.294242988091745428e+04
1.692626655679667920e+03 -1.297291673826202714e+04 -1.299858661212022162e+04
1.693626686199108690e+03 -1.296548242235814178e+04 -1.299756803959714853e+04
1.694626716718549460e+03 -1.293063593686237618e+04 -1.301953781507874010e+04
1.695626747237990230e+03 -1.296398324451751068e+04 -1.302083060537879828e+04
1.696626777757431455e+03 -1.299623753239569669e+04 -1.304530081887318738e+04
1.697626808276872680e+03 -1.299576249023521450e+04 -1.306504858248073833e+04
1.698626838796312995e+03 -1.296655067944492475e+04 -1.308161121438174814e+04
1.699626869315754220e+03 -1.292695908577678347e+04 -1.312190778926893290e+04
1.700626899835194990e+03 -1.293242922451001687e+04 -1.311845750705307182e+04
1.701626930354635761e+03 -1.296651731468549769e+04 -1.308884301254360980e+04
1.702626960874076531e+03 -1.298280224232984619e+04 -1.305441093964161519e+04
1.703626991393517756e+03 -1.301197586114950718e+04 -1.299770536247736891e+04
1.704627021912958526e+03 -1.300355599180048011e+04 -1.294800389821578210e+04
1.705627052432399296e+03 -1.298998121535340397e+04 -1.295547601028035388e+04
1.706627082951840066e+03 -1.301541998730442356e+04 -1.294170508125018750e+04
1.707627113471281291e+03 -1.303823251000003074e+04 -1.295705497404924245e+04
1.708627143990722061e+03 -1.305583224148381487e+04 -1.298275204200195913e+04
1.709627174510162831e+03 -1.308297319768739908e+04 -1.298392992515320475e+04
1.710627205029604056e+03 -1.310543072916398341e+04 -1.296870218032514276e+04
1.711627235549044372e+03 -1.308845995549522559e+04 -1.295497306226200271e+04
1.712627266068485596e+03 -1.306575559570353653e+04 -1.297451357696101695e+04
1.713627296587926367e+03 -1.312073132759654982e+04 -1.295809591211986481e+04
1.714627327107367591e+03 -1.314568827469818825e+04 -1.294936181216472141e+04
1.715627357626807907e+03 -1.315581996129092113e+04 -1.302309357730359625e+04
1.716627388146249132e+03 -1.317565033426723312e+04 -1.302912789431986312e+04
1.717627418665689902e+03 -1.316295370221717712e+04 -1.302206841616392558e+04
1.718627449185130672e+03 -1.320799498086078529e+04 -1.298523955290610866e+04
1.719627479704571897e+03 -1.324092631419923055e+04 -1.293421170371107291e+04
1.720627510224012667e+03 -1.323981836520921206e+04 -1.292541292026075098e+04
1.721627540743453437e+03 -1.323760386576285964e+04 -1.291807761575254881e+04
1.722627571262894207e+03 -1.319868544680647028e+04 -1.290809695219261448e+04
1.723627601782335432e+03 -1.315754762780761666e+04 -1.286767226451106762e+04
1.724627632301776202e+03 -1.313205189598722609e+04 -1.282193477261289263e+04
1.725627662821216973e+03 -1.313867278179777713e+04 -1.280017348512608442e+04
1.726627693340657743e+03 -1.315552513275149431e+04 -1.280159721538899066e+04
1.727627723860098968e+03 -1.316896828072857170e+04 -1.278945837725386627e+04
1.728627754379539283e+03 -1.317733017581831336e+04 -1.273565563962392480e+04
1.729627784898980508e+03 -1.315463221559244448e+04 -1.271073474260878174e+04
1.730627815418421733e+03 -1.315312825380226968e+04 -1.274311040680958831e+04
1.731627845937862503e+03 -1.321422133966294859e+04 -1.273730207053038612e+04
1.732627876457303273e+03 -1.327490473377120907e+04 -1.270100730913036205e+04
1.733627906976744043e+03 -1.326388092739078638e+04 -1.269090318231996389e+04
1.734627937496185268e+03 -1.323044448507004199e+04 -1.268009574839157176e+04
1.735627968015625584e+03 -1.321621287631808082e+04 -1.263144374700197295e+04
1.736627998535066808e+03 -1.317177689992324122e+04 -1.262478844634898996e+04
1.737628029054507579e+03 -1.316433625552791455e+04 -1.259335695492737068e+04
1.738628059573948349e+03 -1.311255333311231880e+04 -1.257086245667117328e+04
1.739628090093389119e+03 -1.309415148260435490e+04 -1.252281251237936340e+04
1.740628120612830344e+03 -1.310176669482060970e+04 -1.252789494300346269e+04
1.741628151132271569e+03 -1.309788995245523256e+04 -1.255090206571382441e+04
1.742628181651711884e+03 -1.310515972473135298e+04 -1.251361798308352991e+04
1.743628212171153109e+03 -1.306280368077547064e+04 -1.246980180333286626e+04
1.744628242690593879e+03 -1.301943059630906464e+04 -1.245476300869033912e+04
1.745628273210034649e+03 -1.300836102958152151e+04 -1.242485530343852406e+04
1.746628303729475419e+03 -1.297680040481471588e+04 -1.239986518494146367e+04
1.747628334248916644e+03 -1.287617968035716513e+04 -1.244688046638951710e+04
1.748628364768357415e+03 -1.279758722604236937e+04 -1.251146998389044529e+04
1.749628395287798185e+03 -1.274396432631182142e+04 -1.256834355690057237e+04
1.750628425807238955e+03 -1.268487805077531448e+04 -1.261445562122932461e+04
1.751628456326680180e+03 -1.263711211710137468e+04 -1.263297335400949123e+04
1.752628486846120495e+03 -1.258827470989589528e+04 -1.261869252759146912e+04
1.753628517365561720e+03 -1.255182148150642934e+04 -1.262187192032177336e+04
1.754628547885002945e+03 -1.253215668970883235e+04 -1.263793137414287230e+04
1.755628578404443715e+03 -1.249819673083660382e+04 -1.261729069584213721e+04
1.756628608923884485e+03 -1.243788167887321106e+04 -1.258887041603893522e+04
1.757628639443325255e+03 -1.239744569282897100e+04 -1.257447127210630788e+04
1.758628669962766480e+03 -1.242933623318439277e+04 -1.253512669519379415e+04
1.759628700482206796e+03 -1.245680204316366689e+04 -1.257887219922943950e+04
1.760628731001648021e+03 -1.244141928579185151e+04 -1.260960963504567553e+04
1.761628761521088791e+03 -1.247213973765555966e+04 -1.264549240416332395e+04
1.762628792040529561e+03 -1.248684822140745382e+04 -1.260994814859958387e+04
1.763628822559970331e+03 -1.247960967101075585e+04 -1.256523617485985960e+04
1.764628853079411556e+03 -1.250329039630947773e+04 -1.254812849243799428e+04
1.765628883598852781e+03 -1.249441047949929089e+04 -1.252378112766089907e+04
1.766628914118293096e+03 -1.247736824537596840e+04 -1.248740977575229226e+04
1.767628944637734321e+03 -1.249134400094612101e+04 -1.247961835023918320e+04
1.768628975157175091e+03 -1.248297791741798392e+04 -1.245688099331121339e+04
1.769629005676615861e+03 -1.247184060126393888e+04 -1.241048670819533436e+04
1.770629036196056632e+03 -1.251497129312200377e+04 -1.239483680312181605e+04
1.771629066715497856e+03 -1.255138686806539226e+04 -1.238234380595212860e+04
1.772629097234938627e+03 -1.251398558693112682e+04 -1.235180596177888765e+04
1.773629127754379397e+03 -1.249189002897085447e+04 -1.234216120972569479e+04
1.774629158273820167e+03 -1.246983790246455828e+04 -1.234740044379321444e+04
1.775629188793261392e+03 -1.243738541181617074e+04 -1.239278013637385448e+04
1.776629219312702162e+03 -1.248003044857294844e+04 -1.239837169875518339e+04
1.777629249832142932e+03 -1.247421657545999733e+04 -1.239551110398721357e+04
1.778629280351584157e+03 -1.243487355713190118e+04 -1.239848217239963378e+04
1.779629310871024472e+03 -1.240202512955020939e+04 -1.236496897560290017e+04
1.780629341390465697e+03 -1.240319204028233617e+04 -1.236206360236546971e+04
1.781629371909906467e+03 -1.239375542725480409e+04 -1.236514750088294022e+04
1.782629402429347692e+03 -1.235806820160952157e+04 -1.239669285293829307e+04
1.783629432948788008e+03 -1.233758580897646425e+04 -1.243119892464190707e+04
1.784629463468229233e+03 -1.231893197821320427e+04 -1.243607457721299761e+04
1.785629493987670003e+03 -1.231238977528380565e+04 -1.247155352622993632e+04
1.786629524507110773e+03 -1.227793701401156977e+04 -1.249522586274817695e+04
1.787629555026551998e+03 -1.227819291877810974e+04 -1.247414158746061185e+04
1.788629585545992768e+03 -1.230515730572128814e+04 -1.250052836064396615e+04
1.789629616065433993e+03 -1.230903919612855316e+04 -1.257923710877337362e+04
1.790629646584874308e+03 -1.229545745994108256e+04 -1.262055938474831237e+04
1.791629677104315533e+03 -1.229124996661519799e+04 -1.261073076485759520e+04
1.792629707623756303e+03 -1.228648701200849609e+04 -1.262081481122854711e+04
1.793629738143197073e+03 -1.232825880939416857e+04 -1.264872483213732266e+04
1.794629768662637844e+03 -1.241283968757256298e+04 -1.263463336349325255e+04
1.795629799182079068e+03 -1.248284121113884612e+04 -1.263058439232840465e+04
1.796629829701519384e+03 -1.256820184465228158e+04 -1.264729750637447978e+04
1.797629860220960609e+03 -1.265678993990484014e+04 -1.261342499093204424e+04
1.798629890740401834e+03 -1.270312259744951916e+04 -1.262741471305567211e+04
1.799629921259842604e+03 -1.270269090839668024e+04 -1.264659651490540818e+04
1.800629951779283374e+03 -1.266478944074699393e+04 -1.267188568374327042e+04
1.801629982298724144e+03 -1.261896186180145014e+04 -1.270742804826939755e+04
1.802630012818165369e+03 -1.262724162527316366e+04 -1.270206155435732762e+04
1.803630043337605684e+03 -1.264662692364635404e+04 -1.273670822738913375e+04
1.804630073857046909e+03 -1.263375220606240327e+04 -1.274356824441374920e+04
1.805630104376487679e+03 -1.258851998463410382e+04 -1.271623242861016661e+04
1.806630134895928904e+03 -1.254534110592372599e+04 -1.268482704808614653e+04
1.807630165415369220e+03 -1.247782113408640907e+04 -1.258876702663764991e+04
1.808630195934810445e+03 -1.241735977298423495e+04 -1.255393890088447915e+04
1.809630226454251215e+03 -1.237236592579406715e+04 -1.258494306713551487e+04
1.810630256973691985e+03 -1.233591489963444110e+04 -1.257795567514558752e+04
1.811630287493133210e+03 -1.227623526703147036e+04 -1.255978299844652247e+04
1.812630318012573980e+03 -1.224040119647059328e+04 -1.259365311268385267e+04
1.813630348532014750e+03 -1.222882917563007140e+04 -1.259358912470746327e+04
1.814630379051455520e+03 -1.221931926850745367e+04 -1.258547232756587982e+04
1.815630409570896745e+03 -1.222156338433122073e+04 -1.259496137718476166e+04
1.816630440090337515e+03 -1.220960722212077053e+04 -1.264214588960708716e+04
1.817630470609778286e+03 -1.219000494475399137e+04 -1.265448797606307562e+04
1.818630501129219056e+03 -1.216593170654165442e+04 -1.262988638400963464e+04
1.819630531648660281e+03 -1.212314877725495535e+04 -1.264708060401106923e+04
1.820630562168100596e+03 -1.210054735725318278e+04 -1.261656663016861057e+04
1.821630592687541821e+03 -1.210903647194427322e+04 -1.256936828392731695e+04
1.822630623206983046e+03 -1.205404759288339665e+04 -1.257685022422921975e+04
1.823630653726423816e+03 -1.200913988214492747e+04 -1.252054480655342195e+04
1.824630684245864586e+03 -1.193792029998514954e+04 -1.250350656171347873e+04
1.825630714765305356e+03 -1.185623361978194407e+04 -1.251966820237152933e+04
1.826630745284746581e+03 -1.180912745016090048e+04 -1.250893355196255288e+04
1.827630775804186896e+03 -1.177431732119818480e+04 -1.249024291980659291e+04
1.828630806323628121e+03 -1.181597893122914684e+04 -1.249824025167987747e+04
1.829630836843068892e+03 -1.187872851673672449e+04 -1.250800883306108335e+04
1.830630867362509662e+03 -1.194522670999054390e+04 -1.251133242125857396e+04
1.831630897881950432e+03 -1.199688207699555642e+04 -1.251291996827912772e+04
1.832630928401391657e+03 -1.200291567136604499e+04 -1.251078241646456809e+04
1.833630958920832882e+03 -1.200450266599998758e+04 -1.250423677639834932e+04
1.834630989440273197e+03 -1.199160740136236564e+04 -1.247970276593847120e+04
1.835631019959714422e+03 -1.197996174533152225e+04 -1.243199003417938911e+04
1.836631050479155192e+03 -1.199931213326991019e+04 -1.239412104867109883e+04
1.837631080998595962e+03 -1.201081007523328299e+04 -1.240187722541652693e+04
1.838631111518036732e+03 -1.202673463813352646e+04 -1.245927572701073223e+04
1.839631142037477957e+03 -1.201923996454932785e+04 -1.245137064754781022e+04
1.840631172556918727e+03 -1.196836622049990729e+04 -1.245326267140614800e+04
1.841631203076359498e+03 -1.197227151182296620e+04 -1.239560320799563488e+04
1.842631233595800268e+03 -1.197389444244408696e+04 -1.239434819682287525e+04
1.843631264115241493e+03 -1.193581257707486839e+04 -1.241992231444581194e+04
1.844631294634682263e+03 -1.193741696094582039e+04 -1.239284960068597502e+04
1.845631325154123033e+03 -1.194196000376147094e+04 -1.239387096141038273e+04
1.846631355673564258e+03 -1.196356822762034608e+04 -1.236961926503309041e+04
1.847631386193004573e+03 -1.204086836511650472e+04 -1.232423066513932827e+04
1.848631416712445798e+03 -1.212046268818444150e+04 -1.230046414529691538e+04
1.849631447231886568e+03 -1.218618203139600155e+04 -1.229660513642067963e+04
1.850631477751327793e+03 -1.219243034455756970e+04 -1.231934012840450487e+04
1.851631508270768109e+03 -1.223342519435225950e+04 -1.230876155870550610e+04
1.852631538790209333e+03 -1.226936884707888385e+04 -1.230699418893992333e+04
1.853631569309650104e+03 -1.231334406493890674e+04 -1.232188251996371218e+04
1.854631599829090874e+03 -1.235692684303957139e+04 -1.233957639274449866e+04
1.855631630348532099e+03 -1.235405834669175238e+04 -1.234316666079201241e+04
1.856631660867972869e+03 -1.239752856654135758e+04 -1.233511584924819726e+04
1.857631691387414094e+03 -1.242096316065779138e+04 -1.237202807563705755e+04
1.858631721906854409e+03 -1.240153552580509495e+04 -1.237074750811669946e+04
1.859631752426295634e+03 -1.241776976379020016e+04 -1.232978465316502843e+04
1.860631782945736404e+03 -1.240636297847064998e+04 -1.230964670169046440e+04
1.861631813465177174e+03 -1.236812531366132862e+04 -1.232573590736199912e+04
1.862631843984617944e+03 -1.238461246640007266e+04 -1.232773037411397490e+04
1.863631874504059169e+03 -1.238438193774630599e+04 -1.231950374778822516e+04
1.864631905023499485e+03 -1.236108426523441085e+04 -1.233205931795016295e+04
1.865631935542940710e+03 -1.238278955903615133e+04 -1.233040880826420289e+04
1.866631966062381935e+03 -1.239928574544637377e+04 -1.231967539486915121e+04
1.867631996581822705e+03 -1.240036128196295977e+04 -1.232837332609243640e+04
1.868632027101263475e+03 -1.243845991317379776e+04 -1.234328060404203825e+04
1.869632057620704245e+03 -1.245433641461750085e+04 -1.233413126930396720e+04
1.870632088140145470e+03 -1.246644563772134825e+04 -1.233954769369175665e+04
1.871632118659585785e+03 -1.248963337228436285e+04 -1.233056193566982802e+04
1.872632149179027010e+03 -1.251098794716992961e+04 -1.233946652718235418e+04
1.873632179698467780e+03 -1.255305235784763681e+04 -1.235608911525732219e+04
1.874632210217909005e+03 -1.256433757845492983e+04 -1.233029883577627879e+04
1.875632240737349321e+03 -1.251215842097024688e+04 -1.232390195057958226e+04
1.876632271256790546e+03 -1.244984330933069759e+04 -1.231109154275500987e+04
1.877632301776231316e+03 -1.243011347214327907e+04 -1.226144859249215733e+04
1.878632332295672086e+03 -1.239823434045200702e+04 -1.223650836608999089e+04
1.879632362815113311e+03 -1.239184781484417908e+04 -1.222354136849570386e+04
1.880632393334554081e+03 -1.243929885233752611e+04 -1.216619003960479131e+04
1.881632423853994851e+03 -1.244029270829052257e+04 -1.216115226492549482e+04
1.882632454373435621e+03 -1.241986505074209344e+04 -1.215539263127369122e+04
1.883632484892876846e+03 -1.243136207232441484e+04 -1.214799015698731637e+04
1.884632515412317616e+03 -1.242367824230285623e+04 -1.212378396851010802e+04
1.885632545931758386e+03 -1.240276906869048253e+04 -1.208853999997499704e+04
1.886632576451199157e+03 -1.238789461039306661e+04 -1.209847347657894170e+04
1.887632606970640381e+03 -1.243124879374079319e+04 -1.208406286947993067e+04
1.888632637490080697e+03 -1.242991514497060780e+04 -1.206935668526701375e+04
1.889632668009521922e+03 -1.239234151513504185e+04 -1.203747968757341368e+04
1.890632698528963147e+03 -1.238934999293105648e+04 -1.202421028645268598e+04
1.891632729048403917e+03 -1.238724557299089247e+04 -1.202534614983507527e+04
1.892632759567844687e+03 -1.237318449225358017e+04 -1.199086657647191714e+04
1.893632790087285457e+03 -1.234475094924006589e+04 -1.193471151308158915e+04
1.894632820606726682e+03 -1.231793083640875375e+04 -1.191065708957707284e+04
1.895632851126166997e+03 -1.228030474730738933e+04 -1.186907174871646384e+04
1.896632881645608222e+03 -1.223916538021728229e+04 -1.181573022413277795e+04
1.897632912165048992e+03 -1.224202559122948151e+04 -1.176422772288836677e+04
1.898632942684489763e+03 -1.223718785158821993e+04 -1.172756362880547204e+04
1.899632973203930533e+03 -1.220974634941272961e+04 -1.172204514286143240e+04
1.900633003723371758e+03 -1.219055900080205720e+04 -1.173742386006469860e+04
1.901633034242812982e+03 -1.221477851949071555e+04 -1.170949471932631968e+04
1.902633064762253298e+03 -1.221899644272541445e+04 -1.173589645494906836e+04
1.903633095281694523e+03 -1.220971417672033749e+04 -1.173409683896933166e+04
1.904633125801135293e+03 -1.223566833145255441e+04 -1.171175624967699150e+04
1.905633156320576063e+03 -1.225190648487511135e+04 -1.177669536002778113e+04
1.906633186840016833e+03 -1.227022954443987874e+04 -1.181306769444374731e+04
1.907633217359458058e+03 -1.227310501957076303e+04 -1.186668219856394353e+04
1.908633247878898828e+03 -1.228754605978187828e+04 -1.187027019266733623e+04
1.909633278398339598e+03 -1.225691636327025844e+04 -1.186424662101133435e+04
1.910633308917780369e+03 -1.226449460998344330e+04 -1.188556081179287321e+04
1.911633339437221593e+03 -1.229136022456751925e+04 -1.190341026056396367e+04
1.912633369956662364e+03 -1.228617247149306604e+04 -1.193266697574059253e+04
1.913633400476103134e+03 -1.232154079480942346e+04 -1.200159824710030080e+04
1.914633430995544359e+03 -1.233187771601192071e+04 -1.205581926612767529e+04
1.915633461514984674e+03 -1.231665813677644837e+04 -1.211842462637601056e+04
1.916633492034425899e+03 -1.236572729564713882e+04 -1.218806509281993567e+04
1.917633522553866669e+03 -1.240378346477206469e+04 -1.224421675158186008e+04
1.918633553073307894e+03 -1.241545144482463729e+04 -1.226132531339244633e+04
1.919633583592748209e+03 -1.240066042103101063e+04 -1.230342732522168990e+04
1.920633614112189434e+03 -1.244253089143134275e+04 -1.236155547474562081e+04
1.921633644631630204e+03 -1.251986357125572795e+04 -1.237679377529373414e+04
1.922633675151070975e+03 -1.255078986061242904e+04 -1.237186159414265603e+04
1.923633705670512200e+03 -1.258977204764868657e+04 -1.243404020503661923e+04
1.924633736189952970e+03 -1.262577645776791542e+04 -1.248717784961968209e+04
1.925633766709394195e+03 -1.263021226843300428e+04 -1.250960309142973892e+04
1.926633797228834510e+03 -1.265618982227393644e+04 -1.256904294322712667e+04
1.927633827748275735e+03 -1.268243479843363639e+04 -1.263518993670673444e+04
1.928633858267716505e+03 -1.266636026255388606e+04 -1.270270864873020037e+04
1.929633888787157275e+03 -1.268065631117275916e+04 -1.272200508610284487e+04
1.930633919306598045e+03 -1.269163039716472122e+04 -1.274666495721446881e+04
1.931633949826039270e+03 -1.266329862965717257e+04 -1.275377958643265993e+04
1.932633980345479586e+03 -1.267893614605563016e+04 -1.274100348297231722e+04
1.933634010864920810e+03 -1.269385775251007362e+04 -1.277235386735746579e+04
1.934634041384361581e+03 -1.270011504678710298e+04 -1.280939735730161919e+04
1.935634071903802806e+03 -1.272666908410313772e+04 -1.280581506049367272e+04
1.936634102423243576e+03 -1.275781478315971799e+04 -1.280732072715915456e+04
1.937634132942684346e+03 -1.278419359310469008e+04 -1.282430654201517973e+04
1.938634163462125571e+03 -1.280195966340666200e+04 -1.284313812997051173e+04
1.939634193981565886e+03 -1.287298349421818421e+04 -1.287390059868563731e+04
1.940634224501007111e+03 -1.289359656999896288e+04 -1.293587746575387064e+04
1.941634255020447881e+03 -1.285080375979283235e+04 -1.302123023635419486e+04
1.942634285539889106e+03 -1.287795464256622654e+04 -1.306306187938316907e+04
1.943634316059329421e+03 -1.292732943017119942e+04 -1.311422794938985317e+04
1.944634346578770646e+03 -1.291700683497908540e+04 -1.312330665925768153e+04
1.945634377098211417e+03 -1.291338665074090386e+04 -1.309592857295734393e+04
1.946634407617652187e+03 -1.293380337419390526e+04 -1.303767643370943188e+04
1.947634438137093412e+03 -1.296826187174525694e+04 -1.298492586007738464e+04
1.948634468656534182e+03 -1.297365983517295172e+04 -1.301999983002634144e+04
1.949634499175974952e+03 -1.296445800004829471e+04 -1.300949699672950010e+04
1.950634529695415722e+03 -1.299187889462454586e+04 -1.301676263138096874e+04
1.951634560214856947e+03 -1.302451579862565450e+04 -1.303700987989199530e+04
1.952634590734297717e+03 -1.304881767117507843e+04 -1.304331701224711105e+04
1.953634621253738487e+03 -1.307635449866670388e+04 -1.301599422422450334e+04
1.954634651773179257e+03 -1.306871981743199649e+04 -1.298795840175734702e+04
1.955634682292620482e+03 -1.308303651796484883e+04 -1.296280550779036639e+04
1.956634712812060798e+03 -1.310338359561142897e+04 -1.293534839681686935e+04
1.957634743331502023e+03 -1.309600716184276644e+04 -1.290578648738712764e+04
1.958634773850943247e+03 -1.309257496515273488e+04 -1.287728746445923025e+04
1.959634804370384018e+03 -1.309020557000733970e+04 -1.282670270187027381e+04
1.960634834889824788e+03 -1.308933235725623854e+04 -1.278137448790894450e+04
1.961634865409265558e+03 -1.310471978723803113e+04 -1.277215409483215990e+04
1.962634895928706783e+03 -1.310237244396246206e+04 -1.276960175944574985e+04
1.963634926448147098e+03 -1.304068553530518875e+04 -1.270012985080405997e+04
1.964634956967588323e+03 -1.298220533584287296e+04 -1.268759183241977189e+04
1.965634987487029093e+03 -1.301720797239344574e+04 -1.265213405380905533e+04
1.966635018006469863e+03 -1.302207221962930998e+04 -1.260534534384844846e+04
1.967635048525910634e+03 -1.291589184309263146e+04 -1.265375243926057556e+04
1.968635079045351858e+03 -1.289474727195471496e+04 -1.263108922919707038e+04
1.969635109564793083e+03 -1.292514085935742332e+04 -1.265525939914190894e+04
1.970635140084233399e+03 -1.291112272977087378e+04 -1.262115890613566989e+04
1.971635170603674624e+03 -1.291668714058130900e+04 -1.262747936060844040e+04
1.972635201123115394e+03 -1.292383118032898346e+04 -1.267390060818525671e+04
1.973635231642556164e+03 -1.286584650085378235e+04 -1.267244183046783655e+04
1.974635262161996934e+03 -1.281913745259965799e+04 -1.267378538906883841e+04
1.975635292681438159e+03 -1.280244145615903108e+04 -1.269415488115894550e+04
1.976635323200878929e+03 -1.278724509933798072e+04 -1.272360988576774253e+04
1.977635353720319699e+03 -1.279533385053406892e+04 -1.276138926779723261e+04
1.978635384239760469e+03 -1.277457255335369155e+04 -1.283127113288645160e+04
1.979635414759201694e+03 -1.273345329135428256e+04 -1.288882753503658569e+04
1.980635445278642464e+03 -1.273735621070297020e+04 -1.285346668824514563e+04
1.981635475798083235e+03 -1.271533766404175003e+04 -1.282250718787156620e+04
1.982635506317524460e+03 -1.268360658604389937e+04 -1.283086215303352219e+04
1.983635536836964775e+03 -1.264468124524872292e+04 -1.281273624214632218e+04
1.984635567356406000e+03 -1.261640609901802600e+04 -1.278435236056994472e+04
1.985635597875846770e+03 -1.256326142240538138e+04 -1.283342922141537565e+04
1.986635628395287995e+03 -1.251353066870036491e+04 -1.282480083682143049e+04
1.987635658914728310e+03 -1.253969103116452061e+04 -1.279905579033108006e+04
1.988635689434169535e+03 -1.257888922818576430e+04 -1.281665054986030555e+04
1.989635719953610305e+03 -1.254878087013401637e+04 -1.279886745504070677e+04
1.990635750473051075e+03 -1.251080534354927113e+04 -1.289612203208564279e+04
1.991635780992491846e+03 -1.250423605351127117e+04 -1.295890992448208817e+04
1.992635811511933071e+03 -1.251806170990421197e+04 -1.301287837092089467e+04
1.993635842031374295e+03 -1.252875556661795781e+04 -1.305367125039114762e+04
1.994635872550814611e+03 -1.251386656562879034e+04 -1.300166270133108992e+04
1.995635903070255836e+03 -1.250928843307261559e+04 -1.295779168709766418e+04
1.996635933589696606e+03 -1.251511451614147336e+04 -1.293760462986461971e+04
1.997635964109137376e+03 -1.251840360978173339e+04 -1.292231381733425587e+04
1.998635994628578146e+03 -1.252550919294559026e+04 -1.291245523780031908e+04
1.999636025148019371e+03 -1.251320639531122833e+04 -1.292932097917853571e+04
2.000636055667459686e+03 -1.254395675681897410e+04 -1.292041839593252735e+04
2.001636086186900911e+03 -1.257911609530258465e+04 -1.291451567357029126e+04
2.002636116706341681e+03 -1.255224201582195747e+04 -1.293112516345767290e+04
2.003636147225782906e+03 -1.255129195219967733e+04 -1.294042706549337709e+04
2.004636177745223677e+03 -1.257713935519998813e+04 -1.291848993392409648e+04
2.005636208264664447e+03 -1.258383400262569558e+04 -1.292873727455129301e+04
2.006636238784105672e+03 -1.256048199997310076e+04 -1.293790497277334362e+04
2.007636269303545987e+03 -1.254406127032377299e+04 -1.286815945945537169e+04
2.008636299822987212e+03 -1.251490518160394276e+04 -1.283114450918199873e+04
2.009636330342427982e+03 -1.253872854594808268e+04 -1.280990743616171312e+04
2.010636360861869207e+03 -1.262973460224278824e+04 -1.278353376111506077e+04
2.011636391381309522e+03 -1.263461331569926369e+04 -1.278887795807746988e+04
2.012636421900750747e+03 -1.260423881121633531e+04 -1.275708167352836972e+04
2.013636452420191517e+03 -1.262671885578443653e+04 -1.268754635475246687e+04
2.014636482939632288e+03 -1.265797482424496593e+04 -1.267746408233283728e+04
2.015636513459073512e+03 -1.264768252395129093e+04 -1.263393078212181535e+04
2.016636543978514283e+03 -1.261888299081230252e+04 -1.261807131008757278e+04
2.017636574497955053e+03 -1.258953123525391129e+04 -1.260085776785778580e+04
2.018636605017395823e+03 -1.259836936755612987e+04 -1.255965053619986793e+04
2.019636635536837048e+03 -1.264338660241250182e+04 -1.259251430330690891e+04
2.020636666056277818e+03 -1.266025040006798554e+04 -1.259727414829071313e+04
2.021636696575718588e+03 -1.269954827000807200e+04 -1.254843645457378807e+04
2.022636727095159358e+03 -1.270833308287363252e+04 -1.250597958015016593e+04
2.023636757614600583e+03 -1.268206627824715724e+04 -1.246755824228205529e+04
2.024636788134040899e+03 -1.269038694921000751e+04 -1.241087384313882467e+04
2.025636818653482123e+03 -1.273588025807929625e+04 -1.232214139601570605e+04
2.026636849172923348e+03 -1.275771104866251517e+04 -1.236611376885955360e+04
2.027636879692364118e+03 -1.277759675392373902e+04 -1.240346351648816926e+04
2.028636910211804889e+03 -1.279491245382691886e+04 -1.241436771706545187e+04
2.029636940731245659e+03 -1.279220271908393624e+04 -1.244831696226429631e+04
2.030636971250686884e+03 -1.277859728831838220e+04 -1.249257594346055521e+04
2.031637001770127199e+03 -1.281042097050375924e+04 -1.252277776824919965e+04
2.032637032289568424e+03 -1.282931941476695829e+04 -1.254843289420977635e+04
2.033637062809009194e+03 -1.284602985283715861e+04 -1.255495992920024219e+04
2.034637093328449964e+03 -1.286384148388739413e+04 -1.250676785257881056e+04
2.035637123847890734e+03 -1.287096995129638344e+04 -1.250898184867486452e+04
2.036637154367331959e+03 -1.292316440854544271e+04 -1.242776952981248178e+04
2.037637184886773184e+03 -1.294679170994240485e+04 -1.236040700083831325e+04
2.038637215406213500e+03 -1.294930454982432821e+04 -1.229699045071571527e+04
2.039637245925654724e+03 -1.296411018786351087e+04 -1.226979478718397149e+04
2.040637276445095495e+03 -1.293249968359976992e+04 -1.226742162843761980e+04
2.041637306964536265e+03 -1.286731988345518948e+04 -1.226130389623361589e+04
2.042637337483977035e+03 -1.282353457250312931e+04 -1.227182248796546810e+04
2.043637368003418260e+03 -1.281715077874192502e+04 -1.227339299560410836e+04
2.044637398522859030e+03 -1.280502275738674507e+04 -1.224952036810764548e+04
2.045637429042299800e+03 -1.281169518590604639e+04 -1.219313047170156460e+04
2.046637459561740570e+03 -1.281796995087560754e+04 -1.215039867777462314e+04
2.047637490081181795e+03 -1.276659544390403425e+04 -1.217396964086992921e+04
2.048637520600622338e+03 -1.275287799360932149e+04 -1.217212186638555613e+04
2.049637551120063108e+03 -1.280579082850718987e+04 -1.218830240984128977e+04
2.050637581639504788e+03 -1.286051527850740968e+04 -1.216041186997832119e+04
2.051637612158944648e+03 -1.284209502190263447e+04 -1.216454383816017435e+04
2.052637642678386328e+03 -1.280199736974942607e+04 -1.215526607694941777e+04
2.053637673197827098e+03 -1.279233332246992177e+04 -1.213065913755582005e+04
2.054637703717267868e+03 -1.274440832655593294e+04 -1.212730279561183852e+04
2.055637734236708638e+03 -1.272234504549530175e+04 -1.211011803877978855e+04
2.056637764756149409e+03 -1.267921313395469042e+04 -1.212143838567748935e+04
2.057637795275590179e+03 -1.265419850961542397e+04 -1.208110510400560997e+04
2.058637825795030949e+03 -1.264104557662255502e+04 -1.207911697868691226e+04
2.059637856314471719e+03 -1.263123872258225856e+04 -1.213096878369426122e+04
2.060637886833913399e+03 -1.263878206510483506e+04 -1.212061547742699440e+04
2.061637917353354169e+03 -1.258463794408383364e+04 -1.211306630835653777e+04
2.062637947872794939e+03 -1.252562609998255903e+04 -1.211748221883914812e+04
2.063637978392235709e+03 -1.252121961103037029e+04 -1.206484354227989570e+04
2.064638008911676479e+03 -1.248706082877855442e+04 -1.202767083524469308e+04
2.065638039431117249e+03 -1.236119190583901582e+04 -1.196928780268806986e+04
2.066638069950558020e+03 -1.229344069395510269e+04 -1.189922413428049913e+04
2.067638100469999699e+03 -1.225485469273878698e+04 -1.189345908984369999e+04
2.068638130989439560e+03 -1.219085657004850145e+04 -1.189007315526156344e+04
2.069638161508881240e+03 -1.214624571533741255e+04 -1.184955229752533705e+04
2.070638192028322010e+03 -1.210889111152770965e+04 -1.183721800731590156e+04
2.071638222547762780e+03 -1.207960596157033979e+04 -1.179665578800108597e+04
2.072638253067203550e+03 -1.202550953578100598e+04 -1.179170565306508797e+04
2.073638283586644320e+03 -1.197598617942832425e+04 -1.173497148768483021e+04
2.074638314106086000e+03 -1.192912853651014848e+04 -1.168083388149510938e+04
2.075638344625525860e+03 -1.188661475337511001e+04 -1.168940537411152582e+04
2.076638375144967540e+03 -1.191390651676453490e+04 -1.167939978687182702e+04
2.077638405664408310e+03 -1.195092006463023245e+04 -1.165265778936220522e+04
2.078638436183849080e+03 -1.192079760969354174e+04 -1.159580764824654398e+04
2.079638466703289851e+03 -1.194327447380172634e+04 -1.154093511165696509e+04
2.080638497222730621e+03 -1.196529838363119416e+04 -1.151998652977984057e+04
2.081638527742171391e+03 -1.195859542043203692e+04 -1.149042004309813638e+04
2.082638558261612161e+03 -1.196615886914268776e+04 -1.149285819156125945e+04
2.083638588781053841e+03 -1.193580626574181770e+04 -1.151887291530001676e+04
2.084638619300494611e+03 -1.192031917944521956e+04 -1.157071709966040180e+04
2.085638649819935381e+03 -1.193078432078280821e+04 -1.162117835828851457e+04
2.086638680339376151e+03 -1.192089962755814304e+04 -1.164617377280579240e+04
2.087638710858816921e+03 -1.193914040476755872e+04 -1.167496802867604674e+04
2.088638741378257691e+03 -1.201262756089336108e+04 -1.172337879033498029e+04
2.089638771897698462e+03 -1.207564662999858592e+04 -1.172329850874058684e+04
2.090638802417139232e+03 -1.204311659861279622e+04 -1.178362268379098532e+04
2.091638832936580911e+03 -1.202300352249755633e+04 -1.185424906573455701e+04
2.092638863456020772e+03 -1.200493657959375378e+04 -1.190108289900409727e+04
2.093638893975462452e+03 -1.197348700357959024e+04 -1.198660442182484258e+04
2.094638924494903222e+03 -1.204620097057938074e+04 -1.199293166503061184e+04
2.095638955014343992e+03 -1.206856568373766095e+04 -1.199735334210455403e+04
2.096638985533784762e+03 -1.204344628192936398e+04 -1.207884438386693182e+04
2.097639016053225532e+03 -1.203203771465461250e+04 -1.214605730109773685e+04
2.098639046572667212e+03 -1.205975630722736969e+04 -1.221057155964358208e+04
2.099639077092107073e+03 -1.206051889996304089e+04 -1.226731771328930517e+04
2.100639107611548752e+03 -1.203506113404052667e+04 -1.232439450572341775e+04
2.101639138130989522e+03 -1.203275739053350662e+04 -1.239218193015439283e+04
2.102639168650430292e+03 -1.203463266495932294e+04 -1.241448487477769049e+04
2.103639199169871063e+03 -1.203413100226853567e+04 -1.244124707810774089e+04
2.104639229689311833e+03 -1.200646660461194188e+04 -1.248443572651672548e+04
2.105639260208753512e+03 -1.201830761829333642e+04 -1.252033225444408708e+04
2.106639290728193373e+03 -1.202487361098288238e+04 -1.253424107176728103e+04
2.107639321247635053e+03 -1.202539819080318557e+04 -1.253604457445694788e+04
2.108639351767075823e+03 -1.204035622006811536e+04 -1.255713589994727772e+04
2.109639382286516593e+03 -1.205506445873915982e+04 -1.262207549265979833e+04
2.110639412805957363e+03 -1.206711070137973002e+04 -1.262511927591481617e+04
2.111639443325398133e+03 -1.211965251176391030e+04 -1.268054246532224715e+04
2.112639473844838903e+03 -1.221832215949149395e+04 -1.269921683634950205e+04
2.113639504364279674e+03 -1.228361612174036236e+04 -1.269984936754969021e+04
2.114639534883720444e+03 -1.236622967447912197e+04 -1.273193671618965163e+04
2.115639565403162123e+03 -1.246397184736181225e+04 -1.271391205072736011e+04
2.116639595922601984e+03 -1.250595349839072151e+04 -1.272338595290321973e+04
2.117639626442043664e+03 -1.249547785925604330e+04 -1.277552855275312322e+04
2.118639656961484434e+03 -1.247912253881315883e+04 -1.277915013376253592e+04
2.119639687480925204e+03 -1.246534740528323528e+04 -1.280368669455748204e+04
2.120639718000365974e+03 -1.246851038284559399e+04 -1.281559093530444261e+04
2.121639748519806744e+03 -1.247594439267424787e+04 -1.277237363591763096e+04
2.122639779039248424e+03 -1.246464085318196885e+04 -1.271035654609778067e+04
2.123639809558688285e+03 -1.242033756661414191e+04 -1.264309530296069534e+04
2.124639840078129964e+03 -1.238184211043531832e+04 -1.260912081430778017e+04
2.125639870597570734e+03 -1.233116573254047944e+04 -1.261852086181270897e+04
2.126639901117011505e+03 -1.227774514866922436e+04 -1.261925449420454424e+04
2.127639931636452275e+03 -1.221246712575450874e+04 -1.263713864975469551e+04
2.128639962155893045e+03 -1.216214294381341278e+04 -1.263614103179743506e+04
2.129639992675334724e+03 -1.209195887586900426e+04 -1.265165266364676972e+04
2.130640023194774585e+03 -1.205922492877236436e+04 -1.263957790034198661e+04
2.131640053714216265e+03 -1.204715960078458374e+04 -1.261491660197697456e+04
2.132640084233657035e+03 -1.202708261692045744e+04 -1.264900523338640050e+04
2.133640114753097805e+03 -1.204764671509943946e+04 -1.262822736879321383e+04
2.134640145272538575e+03 -1.203430130519541308e+04 -1.261873947231229977e+04
2.135640175791979345e+03 -1.200136295379145486e+04 -1.266734067270093146e+04
2.136640206311420116e+03 -1.197792580752555477e+04 -1.267174908877337111e+04
2.137640236830860886e+03 -1.194025708175497493e+04 -1.266930903419142123e+04
2.138640267350301656e+03 -1.193073521029395124e+04 -1.266184733654203046e+04
2.139640297869743335e+03 -1.195868695898280566e+04 -1.258246455763500126e+04
2.140640328389184106e+03 -1.189990826403635583e+04 -1.256835217913392262e+04
2.141640358908624876e+03 -1.182346911841471047e+04 -1.256782664282427322e+04
2.142640389428065646e+03 -1.175727689706011915e+04 -1.254738035873691479e+04
2.143640419947506416e+03 -1.167722799324018342e+04 -1.249861483174425484e+04
2.144640450466947186e+03 -1.162530774583882339e+04 -1.243689192193069721e+04
2.145640480986387956e+03 -1.159082237088453257e+04 -1.239910620842440039e+04
2.146640511505829636e+03 -1.165051060915425114e+04 -1.240089460650834008e+04
2.147640542025269497e+03 -1.173147573056254623e+04 -1.240019668511899181e+04
2.148640572544711176e+03 -1.179146430922572290e+04 -1.235109745641092377e+04
2.149640603064151946e+03 -1.183268809079790117e+04 -1.230851179175634024e+04
2.150640633583592717e+03 -1.182373477885774082e+04 -1.235332344656738860e+04
2.151640664103033487e+03 -1.181734050888960701e+04 -1.233686034134885995e+04
2.152640694622474257e+03 -1.178854685777684426e+04 -1.232293261395331865e+04
2.153640725141915027e+03 -1.177690742189320554e+04 -1.231028412542833212e+04
2.154640755661355797e+03 -1.179273419811933672e+04 -1.228445919218841118e+04
2.155640786180797477e+03 -1.178468653547552640e+04 -1.223887667199946009e+04
2.156640816700238247e+03 -1.179719964166081081e+04 -1.222108642698672702e+04
2.157640847219679017e+03 -1.179061785983405025e+04 -1.218612852925214793e+04
2.158640877739119787e+03 -1.172599447349478942e+04 -1.215148159462148578e+04
2.159640908258560557e+03 -1.170371572052570446e+04 -1.210797552967570664e+04
2.160640938778001328e+03 -1.169496598573453593e+04 -1.206718751392448939e+04
2.161640969297442098e+03 -1.163721479335958975e+04 -1.207798547286107532e+04
2.162640999816883777e+03 -1.161748117070074295e+04 -1.204225432701550562e+04
2.163641030336324548e+03 -1.162514868402700267e+04 -1.198627494517983541e+04
2.164641060855765318e+03 -1.163175470815690278e+04 -1.195598955383800785e+04
2.165641091375206088e+03 -1.169154808148606753e+04 -1.191579453044185175e+04
2.166641121894646858e+03 -1.176490324048441289e+04 -1.188178392670879657e+04
2.167641152414087628e+03 -1.181143719014779890e+04 -1.191166581959656469e+04
2.168641182933528398e+03 -1.181006929507369205e+04 -1.196704406161291809e+04
2.169641213452969168e+03 -1.184944506024698785e+04 -1.199491714324444547e+04
2.170641243972409939e+03 -1.187229085066386688e+04 -1.205382119051059271e+04
2.171641274491850709e+03 -1.189869923141718573e+04 -1.208000312450400634e+04
2.172641305011292388e+03 -1.192935780905067259e+04 -1.203946787781408057e+04
2.173641335530733159e+03 -1.190167593380256039e+04 -1.203781849793468427e+04
2.174641366050173929e+03 -1.193447715319189047e+04 -1.201621446633570122e+04
2.175641396569614699e+03 -1.195362112309292388e+04 -1.197897661360298844e+04
2.176641427089055469e+03 -1.193109671048022938e+04 -1.193133824413779257e+04
2.177641457608496239e+03 -1.194457722315252249e+04 -1.189961654447696856e+04
2.178641488127937009e+03 -1.192507180640722072e+04 -1.184359049134437919e+04
2.179641518647378689e+03 -1.188240184784112171e+04 -1.184122554147342817e+04
2.180641549166819459e+03 -1.190057957991817057e+04 -1.186805028730050071e+04
2.181641579686260229e+03 -1.191743793424440446e+04 -1.188404582825227226e+04
2.182641610205700999e+03 -1.188140828713659721e+04 -1.185615739111320363e+04
2.183641640725141770e+03 -1.189068745508188113e+04 -1.178862846589106812e+04
2.184641671244582540e+03 -1.191046098148044439e+04 -1.173440392447300292e+04
2.185641701764023310e+03 -1.188412420007533183e+04 -1.171239803118272721e+04
2.186641732283464989e+03 -1.191379001361207156e+04 -1.164947108408108579e+04
2.187641762802904850e+03 -1.191921495767111628e+04 -1.160729782700820761e+04
2.188641793322346530e+03 -1.191225244817356725e+04 -1.157950746641438855e+04
2.189641823841787300e+03 -1.193142726728604248e+04 -1.153693164417529442e+04
2.190641854361228070e+03 -1.194772403596729055e+04 -1.146938181373953194e+04
2.191641884880668840e+03 -1.197608224925156173e+04 -1.144582852833927791e+04
2.192641915400109610e+03 -1.198753741380089195e+04 -1.135987740371314248e+04
2.193641945919550380e+03 -1.191867476989838724e+04 -1.128093337633490592e+04
2.194641976438991151e+03 -1.183857050597272246e+04 -1.123342489490155458e+04
2.195642006958431921e+03 -1.180105409231638259e+04 -1.122120567152373042e+04
2.196642037477873600e+03 -1.174376548619460482e+04 -1.118936522679541122e+04
2.197642067997314371e+03 -1.173346669724860112e+04 -1.112765512474382376e+04
2.198642098516755141e+03 -1.177101433092906700e+04 -1.107950610025059723e+04
2.199642129036195911e+03 -1.174619731789045727e+04 -1.101477382440226938e+04
2.200642159555636681e+03 -1.169864769980869096e+04 -1.095250363380855742e+04
2.201642190075077451e+03 -1.169503996019026272e+04 -1.090039536020723062e+04
2.202642220594518221e+03 -1.167536061447858447e+04 -1.086944828624912407e+04
2.203642251113959901e+03 -1.162362146201704309e+04 -1.085223671574330547e+04
2.204642281633400671e+03 -1.158667279415628946e+04 -1.078486245232965666e+04
2.205642312152841441e+03 -1.159981667209232182e+04 -1.073750395335331450e+04
2.206642342672282211e+03 -1.155368258376782251e+04 -1.070225250920760300e+04
2.207642373191722982e+03 -1.148686180367525958e+04 -1.062641345219497816e+04
2.208642403711163752e+03 -1.144504889997318060e+04 -1.059917914426998323e+04
2.209642434230604522e+03 -1.140435077326389182e+04 -1.063796042375772595e+04
2.210642464750046202e+03 -1.135711017790564256e+04 -1.060933952607362517e+04
2.211642495269486062e+03 -1.128588650754065566e+04 -1.055236030633744122e+04
2.212642525788927742e+03 -1.120532404259041505e+04 -1.052414875915800258e+04
2.213642556308368512e+03 -1.111913808209282251e+04 -1.046970637079449261e+04
2.214642586827809282e+03 -1.101895903959169846e+04 -1.040435301527947922e+04
2.215642617347250052e+03 -1.097500531596552173e+04 -1.031316844952405881e+04
2.216642647866690822e+03 -1.092819645615892296e+04 -1.025548855656114756e+04
2.217642678386131593e+03 -1.086256487740475131e+04 -1.015160997225799292e+04
2.218642708905572363e+03 -1.080622271449219261e+04 -1.009107561173886461e+04
2.219642739425014042e+03 -1.078170237670588540e+04 -1.005982516762757041e+04
2.220642769944454813e+03 -1.073074952768951516e+04 -9.986854219375121829e+03
2.221642800463895583e+03 -1.065487636793423007e+04 -9.953068910491732822e+03
2.222642830983336353e+03 -1.062418607035770765e+04 -9.900453828373099896e+03
2.223642861502777123e+03 -1.057272934342846929e+04 -9.851490012101672619e+03
2.224642892022217893e+03 -1.052147300272721805e+04 -9.791600931885246609e+03
2.225642922541658663e+03 -1.047668484379164875e+04 -9.684027662382308336e+03
2.226642953061099433e+03 -1.041609072000572451e+04 -9.592868466886142414e+03
2.227642983580541113e+03 -1.030970369230441429e+04 -9.423890323230159993e+03
2.228643014099980974e+03 -1.025130248836560168e+04 -9.474310674429598294e+03
2.229643044619422653e+03 -1.018643012800646284e+04 -1.005807460406422251e+04
2.230643075138863423e+03 -1.009246968690463837e+04 -1.013833722827080419e+04
2.231643105658304194e+03 -1.004932407004183551e+04 -9.587891743129624956e+03
2.232643136177744964e+03 -9.948150828117108176e+03 -9.284189337971833083e+03
2.233643166697185734e+03 -9.821243796651633602e+03 -9.074623555520081936e+03
2.234643197216627414e+03 -9.785405331790989294e+03 -8.894835681971308077e+03
2.235643227736067274e+03 -9.728048552481677689e+03 -8.764642809869656048e+03
2.236643258255508954e+03 -9.643567376954390056e+03 -8.702724191037872515e+03
2.237643288774949724e+03 -9.538231615030128523e+03 -8.647370727967356288e+03
2.238643319294390494e+03 -9.486277782584948000e+03 -8.514970246660024713e+03
2.239643349813831264e+03 -9.472371010834693152e+03 -8.428174358497572030e+03
2.240643380333272034e+03 -9.421097113172720128e+03 -8.339629276608537111e+03
2.241643410852712805e+03 -9.368107692757512268e+03 -8.188953169006230382e+03
2.242643441372153575e+03 -9.305464697553788938e+03 -8.086016691252307282e+03
2.243643471891595254e+03 -9.215391795789015305e+03 -7.974295757145725474e+03
2.244643502411036025e+03 -9.136204253513400545e+03 -7.857326341664414031e+03
2.245643532930476795e+03 -9.070188282425619036e+03 -7.782365097534403503e+03
2.246643563449917565e+03 -8.991240881589694254e+03 -7.690385912289634689e+03
2.247643593969358335e+03 -8.927019774133177634e+03 -7.602574320097091913e+03
2.248643624488799105e+03 -8.858899710592246265e+03 -7.515009805369124479e+03
2.249643655008239875e+03 -8.746709564441080147e+03 -7.440175889642304355e+03
2.250643685527680645e+03 -8.674497540190823202e+03 -7.390718622772628805e+03
2.251643716047122325e+03 -8.612259177916532281e+03 -7.324197353530657892e+03
2.252643746566562186e+03 -8.525200861017221541e+03 -7.224718170971395011e+03
2.253643777086003865e+03 -8.445522852476093249e+03 -7.159269109287362880e+03
2.254643807605444636e+03 -8.400727957012897605e+03 -7.055719603259829455e+03
2.255643838124885406e+03 -8.342699549038376063e+03 -6.944010285275823662e+03
2.256643868644326176e+03 -8.280788083094370450e+03 -6.811777173505432074e+03
2.257643899163766946e+03 -8.250225718505649638e+03 -6.724642128867493739e+03
2.258643929683208626e+03 -8.187910324318014318e+03 -6.685823702999186025e+03
2.259643960202648486e+03 -8.077504862599823355e+03 -6.575168626839642457e+03
2.260643990722090166e+03 -8.021131834750432972e+03 -6.510810350850375471e+03
2.261644021241530936e+03 -7.982810866750852256e+03 -6.423986907118344789e+03
2.262644051760971706e+03 -7.888510051853987534e+03 -6.336437025253350839e+03
2.263644082280412476e+03 -7.811612154309381367e+03 -6.311129107519363970e+03
2.264644112799853247e+03 -7.760292524877302640e+03 -6.253720149445212883e+03
2.265644143319294926e+03 -7.697056211354729385e+03 -6.182053285647369194e+03
2.266644173838734787e+03 -7.633756666430663245e+03 -6.093245193514327184e+03
2.267644204358176466e+03 -7.578661139098035164e+03 -5.971294254966106564e+03
2.268644234877617237e+03 -7.525798560703761723e+03 -5.881980247952292302e+03
2.269644265397058007e+03 -7.482507497368640543e+03 -5.805118055992510563e+03
2.270644295916498777e+03 -7.415447935614392009e+03 -5.769588066532429366e+03
2.271644326435939547e+03 -7.366448591040599240e+03 -5.739192631968006026e+03
2.272644356955380317e+03 -7.298225387279407187e+03 -5.670597471833676536e+03
2.273644387474821087e+03 -7.237596231102354977e+03 -5.681864242864719927e+03
2.274644417994261858e+03 -7.186256003082058669e+03 -5.666215612168540247e+03
2.275644448513703537e+03 -7.106283374846723746e+03 -5.594831924169451668e+03
2.276644479033144307e+03 -7.029577525173908725e+03 -5.518866670855104530e+03
2.277644509552585077e+03 -6.960092077049058389e+03 -5.479211654918723070e+03
2.278644540072025848e+03 -6.887774219511246883e+03 -5.449771340034253626e+03
2.279644570591466618e+03 -6.846840848786649985e+03 -5.351005216566972194e+03
2.280644601110907388e+03 -6.784847454662752170e+03 -5.258592551231033212e+03
2.281644631630348158e+03 -6.652343358835330037e+03 -5.238478827541721330e+03
2.282644662149789838e+03 -6.533942611888692227e+03 -5.189305466030981734e+03
2.283644692669229698e+03 -6.495119500253187653e+03 -5.085729730606821249e+03
2.284644723188671378e+03 -6.416385533084436247e+03 -5.044894454966632111e+03
2.285644753708112148e+03 -6.240563311155150586e+03 -5.007899117877988829e+03
2.286644784227552918e+03 -6.138644408513957387e+03 -4.944785347707786059e+03
2.287644814746993688e+03 -6.104030259891571404e+03 -4.920825686272927669e+03
2.288644845266434459e+03 -6.030527699929367373e+03 -4.873300368494815302e+03
2.289644875785875229e+03 -5.982819377219723719e+03 -4.806198841470724801e+03
2.290644906305315999e+03 -5.948572373701003926e+03 -4.743153798869223465e+03
2.291644936824757679e+03 -5.823620432803501899e+03 -4.695638659703055055e+03
2.292644967344198449e+03 -5.708224412983966431e+03 -4.679176305081677128e+03
2.293644997863639219e+03 -5.632164961014147593e+03 -4.604525334726125038e+03
2.294645028383079989e+03 -5.538481435088052422e+03 -4.550397655141115138e+03
2.295645058902520759e+03 -5.489599422089258951e+03 -4.480931700179183281e+03
2.296645089421961529e+03 -5.404682412969796133e+03 -4.395564096232447810e+03
2.297645119941402299e+03 -5.294584495597388013e+03 -4.297139683298747514e+03
2.298645150460843070e+03 -5.229278860532629551e+03 -4.234972547576026955e+03
2.299645180980284749e+03 -5.137255541905553400e+03 -4.205652653186623866e+03
2.300645211499725519e+03 -5.050637190776154966e+03 -4.081393038705459276e+03
2.301645242019166290e+03 -4.942169512020788716e+03 -4.007688405887770386e+03
2.302645272538607060e+03 -4.840247355986244656e+03 -3.981370139129113340e+03
2.303645303058047830e+03 -4.721759887272343803e+03 -3.907468005039584114e+03
2.304645333577488600e+03 -4.608601321193786134e+03 -3.815105761443374831e+03
2.305645364096929370e+03 -4.582442534447738581e+03 -3.770105762325168598e+03
2.306645394616371050e+03 -4.569038169928613570e+03 -3.693199251014358197e+03
2.307645425135810910e+03 -4.477303800583765224e+03 -3.604124687458825974e+03
2.308645455655252590e+03 -4.403982145326692262e+03 -3.530323085494163934e+03
2.309645486174693360e+03 -4.345962850994088512e+03 -3.452367643639038306e+03
2.310645516694134130e+03 -4.299721504895394901e+03 -3.366234557599625077e+03
2.311645547213574901e+03 -4.237545961936218191e+03 -3.301096357209922644e+03
2.312645577733015671e+03 -4.165821925045767784e+03 -3.250477680633183809e+03
2.313645608252456441e+03 -4.129524179885296689e+03 -3.142055076793894386e+03
2.314645638771897211e+03 -4.068053428214511314e+03 -3.072264711172695570e+03
2.315645669291338891e+03 -3.990165164678034671e+03 -3.006631680332073756e+03
2.316645699810779661e+03 -3.943933242098933079e+03 -2.900920779894910993e+03
2.317645730330220431e+03 -3.880324266438291488e+03 -2.807385224088509858e+03
2.318645760849661201e+03 -3.855523303916972054e+03 -2.715373253588127682e+03
2.319645791369101971e+03 -3.821208855847926770e+03 -2.673175910094655592e+03
2.320645821888542741e+03 -3.721559250540892208e+03 -2.639278311626046161e+03
2.321645852407983512e+03 -3.662561089013847322e+03 -2.551027761749758611e+03
2.322645882927425191e+03 -3.640259835479127105e+03 -2.528503958307207995e+03
2.323645913446865961e+03 -3.612534775614957653e+03 -2.494283504610488762e+03
2.324645943966306731e+03 -3.564618403282899635e+03 -2.401890079462213635e+03
2.325645974485747502e+03 -3.498586101151513049e+03 -2.399520134546708050e+03
2.326646005005188272e+03 -3.419873909246965013e+03 -2.415683302189882397e+03
2.327646035524629042e+03 -3.389654255590775392e+03 -2.402500098917247669e+03
2.328646066044069812e+03 -3.426257139335474676e+03 -2.364210309497173057e+03
2.329646096563510582e+03 -3.403730876826750318e+03 -2.317580517414600763e+03
2.330646127082951352e+03 -3.331833710742791027e+03 -2.302525771352355150e+03
2.331646157602392122e+03 -3.321118266402827885e+03 -2.284516362421099984e+03
2.332646188121833802e+03 -3.296395629861540328e+03 -2.270388883816809994e+03
2.333646218641274572e+03 -3.246792407591066421e+03 -2.311939345491508902e+03
2.334646249160715342e+03 -3.194585350470016692e+03 -2.335675929908306898e+03
2.335646279680156113e+03 -3.093026320511596168e+03 -2.393648247778887708e+03
2.336646310199596883e+03 -3.038024551235842409e+03 -2.419977921427814181e+03
2.337646340719037653e+03 -3.038162834041129372e+03 -2.449022445952572070e+03
2.338646371238478423e+03 -3.009764604862684337e+03 -2.426912431844317780e+03
2.339646401757920103e+03 -3.019980338761894018e+03 -2.422881865442030630e+03
2.340646432277360873e+03 -3.001100464047993682e+03 -2.470701026209139854e+03
2.341646462796801643e+03 -2.937899107405683026e+03 -2.470826596086670179e+03
2.342646493316242413e+03 -2.907626085500379304e+03 -2.440372820021915231e+03
2.343646523835683183e+03 -2.931970941519500229e+03 -2.469569952922258381e+03
2.344646554355123953e+03 -2.939315812009199362e+03 -2.484171579904861574e+03
2.345646584874564724e+03 -2.921213270997461677e+03 -2.442760751997273474e+03
2.346646615394006403e+03 -2.897031286381695736e+03 -2.476385202395355464e+03
2.347646645913446264e+03 -2.875107100999759950e+03 -2.527727690793121837e+03
2.348646676432887944e+03 -2.832679097370505133e+03 -2.542996208091136396e+03
2.349646706952328714e+03 -2.834542610165397491e+03 -2.543696669058583666e+03
2.350646737471769484e+03 -2.827368605315820332e+03 -2.546917771877051564e+03
2.351646767991210254e+03 -2.819653349133893698e+03 -2.543099779324505562e+03
2.352646798510651024e+03 -2.813861400155843057e+03 -2.518440638320027574e+03
2.353646829030091794e+03 -2.796012946490312970e+03 -2.530908859147749354e+03
2.354646859549532564e+03 -2.835836091224302891e+03 -2.559460060904993043e+03
2.355646890068973335e+03 -2.827693752791957195e+03 -2.553659876336469551e+03
2.356646920588415014e+03 -2.784395120800549194e+03 -2.559664233153277564e+03
2.357646951107855784e+03 -2.772636378993705421e+03 -2.565706104406440318e+03
2.358646981627296555e+03 -2.691142956503997993e+03 -2.590289122291325384e+03
2.359647012146737325e+03 -2.582788493362299050e+03 -2.619168366435327243e+03
2.360647042666178095e+03 -2.502769287528266432e+03 -2.665693597175887135e+03
2.361647073185618865e+03 -2.473465243691704472e+03 -2.732790609749874420e+03
2.362647103705059635e+03 -2.438938291554677107e+03 -2.760483769821729766e+03
2.363647134224501315e+03 -2.416335460623319705e+03 -2.819392154783993192e+03
2.364647164743941175e+03 -2.414724924751041726e+03 -2.847876360322308301e+03
2.365647195263382855e+03 -2.366840738498596238e+03 -2.846988716221987488e+03
2.366647225782823625e+03 -2.355820474363413268e+03 -2.818529546750051395e+03
2.367647256302264395e+03 -2.421263742508709583e+03 -2.792215890003047207e+03
2.368647286821705165e+03 -2.487429724930175780e+03 -2.820229867033832761e+03
2.369647317341145936e+03 -2.465458413813584230e+03 -2.836371981294043508e+03
2.370647347860587615e+03 -2.445466606321302606e+03 -2.884903772795692021e+03
2.371647378380027476e+03 -2.451547550143744047e+03 -2.930452781489704194e+03
2.372647408899469156e+03 -2.458210178356022425e+03 -2.959551990358073454e+03
2.373647439418909926e+03 -2.484224766106426614e+03 -2.991627346615422539e+03
2.374647469938350696e+03 -2.505354887381605295e+03 -2.996587000371219801e+03
2.375647500457791466e+03 -2.558248932847113792e+03 -2.966131994101112468e+03
2.376647530977232236e+03 -2.593911726792401168e+03 -2.984280021725741335e+03
2.377647561496673006e+03 -2.652366057884669317e+03 -2.954132852487276523e+03
2.378647592016113776e+03 -2.747668753311339970e+03 -2.923782684846910342e+03
2.379647622535555456e+03 -2.771335764953604667e+03 -2.894570916132583534e+03
2.380647653054996226e+03 -2.792754743669689105e+03 -2.831284270916822152e+03
2.381647683574436996e+03 -2.870885796395873058e+03 -2.799826233354335272e+03
2.382647714093877767e+03 -2.925987818789514222e+03 -2.778954915269552203e+03
2.383647744613318537e+03 -2.879221935033002865e+03 -2.700756672621983853e+03
2.384647775132759307e+03 -2.873629463876146474e+03 -2.658840730891521162e+03
2.385647805652200077e+03 -2.905116504314994017e+03 -2.606760541246193497e+03
2.386647836171640847e+03 -2.920829050532816382e+03 -2.537115555591876728e+03
2.387647866691082527e+03 -2.950279524857869092e+03 -2.530396647077799571e+03
2.388647897210522387e+03 -3.004799082050394645e+03 -2.517084816889715057e+03
2.389647927729964067e+03 -3.048217928240374931e+03 -2.530623770673159470e+03
2.390647958249404837e+03 -3.046016187714888474e+03 -2.516000333630157002e+03
2.391647988768845607e+03 -3.039941747170826602e+03 -2.536799370599681424e+03
2.392648019288286378e+03 -3.025041345128825014e+03 -2.617622650975007673e+03
2.393648049807727148e+03 -3.016164716797492929e+03 -2.670681281645223862e+03
2.394648080327168827e+03 -3.056697809225756828e+03 -2.714381648512015545e+03
2.395648110846608688e+03 -3.115275049886764464e+03 -2.775517192220415382e+03
2.396648141366050368e+03 -3.128079010130378265e+03 -2.864149988125368509e+03
2.397648171885491138e+03 -3.170758404023885305e+03 -2.961313781055163417e+03
2.398648202404931908e+03 -3.205722688458582525e+03 -3.056144666939928356e+03
2.399648232924372678e+03 -3.210223876145179929e+03 -3.193131779777514566e+03
2.400648263443813448e+03 -3.216632826269244106e+03 -3.239277267133230907e+03
2.401648293963255128e+03 -3.181010235680778351e+03 -3.264658393208929738e+03
2.402648324482694989e+03 -3.172003852464023566e+03 -3.335378554581670869e+03
2.403648355002136668e+03 -3.194237939745659787e+03 -3.364833700393454819e+03
2.404648385521577438e+03 -3.187409033001509670e+03 -3.398922822407449530e+03
2.405648416041018208e+03 -3.209988330555493121e+03 -3.521350419160856291e+03
2.406648446560458979e+03 -3.301848477555031423e+03 -3.604686722423824904e+03
2.407648477079899749e+03 -3.374425366188027056e+03 -3.657741329893497550e+03
2.408648507599340519e+03 -3.353557133708314268e+03 -3.763401586825396407e+03
2.409648538118781289e+03 -3.370193086741219304e+03 -3.850961609916333146e+03
2.410648568638222059e+03 -3.385986879512306587e+03 -3.997584764655817708e+03
2.411648599157663739e+03 -3.390674968409384746e+03 -4.156125775226068072e+03
2.412648629677103600e+03 -3.474186952557393852e+03 -4.291017272967317695e+03
2.413648660196545279e+03 -3.529478036448593684e+03 -4.420270127543298258e+03
2.414648690715986049e+03 -3.536939627038111212e+03 -4.476126869640698715e+03
2.415648721235426819e+03 -3.540800150737386502e+03 -4.513650359491725794e+03
2.416648751754867590e+03 -3.616878052462946471e+03 -4.539183797199267246e+03
2.417648782274308360e+03 -3.659941011505953611e+03 -4.591599753129303281e+03
2.418648812793750039e+03 -3.651515903413348951e+03 -4.630222399985636002e+03
2.419648843313189900e+03 -3.677143001452128374e+03 -4.682998075761641303e+03
2.420648873832631580e+03 -3.704787303521677131e+03 -4.747866368635639446e+03
2.421648904352072350e+03 -3.726160708817079467e+03 -4.784091698536645708e+03
2.422648934871513120e+03 -3.719370083538055042e+03 -4.842534548551008811e+03
2.423648965390953890e+03 -3.766115606898102669e+03 -4.880401608472480802e+03
2.424648995910394660e+03 -3.786083212675709547e+03 -4.883882760497368508e+03
2.425649026429836340e+03 -3.785703067828460917e+03 -4.914421878878640200e+03
2.426649056949276201e+03 -3.810484158528691751e+03 -4.940403131140534242e+03
2.427649087468717880e+03 -3.825287012646488620e+03 -4.878316109478214457e+03
2.428649117988158650e+03 -3.816722733932067058e+03 -4.811912408174319353e+03
2.429649148507599421e+03 -3.851500947449068917e+03 -4.779613708151505307e+03
2.430649179027040191e+03 -3.929674190498267308e+03 -4.745548760656105514e+03
2.431649209546480961e+03 -3.969239475716002744e+03 -4.708050004621834887e+03
2.432649240065921731e+03 -4.025479414461608030e+03 -4.669786217169807969e+03
2.433649270585362501e+03 -4.071593262388908443e+03 -4.563376003546291940e+03
2.434649301104803271e+03 -4.048793974303105642e+03 -4.522204223478944186e+03
2.435649331624244951e+03 -3.957760110183549386e+03 -4.469688342773551994e+03
2.436649362143685721e+03 -3.882824536029799674e+03 -4.426221859521727310e+03
2.437649392663126491e+03 -3.832694663888509695e+03 -4.373705898801214062e+03
2.438649423182567261e+03 -3.770311669973038079e+03 -4.309636982708101641e+03
2.439649453702008032e+03 -3.725683546565806864e+03 -4.253255531962713576e+03
2.440649484221448802e+03 -3.661075240776687224e+03 -4.208876487707361775e+03
2.441649514740889572e+03 -3.533854425563129553e+03 -4.134837256505919868e+03
2.442649545260331251e+03 -3.411459738215870857e+03 -4.051807701934417310e+03
2.443649575779771112e+03 -3.288325817803545760e+03 -3.969297694413672616e+03
2.444649606299212792e+03 -3.162939053277511448e+03 -3.862754390491856611e+03
2.445649636818653562e+03 -3.020997601340994152e+03 -3.725401704602637892e+03
2.446649667338094332e+03 -2.891719971733579314e+03 -3.685298197679173882e+03
2.447649697857535102e+03 -2.760181850663761907e+03 -3.648548368065872637e+03
2.448649728376975872e+03 -2.665738395413339276e+03 -3.589455703258569429e+03
2.449649758896416643e+03 -2.586492254901604610e+03 -3.542429749933191943e+03
2.450649789415857413e+03 -2.524965279488100350e+03 -3.532784160466669164e+03
2.451649819935299092e+03 -2.489066941484526069e+03 -3.477599056493995704e+03
2.452649850454739862e+03 -2.414752706584601583e+03 -3.427125993485158688e+03
2.453649880974180633e+03 -2.320395530009838694e+03 -3.376241108198787515e+03
2.454649911493621403e+03 -2.235516499531381214e+03 -3.260102180224495896e+03
2.455649942013062173e+03 -2.138863727499573088e+03 -3.191535960209987024e+03
2.456649972532502943e+03 -2.054120931866563296e+03 -3.058286935647563951e+03
2.457650003051943713e+03 -2.005293059776918199e+03 -2.897523533630756901e+03
2.458650033571385393e+03 -1.865731052175568948e+03 -2.776344085491036822e+03
2.459650064090826163e+03 -1.701967362507514508e+03 -2.683745336943390157e+03
2.460650094610266933e+03 -1.560660650981879598e+03 -2.586426631601148074e+03
2.461650125129707703e+03 -1.401152721028929136e+03 -2.539033678088643683e+03
2.462650155649148473e+03 -1.280943523167923104e+03 -2.484794462713743997e+03
2.463650186168589244e+03 -1.175988466367312412e+03 -2.425167966505809090e+03
2.464650216688030014e+03 -1.160538471423451711e+03 -2.328801051725685284e+03
2.465650247207470784e+03 -1.151987729008055794e+03 -2.201116475191587142e+03
2.466650277726911554e+03 -1.111151299071354515e+03 -2.110770713276515835e+03
2.467650308246352324e+03 -1.065089948457411538e+03 -2.102154708353819842e+03
2.468650338765794004e+03 -9.753614911653305626e+02 -2.009396301623631416e+03
2.469650369285234774e+03 -8.594770431519293652e+02 -1.905193138742504516e+03
2.470650399804675544e+03 -7.352316327581822861e+02 -1.780722969896643917e+03
2.471650430324116314e+03 -6.267519273963237083e+02 -1.683825112205559435e+03
2.472650460843557084e+03 -5.159152244262779732e+02 -1.551661496656327699e+03
2.473650491362997855e+03 -3.953633324519962571e+02 -1.440889983119173621e+03
2.474650521882438625e+03 -2.788473129432259157e+02 -1.334675305971016314e+03
2.475650552401880304e+03 -1.503997008145479413e+02 -1.234627564705889199e+03
2.476650582921321075e+03 8.029337265490084974e+00 -1.146532087131215576e+03
2.477650613440761845e+03 1.355504113946267353e+02 -1.001935044973153936e+03
2.478650643960202615e+03 2.599658749887769318e+02 -8.863498691102429348e+02
2.479650674479643385e+03 4.204646772180424250e+02 -8.208057177760636023e+02
2.480650704999084155e+03 5.266834221391357005e+02 -7.229329826465479982e+02
2.481650735518524925e+03 5.891169137818937998e+02 -6.268645450685955893e+02
2.482650766037966605e+03 6.702397882786176524e+02 -5.437652757361424847e+02
2.483650796557406466e+03 7.182781268977516902e+02 -3.943328462811689405e+02
2.484650827076848145e+03 7.371495310833706753e+02 -2.477705947167479508e+02
2.485650857596288915e+03 7.831414469491487580e+02 -9.553422759595923708e+01
2.486650888115729686e+03 8.830160723089204566e+02 9.302338612572839338e+01
2.487650918635170456e+03 9.298421998474254906e+02 2.594811880862295084e+02
2.488650949154611226e+03 9.792641821195516059e+02 4.137914797566463676e+02
2.489650979674051996e+03 1.015255936069676636e+03 6.011530582582461193e+02
2.490651010193492766e+03 1.062519249586561273e+03 7.925553066452118856e+02
2.491651040712933536e+03 1.157745163577780431e+03 9.790491135881131868e+02
2.492651071232375216e+03 1.209529706779849448e+03 1.179613514737809965e+03
2.493651101751815986e+03 1.283946975009827156e+03 1.409835884848645264e+03
2.494651132271256756e+03 1.390576085097888154e+03 1.596686588262979512e+03
2.495651162790697526e+03 1.472719673224443795e+03 1.745590572534061948e+03
2.496651193310138297e+03 1.586381639930097890e+03 1.891046071831872268e+03
2.497651223829579067e+03 1.727295319917064262e+03 2.030879176142910637e+03
2.498651254349019837e+03 1.804727448435885663e+03 2.196746343085364515e+03
2.499651284868461516e+03 1.851812325251353059e+03 2.377507842172665733e+03
2.500651315387901377e+03 1.953753015860593223e+03 2.498698055725221820e+03
2.501651345907343057e+03 2.007003259458762841e+03 2.654099749271992096e+03
2.502651376426783827e+03 2.063614768913968874e+03 2.754839571032806361e+03
2.503651406946224597e+03 2.183718349934978050e+03 2.840374646615259735e+03
2.504651437465665367e+03 2.250825234086792989e+03 2.908187033942013841e+03
2.505651467985106137e+03 2.335129595258624249e+03 2.941296153819226220e+03
2.506651498504547817e+03 2.419502276649733176e+03 3.016152368379614018e+03
2.507651529023987678e+03 2.470095958912322203e+03 3.084516006230388484e+03
2.508651559543429357e+03 2.529694490473755195e+03 3.127751778485310751e+03
2.509651590062870127e+03 2.586111933384094300e+03 3.220669548818430940e+03
2.510651620582310898e+03 2.657507478348063160e+03 3.271145640772841489e+03
2.511651651101751668e+03 2.825010097732969825e+03 3.280169444563864090e+03
2.512651681621192438e+03 2.994680516040012208e+03 3.283260983110579218e+03
2.513651712140633208e+03 3.130787165103130974e+03 3.302411276303329487e+03
2.514651742660073978e+03 3.299583204231525997e+03 3.329633602942859852e+03
2.515651773179515658e+03 3.422918084872977488e+03 3.394502535034312587e+03
2.516651803698956428e+03 3.496992290427868284e+03 3.395502374733103352e+03
2.517651834218397198e+03 3.619999610608703733e+03 3.390476861138435197e+03
2.518651864737837968e+03 3.783937745092130172e+03 3.410632698327914568e+03
2.519651895257278738e+03 3.896282962508334094e+03 3.439212936715226533e+03
2.520651925776719509e+03 3.986779379047922248e+03 3.465678529038027591e+03
2.521651956296160279e+03 4.106717827405445860e+03 3.466399320603467913e+03
2.522651986815601049e+03 4.221265236712793921e+03 3.491807524986761109e+03
2.523652017335042729e+03 4.307115160697901047e+03 3.523847897862819082e+03
2.524652047854482589e+03 4.474714182696768148e+03 3.537884844406510183e+03
2.525652078373924269e+03 4.645836690180793994e+03 3.567510201013814367e+03
2.526652108893365039e+03 4.779669040712867172e+03 3.643058199015536502e+03
2.527652139412805809e+03 4.915181345562278693e+03 3.741496130693498344e+03
2.528652169932246579e+03 5.044065456444075608e+03 3.828038653065515518e+03
2.529652200451687349e+03 5.145559406865059827e+03 3.874157147530660495e+03
2.530652230971129029e+03 5.238871789758268278e+03 3.964388611327157832e+03
2.531652261490568890e+03 5.369143624142613589e+03 4.036296153133098869e+03
2.532652292010010569e+03 5.503248608386613341e+03 4.127152669064183101e+03
2.533652322529451340e+03 5.567860207739017824e+03 4.240039550921034788e+03
2.534652353048892110e+03 5.642681631998566445e+03 4.327007809898232154e+03
2.535652383568332880e+03 5.732138180826018470e+03 4.399823773402382358e+03
2.536652414087773650e+03 5.818922619091978959e+03 4.482128532477038789e+03
2.537652444607214420e+03 5.869448192323499825e+03 4.500832443507670177e+03
2.538652475126655190e+03 5.953346780439304894e+03 4.559340751925393306e+03
2.539652505646096870e+03 6.068493623523895621e+03 4.615716217879989017e+03
2.540652536165537640e+03 6.113828648353260178e+03 4.666735209813355141e+03
2.541652566684978410e+03 6.178994895894177716e+03 4.785147910909016900e+03
2.542652597204419180e+03 6.248841283043686417e+03 4.938924477240650958e+03
2.543652627723859950e+03 6.314061040339752253e+03 5.097938020137579770e+03
2.544652658243300721e+03 6.402989301653822622e+03 5.241127826127071785e+03
2.545652688762741491e+03 6.542661804420738918e+03 5.329636604938164055e+03
2.546652719282182261e+03 6.628440623536649582e+03 5.421366584251769382e+03
2.547652749801623941e+03 6.718031251038844857e+03 5.470383243233858593e+03
2.548652780321063801e+03 6.812334609030044703e+03 5.556476384509069248e+03
2.549652810840505481e+03 6.846300776870803929e+03 5.637917339399022239e+03
2.550652841359946251e+03 6.940398465735187528e+03 5.706007586343281218e+03
2.551652871879387021e+03 7.036612464328225542e+03 5.784099080147570930e+03
2.552652902398827791e+03 7.037497949441756646e+03 5.826614445702344710e+03
2.553652932918268561e+03 7.067584032752917665e+03 5.858775128782042884e+03
2.554652963437710241e+03 7.147128295177653854e+03 5.914731663486357320e+03
2.555652993957150102e+03 7.220908181325447003e+03 5.927590350364850565e+03
2.556653024476591781e+03 7.240226710125315549e+03 5.952112221368992323e+03
2.557653054996032552e+03 7.252422631786123020e+03 5.995263356620223021e+03
2.558653085515473322e+03 7.294903934917738297e+03 6.047724982282630663e+03
2.559653116034914092e+03 7.338530042116200093e+03 6.182682870761309459e+03
2.560653146554354862e+03 7.382609822079164587e+03 6.249196504226662000e+03
2.561653177073796542e+03 7.439467165421781829e+03 6.283900978415189456e+03
2.562653207593236402e+03 7.487882201963058833e+03 6.342342554301004384e+03
2.563653238112678082e+03 7.524696796806759266e+03 6.424260079220718580e+03
2.564653268632118852e+03 7.575883292858316054e+03 6.514380351269021048e+03
2.565653299151559622e+03 7.607604383556771609e+03 6.599963001234326839e+03
2.566653329671000392e+03 7.638656920517102662e+03 6.655585594070373190e+03
2.567653360190441163e+03 7.732221338671341982e+03 6.700263393444510257e+03
2.568653390709881933e+03 7.774338896613032375e+03 6.796950619029873451e+03
2.569653421229322703e+03 7.783489058231367380e+03 6.929266139776004820e+03
2.570653451748763473e+03 7.818045639741143532e+03 6.975038324249398102e+03
2.571653482268205153e+03 7.853111191819108171e+03 7.041458401191481244e+03
2.572653512787645923e+03 7.842198423295898465e+03 7.128480315786625397e+03
2.573653543307086693e+03 7.836700296074749531e+03 7.209707793704897995e+03
2.574653573826527463e+03 7.844334513989319021e+03 7.282572022061064672e+03
2.575653604345968233e+03 7.850881303276408289e+03 7.404635181238438236e+03
2.576653634865409003e+03 7.910165030725477664e+03 7.485616550590660154e+03
2.577653665384849774e+03 8.026674848207407194e+03 7.563933843694907409e+03
2.578653695904291453e+03 8.048250582142526582e+03 7.664518098988853126e+03
2.579653726423731314e+03 8.040657696244108593e+03 7.773041635791932094e+03
2.580653756943172993e+03 8.109321943384840779e+03 7.871366589552132609e+03
2.581653787462613764e+03 8.154272810432947153e+03 7.910879731983632155e+03
2.582653817982054534e+03 8.184399115543426888e+03 7.981045876578189564e+03
2.583653848501495304e+03 8.218733097282309245e+03 8.090131895081041876e+03
2.584653879020936074e+03 8.236076019706866646e+03 8.193660690828653969e+03
2.585653909540376844e+03 8.269953947555568448e+03 8.282253415951556235e+03
2.586653940059817614e+03 8.317423350960609241e+03 8.351251476171912145e+03
2.587653970579259294e+03 8.319308524630510874e+03 8.401234792350138378e+03
2.588654001098700064e+03 8.356869986083464028e+03 8.374995956200729779e+03
2.589654031618140834e+03 8.386177125141632132e+03 8.396144878223771229e+03
2.590654062137581604e+03 8.428431556120636742e+03 8.377712831282637126e+03
2.591654092657022375e+03 8.432782217825193584e+03 8.392429151733875187e+03
2.592654123176463145e+03 8.437310924263323614e+03 8.465313256193116104e+03
2.593654153695903915e+03 8.505406487267542616e+03 8.503731989384192275e+03
2.594654184215344685e+03 8.540364691064165527e+03 8.524518709008605583e+03
2.595654214734786365e+03 8.569896386136508227e+03 8.595710623754659537e+03
2.596654245254227135e+03 8.623999338883935707e+03 8.685370272485200985e+03
2.597654275773667905e+03 8.642696064410591134e+03 8.741462041295308154e+03
2.598654306293108675e+03 8.683543707226213883e+03 8.845169297568514594e+03
2.599654336812549445e+03 8.793988787399372086e+03 8.899822764988635754e+03
2.600654367331990215e+03 8.901593594391915758e+03 8.906879362626887087e+03
2.601654397851430986e+03 8.923254624795839845e+03 8.907438679581024189e+03
2.602654428370871756e+03 8.984886522604478159e+03 8.938196230537123483e+03
2.603654458890312526e+03 9.154475866001181203e+03 9.002968933648488019e+03
2.604654489409754206e+03 9.233859540579513123e+03 9.077685777070682889e+03
2.605654519929194976e+03 9.240824777721441933e+03 9.122745015061698723e+03
2.606654550448635746e+03 9.292222967825837259e+03 9.215100539207229303e+03
2.607654580968076516e+03 9.323572002706730927e+03 9.294127605417721497e+03
2.608654611487517286e+03 9.347409491443779189e+03 9.331666576398869438e+03
2.609654642006958056e+03 9.469466580650016112e+03 9.380319579172713929e+03
2.610654672526398826e+03 9.576312568478271714e+03 9.458106459033897409e+03
2.611654703045840506e+03 9.621570808051823406e+03 9.497555331724903226e+03
2.612654733565281276e+03 9.686830226673047946e+03 9.586481953889137003e+03
2.613654764084722046e+03 9.731508469389846141e+03 9.686223085069375884e+03
2.614654794604162817e+03 9.814732457242973396e+03 9.762373298062846516e+03
2.615654825123603587e+03 9.918549820824371636e+03 9.755447767787900375e+03
2.616654855643044357e+03 9.994449762982385437e+03 9.785240896185992824e+03
2.617654886162485127e+03 1.005706805207651632e+04 9.840208080241915013e+03
2.618654916681926807e+03 1.011069033321808092e+04 9.893727297743947929e+03
2.619654947201366667e+03 1.019876895141094974e+04 9.961837559801264433e+03
2.620654977720808347e+03 1.028589210795828330e+04 1.001055804743554108e+04
2.621655008240249117e+03 1.039674531457312514e+04 1.005071288176713460e+04
2.622655038759689887e+03 1.047429452767428666e+04 1.006086364527825572e+04
2.623655069279130657e+03 1.046935167495064888e+04 1.005843100298352874e+04
2.624655099798571428e+03 1.047111947345447697e+04 1.009537213757255086e+04
2.625655130318012198e+03 1.052396432568948694e+04 1.012885643716303275e+04
2.626655160837452968e+03 1.054639383234007983e+04 1.012408820068590830e+04
2.627655191356893738e+03 1.056460577442640533e+04 1.016401166892563015e+04
2.628655221876335418e+03 1.056177110868433738e+04 1.018834611997720640e+04
2.629655252395776188e+03 1.055958775674455137e+04 1.014737020345777091e+04
2.630655282915216958e+03 1.057986697903051208e+04 1.010996093760000804e+04
2.631655313434657728e+03 1.057273606659462166e+04 1.014892119974578964e+04
2.632655343954098498e+03 1.059006359524134677e+04 1.014757962461346506e+04
2.633655374473539268e+03 1.061200026152925057e+04 1.015087798125907830e+04
2.634655404992980039e+03 1.060765855549400294e+04 1.017758828991972769e+04
2.635655435512421718e+03 1.060642579369385749e+04 1.020072413217885151e+04
2.636655466031861579e+03 1.056615252775323279e+04 1.022878031079778157e+04
2.637655496551303258e+03 1.056406833963543249e+04 1.030481288503776705e+04
2.638655527070744029e+03 1.063393174735848879e+04 1.031968269722367222e+04
2.639655557590184799e+03 1.066918900041471716e+04 1.031984539431592384e+04
2.640655588109625569e+03 1.065427988214082507e+04 1.034716463733372802e+04
2.641655618629066339e+03 1.065997459384287322e+04 1.034604112507330137e+04
2.642655649148508019e+03 1.069452702760592729e+04 1.033937847349261574e+04
2.643655679667947879e+03 1.072892012000957948e+04 1.033505045276835517e+04
2.644655710187389559e+03 1.078215220221576601e+04 1.035273863518507642e+04
2.645655740706830329e+03 1.078893528249334668e+04 1.039546809135087096e+04
2.646655771226271099e+03 1.072696115274006479e+04 1.044248843315442355e+04
2.647655801745711869e+03 1.073406524142634953e+04 1.054904108334788907e+04
2.648655832265152640e+03 1.079335603274484674e+04 1.048765840771586954e+04
2.649655862784593410e+03 1.077968861443997775e+04 9.945007253460016727e+03
2.650655893304034180e+03 1.076577882949818013e+04 9.703906173277831840e+03
2.651655923823474950e+03 1.078195670381039599e+04 1.007240637140132822e+04
2.652655954342916630e+03 1.081105052952779988e+04 1.035032916993032995e+04
2.653655984862357400e+03 1.089979070181724092e+04 1.050273495351448219e+04
2.654656015381798170e+03 1.093863443682737488e+04 1.063104154256476613e+04
2.655656045901238940e+03 1.091073154127381167e+04 1.074341455938010404e+04
2.656656076420679710e+03 1.089606317317912908e+04 1.073583218227081852e+04
2.657656106940120480e+03 1.086113413920019957e+04 1.074626785335718159e+04
2.658656137459561251e+03 1.084868935751493700e+04 1.080636683260633254e+04
2.659656167979002930e+03 1.086412157578747610e+04 1.084097242058908159e+04
2.660656198498442791e+03 1.085771649644678291e+04 1.084967545540936044e+04
2.661656229017884471e+03 1.079349700494945682e+04 1.091407044155607582e+04
2.662656259537325241e+03 1.075813184160704805e+04 1.098593731042251966e+04
2.663656290056766011e+03 1.075526647867440806e+04 1.105009316208382734e+04
2.664656320576206781e+03 1.076355679190170486e+04 1.111001220262129209e+04
2.665656351095647551e+03 1.077571038996713651e+04 1.115211003456192338e+04
2.666656381615089231e+03 1.080691780923849183e+04 1.119353808038764873e+04
2.667656412134529091e+03 1.080599542375287820e+04 1.121494985185880432e+04
2.668656442653970771e+03 1.080735526033152928e+04 1.125132176711527609e+04
2.669656473173411541e+03 1.077564627027891765e+04 1.129981239661029394e+04
2.670656503692852311e+03 1.073837598637418705e+04 1.130125809050000680e+04
2.671656534212293082e+03 1.072616487203561519e+04 1.129130898524717304e+04
2.672656564731733852e+03 1.067064771127158201e+04 1.133830310788061797e+04
2.673656595251174622e+03 1.065308995014668653e+04 1.137011959169387592e+04
2.674656625770615392e+03 1.067289450081589166e+04 1.141190592856305011e+04
2.675656656290057072e+03 1.067598741642446112e+04 1.147021895339533876e+04
2.676656686809497842e+03 1.072686993233715293e+04 1.154788459572560714e+04
2.677656717328938612e+03 1.085250325684983727e+04 1.155460756162874895e+04
2.678656747848379382e+03 1.095731064887500543e+04 1.156571858364006039e+04
2.679656778367820152e+03 1.098517093119200945e+04 1.161517442877468784e+04
2.680656808887260922e+03 1.101863151159204062e+04 1.162660816276204059e+04
2.681656839406701692e+03 1.101940747045671742e+04 1.165063160659379355e+04
2.682656869926142463e+03 1.103103208176027510e+04 1.168444103633195482e+04
2.683656900445584142e+03 1.110193934516110676e+04 1.167148032564875939e+04
2.684656930965024003e+03 1.110570276743072827e+04 1.166829105033788983e+04
2.685656961484465683e+03 1.104021849247443424e+04 1.168359568840095744e+04
2.686656992003906453e+03 1.100647040623500470e+04 1.169466140486326549e+04
2.687657022523347223e+03 1.106354613034167778e+04 1.176609959297531350e+04
2.688657053042787993e+03 1.111390018036954643e+04 1.181807109636395035e+04
2.689657083562228763e+03 1.115064402373726807e+04 1.186242892564341309e+04
2.690657114081670443e+03 1.119746620962269481e+04 1.185870730943564195e+04
2.691657144601110303e+03 1.121382608513006562e+04 1.182974242129030245e+04
2.692657175120551983e+03 1.123608341423802085e+04 1.184620698397517845e+04
2.693657205639992753e+03 1.126152226437599893e+04 1.179926235330067902e+04
2.694657236159433523e+03 1.130049766859976444e+04 1.175256323639054608e+04
2.695657266678874294e+03 1.132571786987100677e+04 1.222034049945383231e+04
2.696657297198315064e+03 1.134073187775350198e+04 1.275455559094050841e+04
2.697657327717756743e+03 1.141428767962710117e+04 1.264338321195701246e+04
2.698657358237196604e+03 1.151842298652829595e+04 1.232603244263593842e+04
2.699657388756638284e+03 1.156229316807717441e+04 1.216083067650926569e+04
2.700657419276079054e+03 1.159443154047681855e+04 1.207394237501599491e+04
2.701657449795519824e+03 1.171467587777077642e+04 1.198537145684245843e+04
2.702657480314960594e+03 1.180054196954347026e+04 1.193671814527083916e+04
2.703657510834401364e+03 1.185825665090189250e+04 1.198170556038563154e+04
2.704657541353842134e+03 1.192881315876037661e+04 1.198789373953789618e+04
2.705657571873282905e+03 1.197253362725823717e+04 1.197557113826717796e+04
2.706657602392723675e+03 1.200482822196727830e+04 1.198471327329148880e+04
2.707657632912165354e+03 1.205036421415043333e+04 1.197274686274931992e+04
2.708657663431606125e+03 1.211745648373039330e+04 1.197616884165749616e+04
2.709657693951046895e+03 1.216991010929829645e+04 1.198918234893306362e+04
2.710657724470487665e+03 1.221152119121515716e+04 1.201441849485677631e+04
2.711657754989928435e+03 1.223149749036775393e+04 1.202081881099599013e+04
2.712657785509369205e+03 1.221665222113254094e+04 1.199706592902149168e+04
2.713657816028809975e+03 1.219639202087766171e+04 1.202327779679689775e+04
2.714657846548251655e+03 1.220265596653477769e+04 1.203489985517736750e+04
2.715657877067691516e+03 1.217358186696826124e+04 1.205845657307503461e+04
2.716657907587133195e+03 1.216506125914726181e+04 1.210759033829763575e+04
2.717657938106573965e+03 1.216637731392637033e+04 1.217870583532571982e+04
2.718657968626014735e+03 1.215738970866597811e+04 1.219682108514654101e+04
2.719657999145455506e+03 1.220294372579617266e+04 1.219547380699938549e+04
2.720658029664896276e+03 1.220203329469806522e+04 1.225805296934822036e+04
2.721658060184337046e+03 1.219444945355925483e+04 1.231595029338090717e+04
2.722658090703777816e+03 1.222528778564883578e+04 1.232894037750802272e+04
2.723658121223219496e+03 1.220944439775424144e+04 1.234905987082407228e+04
2.724658151742660266e+03 1.211427673306517681e+04 1.241417134006813103e+04
2.725658182262101036e+03 1.205139134124373959e+04 1.240403635451748778e+04
2.726658212781541806e+03 1.209595857033476204e+04 1.240038599454681389e+04
2.727658243300982576e+03 1.210238704433962630e+04 1.245506653654904221e+04
2.728658273820423346e+03 1.212140290109572015e+04 1.248335546491203786e+04
2.729658304339864117e+03 1.215279645864172744e+04 1.251484602554393678e+04
2.730658334859304887e+03 1.212191311732320901e+04 1.254317917025486531e+04
2.731658365378746566e+03 1.211314520325234480e+04 1.256898050271633110e+04
2.732658395898187337e+03 1.215357635945754919e+04 1.259607427288355757e+04
2.733658426417628107e+03 1.220336867881106809e+04 1.263491845425059910e+04
2.734658456937068877e+03 1.217085768708616706e+04 1.266627705932604295e+04
2.735658487456509647e+03 1.214542865945318408e+04 1.270451665803628202e+04
2.736658517975950417e+03 1.217905536050541195e+04 1.276451936023958297e+04
2.737658548495391187e+03 1.218187897886064093e+04 1.283173833601738079e+04
2.738658579014831957e+03 1.218086966120886245e+04 1.287026590860564829e+04
2.739658609534272728e+03 1.221247529995267723e+04 1.289837600130910323e+04
2.740658640053714407e+03 1.224653080320149274e+04 1.292808912727256029e+04
2.741658670573155177e+03 1.220329643499919439e+04 1.296091824406528576e+04
2.742658701092595948e+03 1.219611939255627840e+04 1.295912278219549989e+04
2.743658731612036718e+03 1.219942450482227287e+04 1.294476980631061269e+04
2.744658762131477488e+03 1.218344940474201030e+04 1.295380530247851311e+04
2.745658792650918258e+03 1.214631670825863330e+04 1.294656497153011514e+04
2.746658823170359028e+03 1.213140042631464530e+04 1.288257575057429858e+04
2.747658853689800708e+03 1.209371997236464449e+04 1.285105086162604857e+04
2.748658884209241478e+03 1.199590358252361330e+04 1.285917147081289477e+04
2.749658914728682248e+03 1.194847855151944168e+04 1.284618387912517210e+04
2.750658945248123018e+03 1.187875092057074107e+04 1.282221511245956935e+04
2.751658975767563788e+03 1.180286025573501138e+04 1.280074670513042838e+04
2.752659006287004559e+03 1.180161268323980767e+04 1.277564765086622720e+04
2.753659036806445329e+03 1.186026312868053719e+04 1.270605844177853032e+04
2.754659067325887008e+03 1.189283298192291659e+04 1.263824906681099674e+04
2.755659097845327778e+03 1.189882980968055745e+04 1.253668800586497127e+04
2.756659128364768549e+03 1.191659464746958110e+04 1.244104487722720114e+04
2.757659158884209319e+03 1.191747964684724138e+04 1.237250055428308406e+04
2.758659189403650089e+03 1.194485589424892714e+04 1.236746357665562209e+04
2.759659219923090859e+03 1.202421177942026407e+04 1.230915180088945817e+04
2.760659250442531629e+03 1.209570438744808780e+04 1.225241096053566071e+04
2.761659280961972399e+03 1.214957732010348263e+04 1.222615876542046135e+04
2.762659311481413170e+03 1.223217104542958259e+04 1.219828411671712456e+04
2.763659342000853940e+03 1.234094801418173301e+04 1.213646157042180312e+04
2.764659372520295619e+03 1.242697754805519799e+04 1.209896536739636576e+04
2.765659403039736389e+03 1.251446111210231720e+04 1.214102760526368002e+04
2.766659433559177160e+03 1.254407086061085101e+04 1.209503927761037812e+04
2.767659464078617930e+03 1.254671095416488970e+04 1.199803207207441847e+04
2.768659494598058700e+03 1.254535135294037900e+04 1.195118714335308323e+04
2.769659525117499470e+03 1.252819706774795486e+04 1.192796372722515298e+04
2.770659555636940240e+03 1.255117578123578642e+04 1.188884220620877386e+04
2.771659586156381920e+03 1.259820140932055438e+04 1.188192713065491262e+04
2.772659616675822690e+03 1.264184844323853031e+04 1.188841890344968124e+04
2.773659647195263460e+03 1.268001480799852106e+04 1.187156364601260611e+04
2.774659677714704230e+03 1.271390121296250072e+04 1.183824532533198726e+04
2.775659708234145000e+03 1.271992477608446097e+04 1.183421095231904837e+04
2.776659738753585771e+03 1.278681865101915537e+04 1.180286207290021048e+04
2.777659769273026541e+03 1.287180496199498339e+04 1.178310620085221672e+04
2.778659799792468220e+03 1.295827116825264056e+04 1.178564171138912207e+04
2.779659830311908081e+03 1.304517989343377121e+04 1.174931194783097999e+04
2.780659860831349761e+03 1.308971028046470019e+04 1.167307467197000369e+04
2.781659891350790531e+03 1.314171116708597037e+04 1.162295338021392672e+04
2.782659921870231301e+03 1.308908498494917148e+04 1.159329433386082019e+04
2.783659952389672071e+03 1.302285992576911667e+04 1.153681014363604481e+04
2.784659982909112841e+03 1.298948146331118187e+04 1.150980678713171437e+04
2.785660013428553611e+03 1.297067010148492591e+04 1.153534115304324769e+04
2.786660043947994382e+03 1.297684610741198594e+04 1.159308092416391992e+04
2.787660074467435152e+03 1.298878159011772914e+04 1.163465270379098729e+04
2.788660104986876831e+03 1.301583834799546457e+04 1.161487528344736529e+04
2.789660135506317602e+03 1.302857349607119795e+04 1.160026110217736459e+04
2.790660166025758372e+03 1.303203228202414175e+04 1.159404565826030193e+04
2.791660196545199142e+03 1.306010087885141911e+04 1.157723152412120726e+04
2.792660227064639912e+03 1.308335584293143438e+04 1.155735748611165764e+04
2.793660257584080682e+03 1.309037740559180020e+04 1.157221447992268622e+04
2.794660288103521452e+03 1.314202947187708196e+04 1.157601670070145701e+04
2.795660318622963132e+03 1.316263795596165073e+04 1.161669755096789049e+04
2.796660349142402993e+03 1.317068378241366008e+04 1.161666965500503647e+04
2.797660379661844672e+03 1.321190362681034640e+04 1.163800970213056644e+04
2.798660410181285442e+03 1.320779842929478764e+04 1.168293499065017386e+04
2.799660440700726213e+03 1.318637708672490044e+04 1.172854539957121051e+04
2.800660471220166983e+03 1.316330338746130656e+04 1.178148088795780677e+04
2.801660501739607753e+03 1.311339716873550606e+04 1.184845133922952664e+04
2.802660532259049432e+03 1.304439899342670469e+04 1.186987099547915568e+04
2.803660562778489293e+03 1.299472568744307864e+04 1.192105028433532971e+04
2.804660593297930973e+03 1.300089130237554309e+04 1.198728700133289021e+04
2.805660623817371743e+03 1.295802223482140289e+04 1.202860112103969186e+04
2.806660654336812513e+03 1.290652043245471032e+04 1.206801290720021461e+04
2.807660684856253283e+03 1.284718287838079596e+04 1.208033514705747075e+04
2.808660715375694053e+03 1.280889681289218970e+04 1.208858917140620360e+04
2.809660745895134824e+03 1.282606667313567050e+04 1.209302476043163551e+04
2.810660776414575594e+03 1.278955360847204611e+04 1.211947019485671990e+04
2.811660806934017273e+03 1.277325852026258508e+04 1.210623489978578436e+04
2.812660837453458043e+03 1.281036105110608332e+04 1.204911597647859526e+04
2.813660867972898814e+03 1.282335507579248224e+04 1.201929508461767000e+04
2.814660898492339584e+03 1.284866035270705652e+04 1.201839515093632690e+04
2.815660929011780354e+03 1.289675932623248809e+04 1.199605891948837416e+04
2.816660959531221124e+03 1.286347011849752016e+04 1.196887764812861860e+04
2.817660990050661894e+03 1.279534278354073831e+04 1.193770293923461213e+04
2.818661020570102664e+03 1.278823666196163686e+04 1.189710326311721474e+04
2.819661051089544344e+03 1.274822599632531819e+04 1.182523965365733602e+04
2.820661081608984205e+03 1.271574253401391798e+04 1.183059281061947331e+04
2.821661112128425884e+03 1.273753765380251571e+04 1.186405015740965609e+04
2.822661142647866654e+03 1.272149640676291529e+04 1.188613844430226891e+04
2.823661173167307425e+03 1.268675224567364603e+04 1.191778670580520702e+04
2.824661203686748195e+03 1.265236269865531176e+04 1.195989259847237008e+04
2.825661234206188965e+03 1.258870401815916375e+04 1.191354089289511830e+04
2.826661264725630645e+03 1.254193630304237558e+04 1.189206794981084749e+04
2.827661295245070505e+03 1.248989411007726449e+04 1.192343288495837260e+04
2.828661325764512185e+03 1.245062488030823442e+04 1.190642642551255085e+04
2.829661356283952955e+03 1.251326308751562647e+04 1.190283328281993818e+04
2.830661386803393725e+03 1.257833985404195482e+04 1.187874156980456428e+04
2.831661417322834495e+03 1.260643516721479864e+04 1.183087421256338712e+04
2.832661447842275265e+03 1.265730440092446588e+04 1.179294293764349459e+04
2.833661478361716036e+03 1.264064861765776550e+04 1.175643872607727644e+04
2.834661508881156806e+03 1.257332687332520072e+04 1.178261065592054183e+04
2.835661539400598485e+03 1.256566312275319069e+04 1.182732542567968994e+04
2.836661569920039256e+03 1.261474914244734100e+04 1.188068130714281506e+04
2.837661600439480026e+03 1.262176584701550200e+04 1.191443397921929318e+04
2.838661630958920796e+03 1.259262058200518368e+04 1.194508748035507961e+04
2.839661661478361566e+03 1.259001071037885777e+04 1.196496000455548528e+04
2.840661691997802336e+03 1.257996682988352222e+04 1.197802905016020668e+04
2.841661722517243106e+03 1.255709644032149299e+04 1.198082991513198249e+04
2.842661753036683876e+03 1.263283397138869623e+04 1.196466522799037375e+04
2.843661783556125556e+03 1.269979725644816790e+04 1.198100837722014694e+04
2.844661814075565417e+03 1.274467117296252945e+04 1.197558886063740101e+04
2.845661844595007096e+03 1.278087649274326395e+04 1.197184043068031679e+04
2.846661875114447867e+03 1.280633408716344093e+04 1.198235204973307555e+04
2.847661905633888637e+03 1.281674083667090235e+04 1.204154817848103812e+04
2.848661936153329407e+03 1.283959865451233600e+04 1.209084161682246850e+04
2.849661966672770177e+03 1.290062425345304655e+04 1.212127479580199360e+04
2.850661997192211857e+03 1.293060909261729830e+04 1.214473927594742236e+04
2.851662027711651717e+03 1.290599895932483741e+04 1.214744475504591355e+04
2.852662058231093397e+03 1.290670118529522188e+04 1.216610963901362265e+04
2.853662088750534167e+03 1.291613201771416789e+04 1.226055320776690496e+04
2.854662119269974937e+03 1.291437429838210846e+04 1.229151706018000550e+04
2.855662149789415707e+03 1.287792525765549362e+04 1.231930920957759190e+04
2.856662180308856477e+03 1.288180294208293890e+04 1.234603070838530039e+04
2.857662210828298157e+03 1.291068540964359818e+04 1.237242241570734404e+04
2.858662241347738018e+03 1.286948564129678198e+04 1.241911501628005499e+04
2.859662271867179697e+03 1.282448255356055779e+04 1.244806225920276302e+04
2.860662302386620468e+03 1.278882033983627116e+04 1.247570349015719148e+04
2.861662332906061238e+03 1.275976668774962673e+04 1.251539793234921490e+04
2.862662363425502008e+03 1.274932278067936932e+04 1.255761631001505521e+04
2.863662393944942778e+03 1.281891304515454431e+04 1.259578583917599099e+04
2.864662424464383548e+03 1.282431971867008906e+04 1.264175043917395487e+04
2.865662454983824318e+03 1.282105358564210655e+04 1.271002234220820901e+04
2.866662485503265088e+03 1.281857874652841565e+04 1.269983363615719099e+04
2.867662516022706768e+03 1.276456404285487588e+04 1.267856059401403036e+04
2.868662546542147538e+03 1.279728993433548203e+04 1.265645206228016650e+04
2.869662577061588308e+03 1.281776736045642429e+04 1.263674155759075620e+04
2.870662607581029079e+03 1.274953349797906412e+04 1.257927615104758297e+04
2.871662638100469849e+03 1.273254260274355693e+04 1.257040995536490300e+04
2.872662668619910619e+03 1.275254610967979897e+04 1.256006282478524554e+04
2.873662699139351389e+03 1.276789310435900006e+04 1.254676005551472372e+04
2.874662729658793069e+03 1.276675406002301133e+04 1.256828788470675681e+04
2.875662760178232929e+03 1.275126040199548515e+04 1.258108603726553520e+04
2.876662790697674609e+03 1.272846353917146917e+04 1.264291846667145364e+04
2.877662821217115379e+03 1.271431840542311329e+04 1.271907920372107765e+04
2.878662851736556149e+03 1.270795042726336033e+04 1.277820080106345631e+04
2.879662882255996919e+03 1.270444433507850226e+04 1.280522927245849860e+04
2.880662912775437690e+03 1.268370524754805410e+04 1.282992431190225761e+04
2.881662943294878460e+03 1.267251869409843130e+04 1.283938953040732304e+04
2.882662973814319230e+03 1.266205889178851794e+04 1.282492472464753882e+04
2.883663004333760910e+03 1.257501861399885456e+04 1.283189545978405658e+04
2.884663034853201680e+03 1.249724213595259971e+04 1.286812030216706080e+04
2.885663065372642450e+03 1.250446178295656136e+04 1.291162472777091170e+04
2.886663095892083220e+03 1.245498587306737863e+04 1.294300424423791628e+04
2.887663126411523990e+03 1.237736886295459772e+04 1.291110885353209233e+04
2.888663156930964760e+03 1.232283028703132914e+04 1.292740461469975526e+04
2.889663187450405530e+03 1.223847267524675044e+04 1.296626475682629825e+04
2.890663217969847210e+03 1.209670720097632511e+04 1.299930753754514990e+04
2.891663248489287980e+03 1.198177421501459139e+04 1.300235681994252809e+04
2.892663279008728750e+03 1.188665223412293199e+04 1.303204762205384395e+04
2.893663309528169520e+03 1.181585278493449732e+04 1.302526924589493137e+04
2.894663340047610291e+03 1.182465597046167568e+04 1.304576101573451888e+04
2.895663370567051061e+03 1.188654366115665107e+04 1.306494993924162191e+04
2.896663401086491831e+03 1.185960186642013468e+04 1.303216577099228198e+04
2.897663431605932601e+03 1.182614249611703963e+04 1.304151702291890615e+04
2.898663462125373371e+03 1.185660944559305062e+04 1.305163024214268626e+04
2.899663492644814141e+03 1.184198919331674551e+04 1.300594513420057046e+04
2.900663523164255821e+03 1.182190933587377913e+04 1.296211533015470741e+04
2.901663553683696591e+03 1.181000166453871134e+04 1.294537070554339152e+04
2.902663584203137361e+03 1.176983443873939541e+04 1.293641937779854015e+04
2.903663614722578131e+03 1.174555360804333577e+04 1.292533668102100637e+04
2.904663645242018902e+03 1.173497791982084345e+04 1.294817864977637873e+04
2.905663675761459672e+03 1.168914121081292433e+04 1.299854020235725875e+04
2.906663706280900442e+03 1.170426040643756824e+04 1.304684330977333229e+04
2.907663736800342122e+03 1.169657425770106056e+04 1.306352621525911491e+04
2.908663767319782892e+03 1.168645432195622197e+04 1.307799285538369259e+04
2.909663797839223662e+03 1.163455383109330251e+04 1.311753201345088746e+04
2.910663828358664432e+03 1.160126517577665618e+04 1.314663890305610221e+04
2.911663858878105202e+03 1.163373929816137934e+04 1.319789727844090521e+04
2.912663889397545972e+03 1.162460059499191084e+04 1.328027318890473543e+04
2.913663919916986742e+03 1.161613797580932805e+04 1.334447752098556884e+04
2.914663950436428422e+03 1.162378920002839368e+04 1.337657605832114314e+04
2.915663980955868283e+03 1.159056341499355221e+04 1.338653429593470719e+04
2.916664011475309962e+03 1.159223456965057812e+04 1.337966654650701093e+04
2.917664041994750733e+03 1.166668533371021658e+04 1.336367128443529691e+04
2.918664072514191503e+03 1.173225056151301942e+04 1.338774895281019963e+04
2.919664103033632273e+03 1.172018341544522264e+04 1.343955544532973727e+04
2.920664133553073043e+03 1.174706185519832616e+04 1.344521950353849206e+04
2.921664164072513813e+03 1.186847102196370906e+04 1.348335898829924190e+04
2.922664194591954583e+03 1.190941320018812439e+04 1.352629942514502000e+04
2.923664225111395353e+03 1.188825026877905293e+04 1.351552904866153403e+04
2.924664255630837033e+03 1.190115086856046764e+04 1.348291365935461363e+04
2.925664286150277803e+03 1.188860802519961908e+04 1.346914762040121968e+04
2.926664316669718573e+03 1.187591522005094703e+04 1.343888190524358833e+04
2.927664347189159344e+03 1.196920424713773355e+04 1.341167088696154315e+04
2.928664377708600114e+03 1.204520063431425842e+04 1.336094594540512117e+04
2.929664408228040884e+03 1.207134947284432565e+04 1.335461486769686962e+04
2.930664438747481654e+03 1.214778781710058865e+04 1.335149200963018120e+04
2.931664469266923334e+03 1.221006381726541076e+04 1.326503771573824815e+04
2.932664499786363194e+03 1.229481872992110402e+04 1.317837953872501930e+04
2.933664530305804874e+03 1.239253427717723571e+04 1.315577438364292721e+04
2.934664560825245644e+03 1.246996315610503734e+04 1.310445704987430872e+04
2.935664591344686414e+03 1.252383955545879144e+04 1.304622645346629724e+04
2.936664621864127184e+03 1.258115021374046228e+04 1.294275446266737526e+04
2.937664652383567955e+03 1.268481391212210656e+04 1.285246375429090767e+04
2.938664682903009634e+03 1.278254499199958809e+04 1.279367419330439043e+04
2.939664713422449495e+03 1.288174759663569785e+04 1.273160268718349107e+04
2.940664743941891174e+03 1.292360620148656562e+04 1.267572462865442685e+04
2.941664774461331945e+03 1.285986216776631227e+04 1.259684773584427967e+04
2.942664804980772715e+03 1.280899845799909781e+04 1.253742286294681435e+04
2.943664835500213485e+03 1.282447371691140688e+04 1.249651087545599148e+04
2.944664866019654255e+03 1.280969806053869615e+04 1.243221492450976075e+04
2.945664896539095025e+03 1.279211689781168388e+04 1.234891706955742120e+04
2.946664927058535795e+03 1.276605911313518664e+04 1.232773650978064688e+04
2.947664957577977475e+03 1.273485488409592472e+04 1.235234110228957252e+04
2.948664988097418245e+03 1.272914975294414216e+04 1.236841891145345835e+04
2.949665018616859015e+03 1.270372427363601491e+04 1.234568782988843486e+04
2.950665049136299785e+03 1.267633094098380934e+04 1.235144954014663199e+04
2.951665079655740556e+03 1.267041803029521179e+04 1.233544791634099238e+04
2.952665110175181326e+03 1.263916823845550971e+04 1.232355700734009952e+04
2.953665140694622096e+03 1.260460603510505462e+04 1.232652294594731575e+04
2.954665171214062866e+03 1.253358812098518683e+04 1.231256681899286923e+04
2.955665201733504546e+03 1.251454898066031092e+04 1.226790908217770084e+04
2.956665232252944406e+03 1.259405854952535447e+04 1.223760678436251874e+04
2.957665262772386086e+03 1.262566889836885457e+04 1.216860584616515371e+04
2.958665293291826856e+03 1.259575540084577733e+04 1.211216462447487538e+04
2.959665323811267626e+03 1.259936434001888483e+04 1.206801677688540440e+04
2.960665354330708396e+03 1.262308246008613787e+04 1.202979888893679163e+04
2.961665384850149167e+03 1.262209195764248216e+04 1.205541609861300094e+04
2.962665415369590846e+03 1.263958633195647963e+04 1.215795934064902212e+04
2.963665445889030707e+03 1.263275794982170919e+04 1.225616645974892526e+04
2.964665476408472387e+03 1.254742020676333959e+04 1.236468641860609023e+04
2.965665506927913157e+03 1.251481357936622953e+04 1.239363637208082764e+04
2.966665537447353927e+03 1.253908832691124917e+04 1.242329375959055324e+04
2.967665567966794697e+03 1.250482908600156406e+04 1.240436991127444890e+04
2.968665598486235467e+03 1.247225431544634557e+04 1.236219058106418197e+04
2.969665629005676237e+03 1.244247081710713792e+04 1.234051198049428240e+04
2.970665659525117007e+03 1.242680319091276033e+04 1.229536484057954840e+04
2.971665690044558687e+03 1.248841257477565523e+04 1.224490169862846778e+04
2.972665720563999457e+03 1.250939214615768833e+04 1.219011081244640991e+04
2.973665751083440227e+03 1.246467976404737783e+04 1.214151353090818156e+04
2.974665781602880998e+03 1.242173049909561450e+04 1.211785996800081557e+04
2.975665812122321768e+03 1.234807332944289374e+04 1.205729194326868310e+04
2.976665842641762538e+03 1.229653379709042929e+04 1.199519065581380164e+04
2.977665873161203308e+03 1.226861015585777568e+04 1.195910453343017252e+04
2.978665903680644078e+03 1.222405304416649233e+04 1.193208234633344910e+04
2.979665934200085758e+03 1.212468576831146856e+04 1.198219540767141370e+04
2.980665964719525618e+03 1.204741454231104217e+04 1.202156128385046759e+04
2.981665995238967298e+03 1.200336388149962477e+04 1.201783397757468083e+04
2.982666025758408068e+03 1.196730194736256635e+04 1.202172918705961820e+04
2.983666056277848838e+03 1.193667155682949851e+04 1.204024523634776051e+04
2.984666086797289609e+03 1.193899822269508877e+04 1.206270992751865379e+04
2.985666117316730379e+03 1.191182811412804585e+04 1.209100360013092541e+04
2.986666147836172058e+03 1.188347201635515739e+04 1.207594527339616070e+04
2.987666178355611919e+03 1.182476058947184902e+04 1.204536476386704271e+04
2.988666208875053599e+03 1.176065622852136948e+04 1.209147524825957589e+04
2.989666239394494369e+03 1.172622901445110801e+04 1.217482611780614752e+04
2.990666269913935139e+03 1.166587415949391652e+04 1.219013238107948564e+04
2.991666300433375909e+03 1.165149157293791723e+04 1.221238685988529687e+04
2.992666330952816679e+03 1.166113949708595828e+04 1.223632208341726255e+04
2.993666361472258359e+03 1.166632877279957938e+04 1.224195547042707040e+04
2.994666391991698219e+03 1.170776480306623671e+04 1.223875419681946005e+04
2.995666422511139899e+03 1.183002503170423734e+04 1.227129220263414027e+04
2.996666453030580669e+03 1.193897884103865545e+04 1.226779823920322451e+04
2.997666483550021439e+03 1.195011059309546727e+04 1.226198337744035780e+04
2.998666514069462210e+03 1.197041423919458430e+04 1.228583487064284600e+04
2.999666544588902980e+03 1.197549147224162698e+04 1.228869620067005417e+04
3.000666575108343750e+03 1.198793586376021813e+04 1.230265573245736232e+04
3.001666605627784520e+03 1.206299796833973051e+04 1.229473686194147558e+04
3.002666636147225290e+03 1.204403459361630485e+04 1.233094646385374654e+04
3.003666666666666970e+03 1.195477844363594886e+04 1.240385748270208751e+04
3.004666697186107740e+03 1.191191923330300415e+04 1.248405165234378546e+04
3.005666727705548510e+03 1.194635280748092191e+04 1.254851627277773514e+04
3.006666758224989280e+03 1.198608637162500418e+04 1.257355454616781935e+04
3.007666788744430050e+03 1.202832360521331248e+04 1.255955179327080805e+04
3.008666819263870821e+03 1.208039983688587563e+04 1.247564727564128953e+04
3.009666849783311591e+03 1.210674590225554130e+04 1.241155602784115035e+04
3.010666880302753270e+03 1.213756010700974184e+04 1.231536775379962273e+04
3.011666910822193131e+03 1.215903865221698834e+04 1.226656318157204259e+04
3.012666941341634811e+03 1.219283508841338517e+04 1.226589509048806576e+04
3.013666971861075581e+03 1.221241833262597538e+04 1.229958449863830356e+04
3.014667002380516351e+03 1.221895274826604873e+04 1.230473927878482027e+04
3.015667032899957121e+03 1.226995365247240443e+04 1.235302227292511816e+04
3.016667063419397891e+03 1.235216173855727720e+04 1.242756693181066476e+04
3.017667093938838661e+03 1.239393420496200088e+04 1.248242680088931593e+04
3.018667124458279432e+03 1.241390599400141036e+04 1.257766205331124547e+04
3.019667154977721111e+03 1.254070954665272075e+04 1.261210585548761446e+04
3.020667185497161881e+03 1.262416117794032289e+04 1.262137304458399012e+04
3.021667216016602652e+03 1.267327179393553706e+04 1.262172425646416377e+04
3.022667246536043422e+03 1.275744069606229095e+04 1.263510978851537948e+04
3.023667277055484192e+03 1.281741047607938526e+04 1.268528361664498880e+04
3.024667307574924962e+03 1.284715230279374919e+04 1.274848928335621713e+04
3.025667338094365732e+03 1.288028085318306330e+04 1.277620076742864330e+04
3.026667368613806502e+03 1.293669706773908547e+04 1.282105164299703029e+04
3.027667399133248182e+03 1.297869551087310901e+04 1.287633718849944853e+04
3.028667429652688952e+03 1.299782486640071329e+04 1.289892393466609792e+04
3.029667460172129722e+03 1.301735801537024963e+04 1.292768262147419773e+04
3.030667490691570492e+03 1.301633766569805994e+04 1.299027027563217598e+04
3.031667521211011262e+03 1.299581089342446285e+04 1.302872404384175206e+04
3.032667551730452033e+03 1.298866050034624823e+04 1.308083127954279735e+04
3.033667582249892803e+03 1.296659713153716621e+04 1.313772718422802973e+04
3.034667612769333573e+03 1.297604456046831183e+04 1.318916185639857213e+04
3.035667643288774343e+03 1.299575219344358447e+04 1.314179885800281045e+04
3.036667673808216023e+03 1.301984528543381930e+04 1.311529285466949841e+04
3.037667704327656793e+03 1.308156880288717912e+04 1.312427303966676664e+04
3.038667734847097563e+03 1.310405155851868221e+04 1.311533617529689036e+04
3.039667765366538333e+03 1.312107993197217183e+04 1.309699901938745643e+04
3.040667795885979103e+03 1.315548216420888275e+04 1.308862065918327244e+04
3.041667826405419873e+03 1.311867139339499226e+04 1.310430928007366856e+04
3.042667856924860644e+03 1.300388425044791074e+04 1.307438962564488247e+04
3.043667887444302323e+03 1.292844358140091572e+04 1.301984136720311108e+04
3.044667917963743093e+03 1.294523606783772630e+04 1.300388187849897258e+04
3.045667948483183864e+03 1.294741208065758474e+04 1.296782494782926005e+04
3.046667979002624634e+03 1.297833031490512076e+04 1.290759168979800597e+04
3.047668009522065404e+03 1.299550124640847207e+04 1.289836599684356042e+04
3.048668040041506174e+03 1.294679047521742723e+04 1.286482220336194041e+04
3.049668070560946944e+03 1.295536982939795598e+04 1.277447962587961229e+04
3.050668101080388624e+03 1.299718783078117667e+04 1.266516069072782011e+04
3.051668131599828484e+03 1.302132280994227585e+04 1.260807021047070157e+04
3.052668162119270164e+03 1.298120240265569009e+04 1.257639012702245418e+04
3.053668192638710934e+03 1.293552934556588480e+04 1.253658635778894677e+04
3.054668223158151704e+03 1.292901926444609126e+04 1.255194656883562857e+04
3.055668253677592475e+03 1.289896951998238728e+04 1.254715257955427296e+04
3.056668284197033245e+03 1.288180349756651412e+04 1.254871427843675156e+04
3.057668314716474015e+03 1.289580135231508757e+04 1.258182421427436930e+04
3.058668345235914785e+03 1.290556452600997545e+04 1.254249748537096821e+04
3.059668375755355555e+03 1.284621024977339584e+04 1.248502860172787769e+04
3.060668406274797235e+03 1.282433329625196166e+04 1.245861022409502038e+04
3.061668436794238005e+03 1.282062299230521785e+04 1.239155373906177010e+04
3.062668467313678775e+03 1.280660318018391263e+04 1.230891622719146835e+04
3.063668497833119545e+03 1.276486897665295510e+04 1.223734209881643983e+04
3.064668528352560315e+03 1.271831602500228655e+04 1.220273275588301294e+04
3.065668558872001086e+03 1.265985507274260817e+04 1.220420356806884411e+04
3.066668589391441856e+03 1.257485770177099403e+04 1.217404296715359123e+04
3.067668619910883535e+03 1.251342833372341011e+04 1.223754534091420464e+04
3.068668650430323396e+03 1.242982802512572925e+04 1.216155223969211147e+04
3.069668680949765076e+03 1.234958009749362463e+04 1.167175481578922154e+04
3.070668711469205846e+03 1.235018495636290390e+04 1.134343922378438401e+04
3.071668741988646616e+03 1.239522030113675282e+04 1.155213688873675164e+04
3.072668772508087386e+03 1.239885682182186974e+04 1.183079102033731397e+04
3.073668803027528156e+03 1.239998205448818044e+04 1.197901712226297423e+04
3.074668833546969836e+03 1.242098799138255890e+04 1.209168278017291232e+04
3.075668864066409697e+03 1.242455797279634135e+04 1.220395194371055186e+04
3.076668894585851376e+03 1.246134946318963375e+04 1.219803999087812917e+04
3.077668925105292146e+03 1.254451031048193363e+04 1.216620666896023613e+04
3.078668955624732916e+03 1.259529330465225576e+04 1.218197106329412964e+04
3.079668986144173687e+03 1.262170870989424293e+04 1.220100464698468932e+04
3.080669016663614457e+03 1.268924162204624008e+04 1.219389878051817504e+04
3.081669047183055227e+03 1.278480806715850304e+04 1.222164164193789838e+04
3.082669077702495997e+03 1.285701799960502467e+04 1.226903194505731699e+04
3.083669108221936767e+03 1.294170943950786932e+04 1.229479071841468794e+04
3.084669138741378447e+03 1.296796698523458144e+04 1.232639391852017798e+04
3.085669169260819217e+03 1.295320695428231193e+04 1.236685699672597912e+04
3.086669199780259987e+03 1.293072754575158433e+04 1.240075814894816904e+04
3.087669230299700757e+03 1.290530846620957709e+04 1.239729189777916690e+04
3.088669260819141527e+03 1.292525596529171162e+04 1.240639744519544729e+04
3.089669291338582298e+03 1.297391062138847337e+04 1.244048476922231748e+04
3.090669321858023068e+03 1.300783974120208404e+04 1.242182333327040578e+04
3.091669352377464747e+03 1.303218659244906303e+04 1.239171155874914075e+04
3.092669382896904608e+03 1.304795612314016216e+04 1.240868599491163877e+04
3.093669413416346288e+03 1.304879114625338843e+04 1.242099134535715712e+04
3.094669443935787058e+03 1.310560650585006988e+04 1.243689548073357764e+04
3.095669474455227828e+03 1.317103239367775313e+04 1.245247953410118134e+04
3.096669504974668598e+03 1.326046584093225465e+04 1.250592721014402196e+04
3.097669535494109368e+03 1.335075742390649975e+04 1.249675421319746238e+04
3.098669566013551048e+03 1.336378731613263517e+04 1.249816623447202073e+04
3.099669596532990909e+03 1.338669612346486429e+04 1.253270234781049658e+04
3.100669627052432588e+03 1.333506888423416967e+04 1.252533082347614436e+04
3.101669657571873358e+03 1.326719342851664442e+04 1.253656125750574574e+04
3.102669688091314129e+03 1.322863913540592330e+04 1.253069263066060739e+04
3.103669718610754899e+03 1.322001888534236969e+04 1.248408975999247741e+04
3.104669749130195669e+03 1.324269458007918911e+04 1.245982096512791213e+04
3.105669779649636439e+03 1.326271783498171499e+04 1.246133109870982844e+04
3.106669810169077209e+03 1.328326345263416624e+04 1.245388677883453238e+04
3.107669840688518889e+03 1.329141186641467539e+04 1.249659994264284978e+04
3.108669871207959659e+03 1.327050406591443425e+04 1.254563657403608522e+04
3.109669901727400429e+03 1.327821588424722177e+04 1.257141584292272455e+04
3.110669932246841199e+03 1.330818293907018233e+04 1.255184110334447905e+04
3.111669962766281969e+03 1.331527567543705300e+04 1.251942906290802603e+04
3.112669993285722740e+03 1.335966617734880128e+04 1.251870758351104269e+04
3.113670023805163510e+03 1.336829303584529043e+04 1.246665132987588549e+04
3.114670054324604280e+03 1.336387697025067064e+04 1.241280707374213489e+04
3.115670084844045959e+03 1.339691037736941325e+04 1.278563742281469058e+04
3.116670115363485820e+03 1.337626938343083384e+04 1.329664067096989857e+04
3.117670145882927500e+03 1.334833565204081424e+04 1.328204329261430757e+04
3.118670176402368270e+03 1.333370911968472865e+04 1.299041891207005756e+04
3.119670206921809040e+03 1.328514335936867974e+04 1.281547670817443213e+04
3.120670237441249810e+03 1.321778419512340042e+04 1.268720956203052810e+04
3.121670267960690580e+03 1.317038466010588309e+04 1.257950250721709745e+04
3.122670298480132260e+03 1.319469835742448959e+04 1.250533572970986097e+04
3.123670328999572121e+03 1.315346469276318385e+04 1.250324784984864164e+04
3.124670359519013800e+03 1.310359498594187608e+04 1.250210638140920128e+04
3.125670390038454570e+03 1.306336467832733069e+04 1.247577752573158432e+04
3.126670420557895341e+03 1.302219152994350770e+04 1.246475245470509435e+04
3.127670451077336111e+03 1.301341352440493756e+04 1.246113366327551012e+04
3.128670481596776881e+03 1.297145202295859781e+04 1.244928222312362959e+04
3.129670512116218561e+03 1.295146952627704013e+04 1.243985886377096358e+04
3.130670542635658421e+03 1.297004416106516328e+04 1.245041942670455319e+04
3.131670573155100101e+03 1.297959006896438586e+04 1.245425236613116249e+04
3.132670603674540871e+03 1.301121619301111059e+04 1.242408511118109345e+04
3.133670634193981641e+03 1.305691813481791542e+04 1.243359011849234048e+04
3.134670664713422411e+03 1.302224325386297642e+04 1.245051742765141898e+04
3.135670695232863181e+03 1.297364396144273269e+04 1.244270657122469856e+04
3.136670725752303952e+03 1.296147299392543209e+04 1.247141924056161224e+04
3.137670756271744722e+03 1.290460299034396485e+04 1.254663634555083081e+04
3.138670786791185492e+03 1.287838243708649134e+04 1.256914316074339513e+04
3.139670817310627172e+03 1.290749232724042668e+04 1.257615919723380830e+04
3.140670847830067032e+03 1.288449536756557245e+04 1.263572059929297939e+04
3.141670878349508712e+03 1.285708101648705633e+04 1.271418721376631038e+04
3.142670908868949482e+03 1.283544715339339200e+04 1.272670159619917285e+04
3.143670939388390252e+03 1.276873177796985146e+04 1.274997588761469342e+04
3.144670969907831022e+03 1.271240907463428084e+04 1.280394883334947008e+04
3.145671000427271792e+03 1.266340017439874646e+04 1.277085972770715489e+04
3.146671030946713472e+03 1.262321118172141178e+04 1.274920753532488743e+04
3.147671061466153333e+03 1.267794738754482751e+04 1.277110514542393685e+04
3.148671091985595012e+03 1.273317680132225723e+04 1.279251631843839459e+04
3.149671122505035783e+03 1.274869523182821104e+04 1.282386611330263622e+04
3.150671153024476553e+03 1.278429187289751644e+04 1.285217327207611379e+04
3.151671183543917323e+03 1.276161974025752352e+04 1.286807618746606022e+04
3.152671214063358093e+03 1.270157391546004146e+04 1.289446854276675367e+04
3.153671244582798863e+03 1.268998138365952764e+04 1.293125098750443976e+04
3.154671275102239633e+03 1.272907441237477906e+04 1.296121654215403214e+04
3.155671305621681313e+03 1.273706048212119640e+04 1.299098390727321203e+04
3.156671336141122083e+03 1.270555048380672997e+04 1.304229993626255418e+04
3.157671366660562853e+03 1.271105363931570173e+04 1.311378992681086129e+04
3.158671397180003623e+03 1.270977538374294818e+04 1.316062179598281546e+04
3.159671427699444394e+03 1.268371290639124527e+04 1.319604954494462982e+04
3.160671458218885164e+03 1.275844657691519024e+04 1.323652558391029197e+04
3.161671488738325934e+03 1.281890334015944063e+04 1.327113595334352249e+04
3.162671519257766704e+03 1.287695749459384388e+04 1.326462427747276524e+04
3.163671549777208384e+03 1.291868226679442523e+04 1.324889053761236210e+04
3.164671580296649154e+03 1.293579036119877128e+04 1.326809885212242079e+04
3.165671610816089924e+03 1.295860078520528077e+04 1.327075445492729159e+04
3.166671641335530694e+03 1.299388396388033289e+04 1.320230814497254141e+04
3.167671671854971464e+03 1.304142410542277685e+04 1.317042125781367031e+04
3.168671702374412234e+03 1.305612593960881532e+04 1.317531664282101701e+04
3.169671732893853004e+03 1.302450599240035626e+04 1.317570454415685526e+04
3.170671763413293775e+03 1.302541038885524358e+04 1.315094323346318743e+04
3.171671793932734545e+03 1.303420532431019456e+04 1.311715557038854604e+04
3.172671824452176224e+03 1.303659173964190632e+04 1.306639309498418334e+04
3.173671854971616995e+03 1.300001964163361663e+04 1.298852804951044345e+04
3.174671885491057765e+03 1.299383766763029416e+04 1.292048949504240409e+04
3.175671916010498535e+03 1.303066644041460677e+04 1.282728111323051962e+04
3.176671946529939305e+03 1.299786630905647326e+04 1.273954621228071301e+04
3.177671977049380075e+03 1.294910319854866430e+04 1.265521851434131531e+04
3.178672007568820845e+03 1.291453397082523770e+04 1.262743441415602865e+04
3.179672038088262525e+03 1.288886686036203537e+04 1.257637734882818222e+04
3.180672068607703295e+03 1.287747934156384508e+04 1.253153018280969809e+04
3.181672099127144065e+03 1.295570609126906493e+04 1.249572876476950478e+04
3.182672129646584835e+03 1.297169487996495809e+04 1.245297469154785904e+04
3.183672160166025606e+03 1.296732770166145201e+04 1.239204196036539179e+04
3.184672190685466376e+03 1.295517321137839645e+04 1.235283413392452712e+04
3.185672221204907146e+03 1.289184017272317942e+04 1.236616217665372278e+04
3.186672251724348826e+03 1.289869654969905787e+04 1.232599998283609784e+04
3.187672282243788686e+03 1.290284931153906109e+04 1.222883742701023039e+04
3.188672312763230366e+03 1.284210784220793721e+04 1.215519853274035631e+04
3.189672343282671136e+03 1.281846707413852346e+04 1.212010167508500308e+04
3.190672373802111906e+03 1.281878059891265184e+04 1.207130923576782334e+04
3.191672404321552676e+03 1.282233535772391951e+04 1.204271765891014547e+04
3.192672434840993446e+03 1.281859001412941689e+04 1.206379042009682780e+04
3.193672465360434217e+03 1.279799352086531326e+04 1.207381249538543852e+04
3.194672495879874987e+03 1.276150991680592415e+04 1.205079508827866448e+04
3.195672526399315757e+03 1.274015920969337094e+04 1.203791273747810192e+04
3.196672556918757437e+03 1.272228084178438803e+04 1.201833674072496797e+04
3.197672587438198207e+03 1.270442468548911165e+04 1.202179908330520266e+04
3.198672617957638977e+03 1.268595585799772562e+04 1.201255936159666271e+04
3.199672648477079747e+03 1.268342087755352259e+04 1.197741567335517720e+04
3.200672678996520517e+03 1.267448022490714538e+04 1.192058077521476298e+04
3.201672709515961287e+03 1.258940163244630276e+04 1.185052459321644346e+04
3.202672740035402057e+03 1.251267681935160181e+04 1.178784621550687734e+04
3.203672770554843737e+03 1.251668429451451448e+04 1.173311127244999079e+04
3.204672801074284507e+03 1.245938385620958616e+04 1.170211255062102828e+04
3.205672831593725277e+03 1.239252750258583364e+04 1.170072720430064692e+04
3.206672862113166047e+03 1.232706045282835476e+04 1.174333150520914751e+04
3.207672892632606818e+03 1.223155230345638483e+04 1.177816510110849413e+04
3.208672923152047588e+03 1.209902314781211135e+04 1.175399742306870212e+04
3.209672953671488358e+03 1.198166606140168733e+04 1.172272878274547475e+04
3.210672984190930038e+03 1.189245216965993313e+04 1.173479980482028986e+04
3.211673014710369898e+03 1.184176715035642701e+04 1.170302988171750076e+04
3.212673045229811578e+03 1.184639673474067968e+04 1.165372071188236441e+04
3.213673075749252348e+03 1.188793571193050957e+04 1.164869075671620158e+04
3.214673106268693118e+03 1.185960411121345896e+04 1.163170730160840321e+04
3.215673136788133888e+03 1.182889488862620055e+04 1.165325070134282578e+04
3.216673167307574658e+03 1.184397094062926044e+04 1.165881728046035641e+04
3.217673197827015429e+03 1.182498437508803181e+04 1.168117741830296291e+04
3.218673228346456199e+03 1.180774306482064640e+04 1.173419096530161369e+04
3.219673258865896969e+03 1.178989174833529432e+04 1.178004774506933245e+04
3.220673289385338649e+03 1.175351128415349376e+04 1.181534569307153106e+04
3.221673319904779419e+03 1.172907523000814035e+04 1.189356936312824473e+04
3.222673350424220189e+03 1.171491662400215682e+04 1.192956194321472685e+04
3.223673380943660959e+03 1.167088315293426786e+04 1.197954215779389597e+04
3.224673411463101729e+03 1.167992676427713559e+04 1.204202492383624667e+04
3.225673441982542499e+03 1.166217284562630812e+04 1.208749354842244247e+04
3.226673472501983269e+03 1.164683487478827374e+04 1.213006927117562373e+04
3.227673503021424949e+03 1.161934887815918955e+04 1.211738615729001503e+04
3.228673533540864810e+03 1.159170196081148606e+04 1.213756087451865642e+04
3.229673564060306489e+03 1.161915578250441285e+04 1.216340537241991296e+04
3.230673594579747260e+03 1.161412270087006800e+04 1.215518898406380868e+04
3.231673625099188030e+03 1.160518108239122921e+04 1.212018791967236757e+04
3.232673655618628800e+03 1.160815330785615515e+04 1.206996234626089972e+04
3.233673686138069570e+03 1.157399241457669268e+04 1.202862361021432662e+04
3.234673716657511250e+03 1.157084459592320309e+04 1.200478042949592600e+04
3.235673747176951110e+03 1.162067200798478552e+04 1.197524245568182414e+04
3.236673777696392790e+03 1.166845162006425926e+04 1.196119753280812256e+04
3.237673808215833560e+03 1.166010505353532244e+04 1.191984773808423961e+04
3.238673838735274330e+03 1.167253175707651098e+04 1.186801115825909437e+04
3.239673869254715100e+03 1.175973119448141733e+04 1.179980039647874401e+04
3.240673899774155871e+03 1.178578471704287585e+04 1.177559228865495606e+04
3.241673930293596641e+03 1.175600019257689564e+04 1.177479377549298624e+04
3.242673960813037411e+03 1.174939706946023944e+04 1.179836036132824847e+04
3.243673991332479090e+03 1.173604984411757687e+04 1.183129578100543040e+04
3.244674021851919861e+03 1.173422276450146455e+04 1.186520579930411805e+04
3.245674052371360631e+03 1.181351434442599202e+04 1.182167272880578093e+04
3.246674082890801401e+03 1.186675564281255902e+04 1.177979416471256809e+04
3.247674113410242171e+03 1.188457838350620113e+04 1.177571280949099310e+04
3.248674143929682941e+03 1.195481453220868570e+04 1.174821352425830992e+04
3.249674174449123711e+03 1.201127621823179470e+04 1.174569409000033011e+04
3.250674204968564482e+03 1.209345622195131546e+04 1.172438938937295279e+04
3.251674235488006161e+03 1.218211441937543168e+04 1.166366886428478756e+04
3.252674266007446022e+03 1.224317794777494419e+04 1.162196407905860906e+04
3.253674296526887701e+03 1.228563210274480662e+04 1.158138840156049264e+04
3.254674327046328472e+03 1.235984299048306639e+04 1.158995038353082418e+04
3.255674357565769242e+03 1.247763231724837715e+04 1.164289372886686942e+04
3.256674388085210012e+03 1.259075653319029698e+04 1.167707766294370413e+04
3.257674418604650782e+03 1.269052704481711044e+04 1.167202779334592196e+04
3.258674449124092462e+03 1.271256048598496818e+04 1.171135925972683435e+04
3.259674479643532322e+03 1.264550559855379106e+04 1.174922356772365856e+04
3.260674510162974002e+03 1.259585385048735225e+04 1.177220939990605075e+04
3.261674540682414772e+03 1.260554764244309990e+04 1.179103835873605021e+04
3.262674571201855542e+03 1.258097918975301218e+04 1.177809700034603520e+04
3.263674601721296312e+03 1.256253712015524616e+04 1.179736665260459085e+04
3.264674632240737083e+03 1.253317120162794527e+04 1.178666197058305079e+04
3.265674662760177853e+03 1.249202182493984401e+04 1.178399242136923203e+04
3.266674693279618623e+03 1.248343810875204690e+04 1.181802826450869543e+04
3.267674723799060303e+03 1.247065444631459286e+04 1.188118981025442008e+04
3.268674754318501073e+03 1.244328951554845844e+04 1.193771536902728803e+04
3.269674784837941843e+03 1.242156447229510923e+04 1.198457258453411850e+04
3.270674815357382613e+03 1.239731935981844799e+04 1.199958260645523660e+04
3.271674845876823383e+03 1.235921718204826175e+04 1.199674629115034804e+04
3.272674876396264153e+03 1.229290293127908808e+04 1.202487525090794043e+04
3.273674906915704923e+03 1.229220408482708808e+04 1.210834520099440124e+04
3.274674937435145694e+03 1.236104394553891143e+04 1.216459749680656751e+04
3.275674967954587373e+03 1.238863118139388826e+04 1.219182892824417286e+04
3.276674998474027234e+03 1.236544889036179302e+04 1.223808659140212330e+04
3.277675028993468914e+03 1.237993000397620199e+04 1.227809143789343398e+04
3.278675059512909684e+03 1.240371808779815910e+04 1.233082897491374206e+04
3.279675090032350454e+03 1.239467409574987505e+04 1.239124070279531588e+04
3.280675120551791224e+03 1.242084394362915918e+04 1.241699533371963116e+04
3.281675151071231994e+03 1.241273599069810007e+04 1.246578596776374252e+04
3.282675181590673674e+03 1.233110029017710076e+04 1.251205562351170374e+04
3.283675212110113534e+03 1.231505535856346251e+04 1.253811740108869890e+04
3.284675242629555214e+03 1.233698312000838087e+04 1.257852137291226973e+04
3.285675273148995984e+03 1.230041421847096899e+04 1.265385434326144241e+04
3.286675303668436754e+03 1.227801140990229032e+04 1.267210018545115781e+04
3.287675334187877525e+03 1.226407569182563748e+04 1.265649928173241642e+04
3.288675364707318295e+03 1.226266751711532743e+04 1.265809051212725535e+04
3.289675395226759065e+03 1.231565272539152829e+04 1.265577739292817023e+04
3.290675425746199835e+03 1.233250158345765885e+04 1.260522263603501597e+04
3.291675456265641515e+03 1.230018205799705174e+04 1.260219066796431616e+04
3.292675486785082285e+03 1.226698775925404334e+04 1.262096816506789582e+04
3.293675517304523055e+03 1.219997775954637109e+04 1.262801463011548003e+04
3.294675547823963825e+03 1.216755874424054855e+04 1.265850101146286397e+04
3.295675578343404595e+03 1.216014722872887251e+04 1.269821768197070924e+04
3.296675608862845365e+03 1.213307113935160851e+04 1.276551710138666567e+04
3.297675639382286136e+03 1.206206218462772995e+04 1.286136893469672395e+04
3.298675669901726906e+03 1.201244582798936972e+04 1.294083357049994265e+04
3.299675700421168585e+03 1.199406451007433316e+04 1.298200843631124917e+04
3.300675730940609355e+03 1.197920677264121332e+04 1.301546122769997964e+04
3.301675761460050126e+03 1.195341689155669519e+04 1.305721727632581496e+04
3.302675791979490896e+03 1.195127771202382246e+04 1.307899791852363524e+04
3.303675822498931666e+03 1.192843678024701512e+04 1.310406203044008907e+04
3.304675853018372436e+03 1.190777799400591721e+04 1.314792803359142636e+04
3.305675883537813206e+03 1.185918654508107647e+04 1.318935156013969754e+04
3.306675914057254886e+03 1.182005631275222186e+04 1.325178730295867717e+04
3.307675944576694747e+03 1.181094670258135011e+04 1.323337400525584235e+04
3.308675975096136426e+03 1.178505592911833446e+04 1.326278890368262728e+04
3.309676005615577196e+03 1.180209263307985930e+04 1.330619814735635737e+04
3.310676036135017966e+03 1.182396637026789358e+04 1.337471006593591483e+04
3.311676066654458737e+03 1.185224658454898417e+04 1.339467987324716887e+04
3.312676097173899507e+03 1.192262791010360343e+04 1.342888513179021538e+04
3.313676127693340277e+03 1.206814935051115390e+04 1.342741313220452321e+04
3.314676158212781047e+03 1.220156196205735978e+04 1.346028723963401717e+04
3.315676188732222727e+03 1.224800195613535107e+04 1.351005304619445633e+04
3.316676219251663497e+03 1.229734159821258072e+04 1.351439418925043356e+04
3.317676249771104267e+03 1.232470249729011084e+04 1.354688284745748751e+04
3.318676280290545037e+03 1.237303972675920340e+04 1.357590006461946723e+04
3.319676310809985807e+03 1.248306717203111657e+04 1.354879625924306129e+04
3.320676341329426577e+03 1.248432927138971536e+04 1.354423796486878200e+04
3.321676371848867348e+03 1.242457863240635561e+04 1.355399927997887062e+04
3.322676402368308118e+03 1.240928768907149242e+04 1.354825729964205129e+04
3.323676432887749797e+03 1.245252882627326835e+04 1.357373491145288244e+04
3.324676463407190568e+03 1.251854715964545721e+04 1.363387813256882873e+04
3.325676493926631338e+03 1.260063126321246091e+04 1.369233997899367023e+04
3.326676524446072108e+03 1.268810901407978417e+04 1.375078557872691090e+04
3.327676554965512878e+03 1.273285367447732096e+04 1.383643105430346986e+04
3.328676585484953648e+03 1.279325000926649045e+04 1.386676067077136577e+04
3.329676616004394418e+03 1.284694904388701798e+04 1.393924745832273584e+04
3.330676646523835188e+03 1.289869555972415401e+04 1.402127866209998501e+04
3.331676677043275959e+03 1.295138463284896170e+04 1.408590618772385278e+04
3.332676707562717638e+03 1.296866129680318772e+04 1.419099189410807230e+04
3.333676738082158408e+03 1.303925885983180342e+04 1.427802828821516050e+04
3.334676768601599179e+03 1.314800092832161863e+04 1.437110601194083029e+04
3.335676799121039949e+03 1.321311289409650453e+04 1.443493616580866183e+04
3.336676829640480719e+03 1.326964953653081284e+04 1.445844323308322964e+04
3.337676860159921489e+03 1.340619484538832148e+04 1.446313789209344759e+04
3.338676890679362259e+03 1.349049889832379267e+04 1.450505304919847731e+04
3.339676921198803939e+03 1.357551440451803683e+04 1.456980585657952543e+04
3.340676951718244709e+03 1.369898188536757880e+04 1.461143624604662364e+04
3.341676982237685479e+03 1.379017084548946150e+04 1.469567144635408295e+04
3.342677012757126249e+03 1.383926608155274698e+04 1.477791788974123483e+04
3.343677043276567019e+03 1.388660896465707629e+04 1.478894168721965616e+04
3.344677073796007789e+03 1.397291998803583010e+04 1.479279686048383337e+04
3.345677104315448560e+03 1.405346171414547644e+04 1.481577040848497199e+04
3.346677134834890239e+03 1.410381273689039881e+04 1.480868399071893327e+04
3.347677165354330100e+03 1.414298020024943253e+04 1.479574737681844636e+04
3.348677195873771780e+03 1.416444160556788484e+04 1.478221550781357655e+04
3.349677226393212550e+03 1.416765494126319936e+04 1.479570395577358977e+04
3.350677256912653320e+03 1.418066055068854439e+04 1.481432093406904823e+04
3.351677287432094090e+03 1.418640827677785819e+04 1.478116345402304432e+04
3.352677317951534860e+03 1.422199573083298492e+04 1.474043929534793642e+04
3.353677348470975630e+03 1.426545780391723383e+04 1.473259182403396699e+04
3.354677378990416400e+03 1.431062958742758565e+04 1.470667534810751931e+04
3.355677409509857171e+03 1.437686561317924679e+04 1.467074943205962882e+04
3.356677440029298850e+03 1.440001321714288497e+04 1.458210555975492207e+04
3.357677470548739620e+03 1.442559999281498494e+04 1.452988347695889570e+04
3.358677501068180391e+03 1.447087598023802093e+04 1.449324246523881448e+04
3.359677531587621161e+03 1.445065307370502342e+04 1.446261235983669940e+04
3.360677562107061931e+03 1.436343871439647410e+04 1.442765720968980168e+04
3.361677592626502701e+03 1.429115421410786075e+04 1.436590783631125669e+04
3.362677623145943471e+03 1.432542963210627568e+04 1.431524917904714130e+04
3.363677653665385151e+03 1.434329895189347553e+04 1.428254834583278534e+04
3.364677684184825011e+03 1.438118460695794056e+04 1.423215647073990840e+04
3.365677714704266691e+03 1.440776180245768774e+04 1.417106050519771452e+04
3.366677745223707461e+03 1.438580293959775554e+04 1.415765302384033748e+04
3.367677775743148231e+03 1.443406093884968141e+04 1.417669103993589852e+04
3.368677806262589002e+03 1.447982616878495537e+04 1.420678712337043180e+04
3.369677836782029772e+03 1.449785912180482592e+04 1.421752468238557231e+04
3.370677867301471451e+03 1.445418843530760387e+04 1.422810210433846987e+04
3.371677897820911312e+03 1.438956072198811125e+04 1.420536750862408189e+04
3.372677928340352992e+03 1.436847615772048448e+04 1.418317127973584320e+04
3.373677958859793762e+03 1.433004653933075861e+04 1.418027949730462751e+04
3.374677989379234532e+03 1.429942726595090426e+04 1.417888015977703071e+04
3.375678019898675302e+03 1.430543272628233171e+04 1.414692657197732115e+04
3.376678050418116072e+03 1.430233700867748848e+04 1.412177594929985935e+04
3.377678080937556842e+03 1.424194863427864220e+04 1.404668355716575024e+04
3.378678111456997613e+03 1.422363858728620653e+04 1.396720571566426406e+04
3.379678141976438383e+03 1.421474333967710481e+04 1.389963582681608386e+04
3.380678172495880062e+03 1.417789154860210874e+04 1.385628473526988455e+04
3.381678203015320832e+03 1.411339086274134388e+04 1.384293141080238092e+04
3.382678233534761603e+03 1.404665896757003793e+04 1.388271085763448173e+04
3.383678264054202373e+03 1.395429388173865300e+04 1.398455426366457323e+04
3.384678294573643143e+03 1.385968969466779890e+04 1.406598183233072814e+04
3.385678325093083913e+03 1.377029289945327582e+04 1.410764664614491448e+04
3.386678355612524683e+03 1.366918277959934494e+04 1.411666432954192533e+04
3.387678386131966363e+03 1.356120028329043089e+04 1.407831253087514415e+04
3.388678416651406224e+03 1.353085602484752053e+04 1.400184390203821567e+04
3.389678447170847903e+03 1.356815221358264353e+04 1.390963740355449954e+04
3.390678477690288673e+03 1.354157324177480223e+04 1.383298698749549294e+04
3.391678508209729443e+03 1.350224002981783633e+04 1.374262926495096508e+04
3.392678538729170214e+03 1.349194384075812013e+04 1.363577232466210080e+04
3.393678569248610984e+03 1.345658058747042924e+04 1.355907553237293541e+04
3.394678599768052663e+03 1.345565690479339719e+04 1.349718545766055831e+04
3.395678630287492524e+03 1.351161760084984417e+04 1.340427681731974189e+04
3.396678660806934204e+03 1.353781378374756059e+04 1.328207009364844453e+04
3.397678691326374974e+03 1.352481970987849309e+04 1.318099469061065065e+04
3.398678721845815744e+03 1.355273187721601062e+04 1.310180617207147588e+04
3.399678752365256514e+03 1.362037294900728921e+04 1.307406521288837757e+04
3.400678782884697284e+03 1.364584439548804585e+04 1.307939820076552496e+04
3.401678813404138054e+03 1.368040125982735663e+04 1.305162431945112257e+04
3.402678843923578825e+03 1.367528168164521412e+04 1.301351379583055859e+04
3.403678874443020504e+03 1.361856244957410490e+04 1.297484593957282596e+04
3.404678904962461274e+03 1.354891519349597911e+04 1.292481978892992811e+04
3.405678935481902045e+03 1.350290685418828070e+04 1.288604659680878467e+04
3.406678966001342815e+03 1.348365617037434640e+04 1.282580989853116989e+04
3.407678996520783585e+03 1.347265469330498854e+04 1.274036880622697026e+04
3.408679027040224355e+03 1.345026256053605175e+04 1.271190041098712572e+04
3.409679057559665125e+03 1.341636740770693723e+04 1.272818252171968197e+04
3.410679088079105895e+03 1.337014175534783317e+04 1.267332351539977026e+04
3.411679118598547575e+03 1.332005466824620453e+04 1.263183134823741239e+04
3.412679149117987436e+03 1.333794419573693085e+04 1.260126079213942285e+04
3.413679179637429115e+03 1.334146076668268142e+04 1.254724721349415813e+04
3.414679210156869885e+03 1.334357640589911898e+04 1.248458871685796657e+04
3.415679240676310656e+03 1.336468396756421316e+04 1.245791768806237087e+04
3.416679271195751426e+03 1.333495099907955591e+04 1.240069006681710198e+04
3.417679301715192196e+03 1.331462178131145083e+04 1.233323747782938153e+04
3.418679332234633875e+03 1.321677034902458217e+04 1.227669790221917901e+04
3.419679362754073736e+03 1.309653514068966433e+04 1.222255722416058234e+04
3.420679393273515416e+03 1.299226633485446473e+04 1.216665005233385091e+04
3.421679423792956186e+03 1.289977408900294176e+04 1.209503005034824491e+04
3.422679454312396956e+03 1.283709315171403978e+04 1.205214901676640147e+04
3.423679484831837726e+03 1.278129059485441394e+04 1.204666970824581949e+04
3.424679515351278496e+03 1.271967192451838673e+04 1.205882138673705231e+04
3.425679545870720176e+03 1.263704712871311676e+04 1.205860739878158711e+04
3.426679576390160037e+03 1.254435534352760624e+04 1.200693009402626740e+04
3.427679606909601716e+03 1.249270801408266925e+04 1.191469813804718615e+04
3.428679637429042486e+03 1.244272138428236758e+04 1.174637890105105726e+04
3.429679667948483257e+03 1.238675990129193815e+04 1.161573288049214716e+04
3.430679698467924027e+03 1.234319849608668665e+04 1.145616169846734738e+04
3.431679728987364797e+03 1.226308144694605107e+04 1.130329783275990667e+04
3.432679759506805567e+03 1.218264404797442694e+04 1.119187265052779549e+04
3.433679790026246337e+03 1.210847991459216246e+04 1.112115368797993688e+04
3.434679820545687107e+03 1.200189069927750097e+04 1.108068195855226622e+04
3.435679851065128787e+03 1.190505843758141964e+04 1.103858778716973211e+04
3.436679881584568648e+03 1.181318911809669771e+04 1.103248978757724581e+04
3.437679912104010327e+03 1.169791609328865525e+04 1.102901894384331354e+04
3.438679942623451097e+03 1.153423867540853826e+04 1.106303843849887926e+04
3.439679973142891868e+03 1.138805317486903732e+04 1.103550868118358812e+04
3.440680003662332638e+03 1.133734802499706348e+04 1.097041623140086267e+04
3.441680034181773408e+03 1.121116827665298297e+04 1.091851415585184077e+04
3.442680064701215088e+03 1.108165163819288318e+04 1.087120247937670320e+04
3.443680095220654948e+03 1.097757774441530819e+04 1.083130382624460253e+04
3.444680125740096628e+03 1.087282176670939953e+04 1.082863457682127228e+04
3.445680156259537398e+03 1.077454671194610637e+04 1.080518838628371668e+04
3.446680186778978168e+03 1.064626717637035836e+04 1.075001022793094671e+04
3.447680217298418938e+03 1.054999883840446637e+04 1.071259945351390888e+04
3.448680247817859708e+03 1.047719091034063058e+04 1.068671130619530231e+04
3.449680278337300479e+03 1.041633427457765356e+04 1.065368537461309643e+04
3.450680308856741249e+03 1.039683361698927911e+04 1.064295827183637994e+04
3.451680339376182928e+03 1.036208122024136537e+04 1.062836221082837437e+04
3.452680369895623699e+03 1.024579293570327900e+04 1.062902312313770926e+04
3.453680400415064469e+03 1.014185718968921901e+04 1.062659417314622988e+04
3.454680430934505239e+03 1.005432617582763851e+04 1.062921156483299274e+04
3.455680461453946009e+03 9.915249947893236822e+03 1.058359865273173091e+04
3.456680491973386779e+03 9.835389662184439658e+03 1.050708213924721167e+04
3.457680522492827549e+03 9.794332168892491609e+03 1.046162793691327170e+04
3.458680553012268319e+03 9.685513346208230359e+03 1.042539485893077835e+04
3.459680583531709999e+03 9.609296317787257067e+03 1.035957812011628630e+04
3.460680614051150769e+03 9.539382294775181435e+03 1.031529009984319782e+04
3.461680644570591539e+03 9.408991771213884931e+03 1.029842623416661081e+04
3.462680675090032310e+03 9.291046914357619244e+03 1.023306627305921938e+04
3.463680705609473080e+03 9.197514494098473733e+03 1.014414772925033139e+04
3.464680736128913850e+03 9.125740420382895536e+03 1.006150083362583973e+04
3.465680766648354620e+03 9.116406569941684211e+03 1.002558615758291126e+04
3.466680797167795390e+03 9.125875564422456591e+03 9.942656889733392745e+03
3.467680827687236160e+03 9.107535569903831856e+03 9.892003522232904288e+03
3.468680858206677840e+03 9.077400669133185147e+03 9.855692696081418035e+03
3.469680888726118610e+03 8.983355257823071952e+03 9.754521380691507147e+03
3.470680919245559380e+03 8.875755037609735155e+03 9.617081007803217290e+03
3.471680949765000150e+03 8.811268801272524797e+03 9.527422456905153012e+03
3.472680980284440921e+03 8.800994162167153263e+03 9.468448729856161663e+03
3.473681010803881691e+03 8.763935514170585520e+03 9.388549218177371586e+03
3.474681041323322461e+03 8.667547594666626537e+03 9.354667926349788104e+03
3.475681071842764140e+03 8.606543303012902470e+03 9.329350114726123138e+03
3.476681102362204911e+03 8.559724655329106099e+03 9.301473701962622727e+03
3.477681132881645681e+03 8.501773638600916456e+03 9.280838934375913595e+03
3.478681163401086451e+03 8.530811733370446746e+03 9.240609527067377712e+03
3.479681193920527221e+03 8.546919550174199685e+03 9.152664827428119679e+03
3.480681224439967991e+03 8.575706305315761711e+03 9.089588723668321109e+03
3.481681254959408761e+03 8.603123667914860562e+03 9.001291344131144797e+03
3.482681285478850441e+03 8.584850737891842073e+03 8.885010611920788506e+03
3.483681315998290302e+03 8.568083478145130357e+03 8.780183887814802802e+03
3.484681346517731981e+03 8.550604005255694574e+03 8.703962807042729764e+03
3.485681377037172751e+03 8.553822217646324134e+03 8.688919339195077555e+03
3.486681407556613522e+03 8.531354982668844968e+03 8.622297271418616219e+03
3.487681438076054292e+03 8.464885837175550478e+03 8.612252361421808018e+03
3.488681468595495062e+03 8.429077771454896720e+03 8.531844621855505466e+03
3.489681499114935832e+03 8.404192512578993046e+03 8.081419581282673789e+03
3.490681529634376602e+03 8.383302136547459668e+03 7.687843523661819745e+03
3.491681560153818282e+03 8.323128187953145243e+03 7.787642016197049088e+03
3.492681590673259052e+03 8.307131408574688976e+03 8.039397903709822458e+03
3.493681621192699822e+03 8.327272058304901293e+03 8.171450637127665686e+03
3.494681651712140592e+03 8.283279123004138455e+03 8.246381704562618324e+03
3.495681682231581362e+03 8.223658630345305937e+03 8.337756832234383182e+03
3.496681712751022133e+03 8.167332768722590117e+03 8.327457961042659008e+03
3.497681743270462903e+03 8.113550344619925454e+03 8.275735766165149471e+03
3.498681773789904582e+03 8.088736937863435742e+03 8.265680949018229512e+03
3.499681804309345353e+03 8.156890034636609926e+03 8.272163428349242167e+03
3.500681834828785213e+03 8.159777806626510028e+03 8.243659570144205645e+03
3.501681865348225983e+03 8.135042899385399323e+03 8.242465328798320115e+03
3.502681895867667663e+03 8.106777896070530915e+03 8.258482204558196827e+03
3.503681926387108433e+03 8.019683390785045049e+03 8.260918545898681259e+03
3.504681956906549203e+03 7.998159042719153149e+03 8.275372955391454525e+03
3.505681987425990883e+03 7.972358425746208013e+03 8.293388986932486659e+03
3.506682017945431653e+03 7.859173640744555996e+03 8.302211343029159252e+03
3.507682048464871514e+03 7.785497801493022052e+03 8.272397333409693601e+03
3.508682078984312284e+03 7.759447006465416052e+03 8.248793424854791738e+03
3.509682109503753964e+03 7.730747242252724391e+03 8.244587293621509161e+03
3.510682140023194734e+03 7.671089223416794994e+03 8.203031788927661182e+03
3.511682170542635504e+03 7.595944018527516164e+03 8.130021438757028591e+03
3.512682201062076274e+03 7.500664339732818917e+03 8.099070978453175485e+03
3.513682231581517954e+03 7.410605772101303955e+03 8.073663400963992899e+03
3.514682262100957814e+03 7.335458371108089523e+03 8.022979207082596986e+03
3.515682292620398584e+03 7.257833927112336823e+03 7.991552864419561047e+03
3.516682323139840264e+03 7.172185188931800440e+03 7.979934696693791921e+03
3.517682353659281034e+03 7.109089375967078013e+03 7.923631258871580940e+03
3.518682384178721804e+03 7.055328787554706651e+03 7.865380685304878170e+03
3.519682414698162574e+03 6.921500122619852846e+03 7.831884047405210367e+03
3.520682445217604254e+03 6.780845665765364174e+03 7.780005429756720332e+03
3.521682475737044115e+03 6.726058203862283335e+03 7.718893147556576878e+03
3.522682506256484885e+03 6.605879024542666230e+03 7.626558453828720303e+03
3.523682536775925655e+03 6.472249096562709383e+03 7.505179071407383162e+03
3.524682567295367335e+03 6.342710872326493700e+03 7.394673957545774101e+03
3.525682597814808105e+03 6.192377147962670279e+03 7.306317153400626921e+03
3.526682628334248875e+03 6.013123907188831254e+03 7.224694410375630468e+03
3.527682658853689645e+03 5.837436132006315347e+03 7.168876002973469440e+03
3.528682689373130415e+03 5.684408579383563847e+03 7.112198121263641042e+03
3.529682719892571185e+03 5.580753646566321549e+03 7.041807703505035533e+03
3.530682750412011956e+03 5.525132449527671270e+03 6.955277286920174447e+03
3.531682780931453635e+03 5.498753871532056110e+03 6.800696399162535272e+03
3.532682811450894405e+03 5.424973417178856835e+03 6.688519025722262995e+03
3.533682841970335176e+03 5.349257076804468852e+03 6.547251733786863042e+03
3.534682872489775036e+03 5.306664396958915859e+03 6.399524885049027944e+03
3.535682903009216716e+03 5.234588291863640734e+03 6.585501375375864882e+03
3.536682933528657486e+03 5.145926218027419964e+03 6.959908340828817018e+03
3.537682964048098256e+03 5.052558522376461042e+03 6.940357690052528596e+03
3.538682994567539026e+03 4.949715962540788496e+03 6.579081518544369828e+03
3.539683025086980706e+03 4.852173792597509419e+03 6.251972193340800914e+03
3.540683055606421476e+03 4.773416603883400967e+03 6.002206371181322538e+03
3.541683086125861337e+03 4.657879750125268401e+03 5.776347028169579062e+03
3.542683116645303016e+03 4.582056563707753412e+03 5.564940599153251242e+03
3.543683147164743787e+03 4.490987419491875698e+03 5.433478780249545707e+03
3.544683177684184557e+03 4.404886252288149990e+03 5.334422104976430091e+03
3.545683208203625327e+03 4.303270650207539802e+03 5.196753978719150837e+03
3.546683238723067007e+03 4.197864422559304330e+03 5.076426565923849012e+03
3.547683269242507777e+03 4.156565301232101774e+03 4.987638284962034049e+03
3.548683299761947637e+03 4.105728293555028358e+03 4.885517422747399905e+03
3.549683330281388407e+03 4.030886643395424016e+03 4.780085757912607733e+03
3.550683360800830087e+03 3.954616081591118927e+03 4.706799049896031647e+03
3.551683391320270857e+03 3.846781778829418727e+03 4.633177217443530026e+03
3.552683421839711627e+03 3.772378215827303393e+03 4.525444139909855039e+03
3.553683452359153307e+03 3.761873591898062841e+03 4.462607791164511582e+03
3.554683482878594077e+03 3.735864913136252653e+03 4.416832394161652701e+03
3.555683513398033938e+03 3.649515843418001623e+03 4.341735698559515185e+03
3.556683543917474708e+03 3.577945741491800163e+03 4.298211669874207473e+03
3.557683574436916388e+03 3.571408022592471752e+03 4.306072119386944905e+03
3.558683604956357158e+03 3.518150036069193447e+03 4.255917651315754483e+03
3.559683635475797928e+03 3.430595034157039208e+03 4.150258507577637829e+03
3.560683665995238698e+03 3.357760901027734690e+03 4.090555394904341483e+03
3.561683696514680378e+03 3.269136875212053837e+03 4.054762098306675398e+03
3.562683727034120238e+03 3.195238942804076942e+03 3.969489447275895600e+03
3.563683757553561009e+03 3.204414826799913499e+03 3.884303627463583325e+03
3.564683788073002688e+03 3.193652367636076178e+03 3.811697972812180524e+03
3.565683818592443458e+03 3.136013277588738674e+03 3.671339060842907202e+03
3.566683849111884228e+03 3.126372009235771657e+03 3.549196905253416389e+03
3.567683879631324999e+03 3.114722131801932846e+03 3.447616663126123058e+03
3.568683910150765769e+03 3.112791474065255443e+03 3.358578165758331124e+03
3.569683940670206539e+03 3.129784643214364223e+03 3.260571246209298351e+03
3.570683971189647309e+03 3.129025212947691216e+03 3.203944893797278382e+03
3.571684001709088079e+03 3.110991219795651887e+03 3.130827358052408272e+03
3.572684032228529759e+03 3.101649998539913213e+03 3.044775500622606160e+03
3.573684062747970529e+03 3.126551211504907769e+03 2.982447764048499721e+03
3.574684093267411299e+03 3.172059977301225445e+03 2.884846351981026601e+03
3.575684123786852069e+03 3.180386522847851211e+03 2.784070362395953453e+03
3.576684154306292839e+03 3.097746468223538159e+03 2.703211457608674664e+03
3.577684184825733610e+03 2.953873470226563313e+03 2.643286767863483874e+03
3.578684215345174380e+03 2.823483526807382077e+03 2.564281652566614866e+03
3.579684245864616059e+03 2.728231271370813374e+03 2.490374287442045897e+03
3.580684276384056830e+03 2.591748985399551202e+03 2.431496861431980506e+03
3.581684306903497600e+03 2.465754368994619199e+03 2.351891743675946600e+03
3.582684337422937460e+03 2.322535252397036857e+03 2.229333005925418547e+03
3.583684367942379140e+03 2.164201950609151481e+03 2.128212570958924516e+03
3.584684398461819910e+03 2.039771453037536958e+03 2.052016360588685984e+03
3.585684428981260680e+03 1.915588557179837380e+03 1.936305711628448080e+03
3.586684459500702360e+03 1.773840985526577242e+03 1.792346692149469163e+03
3.587684490020142221e+03 1.621123349445484109e+03 1.678842282370393605e+03
3.588684520539582991e+03 1.482392664247459152e+03 1.589669763986442376e+03
3.589684551059023761e+03 1.333858235497951227e+03 1.519791415518771828e+03
3.590684581578465441e+03 1.177001310749145887e+03 1.422548643099228229e+03
3.591684612097906211e+03 1.081175898996063097e+03 1.307481105429344552e+03
3.592684642617346981e+03 1.018504003432281820e+03 1.222008215640994877e+03
3.593684673136787751e+03 9.454392685736706881e+02 1.071123544582853810e+03
3.594684703656228521e+03 8.212996490484260903e+02 9.386255301798905748e+02
3.595684734175669291e+03 7.248227887123146047e+02 8.034080737521940137e+02
3.596684764695110061e+03 6.653698552264311274e+02 6.580887719758397907e+02
3.597684795214551741e+03 5.738245608340594117e+02 4.984500969575124145e+02
3.598684825733992511e+03 5.058842211123444486e+02 3.748205966271480065e+02
3.599684856253433281e+03 3.903544744794091912e+02 2.602384510841234260e+02
3.600684886772874052e+03 2.155467710038317364e+02 1.238483248070274385e+02
3.601684917292314822e+03 1.212266138858915383e+02 -6.472597742635116447e+00
3.602684947811755592e+03 6.853856402405881454e+01 -1.302768938664025882e+02
3.603684978331196362e+03 -2.861200134445584808e+01 -2.732810528561503816e+02
3.604685008850637132e+03 -1.153408310071990854e+02 -4.151869464194483044e+02
3.605685039370078812e+03 -2.033886116508967916e+02 -5.075921803168680526e+02
3.606685069889519582e+03 -2.635340229217038086e+02 -6.160253474162400380e+02
3.607685100408960352e+03 -2.543826817167941954e+02 -7.770990650375692894e+02
3.608685130928401122e+03 -2.783921190476121410e+02 -9.231836463816894138e+02
3.609685161447841892e+03 -3.561969737669446658e+02 -1.013166065295645694e+03
3.610685191967282663e+03 -4.405016740653936722e+02 -1.105405196694947335e+03
3.611685222486723433e+03 -5.534208389472119052e+02 -1.193289050906726516e+03
3.612685253006165112e+03 -6.386472867662228055e+02 -1.226833882128264577e+03
3.613685283525605882e+03 -7.016254654732429117e+02 -1.258714886011071940e+03
3.614685314045045743e+03 -7.789427042873785467e+02 -1.348068754867887947e+03
3.615685344564486513e+03 -8.937357798528814783e+02 -1.442538218433484872e+03
3.616685375083928193e+03 -1.012299729576067421e+03 -1.532285190010800306e+03
3.617685405603368963e+03 -1.108979765828307563e+03 -1.605450791750382905e+03
3.618685436122809733e+03 -1.197815927108749293e+03 -1.691037743884357042e+03
3.619685466642251413e+03 -1.310211643179704424e+03 -1.784938186156466600e+03
3.620685497161692183e+03 -1.398669580644419284e+03 -1.888914320837669493e+03
3.621685527681132044e+03 -1.499088645775517989e+03 -2.014307489427337259e+03
3.622685558200572814e+03 -1.602576943435817839e+03 -2.134422792822820156e+03
3.623685588720014493e+03 -1.748732988908044717e+03 -2.236523994819893232e+03
3.624685619239455264e+03 -1.886200722096095660e+03 -2.326050953643057255e+03
3.625685649758896034e+03 -1.974836516533370286e+03 -2.389129239200179654e+03
3.626685680278336804e+03 -2.090614558251069411e+03 -2.415419253125721752e+03
3.627685710797778484e+03 -2.172671385193066271e+03 -2.446271184484272908e+03
3.628685741317218344e+03 -2.244531357129272692e+03 -2.525770700330358522e+03
3.629685771836659114e+03 -2.310291233335697598e+03 -2.613924210450802548e+03
3.630685802356100794e+03 -2.334897598000035487e+03 -2.671720464331438507e+03
3.631685832875541564e+03 -2.293123607916802939e+03 -2.778856047729153033e+03
3.632685863394982334e+03 -2.264305593098719328e+03 -2.903024695761702787e+03
3.633685893914423104e+03 -2.313760084682911838e+03 -2.980868431147858246e+03
3.634685924433864784e+03 -2.363291030903425053e+03 -3.055073252781407973e+03
3.635685954953304645e+03 -2.426494183373384658e+03 -3.102463400559124238e+03
3.636685985472745415e+03 -2.458499275862861396e+03 -3.130376121295048961e+03
3.637686015992186185e+03 -2.446508965251195150e+03 -3.171645274839997455e+03
3.638686046511627865e+03 -2.533429637955405269e+03 -3.191309203337523286e+03
3.639686077031068635e+03 -2.669421517314672201e+03 -3.187259776156934095e+03
3.640686107550509405e+03 -2.784531679793359672e+03 -3.210978934454832142e+03
3.641686138069951085e+03 -2.826956972908011721e+03 -3.226113789291967350e+03
3.642686168589390945e+03 -2.848039449320827316e+03 -3.280852534865827693e+03
3.643686199108831715e+03 -2.869747964859863714e+03 -3.317407666027278992e+03
3.644686229628272486e+03 -2.894021355088774271e+03 -3.329821164260023124e+03
3.645686260147714165e+03 -2.939945640780767462e+03 -3.369552465805701559e+03
3.646686290667154935e+03 -2.950922847720821665e+03 -3.391189091706528416e+03
3.647686321186595706e+03 -2.996288352612989911e+03 -3.466783302012667264e+03
3.648686351706035566e+03 -3.067285437831795207e+03 -3.518771794539102302e+03
3.649686382225477246e+03 -3.128827359539554891e+03 -3.546343675286010239e+03
3.650686412744918016e+03 -3.224305927555117705e+03 -3.624327401716983786e+03
3.651686443264358786e+03 -3.290299977268480689e+03 -3.705650712658874454e+03
3.652686473783799556e+03 -3.320972551705770456e+03 -3.799533084320884882e+03
3.653686504303241236e+03 -3.364478529373846413e+03 -3.928340389735754798e+03
3.654686534822682006e+03 -3.416209902690159652e+03 -4.030531869671001914e+03
3.655686565342121867e+03 -3.401946930274926217e+03 -4.120089994308958921e+03
3.656686595861563546e+03 -3.421968649455271134e+03 -4.217364444563627330e+03
3.657686626381004316e+03 -3.440069588591756656e+03 -4.333084923215406889e+03
3.658686656900445087e+03 -3.429345940610693560e+03 -4.446240966460515665e+03
3.659686687419885857e+03 -3.437086430530224334e+03 -4.600973778352461522e+03
3.660686717939327536e+03 -3.479341384502673463e+03 -4.719520471423445997e+03
3.661686748458768307e+03 -3.537994031517179792e+03 -4.774043788669373498e+03
3.662686778978208167e+03 -3.541218088062782044e+03 -4.803441574796077475e+03
3.663686809497648937e+03 -3.523194099083493711e+03 -4.858192645665373675e+03
3.664686840017090617e+03 -3.561681431965703268e+03 -4.894714290610434546e+03
3.665686870536531387e+03 -3.629553109613956167e+03 -4.979954849567800011e+03
3.666686901055972157e+03 -3.707508882136541615e+03 -5.103534828848647521e+03
3.667686931575413837e+03 -3.805923582623891889e+03 -5.209064313948811105e+03
3.668686962094854607e+03 -3.895736709780500405e+03 -5.309604423631977625e+03
3.669686992614294468e+03 -3.987621723469845165e+03 -5.399249202584815066e+03
3.670687023133735238e+03 -4.036384207565728502e+03 -5.482939702667374149e+03
3.671687053653176918e+03 -4.083617923881846764e+03 -5.605203878766553316e+03
3.672687084172617688e+03 -4.137098491381799249e+03 -5.698798792578797475e+03
3.673687114692058458e+03 -4.148479055417766176e+03 -5.801027465104685689e+03
3.674687145211499228e+03 -4.196534545193078884e+03 -5.866646537582962992e+03
3.675687175730940908e+03 -4.263839242872263640e+03 -5.881759501909711616e+03
3.676687206250380768e+03 -4.312697606764814736e+03 -5.919975421338638625e+03
3.677687236769821538e+03 -4.414933309514930443e+03 -5.964829022322788660e+03
3.678687267289263218e+03 -4.587296448188222712e+03 -5.967719642733771252e+03
3.679687297808703988e+03 -4.744508857917158821e+03 -5.997455044541379721e+03
3.680687328328144758e+03 -4.791733159196535780e+03 -6.051402864957325619e+03
3.681687358847585529e+03 -4.860567483463439203e+03 -6.096143736594239272e+03
3.682687389367026299e+03 -4.914020048237617630e+03 -6.172711205366527793e+03
3.683687419886467069e+03 -4.975285297491842357e+03 -6.239224773743877449e+03
3.684687450405907839e+03 -5.086379477535771002e+03 -6.297387314086240622e+03
3.685687480925348609e+03 -5.130991215371947874e+03 -6.360838453662124266e+03
3.686687511444790289e+03 -5.163886709945749317e+03 -6.403876839202675001e+03
3.687687541964231059e+03 -5.220333660481564948e+03 -6.405582387662210749e+03
3.688687572483671829e+03 -5.331410131220147377e+03 -6.402692634074363013e+03
3.689687603003112599e+03 -5.459155433821924817e+03 -6.400643904737309640e+03
3.690687633522553369e+03 -5.564397090850213317e+03 -6.427758943165556047e+03
3.691687664041994140e+03 -5.671000024696157197e+03 -6.478596866824603239e+03
3.692687694561434910e+03 -5.748821229180362934e+03 -6.546764978709436946e+03
3.693687725080876589e+03 -5.791566069238970158e+03 -6.560225531940389374e+03
3.694687755600317359e+03 -5.842568442609606791e+03 -6.566183805303526242e+03
3.695687786119758130e+03 -5.952662214807035525e+03 -6.596523282464490876e+03
3.696687816639197990e+03 -5.999510611361868541e+03 -6.657413371224478396e+03
3.697687847158639670e+03 -6.031094550730272204e+03 -6.674678003268922112e+03
3.698687877678080440e+03 -6.088385679284948310e+03 -6.691176533092866521e+03
3.699687908197521210e+03 -6.157702127484657467e+03 -6.715353604522370006e+03
3.700687938716962890e+03 -6.238862743419343133e+03 -6.745035240290204456e+03
3.701687969236403660e+03 -6.356012253634748049e+03 -6.767367193772383871e+03
3.702687999755844430e+03 -6.484820757202847744e+03 -6.784210759662573764e+03
3.703688030275284291e+03 -6.601690543503981644e+03 -6.820969161872902987e+03
3.704688060794725970e+03 -6.722839425446583846e+03 -6.855945475379936397e+03
3.705688091314166741e+03 -6.854696019659833837e+03 -6.859756968911220611e+03
3.706688121833607511e+03 -6.915959826640205392e+03 -6.898344309248157515e+03
3.707688152353048281e+03 -6.907388903801823290e+03 -6.977606949411781898e+03
3.708688182872489961e+03 -6.952330817631824175e+03 -7.059720520762466549e+03
3.709688213391930731e+03 -7.031523899073372377e+03 -7.133769431484186498e+03
3.710688243911370591e+03 -7.092687066215130471e+03 -7.246992337163592310e+03
3.711688274430812271e+03 -7.164417076087562236e+03 -7.341786812663345700e+03
3.712688304950253041e+03 -7.200220935382629250e+03 -7.403806602336015203e+03
3.713688335469693811e+03 -7.174468724527739141e+03 -7.472334775394488133e+03
3.714688365989134581e+03 -7.171342657576928104e+03 -7.509977018842963844e+03
3.715688396508576261e+03 -7.199900070334804695e+03 -7.536140577381836010e+03
3.716688427028016122e+03 -7.185183186763242702e+03 -7.538669755758181964e+03
3.717688457547456892e+03 -7.145202575761407388e+03 -7.511853045815187215e+03
3.718688488066897662e+03 -7.141722040632233984e+03 -7.508286885702746986e+03
3.719688518586339342e+03 -7.143408710198524204e+03 -7.537619187994239837e+03
3.720688549105780112e+03 -7.184957093811547566e+03 -7.556680385955696693e+03
3.721688579625220882e+03 -7.249689582659744701e+03 -7.613523002991529211e+03
3.722688610144662562e+03 -7.333894553396909032e+03 -7.668280397572069887e+03
3.723688640664102422e+03 -7.397758168557387762e+03 -7.718749507989718040e+03
3.724688671183543192e+03 -7.435928352754181105e+03 -7.771078411506897282e+03
3.725688701702983963e+03 -7.457476064420133298e+03 -7.793144451889259471e+03
3.726688732222425642e+03 -7.473942998416520823e+03 -7.819161324886283182e+03
3.727688762741866412e+03 -7.529169516086682961e+03 -7.875517170591738250e+03
3.728688793261307183e+03 -7.584717717240413549e+03 -7.910457593349334275e+03
3.729688823780747953e+03 -7.635536363381973388e+03 -7.958781323597128903e+03
3.730688854300188723e+03 -7.637160511742624294e+03 -7.956417843779874602e+03
3.731688884819629493e+03 -7.641965053664907828e+03 -7.990166810187502051e+03
3.732688915339070263e+03 -7.618053293822331398e+03 -8.038313080907074436e+03
3.733688945858511943e+03 -7.567275715349197526e+03 -8.117943233775559747e+03
3.734688976377952713e+03 -7.575580825941677176e+03 -8.161333213144745059e+03
3.735689006897393483e+03 -7.570462493052557875e+03 -8.186165005911153457e+03
3.736689037416834253e+03 -7.626629854943036662e+03 -8.254974012547212624e+03
3.737689067936275023e+03 -7.712127871547118048e+03 -8.280123406443410204e+03
3.738689098455715794e+03 -7.787245881646857015e+03 -8.316984725641923433e+03
3.739689128975156564e+03 -7.861087380125142772e+03 -8.405640872667585427e+03
3.740689159494597334e+03 -7.928822210556948448e+03 -8.498843620728570386e+03
3.741689190014039013e+03 -7.982459164952692845e+03 -8.569893302287016922e+03
3.742689220533479784e+03 -8.027114548008782549e+03 -8.653207990854563832e+03
3.743689251052920554e+03 -8.093640052979094435e+03 -8.724476011678314535e+03
3.744689281572361324e+03 -8.180483392220990936e+03 -8.728235868953399404e+03
3.745689312091802094e+03 -8.208002736989334153e+03 -8.745877560900851677e+03
3.746689342611242864e+03 -8.239856716193033208e+03 -8.758686097160119971e+03
3.747689373130683634e+03 -8.269267876167439681e+03 -8.743080505499594437e+03
3.748689403650125314e+03 -8.288448187143014366e+03 -8.817101897406599164e+03
3.749689434169566084e+03 -8.350318734532656890e+03 -8.821970298297206682e+03
3.750689464689005945e+03 -8.385440196840581848e+03 -8.801553503627095779e+03
3.751689495208446715e+03 -8.436526017703979960e+03 -8.794123049530309800e+03
3.752689525727888395e+03 -8.517173306469909221e+03 -8.751888304282852914e+03
3.753689556247329165e+03 -8.569560060050416723e+03 -8.734510960486639306e+03
3.754689586766769935e+03 -8.625066914223551066e+03 -8.727243688798305811e+03
3.755689617286211615e+03 -8.705296351107614100e+03 -8.733107107212332266e+03
3.756689647805652385e+03 -8.828993049942242578e+03 -8.778107008815455629e+03
3.757689678325092245e+03 -8.938126348790623524e+03 -8.841571660647563476e+03
3.758689708844533016e+03 -8.964365342859049633e+03 -8.864425763805909810e+03
3.759689739363974695e+03 -9.059642727400178046e+03 -8.844130016590348532e+03
3.760689769883415465e+03 -9.157948818594546537e+03 -8.869578382345573118e+03
3.761689800402856235e+03 -9.231102193415705187e+03 -8.876592873615001736e+03
3.762689830922297006e+03 -9.305606560802874810e+03 -8.857061123815408791e+03
3.763689861441738685e+03 -9.374537499652289625e+03 -8.904286133889454504e+03
3.764689891961178546e+03 -9.468147109883149824e+03 -8.962041065129949857e+03
3.765689922480619316e+03 -9.528225275025604788e+03 -8.995592063702948508e+03
3.766689953000060086e+03 -9.566257786921272782e+03 -9.052354201035617734e+03
3.767689983519501766e+03 -9.579449262823047320e+03 -9.144437878727618227e+03
3.768690014038942536e+03 -9.569588937138680194e+03 -9.233604956600369405e+03
3.769690044558383306e+03 -9.586899187375771362e+03 -9.280854802073406972e+03
3.770690075077824986e+03 -9.664476107310827501e+03 -9.336954705988888236e+03
3.771690105597264846e+03 -9.738707015211130056e+03 -9.413762826322386900e+03
3.772690136116705617e+03 -9.798400517388103253e+03 -9.520156804765283596e+03
3.773690166636146387e+03 -9.902801588601672847e+03 -9.582140336922182541e+03
3.774690197155588066e+03 -9.941389845248804704e+03 -9.675340062345407205e+03
3.775690227675028837e+03 -9.955396952759181659e+03 -9.764432005328242667e+03
3.776690258194469607e+03 -1.005593556237110897e+04 -9.893858953988146823e+03
3.777690288713910377e+03 -1.011777044976426987e+04 -1.000264353374632628e+04
3.778690319233351147e+03 -1.016022008237780028e+04 -1.009898907494902414e+04
3.779690349752791917e+03 -1.026621202810939940e+04 -1.017692511646794992e+04
3.780690380272232687e+03 -1.037187855516831223e+04 -1.025445824294754493e+04
3.781690410791674367e+03 -1.044812100762503906e+04 -1.037385106895575882e+04
3.782690441311115137e+03 -1.050604714528769182e+04 -1.047825975585535343e+04
3.783690471830555907e+03 -1.050530306211666903e+04 -1.057013319450494055e+04
3.784690502349995768e+03 -1.046973296569769627e+04 -1.069481185535025361e+04
3.785690532869437448e+03 -1.046155691054235649e+04 -1.081443903656335897e+04
3.786690563388878218e+03 -1.046740665163085760e+04 -1.087163667313253245e+04
3.787690593908318988e+03 -1.053067822086408705e+04 -1.088974502351903720e+04
3.788690624427759758e+03 -1.061019728912015307e+04 -1.089126922692035987e+04
3.789690654947201438e+03 -1.064616864162702404e+04 -1.090549115379783507e+04
3.790690685466642208e+03 -1.062673292722584301e+04 -1.094066239439176570e+04
3.791690715986082068e+03 -1.063180160287544095e+04 -1.102051883407621608e+04
3.792690746505523748e+03 -1.069475112934265053e+04 -1.105998033868077073e+04
3.793690777024964518e+03 -1.071688359503168067e+04 -1.110209743912931481e+04
3.794690807544405288e+03 -1.071190164456628190e+04 -1.116007992971809108e+04
3.795690838063846059e+03 -1.072803094361286276e+04 -1.119685962093950729e+04
3.796690868583287738e+03 -1.066171222310090889e+04 -1.127836642392308568e+04
3.797690899102728508e+03 -1.061250834749626119e+04 -1.136946249773527234e+04
3.798690929622168369e+03 -1.053449239875991589e+04 -1.147175079945152902e+04
3.799690960141609139e+03 -1.049842779239147058e+04 -1.154567804124075519e+04
3.800690990661050819e+03 -1.051358968787777849e+04 -1.160777125078812787e+04
3.801691021180491589e+03 -1.050644721308244152e+04 -1.164255316381277953e+04
3.802691051699932359e+03 -1.049551556726990202e+04 -1.163177906917706241e+04
3.803691082219374039e+03 -1.048521475495891355e+04 -1.154584356775567539e+04
3.804691112738814809e+03 -1.048531299025941553e+04 -1.147948045799283682e+04
3.805691143258254669e+03 -1.050615917423605606e+04 -1.145992432828479650e+04
3.806691173777695440e+03 -1.051497541647781145e+04 -1.143538628533323026e+04
3.807691204297137119e+03 -1.053085597663403132e+04 -1.145529350144145792e+04
3.808691234816577889e+03 -1.054077326246077246e+04 -1.154853815685406880e+04
3.809691265336018660e+03 -1.058703083189602330e+04 -1.164514989980931205e+04
3.810691295855459430e+03 -1.060047918732588369e+04 -1.171856106452459426e+04
3.811691326374901109e+03 -1.057667302318254951e+04 -1.181133683385386939e+04
3.812691356894340970e+03 -1.061157934594031212e+04 -1.190937452905780810e+04
3.813691387413781740e+03 -1.067585129128111294e+04 -1.197588849754324838e+04
3.814691417933223420e+03 -1.072597225732255538e+04 -1.203000578716570453e+04
3.815691448452664190e+03 -1.076783624419915941e+04 -1.210559453722794569e+04
3.816691478972104960e+03 -1.079133802232187554e+04 -1.217177501513547759e+04
3.817691509491545730e+03 -1.072209857141130851e+04 -1.226364265670479654e+04
3.818691540010986500e+03 -1.073533506680124810e+04 -1.234631223018885794e+04
3.819691570530427271e+03 -1.076816492973257482e+04 -1.236818921276170659e+04
3.820691601049868041e+03 -1.079285553907122630e+04 -1.235385695365726497e+04
3.821691631569308811e+03 -1.087465500581410015e+04 -1.233966328507564140e+04
3.822691662088750491e+03 -1.086348309209336912e+04 -1.233963557161456447e+04
3.823691692608191261e+03 -1.088128343218238297e+04 -1.234014568996609705e+04
3.824691723127632031e+03 -1.099875814749604251e+04 -1.236045244167400233e+04
3.825691753647072801e+03 -1.105381592780818937e+04 -1.238229394981102087e+04
3.826691784166513571e+03 -1.106326213047315650e+04 -1.238604614510458850e+04
3.827691814685954341e+03 -1.106697855685127615e+04 -1.241669225996082787e+04
3.828691845205395111e+03 -1.110039104969354594e+04 -1.241317927212631002e+04
3.829691875724836791e+03 -1.113158356961513709e+04 -1.235895078765978906e+04
3.830691906244277561e+03 -1.117341875890922529e+04 -1.233871272099754788e+04
3.831691936763718331e+03 -1.123968197492925538e+04 -1.232810115140932612e+04
3.832691967283158192e+03 -1.128348378803364903e+04 -1.235348697944544620e+04
3.833691997802599872e+03 -1.132321947726724466e+04 -1.237835247719403014e+04
3.834692028322040642e+03 -1.136569002569510485e+04 -1.239434293594328119e+04
3.835692058841481412e+03 -1.137773996551125856e+04 -1.239319917857367363e+04
3.836692089360923092e+03 -1.139728354733009473e+04 -1.237535069834576643e+04
3.837692119880363862e+03 -1.150234359172076620e+04 -1.236222123823775291e+04
3.838692150399804632e+03 -1.160455327073857006e+04 -1.237301378551552989e+04
3.839692180919244493e+03 -1.163038145920284660e+04 -1.236465809314443868e+04
3.840692211438686172e+03 -1.173041826746121296e+04 -1.237001068190042497e+04
3.841692241958126942e+03 -1.185040418557076737e+04 -1.240981936235093417e+04
3.842692272477567712e+03 -1.196999701717233620e+04 -1.239455121404479542e+04
3.843692302997008483e+03 -1.209494333206596457e+04 -1.236184780696521921e+04
3.844692333516450162e+03 -1.226594060280767735e+04 -1.228402641096536900e+04
3.845692364035890932e+03 -1.241617480709398114e+04 -1.222338044846826233e+04
3.846692394555330793e+03 -1.253458732449503623e+04 -1.221071498276692546e+04
3.847692425074772473e+03 -1.261776785065637159e+04 -1.222833145436137602e+04
3.848692455594213243e+03 -1.263779815638906439e+04 -1.229052494571644638e+04
3.849692486113654013e+03 -1.262107768800628037e+04 -1.237117383727241577e+04
3.850692516633094783e+03 -1.265071324852347607e+04 -1.244522482130619574e+04
3.851692547152536463e+03 -1.268061378100152797e+04 -1.252592631233978864e+04
3.852692577671976323e+03 -1.268919150545677257e+04 -1.258272452926563346e+04
3.853692608191417094e+03 -1.272344721530004063e+04 -1.258897718677927332e+04
3.854692638710857864e+03 -1.277862876040783885e+04 -1.256437922388972402e+04
3.855692669230299543e+03 -1.283606758463848382e+04 -1.251037587689800966e+04
3.856692699749740314e+03 -1.289808535015292728e+04 -1.242960997523482365e+04
3.857692730269181084e+03 -1.295129071937255503e+04 -1.236129514497426499e+04
3.858692760788622763e+03 -1.299528802976149564e+04 -1.225629534530042110e+04
3.859692791308062624e+03 -1.306965068697462266e+04 -1.219810839853279685e+04
3.860692821827503394e+03 -1.308729344318447329e+04 -1.218874067493162147e+04
3.861692852346944164e+03 -1.311381910197982143e+04 -1.218286634248773225e+04
3.862692882866385844e+03 -1.314241823687397846e+04 -1.215782078881619418e+04
3.863692913385826614e+03 -1.318392271163865735e+04 -1.210449564521075627e+04
3.864692943905267384e+03 -1.322613779015468208e+04 -1.204412596937976014e+04
3.865692974424708154e+03 -1.321202365578147146e+04 -1.196804099116676116e+04
3.866693004944148925e+03 -1.319106033855068563e+04 -1.195985802560941556e+04
3.867693035463589695e+03 -1.319896544729123707e+04 -1.194853463830877081e+04
3.868693065983030465e+03 -1.320352002114882453e+04 -1.193002062924480742e+04
3.869693096502472144e+03 -1.323689227822884641e+04 -1.191152481611308940e+04
3.870693127021912915e+03 -1.324232391394388105e+04 -1.185668666862805730e+04
3.871693157541353685e+03 -1.318124190691002150e+04 -1.180978015361598773e+04
3.872693188060794455e+03 -1.313995893391643040e+04 -1.177490685829723770e+04
3.873693218580235225e+03 -1.316422762052910366e+04 -1.171494382569932714e+04
3.874693249099675995e+03 -1.316069033384902832e+04 -1.164158998035626610e+04
3.875693279619116765e+03 -1.309850456817779195e+04 -1.161482050323059229e+04
3.876693310138557536e+03 -1.310463257800881729e+04 -1.161760506197510585e+04
3.877693340657999215e+03 -1.312036058931627122e+04 -1.161204745724704117e+04
3.878693371177439985e+03 -1.312452254693044415e+04 -1.159273369231035940e+04
3.879693401696880755e+03 -1.313783853409226322e+04 -1.161696318438335948e+04
3.880693432216321526e+03 -1.313582425210189285e+04 -1.161973471447341035e+04
3.881693462735762296e+03 -1.306516128206086069e+04 -1.161366267389949826e+04
3.882693493255203066e+03 -1.301357116038150707e+04 -1.164694817302014417e+04
3.883693523774643836e+03 -1.302238893872200970e+04 -1.167737403910831017e+04
3.884693554294085516e+03 -1.297641350121775031e+04 -1.171381494220614695e+04
3.885693584813526286e+03 -1.291832321212554780e+04 -1.173583354889552538e+04
3.886693615332967056e+03 -1.285688179821048470e+04 -1.175824639034502070e+04
3.887693645852406917e+03 -1.276070252321631597e+04 -1.176215384878943223e+04
3.888693676371848596e+03 -1.267281291732219324e+04 -1.172755415694896328e+04
3.889693706891289366e+03 -1.261003048520229095e+04 -1.177502651957636044e+04
3.890693737410730137e+03 -1.255683206541291474e+04 -1.185538992566530942e+04
3.891693767930170907e+03 -1.245560365859867852e+04 -1.192806392659843368e+04
3.892693798449612586e+03 -1.232505314129089311e+04 -1.197202332430308525e+04
3.893693828969052447e+03 -1.225104969964551674e+04 -1.198589981127699502e+04
3.894693859488493217e+03 -1.226036992394203480e+04 -1.198719000425335980e+04
3.895693890007934897e+03 -1.230828092303672202e+04 -1.199714796625188501e+04
3.896693920527375667e+03 -1.234712914395682856e+04 -1.198625493479802572e+04
3.897693951046816437e+03 -1.235728541269948073e+04 -1.197062881644984918e+04
3.898693981566257207e+03 -1.239400410672242469e+04 -1.197376657241075736e+04
3.899694012085698887e+03 -1.243703672678893417e+04 -1.198737008005156713e+04
3.900694042605138748e+03 -1.249627708482689559e+04 -1.201529080825457095e+04
3.901694073124579518e+03 -1.253195055991699337e+04 -1.206179707113145014e+04
3.902694103644020288e+03 -1.251686285049780599e+04 -1.215051225920238721e+04
3.903694134163461968e+03 -1.251426255635356210e+04 -1.221058223405042554e+04
3.904694164682902738e+03 -1.252696449783619573e+04 -1.225782066681182550e+04
3.905694195202343508e+03 -1.254932540584501294e+04 -1.226029693998900075e+04
3.906694225721785187e+03 -1.257537822762714859e+04 -1.227386188772978494e+04
3.907694256241225048e+03 -1.260628103789421220e+04 -1.226884644226233831e+04
3.908694286760665818e+03 -1.265752064701474046e+04 -1.232106672066737337e+04
3.909694317280106588e+03 -1.265563782127375816e+04 -1.267787205036891646e+04
3.910694347799548268e+03 -1.261627461373258666e+04 -1.304092502273877108e+04
3.911694378318989038e+03 -1.258321213699762484e+04 -1.299143766392269572e+04
3.912694408838429808e+03 -1.260074545533621858e+04 -1.274733174217413216e+04
3.913694439357870579e+03 -1.260775941756560132e+04 -1.254016383568090350e+04
3.914694469877311349e+03 -1.257280320780710099e+04 -1.242217052047257494e+04
3.915694500396752119e+03 -1.256847891280426120e+04 -1.229988941452177096e+04
3.916694530916192889e+03 -1.255099036148498817e+04 -1.222590593894191443e+04
3.917694561435634569e+03 -1.257394812829668081e+04 -1.223197521805686301e+04
3.918694591955075339e+03 -1.266590732966262840e+04 -1.223939549734031607e+04
3.919694622474516109e+03 -1.269414572383278391e+04 -1.221703380009593639e+04
3.920694652993956879e+03 -1.267453980736147059e+04 -1.221749979034628450e+04
3.921694683513397649e+03 -1.268838934120015074e+04 -1.224903518538199751e+04
3.922694714032838419e+03 -1.269600506333212070e+04 -1.223620636435494998e+04
3.923694744552279190e+03 -1.273339435872543072e+04 -1.220729736189050891e+04
3.924694775071719960e+03 -1.276064672278121361e+04 -1.219475453697723424e+04
3.925694805591161639e+03 -1.272015992830959840e+04 -1.216121171468624016e+04
3.926694836110602409e+03 -1.270982941701398886e+04 -1.210515949114063551e+04
3.927694866630042270e+03 -1.274665271210115316e+04 -1.209846929617215210e+04
3.928694897149483950e+03 -1.279093377704410887e+04 -1.210623316564522611e+04
3.929694927668924720e+03 -1.287183742872630319e+04 -1.210553716868504853e+04
3.930694958188365490e+03 -1.291286579330325912e+04 -1.210842639824212347e+04
3.931694988707806260e+03 -1.294199189381771976e+04 -1.212929702504393390e+04
3.932695019227247940e+03 -1.296472486837887845e+04 -1.214339115849562950e+04
3.933695049746688710e+03 -1.302496657623009924e+04 -1.211862660912540741e+04
3.934695080266128571e+03 -1.311621645876903312e+04 -1.214642213047927362e+04
3.935695110785569341e+03 -1.318783802358805951e+04 -1.215431119829401905e+04
3.936695141305011020e+03 -1.323093859808872912e+04 -1.212135869100017771e+04
3.937695171824451791e+03 -1.326080982811577269e+04 -1.212691463307201411e+04
3.938695202343892561e+03 -1.327714644866801609e+04 -1.212969796741089704e+04
3.939695232863334240e+03 -1.331451364862706760e+04 -1.210435618636536674e+04
3.940695263382775011e+03 -1.333530361374343192e+04 -1.209686461694454374e+04
3.941695293902214871e+03 -1.340360298595755376e+04 -1.209819231581756139e+04
3.942695324421655641e+03 -1.348068715824823812e+04 -1.211060285011263295e+04
3.943695354941097321e+03 -1.350636228624858450e+04 -1.214319515493416657e+04
3.944695385460538091e+03 -1.353209125203366420e+04 -1.217595534381458856e+04
3.945695415979978861e+03 -1.351937030081289959e+04 -1.219096555838780114e+04
3.946695446499419631e+03 -1.350709965548952277e+04 -1.217668887656169500e+04
3.947695477018861311e+03 -1.346851367342442973e+04 -1.216076741552765634e+04
3.948695507538301172e+03 -1.340447961042036877e+04 -1.213255593289050012e+04
3.949695538057741942e+03 -1.330624688756490468e+04 -1.208722672140104805e+04
3.950695568577183622e+03 -1.320955370191884504e+04 -1.207799856992179230e+04
3.951695599096624392e+03 -1.318913339608731076e+04 -1.211770240377000846e+04
3.952695629616065162e+03 -1.315847532188066543e+04 -1.216118904259829287e+04
3.953695660135505932e+03 -1.315805763383778867e+04 -1.218200321152820288e+04
3.954695690654946702e+03 -1.312957885302907562e+04 -1.221271188606519718e+04
3.955695721174387472e+03 -1.305996315426427464e+04 -1.200441673246016762e+04
3.956695751693828242e+03 -1.308474509785460941e+04 -1.153809993941798166e+04
3.957695782213269013e+03 -1.315165781820172560e+04 -1.137455542794722351e+04
3.958695812732710692e+03 -1.320381630345263511e+04 -1.156488700626235368e+04
3.959695843252151462e+03 -1.316627003208887254e+04 -1.179520889500725389e+04
3.960695873771592233e+03 -1.311988324931838179e+04 -1.192189917742575017e+04
3.961695904291033003e+03 -1.307584244897104327e+04 -1.203061509093044151e+04
3.962695934810473773e+03 -1.302770684957798585e+04 -1.216828538033884615e+04
3.963695965329914543e+03 -1.300333557596747596e+04 -1.223128816875027405e+04
3.964695995849355313e+03 -1.294332436901133224e+04 -1.223444862876133629e+04
3.965696026368796993e+03 -1.289621207353689533e+04 -1.228710049412889930e+04
3.966696056888237763e+03 -1.288926645553101480e+04 -1.233075273945429217e+04
3.967696087407678533e+03 -1.289074424218108106e+04 -1.232871057536375884e+04
3.968696117927118394e+03 -1.292086648378093560e+04 -1.234080627961114988e+04
3.969696148446560073e+03 -1.292727969993110673e+04 -1.238209863037193463e+04
3.970696178966000844e+03 -1.289978269394703784e+04 -1.239088081329199849e+04
3.971696209485441614e+03 -1.286949179087512130e+04 -1.237149633391916723e+04
3.972696240004883293e+03 -1.285577709517590847e+04 -1.238980326841503120e+04
3.973696270524324063e+03 -1.278985679004688973e+04 -1.238613502933288873e+04
3.974696301043764834e+03 -1.274384312596586096e+04 -1.236901400182820544e+04
3.975696331563204694e+03 -1.271307483670509100e+04 -1.236380041581297155e+04
3.976696362082646374e+03 -1.264743324013191523e+04 -1.234098296561896132e+04
3.977696392602087144e+03 -1.259591281258916570e+04 -1.227349135173942886e+04
3.978696423121527914e+03 -1.258509229492494160e+04 -1.223239463688429714e+04
3.979696453640968684e+03 -1.258405146908358984e+04 -1.228436795324201557e+04
3.980696484160410364e+03 -1.253205533751141957e+04 -1.224978011158710069e+04
3.981696514679851134e+03 -1.244584509288628942e+04 -1.221291410585891754e+04
3.982696545199290995e+03 -1.242047149715882915e+04 -1.220171188656362574e+04
3.983696575718732674e+03 -1.242522600165439326e+04 -1.217623024363437980e+04
3.984696606238173445e+03 -1.241558823305621081e+04 -1.216200300551159125e+04
3.985696636757614215e+03 -1.242717355037678863e+04 -1.219383675953811326e+04
3.986696667277054985e+03 -1.245535023902049215e+04 -1.220764507561695791e+04
3.987696697796496665e+03 -1.248077741019286259e+04 -1.219739651577441691e+04
3.988696728315936525e+03 -1.244428636848851784e+04 -1.217316605294829787e+04
3.989696758835377295e+03 -1.241707365134563224e+04 -1.213770088854469032e+04
3.990696789354818065e+03 -1.240261459735978860e+04 -1.208300269328986360e+04
3.991696819874259745e+03 -1.234539620539782300e+04 -1.205748827988385710e+04
3.992696850393700515e+03 -1.232545881531680243e+04 -1.204443166998002380e+04
3.993696880913141285e+03 -1.232933962051574417e+04 -1.199624303204563148e+04
3.994696911432582965e+03 -1.231522749088274395e+04 -1.197317434832494837e+04
3.995696941952022826e+03 -1.235355733426109509e+04 -1.195152495738903053e+04
3.996696972471463596e+03 -1.245428591807504017e+04 -1.190624659741942014e+04
3.997697002990904366e+03 -1.254098165747749772e+04 -1.184695365733764993e+04
3.998697033510346046e+03 -1.252118000602995562e+04 -1.180239425410074546e+04
3.999697064029786816e+03 -1.251176781371513971e+04 -1.177608142677637625e+04
4.000697094549227586e+03 -1.249176504737616051e+04 -1.173478330565771466e+04
4.001697125068668356e+03 -1.247707332287045938e+04 -1.171261817267292827e+04
4.002697155588109126e+03 -1.249888086169360213e+04 -1.171866685990167935e+04
4.003697186107549896e+03 -1.245145114293416555e+04 -1.172617792851773993e+04
4.004697216626990667e+03 -1.240239436228301565e+04 -1.171443679028970473e+04
4.005697247146432346e+03 -1.239452920333927068e+04 -1.170963131836267894e+04
4.006697277665873116e+03 -1.243044698505515589e+04 -1.174742120649717617e+04
4.007697308185313886e+03 -1.247909285951116181e+04 -1.179036750961020698e+04
4.008697338704754657e+03 -1.250617059258024346e+04 -1.180739894992197515e+04
4.009697369224195427e+03 -1.254426554905451121e+04 -1.179483173484474719e+04
4.010697399743636197e+03 -1.256579452876454161e+04 -1.183008235482936834e+04
4.011697430263076967e+03 -1.254334067978403800e+04 -1.188015799266185240e+04
4.012697460782517737e+03 -1.253244097075321042e+04 -1.189097269139043237e+04
4.013697491301959417e+03 -1.257418554031854910e+04 -1.196966048144231172e+04
4.014697521821400187e+03 -1.255869690080329747e+04 -1.206058802646905315e+04
4.015697552340840957e+03 -1.253478785292145949e+04 -1.212827694227665779e+04
4.016697582860280818e+03 -1.251286004291532663e+04 -1.221348360127160413e+04
4.017697613379722497e+03 -1.251151490003044273e+04 -1.232836018774240983e+04
4.018697643899163268e+03 -1.255799113036676135e+04 -1.238505734585406026e+04
4.019697674418604038e+03 -1.262867829074375550e+04 -1.242294710088660941e+04
4.020697704938045717e+03 -1.268793178827798874e+04 -1.250684663696289863e+04
4.021697735457486488e+03 -1.274213327817602476e+04 -1.257341501026228070e+04
4.022697765976927258e+03 -1.279375421224007187e+04 -1.260833119280123174e+04
4.023697796496367118e+03 -1.284382882927981518e+04 -1.267504387596231936e+04
4.024697827015808798e+03 -1.284312670785859518e+04 -1.274764118116595819e+04
4.025697857535249568e+03 -1.278572400290301266e+04 -1.275165134066189785e+04
4.026697888054690338e+03 -1.278949185642504381e+04 -1.274466114545488745e+04
4.027697918574131108e+03 -1.283577491844325596e+04 -1.279880580556723180e+04
4.028697949093572788e+03 -1.286750270507250389e+04 -1.288053312051871035e+04
4.029697979613012649e+03 -1.288483610287857300e+04 -1.291114721120514514e+04
4.030698010132453419e+03 -1.285555384071734079e+04 -1.292218810294253672e+04
4.031698040651895099e+03 -1.278320822509374375e+04 -1.293346875701680619e+04
4.032698071171335869e+03 -1.273158487142033118e+04 -1.291115877169064152e+04
4.033698101690776639e+03 -1.269049550272606575e+04 -1.286815528717981397e+04
4.034698132210217409e+03 -1.260575917985172237e+04 -1.288848427466304565e+04
4.035698162729659089e+03 -1.252393725349253873e+04 -1.293324326723436934e+04
4.036698193249098949e+03 -1.248562818777932989e+04 -1.298000671621396214e+04
4.037698223768539719e+03 -1.245015068858998529e+04 -1.300315276475333303e+04
4.038698254287980490e+03 -1.245732510626818112e+04 -1.302893551358512559e+04
4.039698284807422169e+03 -1.248263466742103628e+04 -1.307938348602343831e+04
4.040698315326862939e+03 -1.252586165784557124e+04 -1.314015828531828811e+04
4.041698345846303710e+03 -1.254229267695434100e+04 -1.319630494972622546e+04
4.042698376365745389e+03 -1.251124822774844324e+04 -1.326118325515665492e+04
4.043698406885185250e+03 -1.246564390206707685e+04 -1.329459434613659141e+04
4.044698437404626020e+03 -1.243081831056353803e+04 -1.329276432869677046e+04
4.045698467924066790e+03 -1.242600834697106256e+04 -1.328614423689757859e+04
4.046698498443508470e+03 -1.241924743670585667e+04 -1.324731122882135787e+04
4.047698528962949240e+03 -1.239574448236347234e+04 -1.322940124200614628e+04
4.048698559482390010e+03 -1.234711232514656695e+04 -1.321660649847988861e+04
4.049698590001830780e+03 -1.230034332071686731e+04 -1.322337238346065533e+04
4.050698620521271550e+03 -1.219887973643365694e+04 -1.324481895940596405e+04
4.051698651040712321e+03 -1.209229213918318601e+04 -1.328225161260173263e+04
4.052698681560153091e+03 -1.205809278228317453e+04 -1.333361095064888832e+04
4.053698712079594770e+03 -1.200075746489955782e+04 -1.337384482212779039e+04
4.054698742599035540e+03 -1.198946175745314213e+04 -1.339601938781110948e+04
4.055698773118476311e+03 -1.200173473852877942e+04 -1.336656546667268594e+04
4.056698803637917081e+03 -1.200305290128706474e+04 -1.332407380416058550e+04
4.057698834157357851e+03 -1.202657537649948790e+04 -1.327317227124426063e+04
4.058698864676798621e+03 -1.207164246100933997e+04 -1.324273619316709483e+04
4.059698895196239391e+03 -1.208305992519546635e+04 -1.318719957407658876e+04
4.060698925715680161e+03 -1.208066056767787268e+04 -1.312765289168710660e+04
4.061698956235121841e+03 -1.211414250989403808e+04 -1.308385444140456093e+04
4.062698986754562611e+03 -1.215244962025592395e+04 -1.305098359110753881e+04
4.063699017274002472e+03 -1.213781730192307077e+04 -1.299092870852960732e+04
4.064699047793444151e+03 -1.211911139917796208e+04 -1.293556889426956150e+04
4.065699078312884922e+03 -1.210325587689620079e+04 -1.289998065172792303e+04
4.066699108832325692e+03 -1.207855355543667247e+04 -1.285061098128531376e+04
4.067699139351766462e+03 -1.208446831350388675e+04 -1.283397384794012214e+04
4.068699169871208142e+03 -1.208319445690955035e+04 -1.279184488363339369e+04
4.069699200390648912e+03 -1.209860760306013617e+04 -1.275624549409962674e+04
4.070699230910088772e+03 -1.212802919953008859e+04 -1.274418708523373971e+04
4.071699261429529543e+03 -1.212504545370969208e+04 -1.274928501254628281e+04
4.072699291948971222e+03 -1.212793059873303537e+04 -1.279015441847384682e+04
4.073699322468411992e+03 -1.214897365494753467e+04 -1.286693351902232826e+04
4.074699352987852762e+03 -1.221324711548984669e+04 -1.290268836833058049e+04
4.075699383507294442e+03 -1.226948907153438631e+04 -1.293635174763087161e+04
4.076699414026735212e+03 -1.223402785027619393e+04 -1.298534352317511912e+04
4.077699444546175073e+03 -1.226176985678339224e+04 -1.302768430768764847e+04
4.078699475065615843e+03 -1.229940571679609820e+04 -1.305582803417785544e+04
4.079699505585057523e+03 -1.231156365590391579e+04 -1.314690712273195095e+04
4.080699536104498293e+03 -1.234087805633278003e+04 -1.321790482266101571e+04
4.081699566623939063e+03 -1.237558681246929518e+04 -1.319587101164379237e+04
4.082699597143379833e+03 -1.243280876388958677e+04 -1.315009590350294820e+04
4.083699627662821513e+03 -1.244863418259055470e+04 -1.313527142202632604e+04
4.084699658182261373e+03 -1.243573588785477295e+04 -1.308697348051245717e+04
4.085699688701702144e+03 -1.242264555257188476e+04 -1.307580961709119583e+04
4.086699719221143823e+03 -1.237073607855233422e+04 -1.313886701255240041e+04
4.087699749740584593e+03 -1.233259693649665132e+04 -1.316636633515318499e+04
4.088699780260025364e+03 -1.237138523871948928e+04 -1.320906574206494952e+04
4.089699810779466134e+03 -1.241732734375765176e+04 -1.323206249829348963e+04
4.090699841298907813e+03 -1.245225032144468969e+04 -1.325244687107149366e+04
4.091699871818347674e+03 -1.250863573139570144e+04 -1.334436956455928885e+04
4.092699902337788444e+03 -1.250688613967154197e+04 -1.338619228702601322e+04
4.093699932857229214e+03 -1.247252483457619746e+04 -1.342678049060868761e+04
4.094699963376670894e+03 -1.250709293172744401e+04 -1.342498949087786423e+04
4.095699993896111664e+03 -1.250851060512548247e+04 -1.338834992731702732e+04
4.096700024415552434e+03 -1.253915823156858460e+04 -1.335561403453824278e+04
4.097700054934993204e+03 -1.264704276654959904e+04 -1.334896704740946370e+04
4.098700085454433975e+03 -1.273107482517591052e+04 -1.330822531799699755e+04
4.099700115973874745e+03 -1.279769176853096360e+04 -1.327187479202151553e+04
4.100700146493315515e+03 -1.285176678265743067e+04 -1.325379059246652832e+04
4.101700177012757194e+03 -1.282773443760530427e+04 -1.325131777880442314e+04
4.102700207532197965e+03 -1.277315428701388373e+04 -1.326564867486635376e+04
4.103700238051638735e+03 -1.275179128014306298e+04 -1.326508504740257558e+04
4.104700268571078595e+03 -1.273170052968724849e+04 -1.325673643344414086e+04
4.105700299090520275e+03 -1.275207196064938944e+04 -1.324329112230679493e+04
4.106700329609961045e+03 -1.279531327039107418e+04 -1.321603835496022111e+04
4.107700360129401815e+03 -1.279151537078034016e+04 -1.316579027752003458e+04
4.108700390648843495e+03 -1.272687940706942936e+04 -1.311919534279222898e+04
4.109700421168284265e+03 -1.269718739668980015e+04 -1.304170012002809744e+04
4.110700451687725035e+03 -1.273118363345696889e+04 -1.303255012842494580e+04
4.111700482207164896e+03 -1.270893248273640893e+04 -1.301769158446114307e+04
4.112700512726606576e+03 -1.266948813461673490e+04 -1.304246730287495484e+04
4.113700543246047346e+03 -1.266463749079251647e+04 -1.303339989457563570e+04
4.114700573765488116e+03 -1.258715405151614868e+04 -1.297686865784440124e+04
4.115700604284928886e+03 -1.253824682816618770e+04 -1.295911507043370329e+04
4.116700634804370566e+03 -1.244412109974642772e+04 -1.295659441976874041e+04
4.117700665323811336e+03 -1.239206827326328857e+04 -1.290774230727816939e+04
4.118700695843251196e+03 -1.239101109599871961e+04 -1.286326927775003969e+04
4.119700726362692876e+03 -1.236763361790615090e+04 -1.278896332549126782e+04
4.120700756882133646e+03 -1.233385862531866042e+04 -1.270271648788422135e+04
4.121700787401574416e+03 -1.230036839537240849e+04 -1.263935771396920609e+04
4.122700817921015187e+03 -1.229348991842565374e+04 -1.257365489490564687e+04
4.123700848440456866e+03 -1.230078978079504668e+04 -1.251978091046068948e+04
4.124700878959897636e+03 -1.227834789252738483e+04 -1.248964940290933009e+04
4.125700909479337497e+03 -1.227016023344146743e+04 -1.243950732008138766e+04
4.126700939998778267e+03 -1.224575457491509587e+04 -1.240582657061587815e+04
4.127700970518219947e+03 -1.224849538510641287e+04 -1.241470951652400254e+04
4.128701001037660717e+03 -1.222906762008211444e+04 -1.242695898405621665e+04
4.129701031557101487e+03 -1.216883372381334266e+04 -1.245144147968735160e+04
4.130701062076542257e+03 -1.218152960022377010e+04 -1.249699190724892287e+04
4.131701092595983027e+03 -1.222673969296063660e+04 -1.253428485221745359e+04
4.132701123115423798e+03 -1.225155432378830119e+04 -1.251663613545511544e+04
4.133701153634864568e+03 -1.224319090791063900e+04 -1.248692069981320856e+04
4.134701184154306247e+03 -1.222422000820978064e+04 -1.245536210275316989e+04
4.135701214673747018e+03 -1.215066673978971448e+04 -1.237978080081035296e+04
4.136701245193187788e+03 -1.215021430927366964e+04 -1.233029208258393373e+04
4.137701275712628558e+03 -1.214910000237225177e+04 -1.226191289855743707e+04
4.138701306232069328e+03 -1.213884628232202704e+04 -1.219276159918510893e+04
4.139701336751510098e+03 -1.218959411487719444e+04 -1.215545687402945441e+04
4.140701367270950868e+03 -1.215279330716556615e+04 -1.213478218038779414e+04
4.141701397790391638e+03 -1.214195683851202739e+04 -1.214578178723713427e+04
4.142701428309833318e+03 -1.223874208099483076e+04 -1.212081279439944774e+04
4.143701458829274088e+03 -1.226510785579443655e+04 -1.210291360113894734e+04
4.144701489348714858e+03 -1.223062946254230701e+04 -1.210908375929963222e+04
4.145701519868155629e+03 -1.221349515713943947e+04 -1.205855875774457309e+04
4.146701550387596399e+03 -1.223756195565292546e+04 -1.200125266401526824e+04
4.147701580907037169e+03 -1.223635138997489594e+04 -1.200692563000125665e+04
4.148701611426477939e+03 -1.224477172549514762e+04 -1.200654664333373148e+04
4.149701641945919619e+03 -1.230323567161643587e+04 -1.197760358780479874e+04
4.150701672465360389e+03 -1.232236549808740892e+04 -1.193984853933639351e+04
4.151701702984801159e+03 -1.231735580504736936e+04 -1.195655697404860621e+04
4.152701733504241020e+03 -1.233299925944839742e+04 -1.194921341204161217e+04
4.153701764023682699e+03 -1.231477167018932232e+04 -1.197629619317724064e+04
4.154701794543123469e+03 -1.231661639537447809e+04 -1.196769247998103856e+04
4.155701825062564239e+03 -1.239400084055071966e+04 -1.195001890081434431e+04
4.156701855582005919e+03 -1.247726340006646024e+04 -1.195411635214249509e+04
4.157701886101446689e+03 -1.248783191455867927e+04 -1.192100639543460602e+04
4.158701916620887459e+03 -1.257284286698453616e+04 -1.190309946366796794e+04
4.159701947140327320e+03 -1.267491641461196923e+04 -1.191336163184448742e+04
4.160701977659769000e+03 -1.277762429671768041e+04 -1.194659497077225751e+04
4.161702008179209770e+03 -1.286217803268336320e+04 -1.201199302353275198e+04
4.162702038698650540e+03 -1.299789459318112495e+04 -1.203215782389047308e+04
4.163702069218091310e+03 -1.310959310424042633e+04 -1.205205173549557912e+04
4.164702099737532990e+03 -1.320330833072407404e+04 -1.200758936012454251e+04
4.165702130256972850e+03 -1.325636730318563059e+04 -1.198757827737405933e+04
4.166702160776413621e+03 -1.326493783010751395e+04 -1.196773549056920638e+04
4.167702191295855300e+03 -1.324806492735873144e+04 -1.188127056887369872e+04
4.168702221815296070e+03 -1.325255475375646347e+04 -1.190129705853223641e+04
4.169702252334736841e+03 -1.326505366970709656e+04 -1.188981404640794062e+04
4.170702282854177611e+03 -1.327613429074599117e+04 -1.181274604842436020e+04
4.171702313373619290e+03 -1.330397048165597153e+04 -1.174924590972760780e+04
4.172702343893059151e+03 -1.333305891549260014e+04 -1.169568945957732285e+04
4.173702374412499921e+03 -1.338316401761009911e+04 -1.160956855625481876e+04
4.174702404931940691e+03 -1.344192372318678463e+04 -1.154850202140570036e+04
4.175702435451382371e+03 -1.349537526453239661e+04 -1.151273611076313682e+04
4.176702465970823141e+03 -1.354347284434528592e+04 -1.150330905415075540e+04
4.177702496490263911e+03 -1.360211334429628732e+04 -1.151896582150978247e+04
4.178702527009705591e+03 -1.360980966726260885e+04 -1.151695320037058627e+04
4.179702557529145452e+03 -1.363841257064327147e+04 -1.148083404260888346e+04
4.180702588048586222e+03 -1.365576570871484182e+04 -1.147326673882383511e+04
4.181702618568026992e+03 -1.368965001150404532e+04 -1.145260800886381548e+04
4.182702649087468671e+03 -1.374443218746738603e+04 -1.139587447735013120e+04
4.183702679606909442e+03 -1.372651555238066794e+04 -1.139233721094837165e+04
4.184702710126350212e+03 -1.368734131873958358e+04 -1.141226528567855348e+04
4.185702740645790982e+03 -1.367613690813958601e+04 -1.140021441689110179e+04
4.186702771165231752e+03 -1.367675550487500368e+04 -1.142691643734642639e+04
4.187702801684672522e+03 -1.369879250795522421e+04 -1.147229959465130560e+04
4.188702832204113292e+03 -1.368679076850873571e+04 -1.151026956576774137e+04
4.189702862723554972e+03 -1.362127682402441496e+04 -1.152333237259645466e+04
4.190702893242995742e+03 -1.357614204639352829e+04 -1.153508232339392998e+04
4.191702923762436512e+03 -1.359980645397613443e+04 -1.159728976913685801e+04
4.192702954281877282e+03 -1.359556015566693713e+04 -1.165508391846903214e+04
4.193702984801318053e+03 -1.352021453774473412e+04 -1.170615392984424761e+04
4.194703015320758823e+03 -1.351885964120408062e+04 -1.177571433445749790e+04
4.195703045840199593e+03 -1.353269609649632184e+04 -1.181084036389627727e+04
4.196703076359640363e+03 -1.352524760540731404e+04 -1.190096721114739921e+04
4.197703106879082043e+03 -1.352095909459459290e+04 -1.199883721579106168e+04
4.198703137398522813e+03 -1.347660216858496460e+04 -1.209084884549047820e+04
4.199703167917962674e+03 -1.338184291829108224e+04 -1.212830805523831623e+04
4.200703198437404353e+03 -1.332082457528409032e+04 -1.217107657905281303e+04
4.201703228956845123e+03 -1.331941776949354426e+04 -1.227990422464638687e+04
4.202703259476285893e+03 -1.327268648413782103e+04 -1.235795949611619289e+04
4.203703289995726664e+03 -1.320959810077826478e+04 -1.242756237739628705e+04
4.204703320515168343e+03 -1.312337157544219917e+04 -1.253445201846171221e+04
4.205703351034609113e+03 -1.301491911730340507e+04 -1.263450785474018994e+04
4.206703381554048974e+03 -1.290254285113131846e+04 -1.265431407133835819e+04
4.207703412073489744e+03 -1.281891043153057944e+04 -1.263631011742269038e+04
4.208703442592931424e+03 -1.273298235691619811e+04 -1.262036849277098372e+04
4.209703473112372194e+03 -1.260465353615796630e+04 -1.258704704322951875e+04
4.210703503631812964e+03 -1.248304679938624031e+04 -1.259550768336245892e+04
4.211703534151254644e+03 -1.239277419826740879e+04 -1.267796527819439871e+04
4.212703564670695414e+03 -1.237098530192274120e+04 -1.270511710428875995e+04
4.213703595190135275e+03 -1.240822252492107691e+04 -1.271179333037636025e+04
4.214703625709576045e+03 -1.241830060270071226e+04 -1.272652841422979145e+04
4.215703656229017724e+03 -1.239558960060430218e+04 -1.274885417476675502e+04
4.216703686748458495e+03 -1.241998835214851351e+04 -1.278327538736767747e+04
4.217703717267899265e+03 -1.244678855525317704e+04 -1.286442808106270422e+04
4.218703747787340035e+03 -1.249093919242505035e+04 -1.293808564619280878e+04
4.219703778306781714e+03 -1.250059234162327266e+04 -1.300655271521575378e+04
4.220703808826221575e+03 -1.245806418741996094e+04 -1.306066759339842247e+04
4.221703839345662345e+03 -1.243729787190060779e+04 -1.307407187733673345e+04
4.222703869865104025e+03 -1.243639988082851050e+04 -1.305764305852299003e+04
4.223703900384544795e+03 -1.243415014273239831e+04 -1.297008062441778929e+04
4.224703930903985565e+03 -1.244482762718802951e+04 -1.287063431108150871e+04
4.225703961423426335e+03 -1.247321638703022836e+04 -1.283028507278611141e+04
4.226703991942868015e+03 -1.251070289098567628e+04 -1.280222078490196145e+04
4.227704022462307876e+03 -1.247509796494645707e+04 -1.278240989760370576e+04
4.228704052981748646e+03 -1.242705649480603279e+04 -1.283061272427239783e+04
4.229704083501189416e+03 -1.238812801641308761e+04 -1.290058596800369196e+04
4.230704114020631096e+03 -1.238480832102150271e+04 -1.296731286610265670e+04
4.231704144540071866e+03 -1.239419400870588470e+04 -1.303512641902763244e+04
4.232704175059512636e+03 -1.235337215357258719e+04 -1.312720563191524161e+04
4.233704205578953406e+03 -1.234589143739177234e+04 -1.317725031129523813e+04
4.234704236098394176e+03 -1.233643976786291023e+04 -1.319818340163421817e+04
4.235704266617834946e+03 -1.235350880306985891e+04 -1.326800456535482954e+04
4.236704297137275717e+03 -1.244785389968331947e+04 -1.333469005205197755e+04
4.237704327656717396e+03 -1.247329401171080099e+04 -1.340870784831377750e+04
4.238704358176158166e+03 -1.241812747619460970e+04 -1.348704378914210065e+04
4.239704388695598936e+03 -1.243552580935578408e+04 -1.349311204987637029e+04
4.240704419215038797e+03 -1.245764222157816039e+04 -1.345662987791569867e+04
4.241704449734480477e+03 -1.248842626849484623e+04 -1.342209189876774144e+04
4.242704480253921247e+03 -1.250112597361776352e+04 -1.340306954997610592e+04
4.243704510773362017e+03 -1.246902064247942326e+04 -1.339510047484011739e+04
4.244704541292803697e+03 -1.247222861168759846e+04 -1.340217252781476236e+04
4.245704571812244467e+03 -1.251244087097937336e+04 -1.340242179288317493e+04
4.246704602331685237e+03 -1.257232473703322648e+04 -1.337403185702716110e+04
4.247704632851125098e+03 -1.264772462514840663e+04 -1.336533649671051899e+04
4.248704663370566777e+03 -1.267610297512586476e+04 -1.335909094054772868e+04
4.249704693890007547e+03 -1.270031725268313312e+04 -1.330909050518666118e+04
4.250704724409448318e+03 -1.270643574884527516e+04 -1.326081827497253835e+04
4.251704754928889088e+03 -1.277078670423701988e+04 -1.320913109966669253e+04
4.252704785448330767e+03 -1.287858419620255700e+04 -1.319212105020624767e+04
4.253704815967771538e+03 -1.297053695433156827e+04 -1.321135204781493121e+04
4.254704846487211398e+03 -1.301526539832866729e+04 -1.322996995692053679e+04
4.255704877006652168e+03 -1.303696572440252021e+04 -1.322674136707165417e+04
4.256704907526093848e+03 -1.305865162738486106e+04 -1.319696016612154563e+04
4.257704938045534618e+03 -1.308574584510291061e+04 -1.317943209013738124e+04
4.258704968564975388e+03 -1.311775994186819480e+04 -1.313750186855578613e+04
4.259704999084417068e+03 -1.320575340994449834e+04 -1.312639589927181623e+04
4.260705029603857838e+03 -1.329571736446726936e+04 -1.310107603584553908e+04
4.261705060123297699e+03 -1.332569930887120790e+04 -1.314054099886407676e+04
4.262705090642738469e+03 -1.335380697985761253e+04 -1.314098428105487983e+04
4.263705121162180149e+03 -1.334755629807440528e+04 -1.308764040983015184e+04
4.264705151681620919e+03 -1.331903109238420257e+04 -1.299208216119622739e+04
4.265705182201061689e+03 -1.326854576391059527e+04 -1.292476937382972937e+04
4.266705212720502459e+03 -1.321620177658188913e+04 -1.288280859058590067e+04
4.267705243239943229e+03 -1.314294783353216917e+04 -1.287185435838830017e+04
4.268705273759383999e+03 -1.306834550552214023e+04 -1.289154438579451198e+04
4.269705304278824769e+03 -1.307859806018966265e+04 -1.295507671983845285e+04
4.270705334798266449e+03 -1.307313081798513485e+04 -1.301631077628896310e+04
4.271705365317707219e+03 -1.307046783332116684e+04 -1.306548784032819640e+04
4.272705395837147989e+03 -1.303742679056045563e+04 -1.311465346932691864e+04
4.273705426356588760e+03 -1.297554175865890102e+04 -1.313322809338793377e+04
4.274705456876029530e+03 -1.301918077264243038e+04 -1.311404949713038513e+04
4.275705487395470300e+03 -1.309684167255439570e+04 -1.307672948643443306e+04
4.276705517914911070e+03 -1.314565190743338098e+04 -1.301045874092365375e+04
4.277705548434351840e+03 -1.310141729969616244e+04 -1.291181296366815695e+04
4.278705578953793520e+03 -1.303055772391427854e+04 -1.281645548588201564e+04
4.279705609473234290e+03 -1.299139918020389268e+04 -1.273647648633327117e+04
4.280705639992675060e+03 -1.293384049229625634e+04 -1.270741616417205660e+04
4.281705670512115830e+03 -1.289623387324760006e+04 -1.268863252310446296e+04
4.282705701031556600e+03 -1.284309253408703444e+04 -1.267161588955121988e+04
4.283705731550997371e+03 -1.279224462218220833e+04 -1.263005239648580937e+04
4.284705762070438141e+03 -1.279147367119366208e+04 -1.253624271806027718e+04
4.285705792589879820e+03 -1.279428325297387892e+04 -1.244244034015269608e+04
4.286705823109320590e+03 -1.280798274526783098e+04 -1.241053198533223258e+04
4.287705853628761361e+03 -1.279957160236071286e+04 -1.239369816682602323e+04
4.288705884148201221e+03 -1.277485133824185868e+04 -1.236134340153397352e+04
4.289705914667642901e+03 -1.274034242007921239e+04 -1.234036606887435664e+04
4.290705945187083671e+03 -1.270034296630916469e+04 -1.229271097912496953e+04
4.291705975706524441e+03 -1.263147320914915326e+04 -1.221706914003669226e+04
4.292706006225966121e+03 -1.258857876321467847e+04 -1.216567320475287852e+04
4.293706036745406891e+03 -1.253962980056860397e+04 -1.211476785524891784e+04
4.294706067264847661e+03 -1.246722865780395114e+04 -1.202108705366808681e+04
4.295706097784287522e+03 -1.240537039360883864e+04 -1.195611916473350720e+04
4.296706128303729201e+03 -1.238135811827943144e+04 -1.196084787674312247e+04
4.297706158823169972e+03 -1.237690358065998407e+04 -1.197295846978269037e+04
4.298706189342610742e+03 -1.231907798379642554e+04 -1.192107735287706782e+04
4.299706219862051512e+03 -1.219828358783938711e+04 -1.195350989745621700e+04
4.300706250381493192e+03 -1.214258792662815358e+04 -1.193983416133395258e+04
4.301706280900933052e+03 -1.212773393157557621e+04 -1.191768087462552285e+04
4.302706311420373822e+03 -1.210478906991489021e+04 -1.193777114317716041e+04
4.303706341939815502e+03 -1.210722274419516361e+04 -1.196857108371973663e+04
4.304706372459256272e+03 -1.211905538441807767e+04 -1.201351888925706407e+04
4.305706402978697042e+03 -1.214634772674549276e+04 -1.200857502894526988e+04
4.306706433498137812e+03 -1.209819510355476086e+04 -1.203165288340319967e+04
4.307706464017579492e+03 -1.204950091317725855e+04 -1.203063511594617012e+04
4.308706494537019353e+03 -1.203504488461845540e+04 -1.198407413044350142e+04
4.309706525056460123e+03 -1.197139522101312104e+04 -1.198124696877746464e+04
4.310706555575900893e+03 -1.193558180406342217e+04 -1.205583773111394294e+04
4.311706586095342573e+03 -1.193324200796723017e+04 -1.212861158123665155e+04
4.312706616614783343e+03 -1.192403474684277717e+04 -1.215813741936639053e+04
4.313706647134224113e+03 -1.194724703917093575e+04 -1.218102186791616441e+04
4.314706677653665793e+03 -1.202322182231856641e+04 -1.218492264729713497e+04
4.315706708173105653e+03 -1.210145490712195533e+04 -1.217427615888987930e+04
4.316706738692546423e+03 -1.208550253550924572e+04 -1.216733483155697650e+04
4.317706769211987194e+03 -1.205483427840768127e+04 -1.216365182974597155e+04
4.318706799731428873e+03 -1.201793053172916370e+04 -1.215019850960792974e+04
4.319706830250869643e+03 -1.201897433101438401e+04 -1.212911100075764807e+04
4.320706860770310413e+03 -1.204039213921797818e+04 -1.218117277522902259e+04
4.321706891289751184e+03 -1.200226089159759249e+04 -1.221458100806774928e+04
4.322706921809191954e+03 -1.195386905621263759e+04 -1.227507161421629826e+04
4.323706952328632724e+03 -1.194727014417365717e+04 -1.235142313605011805e+04
4.324706982848073494e+03 -1.199798469229819239e+04 -1.239110192709363764e+04
4.325707013367515174e+03 -1.203865800283177305e+04 -1.240649985592129451e+04
4.326707043886955944e+03 -1.207516986379003538e+04 -1.241978612846540273e+04
4.327707074406396714e+03 -1.213343467212084397e+04 -1.240384863315355506e+04
4.328707104925837484e+03 -1.215082815130480594e+04 -1.244614471041285469e+04
4.329707135445278254e+03 -1.213469343361484061e+04 -1.276528413033477955e+04
4.330707165964719024e+03 -1.213966243420140745e+04 -1.311554327362920230e+04
4.331707196484159795e+03 -1.217804993481916063e+04 -1.314615914478490231e+04
4.332707227003600565e+03 -1.216939956125846220e+04 -1.294527749232128735e+04
4.333707257523042244e+03 -1.215949698251998598e+04 -1.272437077483848952e+04
4.334707288042483015e+03 -1.215369222289676873e+04 -1.257620177782070095e+04
4.335707318561923785e+03 -1.215739613186280621e+04 -1.243527479749779195e+04
4.336707349081364555e+03 -1.221548209626960488e+04 -1.233742214517515640e+04
4.337707379600805325e+03 -1.229735922893211500e+04 -1.229848813635768965e+04
4.338707410120246095e+03 -1.234546430151557979e+04 -1.228876689460672787e+04
4.339707440639686865e+03 -1.239937617711805615e+04 -1.227633403142320276e+04
4.340707471159128545e+03 -1.246314600203179907e+04 -1.226191631323971887e+04
4.341707501678569315e+03 -1.251849080095557292e+04 -1.229916588693209269e+04
4.342707532198009176e+03 -1.252047769661789062e+04 -1.229085981183285548e+04
4.343707562717449946e+03 -1.247408807539740337e+04 -1.224562260166326632e+04
4.344707593236891626e+03 -1.248102328436480457e+04 -1.223402145951232524e+04
4.345707623756332396e+03 -1.252240450172526107e+04 -1.217319905938141346e+04
4.346707654275773166e+03 -1.253781892723124110e+04 -1.211506168375347988e+04
4.347707684795214846e+03 -1.255257336349738398e+04 -1.209011569173590033e+04
4.348707715314655616e+03 -1.252596516894616070e+04 -1.207416372184603279e+04
4.349707745834095476e+03 -1.244933207265822966e+04 -1.207844625293451099e+04
4.350707776353536246e+03 -1.239416008828921622e+04 -1.207610334250078085e+04
4.351707806872977926e+03 -1.234679559236711611e+04 -1.206919048310774815e+04
4.352707837392418696e+03 -1.224847661701985635e+04 -1.209764840138139516e+04
4.353707867911859466e+03 -1.217268438145670189e+04 -1.209055137502134494e+04
4.354707898431300237e+03 -1.214280696197815450e+04 -1.211491920803208450e+04
4.355707928950741916e+03 -1.211059342210870818e+04 -1.212651391346534183e+04
4.356707959470181777e+03 -1.213267243737245917e+04 -1.211967668557999605e+04
4.357707989989622547e+03 -1.216443322349382106e+04 -1.212882786944126747e+04
4.358708020509064227e+03 -1.221111653149482481e+04 -1.210864250950640235e+04
4.359708051028504997e+03 -1.221593224235370690e+04 -1.210235476138554259e+04
4.360708081547945767e+03 -1.217283209286054080e+04 -1.210713659335518423e+04
4.361708112067386537e+03 -1.212422627583863505e+04 -1.207857067188045767e+04
4.362708142586828217e+03 -1.205925450208864640e+04 -1.209334469734379127e+04
4.363708173106268077e+03 -1.204724191464806609e+04 -1.212233468347417147e+04
4.364708203625708848e+03 -1.204217098722945593e+04 -1.215322553811629041e+04
4.365708234145149618e+03 -1.201081826952943993e+04 -1.217438108080017264e+04
4.366708264664591297e+03 -1.197487839700626137e+04 -1.213701283207136112e+04
4.367708295184032067e+03 -1.191264365801735585e+04 -1.213837207804105128e+04
4.368708325703472838e+03 -1.181333379055379555e+04 -1.208615744625534535e+04
4.369708356222913608e+03 -1.170166749334993801e+04 -1.203192765957010124e+04
4.370708386742354378e+03 -1.165256295763355592e+04 -1.204545258596422900e+04
4.371708417261795148e+03 -1.161307122035384236e+04 -1.208284232103945760e+04
4.372708447781235918e+03 -1.160787317668841933e+04 -1.211903540571974190e+04
4.373708478300677598e+03 -1.161005656718250975e+04 -1.211502469303664657e+04
4.374708508820118368e+03 -1.160160993011618120e+04 -1.212864218504807832e+04
4.375708539339559138e+03 -1.161446878189701602e+04 -1.195023756702391438e+04
4.376708569858998999e+03 -1.164296305984279388e+04 -1.150801032983835830e+04
4.377708600378440678e+03 -1.166126035950447840e+04 -1.129943850402586941e+04
4.378708630897881449e+03 -1.168046327285721236e+04 -1.142621144697991076e+04
4.379708661417322219e+03 -1.171445062187694202e+04 -1.164371641598527640e+04
4.380708691936762989e+03 -1.172755445143109137e+04 -1.179404072642749270e+04
4.381708722456204669e+03 -1.169977816799880566e+04 -1.191201403395676061e+04
4.382708752975645439e+03 -1.169429498926874294e+04 -1.204053871862863343e+04
4.383708783495085299e+03 -1.165068681675204789e+04 -1.215990168825450019e+04
4.384708814014526979e+03 -1.159821837241886715e+04 -1.216958464326730609e+04
4.385708844533967749e+03 -1.160681318871059557e+04 -1.219026405131474348e+04
4.386708875053408519e+03 -1.161809432980891870e+04 -1.223225382439162058e+04
4.387708905572849289e+03 -1.165418579813633187e+04 -1.222700064634128830e+04
4.388708936092290969e+03 -1.167377640249937758e+04 -1.225222724669876516e+04
4.389708966611731739e+03 -1.166349646992983071e+04 -1.228724268421026682e+04
4.390708997131171600e+03 -1.165747540772688626e+04 -1.228340327867145970e+04
4.391709027650612370e+03 -1.164596309367331924e+04 -1.226306181880846452e+04
4.392709058170054050e+03 -1.169450320591569289e+04 -1.229071670795966747e+04
4.393709088689494820e+03 -1.175459986310289787e+04 -1.229983478282218130e+04
4.394709119208935590e+03 -1.173176455352680023e+04 -1.229505801800110021e+04
4.395709149728377270e+03 -1.177056636617293589e+04 -1.228847954191049030e+04
4.396709180247818040e+03 -1.182628947892016367e+04 -1.224195586232983624e+04
4.397709210767257900e+03 -1.183347818450678642e+04 -1.220148381411841001e+04
4.398709241286698671e+03 -1.185671476509976128e+04 -1.217898877220073518e+04
4.399709271806140350e+03 -1.190528270652752144e+04 -1.221226788876422688e+04
4.400709302325581120e+03 -1.196119380149352219e+04 -1.216996488930005944e+04
4.401709332845021891e+03 -1.196079857784456362e+04 -1.214421420345569095e+04
4.402709363364462661e+03 -1.194564168858276207e+04 -1.214204018481334970e+04
4.403709393883903431e+03 -1.193322587973136069e+04 -1.210127111839401914e+04
4.404709424403344201e+03 -1.187071085734587905e+04 -1.211224094803659318e+04
4.405709454922784971e+03 -1.183673868011488230e+04 -1.213273744621642072e+04
4.406709485442226651e+03 -1.187656784464813245e+04 -1.214444174601333725e+04
4.407709515961667421e+03 -1.194122780942307145e+04 -1.215439903078891984e+04
4.408709546481108191e+03 -1.199819465058258720e+04 -1.214594998291636875e+04
4.409709577000548961e+03 -1.205320266499448189e+04 -1.214799986329395688e+04
4.410709607519989731e+03 -1.205404006988841502e+04 -1.209624570106695319e+04
4.411709638039430502e+03 -1.203409657491666076e+04 -1.207268804573091256e+04
4.412709668558871272e+03 -1.207069187732401770e+04 -1.208456006952927055e+04
4.413709699078312042e+03 -1.205827614300401365e+04 -1.204606944205826585e+04
4.414709729597753721e+03 -1.209607240765617462e+04 -1.201815776777820975e+04
4.415709760117194492e+03 -1.223116269477648893e+04 -1.201974490459827211e+04
4.416709790636635262e+03 -1.233024114271751205e+04 -1.198166323702762020e+04
4.417709821156076032e+03 -1.240308934852810307e+04 -1.194022640799630062e+04
4.418709851675516802e+03 -1.246621324750616986e+04 -1.188505765207604782e+04
4.419709882194957572e+03 -1.246500228335625070e+04 -1.186078373216220461e+04
4.420709912714398342e+03 -1.245449162711268582e+04 -1.185797141246954197e+04
4.421709943233840022e+03 -1.247124674787295226e+04 -1.184254073090288512e+04
4.422709973753280792e+03 -1.247695247724884211e+04 -1.186964515919702899e+04
4.423710004272721562e+03 -1.252248496978110052e+04 -1.189289160023438671e+04
4.424710034792161423e+03 -1.257615841399161945e+04 -1.188730648239235416e+04
4.425710065311603103e+03 -1.256304934288006189e+04 -1.190414850528965144e+04
4.426710095831043873e+03 -1.252327673946380128e+04 -1.194595856286236449e+04
4.427710126350484643e+03 -1.251236648653870725e+04 -1.203436131225165263e+04
4.428710156869926323e+03 -1.256389845766078906e+04 -1.207602902920024826e+04
4.429710187389367093e+03 -1.257350906751529146e+04 -1.207506887067839853e+04
4.430710217908807863e+03 -1.255079179448628929e+04 -1.213750512440089551e+04
4.431710248428247723e+03 -1.258096077073710148e+04 -1.219604717727552634e+04
4.432710278947689403e+03 -1.252936657017332982e+04 -1.221261744897614881e+04
4.433710309467130173e+03 -1.248203208041432299e+04 -1.230237117762714479e+04
4.434710339986570943e+03 -1.240486439235598118e+04 -1.240990140803604481e+04
4.435710370506011714e+03 -1.238835709058509565e+04 -1.246916069009573766e+04
4.436710401025453393e+03 -1.241380366698569196e+04 -1.254727466005355564e+04
4.437710431544893254e+03 -1.241076683446959942e+04 -1.268176358864486974e+04
4.438710462064334024e+03 -1.241327944121418477e+04 -1.276659030585339315e+04
4.439710492583775704e+03 -1.240292823099124689e+04 -1.281561551234219951e+04
4.440710523103216474e+03 -1.240961429609633524e+04 -1.290472039254865376e+04
4.441710553622657244e+03 -1.245729105476386030e+04 -1.297870070558147745e+04
4.442710584142098014e+03 -1.245927934855267631e+04 -1.302316475144495416e+04
4.443710614661539694e+03 -1.246668237981769744e+04 -1.310513699300019834e+04
4.444710645180979554e+03 -1.248052299756487810e+04 -1.319212543262168765e+04
4.445710675700420325e+03 -1.250883473615534422e+04 -1.319872799882351501e+04
4.446710706219861095e+03 -1.249762737076230223e+04 -1.322494331660208991e+04
4.447710736739302774e+03 -1.247044903390424588e+04 -1.326421205160144018e+04
4.448710767258743545e+03 -1.251330431651363870e+04 -1.334560227317266254e+04
4.449710797778184315e+03 -1.257278689687131737e+04 -1.339478414902845179e+04
4.450710828297625994e+03 -1.261862095341947133e+04 -1.342018466935273500e+04
4.451710858817065855e+03 -1.263391490941451229e+04 -1.345211664332437613e+04
4.452710889336506625e+03 -1.263765740521220141e+04 -1.344172000847718300e+04
4.453710919855947395e+03 -1.258539708655948925e+04 -1.340960269716700896e+04
4.454710950375389075e+03 -1.257902136886159496e+04 -1.342818877114822681e+04
4.455710980894829845e+03 -1.259133058467111550e+04 -1.346786391183812702e+04
4.456711011414270615e+03 -1.260337008348025483e+04 -1.352450632715784559e+04
4.457711041933711385e+03 -1.267475283840046541e+04 -1.356449349293589148e+04
4.458711072453152156e+03 -1.266530970853106919e+04 -1.357782856349707436e+04
4.459711102972592926e+03 -1.269643011933586058e+04 -1.362358271157065428e+04
4.460711133492033696e+03 -1.280812466550475801e+04 -1.369027474229526342e+04
4.461711164011475375e+03 -1.282553213221124315e+04 -1.374491361234962642e+04
4.462711194530916146e+03 -1.281424655775324209e+04 -1.380028640553908735e+04
4.463711225050356916e+03 -1.282597314490595636e+04 -1.384447342668535930e+04
4.464711255569797686e+03 -1.284952113388240286e+04 -1.386656725849509166e+04
4.465711286089238456e+03 -1.285721220104805070e+04 -1.383307287140164954e+04
4.466711316608679226e+03 -1.286994089338601771e+04 -1.378282364662861619e+04
4.467711347128119996e+03 -1.291875984824017542e+04 -1.374850619911130889e+04
4.468711377647560766e+03 -1.293549619239563435e+04 -1.369531171160863778e+04
4.469711408167002446e+03 -1.293550225954651251e+04 -1.368371816759716239e+04
4.470711438686443216e+03 -1.295452959717626800e+04 -1.365667555708385771e+04
4.471711469205883986e+03 -1.291851331920774464e+04 -1.370018052976600302e+04
4.472711499725324757e+03 -1.292797724482010744e+04 -1.374389241822509393e+04
4.473711530244765527e+03 -1.300540264503336584e+04 -1.374230090962129543e+04
4.474711560764206297e+03 -1.307975188438894838e+04 -1.373352271759132782e+04
4.475711591283647067e+03 -1.307892701841429516e+04 -1.370213537150214142e+04
4.476711621803088747e+03 -1.315735443268226300e+04 -1.362583302049870690e+04
4.477711652322529517e+03 -1.325942668800451975e+04 -1.354138698974668841e+04
4.478711682841969377e+03 -1.332621231864781839e+04 -1.350863116790717868e+04
4.479711713361410148e+03 -1.338463945176190100e+04 -1.342792437323859303e+04
4.480711743880851827e+03 -1.353323994353163107e+04 -1.331647477407524093e+04
4.481711774400292597e+03 -1.363539562667152131e+04 -1.325253076966270419e+04
4.482711804919733368e+03 -1.369363154202610531e+04 -1.320298522999418128e+04
4.483711835439175047e+03 -1.374123124785448999e+04 -1.309117017147228398e+04
4.484711865958615817e+03 -1.373734746521999296e+04 -1.298096569998319137e+04
4.485711896478055678e+03 -1.371116817498415003e+04 -1.293312889533929228e+04
4.486711926997496448e+03 -1.372113842983358336e+04 -1.283383518472661126e+04
4.487711957516938128e+03 -1.369479693110369044e+04 -1.275423246740165996e+04
4.488711988036378898e+03 -1.366498021075105498e+04 -1.270961739832280728e+04
4.489712018555819668e+03 -1.369680864261695569e+04 -1.264112374151796575e+04
4.490712049075260438e+03 -1.372561028363815603e+04 -1.260270388602939420e+04
4.491712079594702118e+03 -1.378382180951764894e+04 -1.256181091390059919e+04
4.492712110114141979e+03 -1.382288735560017085e+04 -1.258292841512245468e+04
4.493712140633582749e+03 -1.385494547302952014e+04 -1.263130650738875011e+04
4.494712171153023519e+03 -1.389957870558459035e+04 -1.263259480036945024e+04
4.495712201672465198e+03 -1.393651374575719092e+04 -1.264163429488837573e+04
4.496712232191905969e+03 -1.393321035701407345e+04 -1.266622516377305328e+04
4.497712262711346739e+03 -1.394917857994554470e+04 -1.267009954417173685e+04
4.498712293230788418e+03 -1.395830729579199215e+04 -1.268023750960176403e+04
4.499712323750228279e+03 -1.398337462404902180e+04 -1.275209047935575109e+04
4.500712354269669049e+03 -1.400769776034103779e+04 -1.279633301365504303e+04
4.501712384789109819e+03 -1.397732389246362800e+04 -1.274863681831179747e+04
4.502712415308551499e+03 -1.392808996948942149e+04 -1.267494481184081997e+04
4.503712445827992269e+03 -1.388613090205924891e+04 -1.261595856865512906e+04
4.504712476347433039e+03 -1.386447429123854272e+04 -1.253757801960150391e+04
4.505712506866873809e+03 -1.386560315018585425e+04 -1.249835403289457099e+04
4.506712537386314580e+03 -1.383687116438262638e+04 -1.251828199091704300e+04
4.507712567905755350e+03 -1.376141206216158935e+04 -1.251019944293751905e+04
4.508712598425196120e+03 -1.369047543786677124e+04 -1.253893414482188746e+04
4.509712628944637800e+03 -1.369812027838916219e+04 -1.251822894711693880e+04
4.510712659464078570e+03 -1.368768301930698544e+04 -1.249583637279199138e+04
4.511712689983519340e+03 -1.360421066020625221e+04 -1.254242514871085586e+04
4.512712720502959201e+03 -1.359796942112712532e+04 -1.255704633295657186e+04
4.513712751022400880e+03 -1.357412979771454411e+04 -1.258266621345393287e+04
4.514712781541841650e+03 -1.352039616611473866e+04 -1.255436684852491817e+04
4.515712812061282420e+03 -1.350560142367803564e+04 -1.249035530883258252e+04
4.516712842580723191e+03 -1.344923654979819912e+04 -1.242729935917973489e+04
4.517712873100164870e+03 -1.334070403735699256e+04 -1.237051987864930561e+04
4.518712903619605640e+03 -1.324836522635731126e+04 -1.227786176375694777e+04
4.519712934139045501e+03 -1.320158339089526271e+04 -1.219299441046362517e+04
4.520712964658487181e+03 -1.313380966505074684e+04 -1.211747117861328661e+04
4.521712995177927951e+03 -1.304325754086625784e+04 -1.205415289819664031e+04
4.522713025697368721e+03 -1.293884158956987812e+04 -1.201846275299617264e+04
4.523713056216809491e+03 -1.281856714239895882e+04 -1.197452591637469232e+04
4.524713086736251171e+03 -1.267278121819460830e+04 -1.191783187492328216e+04
4.525713117255691941e+03 -1.257186135957468468e+04 -1.185546111029669009e+04
4.526713147775131802e+03 -1.244823059800124611e+04 -1.180019399823976892e+04
4.527713178294572572e+03 -1.228369503627595805e+04 -1.170806218676799108e+04
4.528713208814014251e+03 -1.214294373501301925e+04 -1.158743147503830733e+04
4.529713239333455022e+03 -1.202591339561189670e+04 -1.150907571002807890e+04
4.530713269852895792e+03 -1.199002336108231611e+04 -1.144324637182635706e+04
4.531713300372337471e+03 -1.199016665890779768e+04 -1.137635612235072404e+04
4.532713330891778241e+03 -1.196243906747550864e+04 -1.136032076145433894e+04
4.533713361411218102e+03 -1.191557339497354224e+04 -1.130939516895461384e+04
4.534713391930658872e+03 -1.190540303158692950e+04 -1.124067108049597118e+04
4.535713422450100552e+03 -1.188672100933040565e+04 -1.116765456721657392e+04
4.536713452969541322e+03 -1.188561424965408696e+04 -1.111706369032100520e+04
4.537713483488982092e+03 -1.185347483735795140e+04 -1.104804150734839823e+04
4.538713514008422862e+03 -1.176366115008996712e+04 -1.096337670546507798e+04
4.539713544527864542e+03 -1.169968443121978817e+04 -1.083535914563501137e+04
4.540713575047304403e+03 -1.163720643567240768e+04 -1.072819264757361270e+04
4.541713605566745173e+03 -1.156740677217068151e+04 -1.063830808678109315e+04
4.542713636086186852e+03 -1.151284210569977949e+04 -1.051921341118503551e+04
4.543713666605627623e+03 -1.148071982265913175e+04 -1.042195567502477388e+04
4.544713697125068393e+03 -1.146705231166950034e+04 -1.035708391227021821e+04
4.545713727644509163e+03 -1.137336376058673886e+04 -1.028095109250353562e+04
4.546713758163949933e+03 -1.126923038631418603e+04 -1.019722417941108688e+04
4.547713788683390703e+03 -1.116024069191390299e+04 -1.018134536743052013e+04
4.548713819202831473e+03 -1.109358779345732182e+04 -1.016056921877434070e+04
4.549713849722272244e+03 -1.105358980003467514e+04 -1.011793987790447136e+04
4.550713880241713923e+03 -1.094878300420836968e+04 -1.012762217261542901e+04
4.551713910761154693e+03 -1.088946383703396168e+04 -1.013634967832688744e+04
4.552713941280595463e+03 -1.082828868862997115e+04 -1.008304204192460202e+04
4.553713971800036234e+03 -1.078689519910326089e+04 -9.988851404845572688e+03
4.554714002319477004e+03 -1.080205797696523587e+04 -9.896497644724409838e+03
4.555714032838917774e+03 -1.076163778752613507e+04 -9.797399526312377930e+03
4.556714063358358544e+03 -1.064729719850305810e+04 -9.696790457861217874e+03
4.557714093877800224e+03 -1.057273129943844833e+04 -9.579959101968690447e+03
4.558714124397240994e+03 -1.051172605126121562e+04 -9.462863309513862987e+03
4.559714154916681764e+03 -1.046004659835506209e+04 -9.343320598684136712e+03
4.560714185436121625e+03 -1.040074608375294156e+04 -9.248346604320284314e+03
4.561714215955563304e+03 -1.030671715887510618e+04 -9.193412887052920269e+03
4.562714246475004074e+03 -1.025058430721354125e+04 -9.123779822586810042e+03
4.563714276994444845e+03 -1.022184031080716522e+04 -9.045614134792715049e+03
4.564714307513886524e+03 -1.019437235932980184e+04 -8.979682926919467718e+03
4.565714338033327294e+03 -1.017938606109540342e+04 -8.859633926229456847e+03
4.566714368552768065e+03 -1.013393029803971513e+04 -8.744836067560458105e+03
4.567714399072207925e+03 -1.007950113523835535e+04 -8.680492345365209985e+03
4.568714429591649605e+03 -1.000275835697395451e+04 -8.620746492310576286e+03
4.569714460111090375e+03 -9.997111702886064450e+03 -8.515881373646663633e+03
4.570714490630531145e+03 -1.001666755294773429e+04 -8.403080123109313718e+03
4.571714521149971915e+03 -9.998371778094669935e+03 -8.335250621939359917e+03
4.572714551669413595e+03 -9.969315930319295148e+03 -8.238898713341064649e+03
4.573714582188854365e+03 -9.928085529855779896e+03 -8.200963130214038756e+03
4.574714612708294226e+03 -9.878639653359909062e+03 -8.098664653832153817e+03
4.575714643227735905e+03 -9.816337411962926126e+03 -8.004379798642439710e+03
4.576714673747176676e+03 -9.782254126872972847e+03 -7.905264730754378434e+03
4.577714704266617446e+03 -9.799134549889393384e+03 -7.780230933118130451e+03
4.578714734786058216e+03 -9.772604826176449933e+03 -7.666051567474274634e+03
4.579714765305499895e+03 -9.709328178636485973e+03 -7.573062100761597321e+03
4.580714795824939756e+03 -9.654993800028907572e+03 -7.516333074058054081e+03
4.581714826344380526e+03 -9.549981644553192382e+03 -7.489052573375004613e+03
4.582714856863821296e+03 -9.424580457536238100e+03 -7.422985916552580420e+03
4.583714887383262976e+03 -9.281704389393356905e+03 -7.359120455618500273e+03
4.584714917902703746e+03 -9.140865716042339045e+03 -7.239411760370300726e+03
4.585714948422144516e+03 -8.982995030997501090e+03 -7.126213980007464670e+03
4.586714978941586196e+03 -8.824817706395897403e+03 -7.039797115656413553e+03
4.587715009461026057e+03 -8.756613604869562550e+03 -6.904625856455038047e+03
4.588715039980466827e+03 -8.674078860191451895e+03 -6.845005826814188367e+03
4.589715070499907597e+03 -8.582191456199536333e+03 -6.766355775919427288e+03
4.590715101019349277e+03 -8.464927850245750960e+03 -6.610812736185528593e+03
4.591715131538790047e+03 -8.317659113970305043e+03 -6.504483738077192356e+03
4.592715162058230817e+03 -8.276882970736980496e+03 -6.376322003982181741e+03
4.593715192577671587e+03 -8.263811757894491166e+03 -6.205038823306652375e+03
4.594715223097112357e+03 -8.231694543506262562e+03 -6.088768320906358895e+03
4.595715253616553127e+03 -8.101932545869041860e+03 -5.970995757483749003e+03
4.596715284135993898e+03 -7.929425883878438071e+03 -5.896484044594826628e+03
4.597715314655435577e+03 -7.826409873187831181e+03 -5.834568577194895624e+03
4.598715345174876347e+03 -7.694712557673918127e+03 -5.757508020370432860e+03
4.599715375694317117e+03 -7.554952648442087593e+03 -5.680987988250230956e+03
4.600715406213757888e+03 -7.430783834098716397e+03 -5.604217886284419365e+03
4.601715436733198658e+03 -7.304512518003140940e+03 -5.532727084855487192e+03
4.602715467252639428e+03 -7.215526324679305617e+03 -5.441717357647929020e+03
4.603715497772080198e+03 -7.144073936391629104e+03 -5.356253228302599382e+03
4.604715528291520968e+03 -7.092395263733488719e+03 -5.288577720367567053e+03
4.605715558810962648e+03 -7.030576997521393423e+03 -5.227014469049388026e+03
4.606715589330403418e+03 -6.938474402700919200e+03 -5.199287324558014006e+03
4.607715619849844188e+03 -6.815653657720506999e+03 -5.163089993591742314e+03
4.608715650369284049e+03 -6.692991776864056192e+03 -5.110955521419047727e+03
4.609715680888725728e+03 -6.539984432342585023e+03 -5.081903762738644218e+03
4.610715711408166499e+03 -6.408535122180036524e+03 -5.018928887141386440e+03
4.611715741927607269e+03 -6.291940178366678992e+03 -4.980780768055104090e+03
4.612715772447048948e+03 -6.162653048334919731e+03 -4.987922881127262372e+03
4.613715802966489719e+03 -6.042431495911521779e+03 -4.953888500262625712e+03
4.614715833485929579e+03 -5.956586245304648401e+03 -4.938385790685659231e+03
4.615715864005370349e+03 -5.896738419349124342e+03 -4.912204884843969921e+03
4.616715894524812029e+03 -5.764399083250568765e+03 -4.919076143892038090e+03
4.617715925044252799e+03 -5.578049638910586509e+03 -4.926588390723332850e+03
4.618715955563693569e+03 -5.493723907556343875e+03 -4.929948985428443848e+03
4.619715986083134339e+03 -5.447440231597242928e+03 -4.902089566659213233e+03
4.620716016602576019e+03 -5.371870018161385815e+03 -4.893335834634305684e+03
4.621716047122015880e+03 -5.341711182751082561e+03 -4.924481548512018890e+03
4.622716077641456650e+03 -5.318694491687342634e+03 -4.931122194880603274e+03
4.623716108160898330e+03 -5.287537192478889665e+03 -4.952030180918567567e+03
4.624716138680339100e+03 -5.191352090719530679e+03 -4.993043524808798793e+03
4.625716169199779870e+03 -5.108111722363780245e+03 -5.014383557721504985e+03
4.626716199719220640e+03 -5.066681770187377879e+03 -5.008626450636368645e+03
4.627716230238662320e+03 -4.983791051673399124e+03 -4.956261741478859221e+03
4.628716260758102180e+03 -4.937885715981715293e+03 -4.888581279530972097e+03
4.629716291277542950e+03 -4.923607315779516284e+03 -4.815341351207192929e+03
4.630716321796983721e+03 -4.898157112478292220e+03 -4.801033471406381977e+03
4.631716352316425400e+03 -4.931432329687561833e+03 -4.827047334829742795e+03
4.632716382835866170e+03 -5.011238834136423066e+03 -4.827434022431092671e+03
4.633716413355306941e+03 -5.053482876513605333e+03 -4.850026251833695824e+03
4.634716443874748620e+03 -5.004718331283752377e+03 -4.842642999026305915e+03
4.635716474394188481e+03 -4.952144564950473068e+03 -4.864060775100108003e+03
4.636716504913629251e+03 -4.929380528614038667e+03 -4.899954508381572850e+03
4.637716535433070021e+03 -4.938559651738072716e+03 -4.989033413501683754e+03
4.638716565952511701e+03 -4.969416930792963285e+03 -5.043294947469637918e+03
4.639716596471952471e+03 -4.950841073994551152e+03 -5.111852174673444097e+03
4.640716626991393241e+03 -4.913060168331861860e+03 -5.199650894496342517e+03
4.641716657510834011e+03 -4.915855069976614686e+03 -5.245598205877615328e+03
4.642716688030274781e+03 -4.986857562603189763e+03 -5.249702610239654859e+03
4.643716718549715551e+03 -5.042644157358336088e+03 -5.189747714845159862e+03
4.644716749069156322e+03 -5.097601048907256882e+03 -5.102130209357070271e+03
4.645716779588598001e+03 -5.193409269482854143e+03 -5.064911832462496022e+03
4.646716810108038771e+03 -5.238765044633051730e+03 -5.061975696426192371e+03
4.647716840627479542e+03 -5.252868447099417608e+03 -5.051910058543233390e+03
4.648716871146919402e+03 -5.287626116900089983e+03 -5.110444914931751555e+03
4.649716901666361082e+03 -5.358428566749741549e+03 -5.193112131969603070e+03
4.650716932185801852e+03 -5.355950937501796034e+03 -5.286498304662920418e+03
4.651716962705242622e+03 -5.355859159047639878e+03 -5.395589899998256442e+03
4.652716993224683392e+03 -5.375045435027553140e+03 -5.493812765964617938e+03
4.653717023744125072e+03 -5.380217191584873945e+03 -5.610670156782947743e+03
4.654717054263565842e+03 -5.462405518950605256e+03 -5.686296672661822413e+03
4.655717084783005703e+03 -5.580947990228905837e+03 -5.764666248808879573e+03
4.656717115302447382e+03 -5.638180565971874785e+03 -5.869729317098930551e+03
4.657717145821888153e+03 -5.712513521126243177e+03 -5.972362403041619473e+03
4.658717176341328923e+03 -5.804281486384892560e+03 -6.111892245541615921e+03
4.659717206860769693e+03 -5.894046196326233257e+03 -6.162170442957563864e+03
4.660717237380211373e+03 -5.930136798516416093e+03 -6.167319383478467898e+03
4.661717267899652143e+03 -5.912705947618531354e+03 -6.178351177929300320e+03
4.662717298419092003e+03 -5.923045325962226343e+03 -6.185721496562768152e+03
4.663717328938532773e+03 -5.977123412596613889e+03 -6.228855425237027703e+03
4.664717359457974453e+03 -6.022147755605956263e+03 -6.270461609098606459e+03
4.665717389977415223e+03 -6.049851141058908979e+03 -6.317875260785331193e+03
4.666717420496855993e+03 -6.043736847057441992e+03 -6.353181887734277552e+03
4.667717451016297673e+03 -5.985058903901581289e+03 -6.379120735635940946e+03
4.668717481535738443e+03 -5.955436980677681277e+03 -6.411475386571692979e+03
4.669717512055178304e+03 -5.933665364847867750e+03 -6.416599958027254615e+03
4.670717542574619074e+03 -5.853890289763292458e+03 -6.412824747877764821e+03
4.671717573094060754e+03 -5.802132843459068681e+03 -6.409950636191239028e+03
4.672717603613501524e+03 -5.803367662830874906e+03 -6.425241766770901449e+03
4.673717634132942294e+03 -5.807106480012243992e+03 -6.476985046332987622e+03
4.674717664652383064e+03 -5.872779828276417902e+03 -6.559637255798675142e+03
4.675717695171824744e+03 -5.952538174415389221e+03 -6.590220914244349842e+03
4.676717725691264604e+03 -6.025203134445760952e+03 -6.625647976529649895e+03
4.677717756210705375e+03 -6.077431434852235725e+03 -6.656770129259766691e+03
4.678717786730147054e+03 -6.085881563559691131e+03 -6.647908402072976969e+03
4.679717817249587824e+03 -6.069471731297850056e+03 -6.690291544934695594e+03
4.680717847769028594e+03 -6.053736167652865333e+03 -6.706113233488409605e+03
4.681717878288469365e+03 -6.092682521268034179e+03 -6.744612624910520026e+03
4.682717908807910135e+03 -6.124940297688930514e+03 -6.802309032403651145e+03
4.683717939327350905e+03 -6.101578524539161663e+03 -6.791801070326710033e+03
4.684717969846791675e+03 -6.079648976003070857e+03 -6.734698896067656278e+03
4.685718000366232445e+03 -6.033708086852371707e+03 -6.692852675091775382e+03
4.686718030885674125e+03 -5.948587140784691655e+03 -6.659150493371740595e+03
4.687718061405114895e+03 -5.874079671700552353e+03 -6.646339427052367682e+03
4.688718091924555665e+03 -5.843293010907713324e+03 -6.690056306138931177e+03
4.689718122443996435e+03 -5.812011333621378071e+03 -6.789580184421152808e+03
4.690718152963437205e+03 -5.819511168157906468e+03 -6.883559511545626265e+03
4.691718183482877976e+03 -5.823839994733337335e+03 -6.954605309676346224e+03
4.692718214002318746e+03 -5.810688700938149850e+03 -7.021872497775104421e+03
4.693718244521760425e+03 -5.836556520779648054e+03 -7.041360273051728655e+03
4.694718275041201196e+03 -5.851629977228614734e+03 -7.040604705685122099e+03
4.695718305560641966e+03 -5.831675367387204460e+03 -7.066740252903016881e+03
4.696718336080081826e+03 -5.820378976710334427e+03 -7.032908474655836471e+03
4.697718366599523506e+03 -5.820770611638838091e+03 -6.983295024340446616e+03
4.698718397118964276e+03 -5.805699211154151271e+03 -6.914464009916454415e+03
4.699718427638405046e+03 -5.740043867689868421e+03 -6.857894146310990436e+03
4.700718458157846726e+03 -5.713009313119748185e+03 -6.862186390651768306e+03
4.701718488677287496e+03 -5.654276815999757673e+03 -6.873819176739165414e+03
4.702718519196728266e+03 -5.571306993130119736e+03 -6.880824479947063082e+03
4.703718549716168127e+03 -5.560511559674903765e+03 -6.882037242007485474e+03
4.704718580235609807e+03 -5.547194538029625619e+03 -6.801329528030744768e+03
4.705718610755050577e+03 -5.541797505907739833e+03 -6.727085894042065775e+03
4.706718641274491347e+03 -5.526645146551639300e+03 -6.727390748311931929e+03
4.707718671793932117e+03 -5.492478944128610237e+03 -6.712421544912732315e+03
4.708718702313373797e+03 -5.479411765566472241e+03 -6.687368673302402385e+03
4.709718732832814567e+03 -5.445016977804198177e+03 -6.690095946823865233e+03
4.710718763352254427e+03 -5.474751013279461404e+03 -6.655330345686437795e+03
4.711718793871696107e+03 -5.532462033663892726e+03 -6.580449042278399247e+03
4.712718824391136877e+03 -5.491335960275227990e+03 -6.534556280320080987e+03
4.713718854910577647e+03 -5.523225531733474782e+03 -6.491987218660764484e+03
4.714718885430018418e+03 -5.600999765557170576e+03 -6.372048044208298961e+03
4.715718915949460097e+03 -5.616286093392203838e+03 -6.299021043530012321e+03
4.716718946468899958e+03 -5.636377401678987553e+03 -6.288202124152136093e+03
4.717718976988340728e+03 -5.679494471062868797e+03 -6.281291967492901676e+03
4.718719007507781498e+03 -5.708043410061372924e+03 -6.228119817490541209e+03
4.719719038027223178e+03 -5.688216621312263669e+03 -6.230499896953807365e+03
4.720719068546663948e+03 -5.647622636580387734e+03 -6.199138262124788525e+03
4.721719099066104718e+03 -5.602554109190029521e+03 -6.139115865622507954e+03
4.722719129585546398e+03 -5.516273294477885429e+03 -6.128103169585315300e+03
4.723719160104986258e+03 -5.452044275760180426e+03 -6.115806143273365706e+03
4.724719190624427029e+03 -5.453906994536853745e+03 -6.131826071196732300e+03
4.725719221143867799e+03 -5.485253065000872084e+03 -6.108470050348285440e+03
4.726719251663309478e+03 -5.518366771296259685e+03 -6.103151169456832577e+03
4.727719282182750248e+03 -5.559551813077456245e+03 -6.083663250228455581e+03
4.728719312702191019e+03 -5.538042167727810011e+03 -5.994863292230944353e+03
4.729719343221631789e+03 -5.503599435279341378e+03 -5.934538158244611623e+03
4.730719373741072559e+03 -5.506847628900271957e+03 -5.969374595453884467e+03
4.731719404260513329e+03 -5.462613715666365351e+03 -6.006383558909626117e+03
4.732719434779954099e+03 -5.472657350453499930e+03 -5.986785844522652042e+03
4.733719465299394869e+03 -5.550400553639464306e+03 -5.979140252756198606e+03
4.734719495818836549e+03 -5.606460719747805342e+03 -5.952884532397541989e+03
4.735719526338277319e+03 -5.643248662905130004e+03 -5.882386605537896685e+03
4.736719556857718089e+03 -5.656941603895809749e+03 -5.848545045838630358e+03
4.737719587377158859e+03 -5.611326805031490949e+03 -5.811334901953172448e+03
4.738719617896599630e+03 -5.545983308784259862e+03 -5.774424754575064071e+03
4.739719648416040400e+03 -5.524149425602025076e+03 -5.698690565544897254e+03
4.740719678935481170e+03 -5.481936110218027352e+03 -5.708202114050252931e+03
4.741719709454922850e+03 -5.476845377381219805e+03 -5.716524232791291070e+03
4.742719739974363620e+03 -5.496006577097472473e+03 -5.693190361491395379e+03
4.743719770493804390e+03 -5.425966135177599426e+03 -5.736974718283451693e+03
4.744719801013244250e+03 -5.317543738641516029e+03 -5.751801395125331510e+03
4.745719831532685930e+03 -5.274930365016936776e+03 -5.723439869631944021e+03
4.746719862052126700e+03 -5.274296736092470383e+03 -5.697916425815286857e+03
4.747719892571567470e+03 -5.213310259557914833e+03 -5.655309247097105981e+03
4.748719923091009150e+03 -5.146852405596005156e+03 -5.641344708777241976e+03
4.749719953610449920e+03 -5.118525531140842759e+03 -5.840449613119721107e+03
4.750719984129889781e+03 -4.993324837154505076e+03 -6.125154306360394912e+03
4.751720014649330551e+03 -4.868119643471273776e+03 -6.161599498791552833e+03
4.752720045168772231e+03 -4.724960425099513486e+03 -5.935648709766496722e+03
4.753720075688213001e+03 -4.637464426745331366e+03 -5.653699266335376706e+03
4.754720106207653771e+03 -4.576495329953639157e+03 -5.443340233901612010e+03
4.755720136727094541e+03 -4.525131825833549556e+03 -5.204803108230940779e+03
4.756720167246536221e+03 -4.477432162426781360e+03 -5.016156576529861013e+03
4.757720197765976081e+03 -4.390548753537757875e+03 -4.897140157907616413e+03
4.758720228285416852e+03 -4.327380042810993473e+03 -4.805829757897246054e+03
4.759720258804858531e+03 -4.304718797897299737e+03 -4.727251284799965106e+03
4.760720289324299301e+03 -4.246829994346539024e+03 -4.625526792347422997e+03
4.761720319843740072e+03 -4.169409226482473059e+03 -4.592025090007194194e+03
4.762720350363180842e+03 -4.113046608666041720e+03 -4.504359786318058468e+03
4.763720380882622521e+03 -4.090203486241062819e+03 -4.357494647582435391e+03
4.764720411402062382e+03 -4.013940765614444899e+03 -4.297431816537186023e+03
4.765720441921503152e+03 -3.926708398031902107e+03 -4.174657676656654075e+03
4.766720472440943922e+03 -3.911877330024003186e+03 -4.051476910852993569e+03
4.767720502960385602e+03 -3.882559152225827802e+03 -3.972294413627562335e+03
4.768720533479826372e+03 -3.853635035858364063e+03 -3.905069338907921519e+03
4.769720563999267142e+03 -3.825580946305446560e+03 -3.855280568731186577e+03
4.770720594518708822e+03 -3.768044234226557819e+03 -3.771033009996536748e+03
4.771720625038148683e+03 -3.643796849465037667e+03 -3.701139366567528668e+03
4.772720655557589453e+03 -3.559515284614174107e+03 -3.665775676098109216e+03
4.773720686077030223e+03 -3.502734475526998722e+03 -3.565923352035740663e+03
4.774720716596471902e+03 -3.433170933491966935e+03 -3.515338400765199367e+03
4.775720747115912673e+03 -3.416639945722587527e+03 -3.469770773807847490e+03
4.776720777635353443e+03 -3.352246051540317694e+03 -3.369127726149954469e+03
4.777720808154794213e+03 -3.314821087418049501e+03 -3.317029383388044607e+03
4.778720838674234983e+03 -3.345640551447111193e+03 -3.230040434548385292e+03
4.779720869193675753e+03 -3.278295297251872853e+03 -3.139584598823896158e+03
4.780720899713116523e+03 -3.186689856606372814e+03 -3.062450572426400413e+03
4.781720930232558203e+03 -3.124031572390615111e+03 -2.964676378682987888e+03
4.782720960751998973e+03 -3.065447631903142792e+03 -2.930307347383871274e+03
4.783720991271439743e+03 -3.011844273875444742e+03 -2.878110691642422807e+03
4.784721021790880513e+03 -2.960826599445876127e+03 -2.830277623324172509e+03
4.785721052310321284e+03 -2.917120293984330601e+03 -2.812288193449514438e+03
4.786721082829762054e+03 -2.862212062312567468e+03 -2.709906799597710233e+03
4.787721113349202824e+03 -2.819653951498366496e+03 -2.614529688841347252e+03
4.788721143868643594e+03 -2.760223832088162908e+03 -2.501739967778372375e+03
4.789721174388085274e+03 -2.651525578105043223e+03 -2.370546813184276289e+03
4.790721204907526044e+03 -2.599941781275828362e+03 -2.303156084796706637e+03
4.791721235426965904e+03 -2.603832351780092722e+03 -2.251171953056533312e+03
4.792721265946407584e+03 -2.591533505703229366e+03 -2.208793553764438457e+03
4.793721296465848354e+03 -2.512979670776430339e+03 -2.139186081004120751e+03
4.794721326985289124e+03 -2.518360114764437185e+03 -2.082515444998278326e+03
4.795721357504729895e+03 -2.530253881950278810e+03 -1.877607166593845704e+03
4.796721388024171574e+03 -2.524345725567975933e+03 -1.414491977914834933e+03
4.797721418543612344e+03 -2.519843342668309106e+03 -1.114275192764520398e+03
4.798721449063052205e+03 -2.588618428020150077e+03 -1.133689362754631929e+03
4.799721479582492975e+03 -2.618566119870108651e+03 -1.244252665747367018e+03
4.800721510101934655e+03 -2.604499167100550949e+03 -1.339781828475186330e+03
4.801721540621375425e+03 -2.580664634886086787e+03 -1.395563230554743996e+03
4.802721571140816195e+03 -2.474146061833047042e+03 -1.466420220705156225e+03
4.803721601660257875e+03 -2.344711278693879194e+03 -1.526503971938569975e+03
4.804721632179698645e+03 -2.287199018106161020e+03 -1.454959013610459579e+03
4.805721662699138506e+03 -2.190043858996013114e+03 -1.379085081116021911e+03
4.806721693218579276e+03 -2.068004264658680313e+03 -1.367980274236145988e+03
4.807721723738020955e+03 -2.027548584232919211e+03 -1.300919722991453909e+03
4.808721754257461726e+03 -1.997280717439542059e+03 -1.249082777705914850e+03
4.809721784776902496e+03 -1.942154785222969622e+03 -1.231651672502544898e+03
4.810721815296343266e+03 -1.881305985570206758e+03 -1.173236877457893343e+03
4.811721845815784945e+03 -1.838950387134149423e+03 -1.079607746039164340e+03
4.812721876335224806e+03 -1.792621994035429452e+03 -1.005510417057590303e+03
4.813721906854665576e+03 -1.746611037727910571e+03 -9.384693198309153104e+02
4.814721937374107256e+03 -1.679070218535327513e+03 -8.553250466171796234e+02
4.815721967893548026e+03 -1.611744723099068096e+03 -7.555194034949313391e+02
4.816721998412988796e+03 -1.521766388806152918e+03 -6.190957072952514864e+02
4.817722028932429566e+03 -1.454388532184350424e+03 -4.501415199428868164e+02
4.818722059451870336e+03 -1.382809174673906455e+03 -3.450887510413858763e+02
4.819722089971311107e+03 -1.277016775615845972e+03 -2.735093573512729108e+02
4.820722120490751877e+03 -1.161897915083126918e+03 -1.635603682375499375e+02
4.821722151010192647e+03 -1.053323739740329984e+03 -8.262460471331064582e+01
4.822722181529634327e+03 -9.718078876258534819e+02 2.270596081980238523e+01
4.823722212049075097e+03 -8.978546951771083968e+02 1.332953042812666808e+02
4.824722242568515867e+03 -8.211423899391786563e+02 2.267220008312579012e+02
4.825722273087956637e+03 -7.214637068997424194e+02 3.159819433687387118e+02
4.826722303607397407e+03 -6.029645680046664893e+02 3.997883601487758369e+02
4.827722334126838177e+03 -5.436817194942789229e+02 4.501818410192049669e+02
4.828722364646278947e+03 -4.874655960236993906e+02 5.431962941130138915e+02
4.829722395165720627e+03 -3.629021222367259725e+02 6.423484547614407347e+02
4.830722425685161397e+03 -2.878187928782351719e+02 7.609572999961903861e+02
4.831722456204602167e+03 -2.179984438643209614e+02 8.853398141368686538e+02
4.832722486724042028e+03 -1.148627178493736665e+02 9.631483618962749915e+02
4.833722517243483708e+03 -2.436755685720731890e+01 1.092045229443784592e+03
4.834722547762924478e+03 9.684970834482032842e+01 1.235739801729821693e+03
4.835722578282365248e+03 2.348304026272505780e+02 1.347270664740745815e+03
4.836722608801806928e+03 3.567900986011063651e+02 1.469557909541818390e+03
4.837722639321247698e+03 4.519290799972361583e+02 1.612173337358124172e+03
4.838722669840688468e+03 5.622559708047467666e+02 1.779606422315323698e+03
4.839722700360128329e+03 7.113800633102005122e+02 1.873590668573223184e+03
4.840722730879570008e+03 8.749335108443574427e+02 1.968065273707660708e+03
4.841722761399010778e+03 1.071228588817739592e+03 2.049518130877583189e+03
4.842722791918451549e+03 1.274537805100745800e+03 2.098971105319324124e+03
4.843722822437892319e+03 1.434764638612352883e+03 2.141872999806962071e+03
4.844722852957333998e+03 1.640749668719535293e+03 2.227221268435007914e+03
4.845722883476774768e+03 1.873678860748708757e+03 2.329837605001878728e+03
4.846722913996214629e+03 2.076630409511288235e+03 2.378481062662270233e+03
4.847722944515656309e+03 2.263813931756958482e+03 2.369866312815436231e+03
4.848722975035097079e+03 2.350527127938777994e+03 2.388336713889154908e+03
4.849723005554537849e+03 2.388811154572799751e+03 2.474098669273390442e+03
4.850723036073978619e+03 2.492447386692280816e+03 2.512825027623788628e+03
4.851723066593420299e+03 2.614542340284679085e+03 2.539321239907964809e+03
4.852723097112860160e+03 2.644126102734122469e+03 2.595499242022564431e+03
4.853723127632300930e+03 2.686332467430838733e+03 2.575851810229862167e+03
4.854723158151741700e+03 2.737461829294847121e+03 2.563472104863738423e+03
4.855723188671183379e+03 2.821195923674274582e+03 2.600592143195830431e+03
4.856723219190624150e+03 2.955170029137046185e+03 2.609289427794673884e+03
4.857723249710064920e+03 3.051245465944051375e+03 2.570495337146063775e+03
4.858723280229505690e+03 3.140386931393449231e+03 2.615506695895506709e+03
4.859723310748946460e+03 3.242945165496390473e+03 2.638285468144248625e+03
4.860723341268387230e+03 3.323170097502690624e+03 2.625953767849954147e+03
4.861723371787828000e+03 3.386025430710410546e+03 2.637908335096287374e+03
4.862723402307269680e+03 3.441350329787858755e+03 2.645752296722660958e+03
4.863723432826710450e+03 3.550084765025271736e+03 2.637485236321672346e+03
4.864723463346151220e+03 3.674180025833267337e+03 2.629529838538654985e+03
4.865723493865591990e+03 3.799856779853743774e+03 2.699830699341583568e+03
4.866723524385032761e+03 3.873873629293197155e+03 2.755119405290848590e+03
4.867723554904473531e+03 3.933099843480504205e+03 2.810707279106902206e+03
4.868723585423914301e+03 4.054247228364843068e+03 2.832485528442716713e+03
4.869723615943355071e+03 4.120583148871794947e+03 2.834670693908096837e+03
4.870723646462796751e+03 4.181777297697695758e+03 2.881501431580927601e+03
4.871723676982237521e+03 4.231438627685278334e+03 2.933892427956947358e+03
4.872723707501678291e+03 4.225170180776651250e+03 3.008931421770624183e+03
4.873723738021119061e+03 4.258824639558981289e+03 3.121236342200824765e+03
4.874723768540559831e+03 4.382921345052939614e+03 3.175001766108838638e+03
4.875723799060000601e+03 4.465525776184413189e+03 3.217721345878017928e+03
4.876723829579441372e+03 4.537469977253447723e+03 3.255099234946437718e+03
4.877723860098883051e+03 4.606013024396018409e+03 3.281681427762166095e+03
4.878723890618323821e+03 4.662138376136445004e+03 3.353533259928996358e+03
4.879723921137764592e+03 4.756882695980495555e+03 3.401930149540335606e+03
4.880723951657204452e+03 4.834096986690045924e+03 3.377375150383240452e+03
4.881723982176646132e+03 4.858497432340855084e+03 3.394917006937958377e+03
4.882724012696086902e+03 4.898014841690430330e+03 3.392507679663625822e+03
4.883724043215527672e+03 4.926966512410253927e+03 3.412654950195536003e+03
4.884724073734969352e+03 4.972856037279940210e+03 3.447888036261611887e+03
4.885724104254410122e+03 5.025883088000641692e+03 3.523621225501931804e+03
4.886724134773849983e+03 5.092049208437572815e+03 3.647840339106016472e+03
4.887724165293290753e+03 5.079260934844527583e+03 3.735452195755867251e+03
4.888724195812732432e+03 5.038139955611066398e+03 3.841466676002475651e+03
4.889724226332173203e+03 5.045924871957504365e+03 3.929366999861076692e+03
4.890724256851613973e+03 5.054899934463252066e+03 3.996119432292794045e+03
4.891724287371054743e+03 5.060589488790819814e+03 4.013359170022753915e+03
4.892724317890496422e+03 5.108666199239355592e+03 4.008211723330950008e+03
4.893724348409936283e+03 5.173616555059627899e+03 4.050526944169994749e+03
4.894724378929377053e+03 5.187917652795933463e+03 4.112454747357941415e+03
4.895724409448818733e+03 5.158916503771450152e+03 4.194963930996520503e+03
4.896724439968259503e+03 5.178173244192423226e+03 4.313248037275049683e+03
4.897724470487700273e+03 5.222726208035772288e+03 4.454590695651215356e+03
4.898724501007141043e+03 5.245768783506413456e+03 4.516577626254946153e+03
4.899724531526582723e+03 5.302665116352982295e+03 4.666245655970587904e+03
4.900724562046022584e+03 5.410573834369711221e+03 4.817003462749831669e+03
4.901724592565463354e+03 5.531964685320748686e+03 4.911233212005405221e+03
4.902724623084904124e+03 5.626343530123782330e+03 5.025894801990645647e+03
4.903724653604345804e+03 5.765029505910595617e+03 5.148639967107848861e+03
4.904724684123786574e+03 5.894166734476670172e+03 5.295488047192773593e+03
4.905724714643227344e+03 5.927881035266367689e+03 5.398555288705540988e+03
4.906724745162669024e+03 5.992523807710204892e+03 5.545491224363091533e+03
4.907724775682108884e+03 6.064465217175251382e+03 5.661780769966366279e+03
4.908724806201549654e+03 6.161548763608860099e+03 5.730446864339191052e+03
4.909724836720990425e+03 6.283456759945696831e+03 5.842527548288398975e+03
4.910724867240432104e+03 6.303099953888862728e+03 5.934168717472120989e+03
4.911724897759872874e+03 6.289023736236555123e+03 5.976410149416950844e+03
4.912724928279313644e+03 6.306806931543520477e+03 5.998768843564054805e+03
4.913724958798754415e+03 6.438216353614230684e+03 5.986603416193987869e+03
4.914724989318195185e+03 6.575362076122233702e+03 6.024717491834822795e+03
4.915725019837635955e+03 6.661346897409164740e+03 6.064534847278586312e+03
4.916725050357076725e+03 6.777152988291108159e+03 6.072196114837432106e+03
4.917725080876518405e+03 6.889130872286856174e+03 6.109515140889223403e+03
4.918725111395959175e+03 7.001491768358499030e+03 6.124373788840176530e+03
4.919725141915399945e+03 7.087960674754993306e+03 6.079707445830681536e+03
4.920725172434840715e+03 7.137268355785396125e+03 6.086479329903939288e+03
4.921725202954281485e+03 7.193009068018464859e+03 6.143738586175329146e+03
4.922725233473722255e+03 7.200574883980494633e+03 6.238186261572581316e+03
4.923725263993163026e+03 7.228410639000196170e+03 6.318025023979200341e+03
4.924725294512603796e+03 7.299552164359509334e+03 6.426569196857512907e+03
4.925725325032045475e+03 7.390261952247117733e+03 6.512757776811028634e+03
4.926725355551486246e+03 7.489649107617367918e+03 6.524874524975429267e+03
4.927725386070926106e+03 7.625776017320826213e+03 6.587074307255974418e+03
4.928725416590367786e+03 7.754492262684353591e+03 6.613267595878734937e+03
4.929725447109808556e+03 7.850457885891052683e+03 6.639746377391479655e+03
4.930725477629249326e+03 7.948120770275761970e+03 6.677593627010922319e+03
4.931725508148690096e+03 8.049849385537888338e+03 6.659799938759779252e+03
4.932725538668131776e+03 8.110011574309031857e+03 6.645313298092482000e+03
4.933725569187572546e+03 8.137668483641026796e+03 6.666712781929094490e+03
4.934725599707012407e+03 8.250146211195129581e+03 6.713889005790575538e+03
4.935725630226453177e+03 8.399187100735762215e+03 6.783645194348505356e+03
4.936725660745894857e+03 8.466773647576696021e+03 6.826191229002698492e+03
4.937725691265335627e+03 8.502680190203098391e+03 6.909037732961611255e+03
4.938725721784776397e+03 8.577645165047779301e+03 7.032570967492340969e+03
4.939725752304218076e+03 8.604511004378313373e+03 7.118856157958507538e+03
4.940725782823658847e+03 8.596000389247679777e+03 7.214371306818930861e+03
4.941725813343098707e+03 8.623370912218797457e+03 7.305973157659575008e+03
4.942725843862539477e+03 8.722573731013992074e+03 7.344996546455561656e+03
4.943725874381981157e+03 8.786687858929244612e+03 7.398435003565943589e+03
4.944725904901421927e+03 8.835015351016345448e+03 7.461899370346915930e+03
4.945725935420862697e+03 8.929727298610565413e+03 7.536101667316050225e+03
4.946725965940303468e+03 8.989698663969356858e+03 7.572173206271494564e+03
4.947725996459745147e+03 9.005670371078804237e+03 7.640107287882905439e+03
4.948726026979185008e+03 9.034983304108176526e+03 7.762027889633381164e+03
4.949726057498625778e+03 9.027818801275412625e+03 7.837682639129978270e+03
4.950726088018067458e+03 8.979194567952554280e+03 7.897034673066244068e+03
4.951726118537508228e+03 8.960275037492481715e+03 7.983072333646368861e+03
4.952726149056948998e+03 9.023724947280099514e+03 7.987556525178962147e+03
4.953726179576389768e+03 9.095267691380586257e+03 8.008630008489834836e+03
4.954726210095830538e+03 9.158038841603041874e+03 8.058693963843828897e+03
4.955726240615271308e+03 9.193542027591005535e+03 8.036826035101217713e+03
4.956726271134712078e+03 9.211831829965105499e+03 8.041939584707444737e+03
4.957726301654152849e+03 9.280731247266769060e+03 8.067084830541873998e+03
4.958726332173594528e+03 9.347268117422850992e+03 8.101419051508898519e+03
4.959726362693035298e+03 9.388064826078734768e+03 8.156254714268621683e+03
4.960726393212476069e+03 9.364124059415635202e+03 8.206440880537602425e+03
4.961726423731916839e+03 9.343492713327837919e+03 8.272892221748314114e+03
4.962726454251357609e+03 9.346625736775014957e+03 8.347990824154261645e+03
4.963726484770798379e+03 9.318864592505438850e+03 8.403584206842926505e+03
4.964726515290239149e+03 9.311662444775425683e+03 8.443949612093365431e+03
4.965726545809680829e+03 9.343789529333775135e+03 8.504867455342340691e+03
4.966726576329121599e+03 9.358229489269040641e+03 8.573343506003859147e+03
4.967726606848562369e+03 9.355759283618763220e+03 8.600762335942032223e+03
4.968726637368002230e+03 9.393107950355924913e+03 8.607167780378618772e+03
4.969726667887443909e+03 9.448043130455253049e+03 8.607368254000693923e+03
4.970726698406884680e+03 9.504481499086816257e+03 8.588075942491601381e+03
4.971726728926325450e+03 9.529821673763988656e+03 8.574218650513012108e+03
4.972726759445766220e+03 9.502773348173623162e+03 8.635663939977146583e+03
4.973726789965207900e+03 9.463688296267440819e+03 8.673877814713572661e+03
4.974726820484648670e+03 9.427175882091381936e+03 8.729791090872977293e+03
4.975726851004088530e+03 9.414161133242536380e+03 8.792843952711833481e+03
4.976726881523530210e+03 9.405340531362704496e+03 8.808107955006367774e+03
4.977726912042970980e+03 9.401397058603946789e+03 8.859069215861039993e+03
