# time[us], force_in1[N], force_in2[N], force_out1[N], force_out2[N]
-9.994555026551913670e+02 3.974103381911146204e+00 -2.170290585989118881e+01 6.358008797159403258e+00 5.473400052371854230e+00
-9.984554721357503695e+02 5.953646749083966405e+00 -2.073922729508582474e+00 -1.250344728600975230e+00 3.672636948088972453e+00
-9.974554416163095993e+02 1.285969992062619482e+01 2.306723600972766519e+01 -1.609905007484080031e+01 5.668373511902854212e+00
-9.964554110968688292e+02 1.701203253007540184e+01 2.777168044843345562e+00 -2.131456388423009218e-01 3.086780482927800495e+00
-9.954553805774278317e+02 1.840945088294283849e+01 -3.917772425083970500e+00 4.236562118436425273e+00 -8.063214086519614909e+00
-9.944553500579868341e+02 5.953646749083966405e+00 -1.061243211996308666e+01 1.907874618435233538e+00 -9.471890645300737432e+00
-9.934553195385460640e+02 8.126568624085077630e+00 -5.601439959645554190e+00 -2.957594045727676146e+00 -9.471756918648885915e+00
-9.924552890191052938e+02 5.953646749083966405e+00 1.093079347715706806e+00 -2.957736186205119466e+00 -4.894026145898176416e+00
-9.914552584996642963e+02 1.413363429485190670e+00 1.530464844563820037e+01 -1.755513716206849040e+01 1.286686011906839289e+00
-9.904552279802232988e+02 4.559013683368789316e+00 5.933781445542144262e+00 -1.251625711109548256e+01 -1.100334737499706117e+00
-9.894551974607825287e+02 1.406121974395817098e+01 -1.586362732803004683e+01 9.344664583644883393e+00 -3.291312214152956717e+00
-9.884551669413417585e+02 3.975562341846256231e+00 1.908093236227401590e+01 -3.535112538156397477e+01 -9.863977190805057305e+00
-9.874551364219007610e+02 1.266738247456925137e+01 7.993687535319494941e+00 -1.588583935336446551e+01 -1.205495466745646915e+01
-9.864551059024597635e+02 1.247241237408421455e+01 8.848226373213700313e+00 -4.450921938967320912e+00 -1.365579642606318700e+01
-9.854550753830189933e+02 1.681825612408334791e+01 -1.270575043964008799e+01 1.164108619446043846e+01 -5.088999605428457862e+00
-9.844550448635782232e+02 9.908754501785226765e+00 6.728094037103542036e+00 2.770951618989957232e+00 -5.101990194541711210e-01
-9.834550143441372256e+02 5.953646749083966405e+00 1.657333046930720499e+01 -1.439293788156317788e+01 7.859217261903975071e+00
-9.824549838246962281e+02 3.780724874082854736e+00 1.468722413003678184e+01 -1.567333933428409587e+01 5.471126699276688043e+00
-9.814549533052554580e+02 8.322334520898904131e+00 -2.863040982810078905e+00 2.158637136811739410e+01 1.089305472628262939e+00
-9.804549227858146878e+02 7.538873035481104878e+00 -1.376090304447646595e+01 1.631921370469001786e+01 -5.483359504027228937e+00
-9.794548922663736903e+02 -2.345978426401257089e+00 1.734931091900597799e+00 -3.817686096177978605e+00 -7.081393002929980085e+00
-9.784548617469326928e+02 7.734241034128205072e+00 -1.083606944027641639e+01 4.673217676023394773e+00 -3.688346645805995028e+00
-9.774548312274919226e+02 2.000395854483552505e+00 2.075603625808171060e+01 -2.011679291040455553e+01 -1.166046104220485269e+01
-9.764548007080511525e+02 1.266884143450463895e+01 -4.544181541998763230e+00 1.185415477545750562e+01 -5.087796065555306058e+00
-9.754547701886101549e+02 5.167399976514896132e+00 -1.019632350890301886e+01 5.511988654328777493e+00 -7.059748388999382840e-01
-9.744547396691691574e+02 -4.517573974187195418e+00 -3.712525869966094128e+00 -2.538706048260436887e+00 3.477529761904846861e+00
-9.734547091497283873e+02 2.001456916252092544e+00 3.395715460605550629e+00 -2.327627433993110007e+00 3.675980114404163057e+00
-9.724546786302876171e+02 1.010253090778009089e+01 1.304362566218884467e+00 1.063560161381573721e+00 5.866957591054582366e+00
-9.714546481108466196e+02 5.953646749083966405e+00 1.468722413003678184e+01 -1.164180887207363035e+01 9.851343206100240835e+00
-9.704546175914056221e+02 1.213353285585262009e+00 7.369805393769401469e+00 3.176051989801735420e+00 1.024891254436307619e+01
-9.694545870719648519e+02 -2.738040750914304766e+00 -1.412557119964917396e+00 2.180853693989759989e+01 9.453105234575049920e+00
-9.684545565525240818e+02 -5.108452748107190189e+00 5.905423166382773204e+00 -5.713129410129520025e+00 -7.476688988094529975e+00
-9.674545260330830843e+02 -4.318094361174638962e+00 5.068994318645667185e+00 -1.185246106489551821e+01 1.685191436734173154e+00
-9.664544955136420867e+02 3.780724874082854736e+00 -4.340479249610860180e+00 2.119806075589837135e+00 5.468987072834646135e+00
-9.654544649942013166e+02 1.014138938015542113e+00 -9.984057577754818169e+00 -1.312461836972044438e+01 -3.294521653816022688e+00
-9.644544344747605464e+02 -1.162774890399283123e+01 3.396978948293701617e+00 -2.603637538156582565e+01 -5.086191345723772628e+00
-9.634544039553195489e+02 -9.058653090115473816e+00 3.187380380037435845e+00 -1.756380773141009399e+01 3.877104999956315190e+00
-9.624543734358785514e+02 -9.256806375914552021e+00 7.997197223334735483e+00 8.468937080288629460e+00 1.244082610758521845e+01
-9.614543429164377812e+02 -2.341203648433279660e+00 9.877266899216134988e+00 -5.078187881561722072e+00 1.682264733423619063e+01
-9.604543123969970111e+02 6.747851484936172817e+00 -2.043037474977356549e+00 2.175400185455118873e-01 2.120446856088773657e+01
-9.594542818775560136e+02 1.839512654902963718e+01 -2.871323846524253653e+00 1.079677173740465967e+01 2.299480098626920466e+01
-9.584542513581150160e+02 7.927752174678131425e+00 1.510810591679861226e+01 -3.601774705559979139e+00 1.403083600732548142e+01
-9.574542208386742459e+02 1.607802999081743067e+00 1.656603031823597050e+01 -1.629520393860207506e+01 1.005006101190509504e+01
-9.564541903192334757e+02 3.979806588931651401e+00 4.644462456351656776e+00 6.459514282372451621e-01 7.859217261903975071e+00
-9.554541597997924782e+02 7.927354276514369857e+00 -7.679877202135624970e+00 1.015514960622921770e+01 9.849203579658198038e+00
-9.544541292803514807e+02 3.780724874082854736e+00 4.654067431096218788e-01 -5.078187881561722072e+00 1.025105217080512077e+01
-9.534540987609107106e+02 3.780724874082854736e+00 1.098554461019655593e+00 -4.650629314754848309e+00 7.658092376351821606e+00
-9.524540682414699404e+02 1.607802999081743067e+00 6.121198785545465704e+00 -4.208128815626486774e-01 6.829101752911616030e-01
-9.514540377220289429e+02 -5.651188759162808495e-01 1.741004009208685233e+01 -2.749500381563839913e+00 -9.868925076952773878e+00
-9.504540072025879454e+02 3.980602385261150733e+00 2.367553513648952901e+01 1.907874618435233538e+00 -9.264480607074867535e+00
-9.494539766831471752e+02 7.726548336286922058e+00 1.447551974897098326e+01 1.479178927780468999e+00 -3.095001488095402209e+00
-9.484539461637064051e+02 -5.111105402535561559e+00 1.992269593579319675e+01 -9.950052867372095378e+00 -7.023642192794868899e-01
-9.474539156442654075e+02 -6.883609091574469652e+00 2.303915850561051926e+01 -9.091666502695886720e+00 1.084758766438918887e+00
-9.464538851248244100e+02 -1.643027917886247802e-01 2.338878205522274101e+00 9.753034185519286581e+00 -5.689967182338328655e+00
-9.454538546053836399e+02 3.780724874082854736e+00 -8.100197438814008777e+00 1.247673008218109025e+01 -1.145398709054759401e+01
-9.444538240859428697e+02 5.752973441578146385e+00 -9.877444826283585666e-01 -8.052051024758418052e+00 -5.488173663521828338e+00
-9.434537935665018722e+02 -3.643129356885487780e-01 5.062255717659805754e+00 -1.396253650513657796e+01 -6.869302531862636840e+00
-9.424537630470608747e+02 3.579786301133210280e+00 -3.712525869966094128e+00 -7.191532552867944794e+00 8.061813140635532449e+00
-9.414537325276201045e+02 1.607802999081743067e+00 -8.738118332426084933e+00 2.338844556789088092e+00 1.005006101190509504e+01
-9.404537020081793344e+02 -3.140448427700094136e+00 -1.291240086996426228e+01 6.349622508781733288e+00 7.656353929868157770e+00
-9.394536714887383368e+02 -4.709626154802010412e+00 -9.973107351147971755e+00 4.452331368573823056e+00 5.871370570591796678e+00
-9.384536409692973393e+02 -2.939509854749623674e+00 9.280058386586420127e+00 -4.692702897133151474e+00 1.224090476190621679e+01
-9.374536104498565692e+02 -7.083884500916528104e+00 2.447995562953594728e+01 -2.089899197727433844e+01 1.244416927390041394e+01
-9.364535799304157990e+02 -2.536306381640224483e+00 -1.082596153879586787e+01 2.665865443211640340e+01 1.203750652325988924e+01
-9.354535494109748015e+02 -7.891352508909476704e+00 1.528421049098580342e+00 -5.727201317745448605e+00 1.483881244250284226e+01
-9.344535188915338040e+02 -1.774649424119492025e+01 -1.840177507712312810e+00 2.124354570981403345e+00 2.100427976190447410e+01
-9.334534883720930338e+02 -1.319838559103013864e+01 6.129200874221268691e+00 -1.758811375365402085e+01 1.901723543050806242e+01
-9.324534578526522637e+02 -2.131246050429152827e+00 1.902834566542155992e+00 -7.784684780031059681e+00 2.059641347139108447e+01
-9.314534273332112662e+02 5.548851683314743433e+00 -1.708387565708716238e+01 1.436165500054265820e+01 9.641927268085167313e+00
-9.304533968137702686e+02 -5.651188759162808495e-01 -8.098091626004480403e+00 -1.439293788156317788e+01 3.477529761904846861e+00
-9.294533662943294985e+02 2.013128595739727356e+00 -3.927038001443601711e+00 -6.972494071668386972e+00 7.859217261903975071e+00
-9.284533357748887283e+02 8.126568624085077630e+00 -3.283220831967350595e+00 -4.208128815626486774e-01 6.732818563019673519e-01
-9.274533052554477308e+02 1.029949049908310243e+01 5.916934943073065334e+00 -5.078187881561722072e+00 -7.476688988097643929e+00
-9.264532747360067333e+02 5.547525356099570537e+00 2.112713909834091908e+00 -4.860570805171279929e+00 -7.067217977750440028e+00
-9.254532442165659631e+02 -1.587322174900364924e-01 -1.521236961996217119e+01 -8.563313153047568127e-01 5.873242743731407423e+00
-9.244532136971251930e+02 7.923242662150888016e+00 -9.966789912722514799e+00 -1.250005309626500960e+01 3.272526803427277198e+00
-9.234531831776841955e+02 -5.114421220571230720e+00 8.864090163042989801e+00 -2.669050587506175276e+01 1.081549326775852693e+00
-9.224531526582431979e+02 2.218576681218590529e+00 5.201379750567573623e+00 -6.462778306842192677e+00 -5.285845238096523069e+00
-9.214531221388024278e+02 5.342475168787433226e+00 -3.001833948010581565e+01 2.788717460928114278e+01 -2.889597349659160042e+00
-9.204530916193616576e+02 -4.707106133095840583e+00 8.650420356686995049e+00 -1.162731054301107392e+01 1.081148146818467604e+00
-9.194530610999206601e+02 1.607802999081743067e+00 1.238725538003560445e+01 3.580725939165353200e+00 -5.697188421579226336e+00
-9.184530305804796626e+02 1.811924757345433568e+00 9.223061053218232885e+00 -4.640679481084746705e+00 -1.466663619327835910e+01
-9.174530000610388925e+02 3.576470483098239672e+00 -6.228691401688714713e+00 9.112833459154597193e+00 -2.020987339800181459e+01
-9.164529695415981223e+02 -2.942427774622641934e+00 -5.579820281474113131e+00 -3.625654306361757673e+00 -1.363707469469730604e+01
-9.154529390221571248e+02 -2.533521094487142911e+00 -4.361958540261182904e+00 -1.872777894839859458e+00 -2.270175494687660223e+00
-9.144529085027161273e+02 -7.697711650653550342e-01 -1.017919623138870477e+01 6.126604094112749976e+00 7.652877036898840579e+00
-9.134528779832753571e+02 -2.942825672784594282e+00 3.837655375456127782e+00 -7.626340284205959108e+00 5.461899560245883301e+00
-9.124528474638345870e+02 -1.918370532552827523e+00 7.353520441381826700e+00 8.968293771777444690e-01 1.286686011906839289e+00
-9.114528169443935894e+02 1.288251274871017671e+01 -4.580682297356704957e+00 2.286606211843602665e+01 8.732032019817996815e-01
-9.104527864249525919e+02 1.599752484394348251e+01 -1.477801063122298331e+01 1.478054299800702509e+01 -5.285845238096523069e+00
-9.094527559055118218e+02 3.986040326838818704e+00 -6.012494619964002140e+00 -2.309433452426860267e+00 -7.062671271562092734e+00
-9.084527253860710516e+02 5.748198663607078096e+00 -1.312986113937089705e+01 6.345074013390167522e+00 1.493828596826449973e+00
-9.074526948666300541e+02 1.402222280883234085e+00 -7.659661399172406071e+00 4.456879863965389710e+00 5.668373511902854212e+00
-9.064526643471890566e+02 -2.943754101835018400e+00 8.874116300362591137e-01 1.466954846417894975e+00 3.270119723678984514e+00
-9.054526338277482864e+02 -2.120502799992770804e+00 -4.148288733906971615e+00 2.349078671420103959e+00 -1.111701502972567868e+00
-9.044526033083075163e+02 5.953646749083966405e+00 -5.576450980979700489e+00 3.353585450551161085e+00 -6.964802465638653128e-01
-9.034525727888665187e+02 3.574613624998379091e+00 3.405542587050865322e+00 -1.461382418901577651e+01 -1.319780174461365307e+00
-9.024525422694255212e+02 1.814046880888130930e+00 4.508064409671528883e-01 -1.328779564189167495e+01 -9.667532738095651723e+00
-9.014525117499847511e+02 8.126568624085077630e+00 -6.230937602018323140e+00 6.565249618437616341e+00 -7.268610316608846489e+00
-9.004524812305439809e+02 3.574215726834617968e+00 -5.356744511240187023e+00 -1.084751068248354322e+00 -3.095001488095402209e+00
-8.994524507111029834e+02 1.607802999081743067e+00 7.787317880036519924e+00 -4.413823273431469296e+00 -6.958116133002284487e-01
-8.984524201916619859e+02 1.814577411773805382e+00 2.749652090803524018e+00 9.115534128297179350e+00 -1.112637589541460192e+00
-8.974523896722212157e+02 3.573817828669867858e+00 -3.274516805692027077e+00 1.332957296809905223e+01 -4.869305818959608345e-01
-8.964523591527804456e+02 2.021882355349565508e+00 4.829914371067590473e+00 1.907874618438542669e+00 1.265839937140597904e+01
-8.954523286333394481e+02 3.159207941518765050e+00 -1.335097148431715119e+01 9.115960549739609675e+00 1.422286748050277438e+01
-8.944522981138984505e+02 -5.118267569493153424e+00 -1.203469809116418432e+01 6.565249618437616341e+00 7.650202503846285751e+00
-8.934522675944576804e+02 -4.910962625915416879e+00 6.804745623351336370e+00 2.013484995812936607e+00 5.668373511902854212e+00
-8.924522370750169102e+02 -4.080681789837369067e+00 1.960977215238235516e+01 -2.846925185413353532e+01 3.268247550543195157e+00
-8.914522065555759127e+02 1.506073993256802801e+01 -2.255196958448339473e+01 2.075996661166257695e+01 1.286686011906839289e+00
-8.904521760361349152e+02 1.143323500176775021e+01 -8.632546916928173886e+00 2.900157316199478252e+00 6.297022505910272905e+00
-8.894521455166941450e+02 -5.651188759162808495e-01 1.336645833622637447e+01 6.935684893706358656e-01 1.140217119662519174e+01
-8.884521149972533749e+02 -2.738040750914304766e+00 -3.112170208526924831e-01 -4.087610869562960048e+00 -2.885184370122941822e+00
-8.874520844778123774e+02 4.405424991967164416e+00 8.764836185980081851e+00 -6.067912050671389501e+00 8.667843226556671832e-01
-8.864520539583713798e+02 1.009112449373710518e+01 -1.269185207510009938e+01 1.099932192280978960e+01 -9.877617309374063126e+00
-8.854520234389306097e+02 8.126568624085077630e+00 -3.271147505194655913e+00 1.237540110106862379e+00 -8.616441248442040290e+00
-8.844519929194898396e+02 8.126568624085077630e+00 -4.375014579675469584e+00 6.971220013923304926e-01 1.203055273732324615e+01
-8.834519624000488420e+02 5.953646749083966405e+00 -1.587527949223818702e+01 1.565627050136344067e+01 1.026054676314119263e+01
-8.824519318806078445e+02 5.744750212849206505e+00 -2.649110302501821934e+01 1.099875336088584277e+01 7.859217261903975071e+00
-8.814519013611670744e+02 8.544626961993358805e+00 -2.211227586996243133e+01 6.565249618437616341e+00 1.047156742098750293e+01
-8.804518708417263042e+02 7.289921417378940838e+00 -2.396946237999048179e+01 6.341094079922547699e+00 1.860254908071016899e+01
-8.794518403222853067e+02 -7.083884500916528104e+00 -7.426337339934112158e+00 6.340951939441350049e+00 1.443174851190733676e+01
-8.784518098028443092e+02 -6.665030366675957829e+00 5.487349130038611911e+00 -7.855755020519115561e+00 9.416597858406193566e+00
-8.774517792834035390e+02 2.026922398764460009e+00 1.624998403874238796e-04 -6.957711461645798678e+00 -1.115445849246145205e+00
-8.764517487639627689e+02 1.008979816652390582e+01 -1.543432229003098222e+01 -1.960887811239536982e-01 -2.883579650291408836e+00
-8.754517182445217713e+02 1.188153068516737632e+00 -1.202402863960063328e+01 -8.081474104324184893e+00 1.498241576363658067e+00
-8.744516877250807738e+02 -7.083884500913439908e+00 -1.412557119964917396e+00 -9.510554500162058389e+00 7.859217261903975071e+00
-8.734516572056400037e+02 -4.700872395188682162e+00 -1.634930952596366893e+00 -7.406875381562914029e+00 7.859217261903975071e+00
-8.724516266861992335e+02 1.607802999081743067e+00 -1.412557119964917396e+00 -4.627602556836121650e+00 3.265573017490643437e+00
-8.714515961667582360e+02 -7.754743720858519040e-01 -4.157835085311079482e+00 1.907874618435233538e+00 1.286686011906839289e+00
-8.704515656473172385e+02 -5.121450754807199246e+00 -1.038963712476931178e+01 -8.719667682143118492e-01 3.901978157346057685e+00
-8.694515351278764683e+02 -7.083884500916528104e+00 -3.043719721821585900e+00 -1.018700104917668092e+01 5.456015587533081579e+00
-8.684515046084356982e+02 -1.206198843391625886e+01 8.233469420504063052e+00 -1.905031288156225244e+01 5.455881860878140976e+00
-8.674514740889947007e+02 -2.250522365297029026e+01 9.194421999017800218e+00 -8.379542692950908034e+00 -5.923721371127531832e+00
-8.664514435695537031e+02 -2.208331896613789169e+01 -8.759176460517215546e+00 1.565385411318913356e+01 -1.143285827943142685e+01
-8.654514130501129330e+02 -1.752619129091914729e+01 -7.641972571576731710e+00 1.229011681247680787e+00 -3.095001488095402209e+00
-8.644513825306721628e+02 -9.045522450695546723e+00 2.963743059721103634e+00 -6.954015809141532500e+00 -3.308028045730928568e+00
-8.634513520112311653e+02 -4.488129510033280312e+00 -6.683827743475734273e+00 4.689705971821159558e+00 -9.667532738095651723e+00
-8.624513214917901678e+02 3.780724874082854736e+00 -1.728842027460181896e+01 8.213794916917478872e+00 -5.072551227154744602e+00
-8.614512909723493976e+02 1.396121175697988104e+00 -1.016431515420608989e+01 -2.749500381560531004e+00 -6.907300005003734755e-01
-8.604512604529086275e+02 -3.533044198116015999e-01 -8.760861110762329318e+00 -4.208128815626486774e-01 -3.735685880833211403e+00
-8.594512299334676300e+02 3.780724874082854736e+00 -4.666459072445487521e+00 -5.532468858794349131e+00 -6.835603415397343952e+00
-8.584511994140266324e+02 3.992804595631660902e+00 1.928716163003586459e+01 -8.826432365173111805e+00 8.590281768022606235e-01
-8.574511688945858623e+02 5.953646749083966405e+00 1.171339528115274398e+01 3.781712579280176012e+00 -7.262726343893224801e+00
-8.564511383751450921e+02 8.126568624085077630e+00 -9.630362790029614040e-01 -6.443589341913532387e+00 -6.900613672377328145e-01
-8.554511078557040946e+02 -1.202551735053680737e+00 1.721209368803695128e+01 -3.489570728048047243e+01 -1.118387835603955827e+00
-8.544510773362630971e+02 -4.485742121046758513e+00 6.887153097943300217e+00 -6.267619426454687392e+00 -3.095001488095402209e+00
-8.534510468168223269e+02 2.033288769392552098e+00 -7.370123708348494951e-01 -6.218154539075541720e+00 -5.714840339726078078e+00
-8.524510162973815568e+02 1.029949049908618974e+01 7.561995909473300692e+00 -1.069543754966650440e+01 -9.452901460628897468e+00
-8.514509857779405593e+02 5.740638598485724664e+00 1.306364245429254467e+01 1.451319393510458022e+00 -9.452767733975464992e+00
-8.504509552584995618e+02 8.552850190725083124e+00 1.103363890640478928e+01 -2.292660875669414455e+00 -4.743602765479638661e-01
-8.494509247390587916e+02 7.700021792000135257e+00 -7.635233970584635266e+00 3.322314544732040353e+00 1.005006101190509504e+01
-8.484508942196180215e+02 1.607802999084830819e+00 1.008728663003769732e+01 -1.160684231375202735e+01 5.453207327825588813e+00
-8.474508637001770239e+02 6.380724112051494146e+00 -4.616621502630771090e+00 5.380792990379835494e+00 -1.119457648824977891e+00
-8.464508331807360264e+02 1.183139843146703285e+01 -5.107837437211562914e+00 4.504354784611597218e+00 -9.041577380942813491e-01
-8.454508026612952563e+02 3.780724874082854736e+00 -2.441117860044373367e-01 -5.573831738762906163e+00 4.124231854012396781e+00
-8.444507721418544861e+02 1.179929839786691970e+00 -9.253761695593977876e+00 7.518301543452669655e+00 1.202520367121813472e+01
-8.434507416224134886e+02 -6.655746076177652348e+00 1.148091354703837297e+01 -1.068776196369337228e+01 5.668373511902854212e+00
-8.424507111029724911e+02 1.393601153990544406e+00 -7.632285832650453017e+00 9.615726480882385019e+00 3.477529761904846861e+00
-8.414506805835317209e+02 7.788455752069671501e-02 2.506781680165746096e+00 -1.347414181246755582e+01 5.668373511902854212e+00
-8.404506500640909508e+02 1.268687948461726123e+01 -1.106644536158426106e+01 9.353619433944549755e+00 3.045057767307968177e+00
-8.394506195446499532e+02 1.443073450582727801e+01 -1.177666582830227959e+01 -4.359383469212168905e+00 -2.878631764143683380e+00
-8.384505890252089557e+02 1.290187712603826320e+01 -2.490253492280724568e-01 -1.022324687182250713e+01 1.070182561301994850e+00
-8.374505585057681856e+02 2.116409987408557214e+01 -2.211227586996243133e+01 2.099790977683053939e+01 -5.502482415353497025e+00
-8.364505279863274154e+02 1.638826084124560367e+01 -1.177456001549588649e+01 1.892450658068651848e+01 -5.285845238096523069e+00
-8.354504974668864179e+02 1.029949049908618974e+01 4.804223454796112236e+00 -9.735562881564105098e+00 -7.259784357535414401e+00
-8.344504669474454204e+02 1.290293818780961033e+01 -1.084028106589848406e+01 5.019631210030368607e-01 -3.600430923316715742e-02
-8.334504364280046502e+02 1.681825612408334791e+01 -1.268441153650878839e+01 1.122262461843999937e+01 1.683976434577252235e+01
-8.324504059085638801e+02 1.681825612408334791e+01 -4.377879410897583118e-02 9.839614920292021338e-01 1.618798064086642441e+01
-8.314503753891228826e+02 2.116409987408557214e+01 1.400241380454707318e+01 7.347892288563599994e-01 1.245834429907895746e+01
-8.304503448696818850e+02 1.160923862309041787e+01 3.187380380037435845e+00 2.030611205586971479e+01 1.202333149808034918e+01
-8.294503143502411149e+02 -3.169892891855986328e+00 1.054438839711312781e+01 3.079538603210532965e+00 9.832354021427098800e+00
-8.284502838308003447e+02 -6.435708391345710488e+00 1.192987283792001740e+01 -6.017594320405394548e+00 5.668373511902854212e+00
-8.274502533113593472e+02 1.116425584273194538e+01 5.716180788617366559e+00 1.564831063442821346e+01 3.259555318121904577e+00
-8.264502227919183497e+02 2.073145193681717302e+01 1.307417151833588953e+01 1.029530012048274834e+01 -1.558482249403104758e+00
-8.254501922724775795e+02 9.866577296373160166e+00 2.641618031365640817e+01 -9.967536146533957364e+00 -1.404922023809477949e+01
-8.244501617530368094e+02 3.780724874082854736e+00 2.021161345319554314e+01 -3.917610854313818169e+00 -1.185837648809365774e+01
-8.234501312335958119e+02 6.170368615881928420e+00 -1.183163911303434901e+00 1.331905457250605807e+01 -9.012004686914673712e+00
-8.224501007141548143e+02 1.029949049908618974e+01 5.487349130038611911e+00 6.797649304850956753e+00 1.286686011906839289e+00
-8.214500701947140442e+02 7.258620095122189753e+00 4.280636626308914616e-01 8.661395291545010977e+00 1.505462815605546734e+00
-8.204500396752732740e+02 -4.693842860953693297e+00 -3.712525869966094128e+00 4.236562118436425273e+00 8.297038322606271166e+00
-8.194500091558322765e+02 -1.306140805493171964e-01 -1.412557119964917396e+00 -1.352117312985398945e+00 1.465079276891130000e+01
-8.184499786363912790e+02 8.126568624085077630e+00 -3.712525869966094128e+00 -8.803689888215291859e+00 1.355503657727524747e+01
-8.174499481169505088e+02 9.864455172830464136e+00 -8.312463369965177762e+00 6.798360007255359605e+00 -9.041577380942813491e-01
-8.164499175975097387e+02 -2.955691046761702800e+00 -3.021398106050928956e+00 5.632239501245146940e+00 1.286686011906839289e+00
-8.154498870780687412e+02 3.060128383606516844e-01 9.856770321208466967e+00 -9.968957551343821777e+00 5.887952675520439882e+00
-8.144498565586277437e+02 1.247241237408421455e+01 7.556661183689109329e+00 -1.183071357130406476e+01 3.257816871637248202e+00
-8.134498260391869735e+02 9.863394111061895231e+00 1.118208713903748430e+00 -2.282142480080794122e+00 -9.041577380942813491e-01
-8.124497955197462034e+02 1.607802999081743067e+00 5.718286601425851323e+00 -3.450963655229945193e+00 -1.564098768810479267e+00
-8.114497650003052058e+02 -5.651188759162808495e-01 4.794115553309600486e+00 -1.159632391815797270e+01 -1.207849055831895591e+01
-8.104497344808642083e+02 1.826249091258640656e+00 -8.543681616394662726e+00 4.938878234994934502e+00 -1.646031178497432279e+01
-8.094497039614234382e+02 8.345147348982900226e+00 -3.018449968113478654e+00 1.122262461843999937e+01 -2.040136996456758922e+01
-8.084496734419826680e+02 1.008077914146744369e+01 7.324319837096581409e+00 1.192579357787760763e+01 -1.601954873791321887e+01
-8.074496429225416705e+02 5.953646749083966405e+00 -6.012494619964002140e+00 2.263153032480875382e+01 -9.446883761260156831e+00
-8.064496124031006730e+02 1.169849752959998490e+00 -9.489975269404838931e-01 2.006802675022023053e+01 -2.432653377628916758e+00
-8.054495818836599028e+02 -4.910962625915416879e+00 5.719269314070577259e+00 1.075299246926083896e+01 8.080133692045038174e+00
-8.044495513642191327e+02 -5.130204514419837381e+00 9.855226058482385199e+00 4.706478548576498611e+00 1.027111116869828678e+01
-8.034495208447781351e+02 -9.037431854688218635e+00 2.955179420963939929e+00 1.355131211843788108e+01 1.443174851190733676e+01
-8.024494903253371376e+02 -1.261045680201005048e-01 3.419721726632054981e+00 1.122262461843999937e+01 1.421043090180789470e+01
-8.014494598058963675e+02 6.173286535753137017e+00 2.722416911808041462e+00 8.658552481925282152e+00 1.027151234865666929e+01
-8.004494292864555973e+02 2.242317938355901319e+00 -2.782037383427325317e+00 -4.633714597514699385e+00 1.179773463509880926e+01
-7.994493987670145998e+02 -1.728877871958020052e+01 1.122344283425677425e+01 -1.645795478933310463e+01 5.668373511902854212e+00
-7.984493682475736023e+02 -2.518003066083472241e+00 -1.061243211996308666e+01 2.215862894456531862e+01 8.081069778613930055e+00
-7.974493377281328321e+02 -5.131132943470261054e+00 6.652565551023448265e+00 -5.550094278436330519e+00 9.606088525181240456e+00
-7.964493072086920620e+02 9.578997491071457315e-02 2.021462021452211211e+00 7.037440296273138607e+00 -9.041577380942813491e-01
-7.954492766892510645e+02 8.347004207082759919e+00 -7.125849422470773575e-01 -4.208128815626486774e-01 3.477529761904846861e+00
-7.944492461698100669e+02 1.247241237408421455e+01 -4.644615700110785866e-02 1.449683059796105056e+01 1.286686011906839289e+00
-7.934492156503692968e+02 1.247241237408421455e+01 -9.444407948566238886e+00 1.375130377518435054e+01 1.509207161879118964e+00
-7.924491851309285266e+02 1.269324585524534399e+01 9.619796186435600305e+00 -1.320961837735447908e+01 8.081872138528700233e+00
-7.914491546114875291e+02 1.943311022685117351e+01 -4.180297088603900590e+00 1.378811815976127164e+01 1.005006101190509504e+01
-7.904491240920465316e+02 2.289482425587614500e+01 -3.010447879437676111e+00 3.051821209415539915e+00 7.190450272111359453e+00
-7.894490935726057614e+02 1.202994961543214103e+01 5.721515514400184799e+00 -9.261382236993378925e+00 -3.095001488095402209e+00
-7.884490630531649913e+02 5.732282737036848985e+00 1.032159340191641128e+01 -7.406875381562914029e+00 -2.871811704860165460e+00
-7.874490325337239938e+02 4.223718163620916677e+00 3.846219014214598886e+00 7.989497237920620165e+00 -1.127481247982643708e+00
-7.864490020142829962e+02 5.067129639120508067e+00 -1.103570049456815561e+01 8.847457181149520622e+00 -3.095001488095402209e+00
-7.854489714948422261e+02 -4.467438805491996234e+00 2.341764326114960326e+01 -1.995304707630826613e+01 -2.333848485137456075e-01
-7.844489409754014559e+02 6.397435834949551037e+00 -5.206165782061490666e-02 1.378911314312764702e+01 1.005006101190509504e+01
-7.834489104559604584e+02 5.953646749083966405e+00 -8.547472079447418380e+00 8.418050788096243409e+00 1.224090476190621679e+01
-7.824488799365194609e+02 1.052165030746249208e+01 -1.544751871696847090e+01 6.803334924090413516e+00 4.996397082450287463e+00
-7.814488494170786907e+02 1.442304180798501179e+01 -1.220653241638153297e+01 -1.373722666095328337e+00 -6.800318682901524969e-01
-7.804488188976379206e+02 8.126568624085077630e+00 -9.018752986104873415e+00 -6.930136208335491155e+00 3.926048954817045189e+00
-7.794487883781969231e+02 7.904010917544699311e+00 -1.727676811039250282e+01 2.623409799723885882e+00 7.410430615685524636e+00
-7.784487578587559256e+02 3.558034534820562200e+00 -7.605331428698407947e+00 1.146127848601640409e+01 1.511213061669030688e+00
-7.774487273393151554e+02 1.830625971064959501e+00 1.798585262092553538e-01 1.331251611038102034e+01 8.083878038318614401e+00
-7.764486968198743853e+02 5.953646749083966405e+00 -1.037644069783389611e+01 1.122262461843999937e+01 7.634422758837205336e+00
-7.754486663004333877e+02 8.126568624085077630e+00 -8.548595179612224371e+00 5.608928462361263634e+00 5.443445282183278167e+00
-7.744486357809923902e+02 5.730425878935999862e+00 -1.544864181713327334e+01 5.360768364397675567e-01 1.511747968279540721e+00
-7.734486052615516201e+02 1.384449496213169262e+00 -2.028513228934428625e+01 1.098326004845885251e+01 8.084412944929125544e+00
-7.724485747421108499e+02 -3.416327403267830354e-01 -2.140261695332798908e+01 3.518041987051956365e+00 4.992385282874446162e+00
-7.714485442226698524e+02 4.227962410706310514e+00 -2.529059071299913253e+00 -9.495914030620985713e+00 -2.869538351764995721e+00
-7.704485137032288549e+02 1.007573909805254964e+01 7.076816638275335691e+00 5.195726084137591627e+00 6.119567237872711729e+00
-7.694484831837880847e+02 8.126568624085077630e+00 -1.649531254738498820e+00 1.259157959081819556e+01 7.633486672268313455e+00
-7.684484526643473146e+02 1.052350716555859300e+01 -2.764067780787514916e+00 -2.509425109175323243e+00 6.090930630406720114e-01
-7.674484221449063170e+02 1.007534119988878807e+01 7.312808060406618793e+00 3.996344705569701450e+00 -4.833849152214687805e+00
-7.664483916254653195e+02 5.953646749083966405e+00 -1.887347714637066298e+00 5.990622513417064726e-02 3.477529761904846861e+00
-7.654483611060245494e+02 3.556310309442615392e+00 -8.312463369961909265e+00 3.755558730778691956e+00 5.894639008151818516e+00
-7.644483305865837792e+02 1.832350196442906975e+00 -1.132546033709194333e+01 3.011186213654924448e-01 5.441974289004873455e+00
-7.634483000671427817e+02 8.351248454168155533e+00 -1.886104128037184324e+01 1.074105266885797860e+01 1.286686011906839289e+00
-7.624482695477017842e+02 1.097392788750083881e+01 3.901250922289766887e+00 -3.472284727381075964e+00 -1.357491090503390341e+00
-7.614482390282610140e+02 2.048926458750815272e+01 7.311123410159410696e+00 -1.206425038156529617e+01 -9.667532738095651723e+00
-7.604482085088202439e+02 1.314764555882440966e+01 -4.427238737338890395e+00 -9.253138089097225460e+00 -2.641133229077774924e+00
-7.594481779893792464e+02 2.071367915214807098e+01 -1.267402285998433698e+01 -2.990854918275486884e+00 1.059618155744899815e+00
-7.584481474699382488e+02 1.247241237408421455e+01 -9.355203249598909032e-01 -1.254724373595458786e+01 4.159134510349720593e+00
-7.574481169504974787e+02 1.247241237408421455e+01 1.126070415057385254e+00 -1.206425038156198681e+01 7.177211333502712343e+00
-7.564480864310567085e+02 9.848273980818397888e+00 5.487349130038611911e+00 -1.696340633971844625e+01 -5.513314274215847632e+00
-7.554480559116157110e+02 4.232206657791384607e+00 8.265197000160835472e+00 -2.322384168428717643e+01 -5.058242475324071563e+00
-7.544480253921747135e+02 1.464533424908223758e+01 1.190909548486904157e+01 -3.383731207722795897e+00 -5.285845238096523069e+00
-7.534479948727339433e+02 1.202040005949000978e+01 6.205010135348858924e+00 1.370013320203223373e+01 -2.867131272017696020e+00
-7.524479643532931732e+02 1.607802999084830819e+00 2.570834643479218329e+01 -2.506697730123753587e+01 1.058682069177003360e+00
-7.514479338338521757e+02 1.029949049908310243e+01 -2.610062670687887554e+00 6.807741279000119050e+00 -3.323139157478363970e+00
-7.504479033144111781e+02 3.327916763159151525e+00 -2.274676883968383745e+00 -1.327741938678642342e+01 -7.248417592061555226e+00
-7.494478727949704080e+02 1.834339687267446006e+00 6.348626568921612368e+00 1.521394650634878554e+00 1.971901379968053369e+00
-7.484478422755296378e+02 1.607802999081743067e+00 2.668987889764654065e-01 2.074480443993285406e-01 7.630678412563628221e+00
-7.474478117560886403e+02 8.580172531333539965e+00 1.372697348912859105e+01 -3.619826546641654375e+00 3.020184609918226126e+00
-7.464477812366476428e+02 7.445764865042341363e+00 1.608020773280687266e+00 7.677925303597607609e+00 -3.095001488095402209e+00
-7.454477507172068727e+02 -5.138029844984027150e+00 1.976784850057219245e+01 -1.905031288156556002e+01 -9.041577380942813491e-01
-7.444477201977661025e+02 -2.056441195549107981e+00 1.578477376609331273e+01 -3.860754661919262976e+00 -1.133231494045139343e+00
-7.434476896783251050e+02 6.408311718106539878e+00 8.874116300362591137e-01 1.073536704961852095e+01 -9.896740220699308921e+00
-7.424476591588841075e+02 1.659079100685030994e+01 6.450407521357638174e+00 -3.724584081132166435e+00 -9.438191528838867583e+00
-7.414476286394433373e+02 1.029949049908618974e+01 1.856444667398726622e+01 -1.623379925081598429e+01 -5.056370302187283450e+00
-7.404475981200025672e+02 1.292787313943430938e+01 -1.412557119961648899e+00 6.729753014334174943e-02 -2.865392825534033072e+00
-7.394475676005615696e+02 1.659039310868622508e+01 1.359318418199787892e+01 -1.153404920566355463e+00 1.286686011906839289e+00
-7.384475370811205721e+02 1.201642107784646640e+01 2.800438433421152240e+01 -1.439293788156317788e+01 1.286686011906839289e+00
-7.374475065616798020e+02 8.582825185764674458e+00 8.638487417439545624e+00 -9.491081254267447420e+00 1.516695854426262979e+00
-7.364474760422390318e+02 1.007122958552254310e+01 -1.037082519701021255e+01 -5.078187881561722072e+00 3.017242623561413595e+00
-7.354474455227980343e+02 5.725253202801169117e+00 -9.290624990162357211e-01 -4.343890156786178736e+00 -5.285845238096523069e+00
-7.344474150033570368e+02 3.780724874082854736e+00 2.945492682041971122e+00 7.055065715917560709e+00 -5.285845238096523069e+00
-7.334473844839162666e+02 8.583886247536021585e+00 6.453835445207168897e-01 1.538989923999490550e+01 -5.516389987226784086e+00
-7.324473539644754965e+02 1.224362092963798077e+01 -6.860517008584020582e-01 -3.730269700367731645e+00 -7.246010512315252505e+00
-7.314473234450344989e+02 7.897644546916605890e+00 9.844977769478028051e+00 -1.181891591138271913e+01 1.748310416774432108e+00
-7.304472929255935014e+02 5.953646749083966405e+00 5.487349130038611911e+00 -5.078187881561722072e+00 7.859217261903975071e+00
-7.294472624061527313e+02 5.724457406472657439e+00 5.729938765636212850e+00 -4.832569130417173398e+00 5.899453167643626372e+00
-7.284472318867119611e+02 -1.064749252518148032e-01 1.795811297250643435e+01 -2.257978598310868446e+00 1.224090476190621679e+01
-7.274472013672709636e+02 1.007003589103204533e+01 3.078700538003847953e+01 6.565249618437616341e+00 7.859217261903975071e+00
-7.264471708478299661e+02 3.780724874082854736e+00 2.085809798555657935e+01 -1.404993571914449513e+00 9.818580176205941257e+00
-7.254471403283891959e+02 8.356288497582060160e+00 1.674404169435760892e+01 -1.414675056849468326e+01 8.090831824255257487e+00
-7.244471098089484258e+02 1.224255986786630679e+01 7.787317880036519924e+00 -4.831858428012770545e+00 7.395720683897478054e+00
-7.234470792895074283e+02 8.356553763024898274e+00 8.030749840758069524e+00 -2.995971975590998149e+00 1.054803996250300191e+00
-7.224470487700664307e+02 7.436215309100207449e+00 1.420007943355178348e+01 -9.982176616076088749e+00 -3.327017230405067139e+00
-7.214470182506256606e+02 -2.968291155296961747e+00 8.274743351561674842e+00 -1.979058050654252909e+01 -2.630702550171813314e+00
-7.204469877311848904e+02 5.867963096009727320e-01 5.592639770492109363e+00 -6.278990664945298228e+00 1.286686011906839289e+00
-7.194469572117438929e+02 1.681825612408334791e+01 -2.319227706594454474e+01 3.278021852675553305e+01 -9.041577380942813491e-01
-7.184469266923028954e+02 1.487598255162964378e+01 6.952152519985100199e+00 -3.491047270871276087e+00 1.519236660826684959e+00
-7.174468961728621252e+02 1.899117799908446003e+01 1.904288734419106177e+01 -2.007527070815033454e+00 8.213172607594453334e-01
-7.164468656534213551e+02 2.139501344207482703e+01 1.370956543657620763e+01 6.565249618437616341e+00 -3.327819590319837317e+00
-7.154468351339803576e+02 1.852908559766212448e+01 -1.901667241737277969e+00 9.636763272073531894e+00 -4.819941580341400744e+00
-7.144468046145393600e+02 1.247241237408421455e+01 -5.278408274741916983e+00 1.231255782663921217e+01 1.286686011906839289e+00
-7.134467740950985899e+02 1.487664571523624524e+01 -9.193171367361437085e-02 2.899446613799165018e+00 1.286686011906839289e+00
-7.124467435756578197e+02 1.200952417633468094e+01 -1.266742464651663092e+01 1.538392933979453936e+01 1.053333003071893037e+00
-7.114467130562168222e+02 2.622841216102385964e+00 -4.320906760873186592e-01 -3.990386780574657788e+00 -7.710175723582602281e+00
-7.104466825367758247e+02 -1.073460015795696876e+01 7.051546884567227558e+00 -1.082265328014358907e+01 -7.710309450238509221e+00
-7.094466520173350546e+02 -5.651188759162808495e-01 -6.257892005973611838e+00 8.893937118438808298e+00 -1.404922023809477949e+01
-7.084466214978942844e+02 -3.201990010438272360e+00 -5.521419072904279801e+00 -1.663831387785613902e+00 -1.185837648809365774e+01
-7.074465909784532869e+02 -4.678855363432898429e+00 5.978705452137313969e+00 -2.137900038156344351e+01 -1.381519859599652911e+01
-7.064465604590122894e+02 2.536762579901890469e+00 4.258256387174627733e+00 -8.740010952730438376e+00 -5.051689869344813566e+00
-7.054465299395715192e+02 1.464533424908223758e+01 -1.168260618950315965e+01 4.136938823066023674e-01 -2.860712392691563632e+00
-7.044464994201307491e+02 1.223990721343826493e+01 1.649499423281016419e+01 -2.146513751304757633e+01 1.286686011906839289e+00
-7.034464689006897515e+02 1.270505016745207527e+01 -9.297422214495457027e+00 2.078668902208503155e+01 -1.607827384221230949e+00
-7.024464383812487540e+02 1.200687152190433515e+01 -6.095042482071139744e+00 4.320140721253273419e+00 -1.428391051345700014e+01
-7.014464078618079839e+02 1.076529661670482874e+01 1.526154947681239626e+01 -7.738773404667818490e+00 -1.577041598406753309e+01
-7.004463773423672137e+02 1.200634099102063956e+01 -2.972543248878652733e+00 6.315508793345345318e+00 -4.815929780763563706e+00
-6.994463468229262162e+02 1.076582714759050319e+01 -5.193333437257912522e+00 1.920821898073281275e+01 3.477529761904846861e+00
-6.984463163034852187e+02 1.417873233513101106e+01 -1.857759887627651807e+01 2.269449855788206349e+01 -3.565451852040864456e+00
-6.974462857840444485e+02 3.547291284386151489e+00 8.775646025064833822e+00 -2.137900038156344351e+01 -7.241330079472782622e+00
-6.964462552646036784e+02 1.146732161117090776e+01 1.345111201115091504e+01 -9.973346724455972589e-01 -2.859508852818411828e+00
-6.954462247451626808e+02 2.310332289394714422e+01 -3.465163058667726670e+00 1.072172156344087135e+01 3.477529761904846861e+00
-6.944461942257216833e+02 2.093026838622412100e+01 3.434883578856926523e+00 3.484781114497971011e+00 3.713289850487754062e+00
-6.934461637062809132e+02 1.223844825350216858e+01 2.444449621019082031e+00 -1.746557147723955428e+00 8.095111077139346634e+00
-6.924461331868401430e+02 2.032224792656845413e-01 -5.021358724526121087e+00 3.233050322678022059e+00 9.814033470017594851e+00
-6.914461026673991455e+02 -1.530711322886470427e+01 1.033521099141519883e+01 -1.023760306040781387e+01 3.477529761904846861e+00
-6.904460721479581480e+02 -4.207876569674367850e+00 1.394302988333145343e+01 -1.338828896194969609e+01 8.095512257097727371e+00
-6.894460416285173778e+02 5.719152097615914698e+00 -7.005315165651181175e+00 4.739170859204437036e+00 2.295386152676103908e+00
-6.884460111090766077e+02 1.607802999081743067e+00 -9.370704500253546954e+00 7.888151074981312405e+00 -1.209493893659167085e+01
-6.874459805896356102e+02 -3.207560584738836873e+00 5.487349130038611911e+00 -9.987151532910083063e+00 -1.843090773809701943e+01
-6.864459500701946126e+02 -9.021913826281750204e+00 4.990096532070019464e+00 -6.651683006080787663e+00 -8.957043032683195349e+00
-6.854459195507538425e+02 -2.738040750914304766e+00 -8.312463369965177762e+00 4.488435050744376653e+00 -4.302304811818301045e-01
-6.844458890313130723e+02 -7.083884500913439908e+00 -6.261401693988099204e+00 1.151829400073674625e+00 3.240432406796660114e+00
-6.834458585118720748e+02 -2.502750303118075781e+00 -3.463478408417604015e+00 -5.078187881561722072e+00 3.951991925427808638e+00
-6.824458279924310773e+02 6.424492910120918054e+00 -1.163369270898218621e+00 -1.256884908906450882e+01 7.621852453489198709e+00
-6.814457974729903071e+02 1.006393478584679002e+01 -1.412557119964917396e+00 -1.955519587002604709e+01 6.143370582036664196e+00
-6.804457669535495370e+02 8.126568624085077630e+00 1.390057577160507818e-01 -1.803997834271650191e+01 1.443174851190733676e+01
-6.794457364341085395e+02 8.598210581449217571e+00 -1.751233836996334858e+01 5.900902192124732881e-01 1.200313877353405445e+01
-6.784457059146675419e+02 1.658230251267953648e+01 -7.063716374220380345e+00 1.329844420276249473e+01 7.145518116828454502e+00
-6.774456753952267718e+02 7.890482379960004344e+00 1.238725538003560445e+01 3.983552062280581563e+00 -2.856968046417986073e+00
-6.764456448757860016e+02 8.126568624085077630e+00 1.163716485746818918e+01 -3.002652578199780375e+00 3.477529761904846861e+00
-6.754456143563450041e+02 3.308021854947366780e+00 -3.712525869966094128e+00 -1.675185444451926242e-01 3.715830656887179728e+00
-6.744455838369040066e+02 -3.286347336267924080e-01 -3.211903971503085486e+00 -3.509809814361475766e+00 5.668373511902854212e+00
-6.734455533174632365e+02 1.844419774092492137e+00 5.988251803541420060e+00 -9.735562881564105098e+00 5.191236815327338938e+00
-6.724455227980224663e+02 8.600067439548089610e+00 1.698719288003795924e+01 -9.228121364443612862e+00 -7.954093137974305172e+00
-6.714454922785814688e+02 1.440845220862899012e+01 1.188579115645039508e+01 -4.824324982520320937e+00 -7.237853186501686409e+00
-6.704454617591404713e+02 1.029949049908618974e+01 2.936507880723528530e+00 7.327264737007088691e+00 -7.237719459851334136e+00
-6.694454312396997011e+02 7.889421318188654553e+00 -1.914582893632529759e+00 1.562585243843239091e+01 -3.334104742993840631e+00
-6.684454007202589310e+02 5.716366810466618986e+00 -5.259034796902171571e+00 5.548092336501211363e+00 -5.046608256545955129e+00
-6.674453702008179334e+02 4.255550016761375787e+00 5.487349130038611911e+00 -1.282754476445874836e+01 2.004798136514466922e+00
-6.664453396813769359e+02 8.364113828145912422e+00 2.935946330641125979e+00 -1.337464347577464707e+01 7.380208392190676037e+00
-6.654453091619361658e+02 1.271009021086631208e+01 -1.915705993797334417e+00 -5.332903623489402278e+00 -1.143795899603230692e+00
-6.644452786424953956e+02 1.416971331007961865e+01 -3.460811045526718033e+00 -1.180939249915384970e+01 -5.765389014418340174e+00
-6.634452481230543981e+02 5.715703646859031650e+00 -6.569914840925097366e-01 -5.588187927341028427e+00 -9.187721508467582510e+00
-6.624452176036134006e+02 6.191722484030814044e+00 9.835291030556073011e+00 -9.480420718192936747e+00 -4.240790551599610825e-01
-6.614451870841726304e+02 8.126568624085077630e+00 1.310036690402479886e-01 -4.567619273858833040e+00 7.619044193784855423e+00
-6.604451565647318603e+02 7.888227623696381308e+00 -1.341695361899837025e+01 6.565249618437616341e+00 1.286686011906839289e+00
-6.594451260452908627e+02 8.923820997533420396e-01 -1.751233836996008009e+01 -2.749500381563839913e+00 1.527126533331213398e+00
-6.584450955258498652e+02 -7.561097032581233002e+00 -1.675466692127745105e+01 1.652163893140482065e+00 7.859217261903975071e+00
-6.574450650064090951e+02 -1.529809420380824747e+01 1.392806704198644052e+00 -1.981941784234179327e+00 5.427665537173225196e+00
-6.564450344869683249e+02 -4.910962625915416879e+00 7.787317880036519924e+00 1.122262461843999937e+01 -1.144999439476382275e+00
-6.554450039675273274e+02 1.518936160722300921e-01 2.934402067915041989e+00 8.637799971701262791e+00 -5.285845238096523069e+00
-6.544449734480863299e+02 8.903926089305821412e-01 1.899886428609969258e+00 -4.287176104877474359e+00 -5.526954392784875658e+00
-6.534449429286455597e+02 -4.671693196476295995e+00 1.342092869421916568e+01 -8.197034315367728752e+00 -4.803359475415557966e+00
-6.524449124092047896e+02 4.020126936245647542e+00 -3.459126395282420940e+00 1.138183913898984212e+00 1.528062619899108299e+00
-6.514448818897637921e+02 4.259794263846770512e+00 5.487349130035343414e+00 -3.281247920932384599e+00 2.994509092613713896e+00
-6.504448513703227945e+02 1.223274504648034444e+01 -8.312463369961909265e+00 2.933842892015064763e+01 -6.625136767954176165e-01
-6.494448208508820244e+02 5.953646749083966405e+00 6.248811041772976083e+00 1.303733213919131906e+01 -9.041577380942813491e-01
-6.484447903314412542e+02 1.077935568517420073e+01 1.494118515480285758e+01 8.122540728127411569e+00 1.044774497303716299e+00
-6.474447598120002567e+02 9.579294821780546698e+00 2.439530195461225404e+01 -1.800799673449081695e+01 -1.780220143258784415e-01
-6.464447292925592592e+02 4.020922732572399738e+00 2.517010068080319840e+01 -1.931966909302892432e+01 1.248308372981559167e+01
-6.454446987731184890e+02 6.193977240294435305e+00 9.832904442706388082e+00 1.173774172153114215e+01 1.151396667822204734e+01
-6.444446682536777189e+02 1.005902737515479650e+01 3.441902954885552202e+00 7.863134350324767929e+00 -1.146604159307915483e+00
-6.434446377342367214e+02 6.194242505737273419e+00 1.494188709240638246e+01 -4.820345049052707331e+00 -3.095001488095402209e+00
-6.424446072147957238e+02 8.367297013459955579e+00 9.832483280146970372e+00 7.339204537409942830e+00 -3.337715362615287784e+00
-6.414445766953549537e+02 1.947290004327674851e+01 7.277430405215275400e+00 1.536374539149342233e+01 -7.719536589269314852e+00
-6.404445461759141836e+02 2.092310621926850445e+01 3.442464504968316241e+00 1.391336110535286608e+00 -1.112943250462156897e+01
-6.394445156564731860e+02 1.633600354900573137e+01 5.232124617586608295e+00 9.600990730363898051e-02 1.286686011906839289e+00
-6.384444851370321885e+02 5.471128908562179483e+00 3.442745280010563569e+00 3.978008583521581709e+00 6.398119855296813263e+00
-6.374444546175914184e+02 4.263507980046490786e+00 5.742854417531455091e+00 -9.382042323528816397e-01 1.151075723855898225e+01
-6.364444240981506482e+02 1.054101468478858905e+01 9.575995280008225308e+00 -1.455311302185789524e+00 3.721045996339156670e+00
-6.354443935787096507e+02 1.440367743065792538e+01 -1.668343182499324451e+00 1.794970716208004902e+01 7.993860897285079981e-01
-6.344443630592686532e+02 9.574122145646830617e+00 -3.888513197431583412e-01 2.422707440568947046e+00 -4.165903626128118487e-01
-6.334443325398278830e+02 -5.651188759162808495e-01 1.724325971761356868e+01 -2.370768788156463458e+01 8.103134676297012007e+00
-6.324443020203871129e+02 2.333967148849737328e+00 1.851853995475243764e+01 -5.591030736965730163e+00 9.317907588769941185e+00
-6.314442715009461153e+02 7.400006576154433802e+00 1.111267708050420744e+01 9.103499047074831152e-02 -4.157880026980420030e-01
-6.304442409815051178e+02 4.507684820182324970e+00 1.237883212879683903e+01 -4.290587476411572787e+00 5.668373511902854212e+00
-6.294442104620643477e+02 9.814585269579856330e+00 -2.159901909464677416e+01 2.751362942524867705e+01 3.233077440901645172e+00
-6.284441799426235775e+02 -8.077041233900272843e-01 6.514424230750237577e+00 -1.931028782128590038e+01 1.775858107217848536e+00
-6.274441494231825800e+02 4.023442754281601808e+00 -1.402250207598601250e-01 9.942127884768045543e-02 7.614497487595170533e+00
-6.264441189037415825e+02 4.266425899918687925e+00 -3.712525869962825631e+00 -6.626097719503242445e+00 5.913227012864784804e+00
-6.254440883843008123e+02 1.271539551972271020e+01 -1.342678074544145694e+01 1.329091075727074234e+01 7.614230034289914961e+00
-6.244440578648600422e+02 1.174306503900526266e+01 -1.111108859313865160e+01 -1.027285389968497142e+01 2.742166899106627032e+00
-6.234440273454190447e+02 4.267221696246211060e+00 1.417228270447391658e+01 -3.611569902878793670e+01 -4.795335876257892593e+00
-6.224439968259780471e+02 8.369949667888324285e+00 2.672158179431958658e+00 -3.252393403288450724e+00 3.477529761904846861e+00
-6.214439663065372770e+02 1.198538502103552972e+01 -6.270246107786451972e+00 1.302937227225608652e+01 1.286686011906839289e+00
-6.204439357870965068e+02 3.780724874082854736e+00 -5.496710869278579992e+00 1.124538427724293577e+00 1.532341872783190562e+00
-6.194439052676555093e+02 4.268282758017213574e+00 6.293793671722415217e-01 -1.704483565351987195e+00 5.914163099432680148e+00
-6.184438747482145118e+02 1.247241237408421455e+01 -6.380391688098604464e-01 5.258267895765127875e+00 7.613293947721022192e+00
-6.174438442287737416e+02 1.464533424908223758e+01 1.546216324375207130e+01 -1.180271189655026731e+01 5.668373511902854212e+00
-6.164438137093329715e+02 1.271658921421532717e+01 1.825334792833541542e+01 -2.487819756068354149e+00 5.668373511902854212e+00
-6.154437831898919740e+02 2.140840934693860120e+01 5.487349130038611911e+00 -2.749500381560531004e+00 8.105541756044312152e+00
-6.144437526704509764e+02 2.043077355736110334e+01 1.368092638237585845e+01 -8.716699913855130433e+00 9.803602791111632797e+00
-6.134437221510102063e+02 1.247241237408421455e+01 2.541044411607363074e+01 -2.836506288156370914e+01 1.298068060423953263e+01
-6.124436916315694361e+02 1.054419787010263043e+01 9.051226728007268463e+00 -1.488588106962909308e+01 1.662259226190534278e+01
-6.114436611121284386e+02 1.608373611286759441e+01 -5.753339256935179336e+00 6.040466962636093839e+00 2.100427976190447410e+01
-6.104436305926874411e+02 3.780724874082854736e+00 8.874116300362591137e-01 -6.128321755091202583e+00 1.637559913450171933e+01
-6.094436000732466709e+02 5.953646749083966405e+00 3.187380380037435845e+00 -2.111632477270052277e+01 1.418462165785123297e+01
-6.084435695538059008e+02 -8.103567778183951020e-01 3.706533431217270635e+00 -1.645880763221805765e+01 1.029732159261332924e+01
-6.074435390343649033e+02 -3.228781820162706762e+00 1.238725538003560445e+01 -8.946683212089800108e+00 1.174611614718349806e+01
-6.064435085149239058e+02 -9.256806375914552021e+00 7.007745978139841903e+00 7.354555709356469073e+00 8.601801363947078727e+00
-6.054434779954831356e+02 -1.142972825091257683e+01 -3.972523558118151055e+00 1.820868711843695564e+01 1.612726874057246818e+01
-6.044434474760423655e+02 -9.502574808702688003e+00 -7.792187218617270261e+00 1.069585199590241764e+01 1.199310927458747322e+01
-6.034434169566013679e+02 -1.311084799489393760e+01 3.447658843231064196e+00 5.902323596950973528e-01 2.981671333961458448e+00
-6.024433864371603704e+02 -6.591817104452953657e+00 2.666542678607932260e+00 -1.619428419710072475e+01 -2.846938547470405645e+00
-6.014433559177196003e+02 6.199813080036853385e+00 -1.412557119964917396e+00 -4.550562416140473410e+00 1.534882679183612542e+00
-6.004433253982788301e+02 1.115205071737557896e+00 -3.712525869966094128e+00 1.379964872053071057e+00 8.107547655833229783e+00
-5.994432948788378326e+02 -4.664531029520042615e+00 -1.673397133240577705e+00 -1.232834739523477197e+01 1.029852513248747847e+01
-5.984432643593968351e+02 4.273853332318128473e+00 -1.061243211996308666e+01 -8.942845419101580262e+00 1.174370906743520315e+01
-5.974432338399560649e+02 8.373265485923289120e+00 -8.573584158279141221e+00 4.236562118436425273e+00 3.228798188017563131e+00
-5.964432033205152948e+02 1.197875338496559294e+01 -7.528679842453619209e+00 -6.853363166774871784e-01 1.784416612986019279e+00
-5.954431728010742972e+02 3.780724874082854736e+00 8.874116300362591137e-01 2.966536920824711654e+00 1.492974656628965491e+01
-5.944431422816332997e+02 5.706551989080655751e+00 -1.674099070844474735e+00 1.587999961843576280e+01 1.612432675421366213e+01
-5.934431117621925296e+02 -2.738040750917392518e+00 -1.150874781565282445e+00 1.535009990531873214e+01 1.005006101190509504e+01
-5.924430812427517594e+02 2.597243100862031362e+00 -1.674379845884629958e+00 4.501654115475584916e+00 1.224090476190621679e+01
-5.914430507233107619e+02 1.899117799908446003e+01 -3.450562756525257679e+00 1.408178039347885679e+01 9.800527078101692879e+00
-5.904430202038697644e+02 1.849592741730684153e+01 1.411618631959806525e+00 1.455311822842886826e+01 2.978194440992142145e+00
-5.894429896844289942e+02 1.005173257547627941e+01 1.468722413003678184e+01 -5.078187881561722072e+00 -6.543563509856222815e-01
-5.884429591649882241e+02 5.953646749083966405e+00 9.562518078030569413e+00 -1.551523225999204281e-01 -9.041577380942813491e-01
-5.874429286455472266e+02 8.374591813137826080e+00 6.537447784127925487e+00 -5.609793280453897246e+00 1.286686011906839289e+00
-5.864428981261062290e+02 2.215672316118350693e+01 3.648693772728821116e+00 5.566286318066357097e+00 7.862808777727581244e-01
-5.854428676066654589e+02 2.476507826059831174e+01 -6.735630738579284404e+00 -4.869082052229836144e-01 -7.476688988097643929e+00
-5.844428370872246887e+02 1.222399128686805803e+01 1.107252624961376242e+01 -2.237654227712975441e+01 -4.784905197353923612e+00
-5.834428065677836912e+02 7.132353744331744849e+00 -7.260118515540092687e+00 -7.939617904300048323e+00 -9.041577380942813491e-01
-5.824427760483426937e+02 -7.083884500916528104e+00 6.734411475530207802e+00 -2.946080666765500844e+00 1.537423485584034522e+00
-5.814427455289019235e+02 -7.581522471678691311e+00 -1.468563564266885990e+01 2.798553582212364788e+01 7.859217261903975071e+00
-5.804427150094611534e+02 -1.502871714660860647e+01 1.061430138237116338e+01 -1.878351519875125675e+01 5.919378438884664639e+00
-5.794426844900201559e+02 2.105971500732668478e+00 9.646833897250135792e-02 1.229038391160598387e+01 7.608078608269038590e+00
-5.784426539705791583e+02 6.202863632629974866e+00 -8.849808175465818660e-01 7.825609263340141730e+00 3.226257381617140929e+00
-5.774426234511383882e+02 1.272176189035079297e+01 2.131666225120828706e+00 1.049728174396458513e+01 3.980341975784873920e+00
-5.764425929316976180e+02 9.800526201107741642e+00 1.718564375302712721e-01 1.042052588423262094e+01 1.055314067908938114e+01
-5.754425624122566205e+02 3.531110092373084264e+00 6.730480624955109015e+00 2.107239138887068464e+01 1.856176245165826089e+01
-5.744425318928156230e+02 1.358055584650415204e+00 -9.080861350744100224e-02 9.081420412854031454e+00 1.173729018810906943e+01
-5.734425013733748528e+02 -2.488160703762052339e+00 2.158713038003704199e+01 -1.591824738302614684e+01 3.225588748354501156e+00
-5.724424708539340827e+02 6.703684788704205921e+00 5.410756167213055523e-01 1.596272537836635763e+01 3.729604502107321640e+00
-5.714424403344930852e+02 1.464533424908223758e+01 -2.361793202840543771e+01 3.522972543559527026e+01 5.416165045047253379e+00
-5.704424098150520877e+02 9.548656663131385613e+00 -7.782640867217609504e+00 8.349982679512418793e-01 2.972845374886677217e+00
-5.694423792956113175e+02 -2.988451328955318509e+00 -6.807649536645400623e+00 -4.004742969152593979e+00 -5.033369317935308729e+00
-5.684423487761705474e+02 -2.487497540155454878e+00 -1.751233836996008009e+01 1.381981548702033535e+01 -2.842391841282057907e+00
-5.674423182567295498e+02 1.607802999081743067e+00 -1.185107121422074172e+01 5.490667582180978279e+00 3.477529761904846861e+00
-5.664422877372885523e+02 6.455263701490029149e+00 -4.508944274331574853e+00 -1.520252320171644467e-01 3.730406862024083114e+00
-5.654422572178477822e+02 1.004854939016223447e+01 -7.250010614059742231e+00 5.312281278541335361e+00 5.415362685131488441e+00
-5.644422266984070120e+02 5.702573007439085906e+00 5.753102706534765076e+00 1.686332746590381859e+01 1.539830565330334800e+00
-5.634421961789660145e+02 1.859009373448536007e+00 1.265314934405325964e+01 -1.233346445255028279e+01 5.668373511902854212e+00
-5.624421656595250170e+02 8.377907631173783898e+00 1.158915232541964713e+01 -1.941431747154787057e+00 1.081029703209505577e+01
-5.614421351400842468e+02 1.004801885927656002e+01 -1.678731859023773421e+00 3.967063766486155441e+00 1.611550079514123368e+01
-5.604421046206434767e+02 6.013859089633273314e-01 -8.799268668070497901e-01 -3.828062351285977272e+00 4.907335131803229444e+00
-5.594420741012024791e+02 -6.580410690408863061e+00 3.545006018361443467e-01 -1.358358998282683672e+01 4.238969321966961523e+00
-5.584420435817614816e+02 2.363411613007613266e+00 -1.145961218343736432e+00 -4.808263108168348232e+00 1.300274550192770917e+01
-5.574420130623207115e+02 1.247241237408421455e+01 3.720852958319574189e+00 -6.908797954364794824e-01 2.268696223192045736e+01
-5.564419825428799413e+02 1.247241237408421455e+01 7.787317880036519924e+00 -2.749500381560531004e+00 1.417753414526246125e+01
-5.554419520234389438e+02 7.874301187946937119e+00 1.062132075839934942e+01 2.178225813274345946e+00 1.030440910520309750e+01
-5.544419215039979463e+02 3.780724874082854736e+00 2.442141403344500716e+01 -3.560980387516565759e+00 1.713155590180723920e+01
-5.534418909845571761e+02 8.126568624085077630e+00 2.281790777314395413e+01 -3.454375026776838720e+00 2.049504866869831687e+01
-5.524418604651164060e+02 1.607802999084830819e+00 5.219910903291984816e+00 2.367839496727149751e+01 1.173140621539543993e+01
-5.514418299456754085e+02 6.459242683131239282e+00 2.919801765772572999e+00 2.671067784815508972e+01 3.222646761996694753e+00
-5.504417994262344109e+02 1.247241237408421455e+01 3.722818383609027837e+00 7.809689529469672209e+00 1.031669285345199416e+00
-5.494417689067936408e+02 7.114315694216096553e+00 9.819427240728746398e+00 -1.260665845700619947e+01 -2.839851034881632152e+00
-5.484417383873528706e+02 -4.657766760728198285e+00 2.919380603211293668e+00 -9.464216703361541860e+00 1.797254371638275172e+00
-5.474417078679118731e+02 1.354474501172612699e+00 3.511313013421094587e-01 -6.863898744195140900e+00 1.443174851190422459e+01
-5.464416773484708756e+02 -2.738040750914304766e+00 -8.044182818093903009e+00 1.636244159270024534e+00 4.901718612389878160e+00
-5.454416468290301054e+02 -5.164556389267743519e+00 -3.444104930577627233e+00 -8.222193180500683596e+00 -6.484723782700007044e-01
-5.444416163095893353e+02 -6.576431708770384965e+00 6.024471783852050955e+00 -1.617779590130843204e+01 3.733348848380892981e+00
-5.434415857901483378e+02 4.034583902878019046e+00 1.035598834446409633e+01 -1.661272859132128410e+00 5.668373511902854212e+00
-5.424415552707073402e+02 3.272741551049060948e+00 7.249633676135318616e+00 1.355131211843788108e+01 5.184263925561035657e-01
-5.414415247512665701e+02 -5.651188759162808495e-01 2.649415401095697398e+00 8.893937118438808298e+00 -7.476688988097643929e+00
-5.404414942318257999e+02 1.862059926043396096e+00 -3.443402992975146848e+00 1.067765801433909090e+01 -7.220334995010722068e+00
-5.394414637123848024e+02 1.353413439401265572e+00 8.874116300362591137e-01 -1.481874390306783806e-01 2.056149171123503372e+00
-5.384414331929438049e+02 -5.929051395526061086e+00 8.874116300362591137e-01 6.565249618437616341e+00 9.793439565511922851e+00
-5.374414026735030347e+02 -1.501160752554413236e+01 1.156955669589531110e+00 6.292339894943673073e+00 3.220774588859908860e+00
-5.364413721540622646e+02 -4.910962625915416879e+00 7.787317880036519924e+00 -6.938647455366607764e-01 -1.417935537489146247e+00
-5.354413416346212671e+02 -9.511726466480704190e+00 5.487349130038611911e+00 -5.624575890473553663e+00 -2.323933609044092741e+00
-5.344413111151802696e+02 -6.318726331048887701e+00 5.487349130038611911e+00 -9.188890591689240495e+00 5.668373511902854212e+00
-5.334412805957394994e+02 1.607802999081743067e+00 5.217243540402938251e+00 -3.022978666978419771e+00 5.668373511902854212e+00
-5.324412500762987293e+02 1.863120987812018070e+00 8.874116300362591137e-01 -7.680495807461259261e+00 5.153525899287333623e+00
-5.314412195568577317e+02 3.780724874082854736e+00 -1.412557119964917396e+00 -1.206425038156529617e+01 -2.837443955134332896e+00
-5.304411890374167342e+02 1.352219744910730714e+00 4.810540893224663606e+00 -2.124155053645541358e+01 1.286686011906839289e+00
-5.294411585179759641e+02 -5.368710212623132444e-02 1.942179326229357983e+01 -3.178851636612168008e+01 4.251004720703454254e+00
-5.284411279985351939e+02 7.870720104469128842e+00 -9.800009538249005558e+00 1.245455616714910363e+01 1.417378979898888325e+01
-5.274410974790941964e+02 6.721590206097188158e+00 1.522911995955495534e+01 -1.411860675325937109e+01 9.533876132762301836e+00
-5.264410669596531989e+02 1.847895042896527684e+01 1.560850566355792779e+00 9.442883656009064097e+00 3.477529761904846861e+00
-5.254410364402124287e+02 3.011985620744209502e+00 -5.641367096328860770e-02 -3.024115790829620121e+00 1.028326119030003483e+00
-5.244410059207716586e+02 -7.340263551415063148e+00 1.287796838791420706e+00 7.389522267675936895e+00 -6.456641185653158033e-01
-5.234409754013306610e+02 -7.083884500916528104e+00 -2.414073515512193069e+01 1.272661304775501279e+01 1.286686011906839289e+00
-5.224409448818896635e+02 -6.827240184971079096e+00 -1.521236961996217119e+01 7.390375110565033268e+00 1.545447084741689014e+00
-5.214409143624488934e+02 2.121356896417212479e+00 -2.211227586996243133e+01 1.998700667605577408e+01 5.668373511902854212e+00
-5.204408838430081232e+02 8.370742549233021190e-01 -7.496671487753801877e+00 -1.454867698924657005e-01 2.959472709626261633e+00
-5.194408533235671257e+02 -9.770890804132607244e+00 -6.012494619964002140e+00 1.382678037058918719e+01 -3.095001488095402209e+00
-5.184408228041261282e+02 -1.334547527908256548e+01 -3.440314467520886321e+00 1.355131211843788108e+01 -5.026549258650795160e+00
-5.174407922846853580e+02 -4.139040187260004444e+00 -2.229612489860385960e+00 2.341756718466297826e+01 3.477529761904846861e+00
-5.164407617652445879e+02 1.092922774536164265e+00 -1.805080627566059359e+00 1.217183875046471186e+01 7.675591464068640679e-01
-5.154407312458035904e+02 2.075993590680078604e-01 1.047882742499424147e+01 1.027412118881293601e+01 -9.667532738095651723e+00
-5.144407007263625928e+02 5.695941371367168493e+00 -1.521236961996217119e+01 2.436621275476321102e+01 -5.026014352040283129e+00
-5.134406702069218227e+02 5.953646749083966405e+00 -2.620872509772461889e+00 3.407598833327274424e+00 1.806615237320094769e+00
-5.124406396874810525e+02 4.296666160400148371e+00 6.825044733335043634e-02 -2.749500381560531004e+00 3.217431422544717812e+00
-5.114406091680400550e+02 1.490343752496551666e+01 -7.766075139784519799e+00 1.323978704361389036e-01 -1.684853936134785402e+00
-5.104405786485990575e+02 1.221417646548210989e+01 1.434080635255896352e+00 5.735007068994691259e+00 -1.650042978076264788e+01
-5.094405481291582873e+02 1.029949049908618974e+01 7.787317880036519924e+00 -7.129985724601350050e+00 -1.597956446877701886e+01
-5.084405176097175172e+02 1.273091354812816789e+01 9.813671352384648827e+00 3.016001808205836188e+00 -1.159774324212301799e+01
-5.074404870902765197e+02 7.092033397017790008e+00 5.487349130038611911e+00 1.327413818051473982e+01 -4.764311292848251611e+00
-5.064404565708355221e+02 -1.003310569437862299e+01 1.320894353811572941e+01 6.287933540032564217e+00 1.025785312629577728e+00
-5.054404260513947520e+02 -1.282595290928684229e+01 1.901312518982664201e+01 1.205499927509282188e+01 -3.356035914024793065e+00
-5.044403955319539818e+02 -2.738040750914304766e+00 1.211307855230303332e+01 2.231086139970448912e+01 -7.215520835516122666e+00
-5.034403650125129843e+02 -4.651798288263877090e+00 1.698719288003469075e+01 8.616194618591325849e+00 -2.833699608860755337e+00
-5.024403344930719868e+02 -4.652493516863979994e-02 9.812829027259999393e+00 3.958677478107427206e+00 4.000400973680021011e+00
-5.014403039736312166e+02 5.175357939800099949e+00 7.787317880036519924e+00 -3.305553943182354182e+00 4.883665514286632536e+00
-5.004402734541904465e+02 -2.738040750914304766e+00 8.336794635666075592e+00 -4.800018960271811075e+00 -1.045264191567137502e+01
-4.994402429347494490e+02 -3.054240073790677190e-01 7.237560349364716039e+00 -1.425018197916167739e-01 -1.107286613056167113e+01
-4.984402124153084515e+02 -1.084773878434901251e+00 8.062337032893349686e+00 7.122156022943502585e+00 -3.095001488095402209e+00
-4.974401818958676813e+02 -4.651002491934996819e+00 1.008728663003442882e+01 1.122262461843999937e+01 -3.095001488095402209e+00
-4.964401513764269112e+02 2.151594241873812097e-01 9.811986702137444283e+00 1.122262461843999937e+01 -2.832763522292859104e+00
-4.954401208569859136e+02 1.003926509966293246e+01 7.787317880036519924e+00 8.615057494743433963e+00 1.286686011906839289e+00
-4.944400903375449161e+02 6.214004781229135688e+00 5.487349130038611911e+00 8.893937118438808298e+00 1.286686011906839289e+00
-4.934400598181041460e+02 1.516631557881714265e+01 5.487349130038611911e+00 6.286085713780270368e+00 1.811964303428314826e+00
-4.924400292986633758e+02 2.090347657649855506e+01 7.787317880036519924e+00 4.236562118436425273e+00 9.261742394666308442e+00
-4.914399987792223783e+02 1.195090051346672233e+01 1.091529222654001252e+01 -3.867293124040322105e+00 -3.357908087161582067e+00
-4.904399682597813808e+02 5.692758186053123559e+00 1.901101937701710654e+01 -1.122547940325987881e+01 -4.759764586657911245e+00
-4.894399377403406106e+02 1.868824194833511143e+00 1.155840745840968609e+01 2.747072018182020514e+00 1.023511959535404081e+00
-4.884399072208998405e+02 5.953646749083966405e+00 6.040195186159313501e+00 3.396938297254886052e+00 4.004145319951602389e+00
-4.874398767014588429e+02 5.953646749083966405e+00 7.787317880036519924e+00 -3.309533876647059891e+00 7.598030005507185880e-01
-4.864398461820178454e+02 5.953646749083966405e+00 9.810582826930392741e+00 -1.150393260551573427e+01 -2.831426255765585154e+00
-4.854398156625770753e+02 5.692095022446523878e+00 2.910536189412929353e+00 2.468476675448619595e+00 -1.431575656058174273e+00
-4.844397851431363051e+02 1.607802999081743067e+00 3.334424737474844802e-01 8.893937118438808298e+00 -7.476688988097643929e+00
-4.834397546236953076e+02 1.869619991162022599e+00 -6.012494619964002140e+00 9.174522427906017796e+00 -7.740665400384470374e+00
-4.824397241042543101e+02 3.518775249280662543e+00 -5.735229266777564838e+00 8.613209668490080517e+00 -1.185837648809365774e+01
-4.814396935848135399e+02 2.131967514127976138e+00 4.019597602154500571e+00 -1.263421652849799015e+00 -4.228869775724331426e+00
-4.804396630653727698e+02 1.082392027957389935e+01 3.822072360674606095e+00 -2.187476919744959059e+00 7.859217261903975071e+00
-4.794396325459317723e+02 1.655590860111739460e+01 -1.640159230696842840e+01 -4.717577481300733844e+00 7.576633741086759022e-01
-4.784396020264907747e+02 1.003701034339560927e+01 -5.017228863091213187e-01 -1.800344823909338032e+01 -3.748676469929797528e-01
-4.774395715070500046e+02 1.299763795090142260e+01 -2.615627878838328613e+01 1.800443124725827460e+01 8.123996034106944819e+00
-4.764395409876092344e+02 1.411984340682626815e+01 -3.001264067277548131e-01 -2.342610758872814003e+01 7.594304763048876694e+00
-4.754395104681682369e+02 1.760689028564094727e+01 -2.247301317452792713e+00 5.645174285011533399e+00 8.124263487412198614e+00
-4.744394799487272394e+02 1.576621337779264742e+01 7.157679850147641076e+00 -3.595094102949983217e+00 1.005006101190509504e+01
-4.734394494292864692e+02 5.953646749083966405e+00 1.357310876655031961e+01 7.975283189822187424e+00 5.137746154279385635e+00
-4.724394189098456991e+02 2.990897018037059318e+00 2.594582503850430544e-01 1.362280878038002285e+01 1.021238606441230212e+00
-4.714393883904047016e+02 -7.083884500916528104e+00 3.482932364821213156e+01 -2.053212739584670388e+01 -5.817007502333615854e+00
-4.704393578709637040e+02 2.398426651462101766e+00 8.692536612867897361e+00 5.083861525601022890e+00 -6.679544411779325230e+00
-4.694393273515229339e+02 8.126568624085077630e+00 -5.752859471029628802e-01 8.328786566036766814e+00 4.275075518176440603e+00
-4.684392968320821637e+02 1.343996516183766810e+00 1.524568568698517090e+01 -5.926340131609062034e+00 1.224090476190621679e+01
-4.674392663126411662e+02 4.308603105328808525e+00 1.384911063205122339e+01 -9.169843767238118559e+00 1.170867268444772336e+01
-4.664392357932001687e+02 1.003541875074130196e+01 2.628357273004551686e+00 2.756879711371667874e+00 3.477529761904846861e+00
-4.654392052737593986e+02 5.425237986952714309e+00 4.865292026252490132e+00 8.327649442188876705e+00 5.668373511902854212e+00
-4.644391747543186284e+02 2.278921654435590027e-01 1.816799231581027030e+01 4.803134075647270684e+00 6.201407949276116049e+00
-4.634391442348776309e+02 1.517427354210225232e+01 7.787317880036519924e+00 9.177365237525343389e+00 1.688924320724472494e+01
-4.624391137154366334e+02 1.602444928639203425e+01 6.607641544433194625e+00 1.446214832059429689e+01 1.881343601190335235e+01
-4.614390831959958632e+02 4.310194697985455292e+00 2.876725012115622704e+01 -1.263167518165940706e+01 1.389791171461457608e+01
-4.604390526765550931e+02 1.734799121342817685e+01 2.248532973684401526e+01 -1.092883221944531869e+01 9.783008886607952093e+00
-4.594390221571140955e+02 1.846117764429581243e+01 2.906886113877311661e+00 5.997256256416251041e+00 3.210343909954957997e+00
-4.584389916376730980e+02 1.220727956396835268e+01 8.909856494761109857e+00 -9.451424060071703437e+00 8.928495576319903648e+00
-4.574389611182323279e+02 1.109528682759730067e+01 1.642564279763530877e+01 1.477490423826622601e-01 1.582023234613915363e+01
-4.564389305987915577e+02 2.333702174908668425e+01 6.944571593872711723e+00 9.178360220892122001e+00 1.005006101190509504e+01
-4.554389000793505602e+02 1.628719470752643872e+01 1.168467446278785404e+00 1.065349413257033717e+01 7.591496503343575064e+00
-4.544388695599095627e+02 1.220674903308267822e+01 6.612133945089543552e+00 -8.830412298643835811e+00 1.286686011906839289e+00
-4.534388390404687925e+02 8.126568624085077630e+00 1.558050992361972042e+01 -6.887067642597692441e+00 2.090650647504562532e+00
-4.524388085210280224e+02 1.003356189264242815e+01 -2.305140975947467474e+00 1.825744130341796989e+01 1.662259226190534278e+01
-4.514387780015870248e+02 3.514663634917180701e+00 2.646868524636392195e+01 -1.558109016212966935e+01 1.934994734224866519e+01
-4.504387474821460273e+02 5.953646749083966405e+00 1.412370862234507740e+01 1.065207272775651148e+01 2.019911158643160576e+01
-4.494387169627052572e+02 3.780724874082854736e+00 8.959694064573575645e+00 7.208594617195357435e-01 1.031858413038164102e+01
-4.484386864432644870e+02 6.220105886413402452e+00 -2.866410283307871065e+00 1.269463143953466933e+01 1.197224791677754041e+01
-4.474386559238234895e+02 7.859976854033730476e+00 1.783372962925628258e+01 -6.506699715477828327e+00 7.321636118340754784e+00
-4.464386254043824920e+02 6.487095554630489147e+00 1.759324580646593716e+01 -2.023562235250689767e+01 -1.173082036529208727e+00
-4.454385948849417218e+02 1.220555533859002928e+01 -8.594923061413311416e+00 4.808535413928716196e+00 -3.364059513182458883e+00
-4.444385643655009517e+02 5.686657080868855907e+00 -2.582125554089186092e+00 -1.279199246237696874e+00 -7.476688988097643929e+00
-4.434385338460599542e+02 7.022135952831678019e+00 1.295273631301507322e+01 7.242708332636142998e-01 -5.016519759704210379e+00
-4.424385033266189566e+02 2.116409987408557214e+01 1.383858156800461003e+01 8.034697910874664117e+00 1.556145216949164301e+00
-4.414384728071781865e+02 1.628348099132400861e+01 1.065332911309916675e+01 -1.088178372023494944e+01 -9.041577380942813491e-01
-4.404384422877374163e+02 8.126568624085077630e+00 1.125460886383195458e+01 -1.819022083111536858e+01 1.556412670256153596e+00
-4.394384117682964188e+02 1.056714333090850566e+01 -6.295796636535736290e+00 1.013384571589601935e+00 5.668373511902854212e+00
-4.384383812488554213e+02 1.247241237408421455e+01 -2.862198657683446612e+00 1.211640396287805110e+01 5.398379400247288018e+00
-4.374383507294146511e+02 1.491325234634777175e+01 1.582155529648932735e+01 -1.787012046793430642e+01 1.556813850214534556e+00
-4.364383202099738810e+02 1.899117799908446003e+01 1.815226891350300775e+01 -2.022993673327168196e+01 6.208896641823271167e+00
-4.354382896905328835e+02 1.681825612408334791e+01 3.582093007304384957e-02 -2.174684276455130849e+00 1.142971888706659733e+01
-4.344382591710918859e+02 1.708657211951363308e+01 -8.028459415786651121e+00 -1.283463460670464462e+00 4.289116816703843149e+00
-4.334382286516511158e+02 2.604684088038674616e+01 -3.996670211661430550e+00 -8.584793547498385635e+00 1.389042302207015744e+01
-4.324381981322103456e+02 2.714570297734193716e+01 -5.443925161532768620e+00 4.687022484544172141e-01 5.668373511902854212e+00
-4.314381676127693481e+02 2.062667208689748222e+01 8.874116300362591137e-01 -1.672162538156106137e+01 2.664739167233694861e+00
-4.304381370933283506e+02 1.464533424908223758e+01 -2.266253632738710166e+00 -1.062365660676270451e+01 -8.018816837851201029e+00
-4.294381065738875805e+02 1.464533424908223758e+01 -1.492766372818402765e+01 3.660040327555879269e+00 -1.596886633656679955e+01
-4.284380760544468103e+02 1.437622245732481119e+01 -1.004273956136704804e+01 -7.097009133007444071e+00 -1.185837648809365774e+01
-4.274380455350058128e+02 8.126568624085077630e+00 1.352720204731257958e+01 -4.932325038156449892e+01 -1.185837648809365774e+01
-4.264380150155648153e+02 1.491471130628657527e+01 -1.963858913363941694e+00 -1.092869007895721722e+01 -9.395933906608554764e+00
-4.254379844961240451e+02 1.410631486923750444e+01 -1.781543502694151115e+01 8.911988959522542331e+00 -5.285845238096523069e+00
-4.244379539766832750e+02 6.223289071727448274e+00 7.216502221275272078e+00 -1.498779579449259636e+01 -7.204822703305901577e+00
-4.234379234572422774e+02 1.220263741871882068e+01 -7.741366936161683476e+00 6.870140950154863368e+00 -6.321577266494137204e-01
-4.224378929378012799e+02 3.240909697908624043e+00 7.501629275613649561e+00 -1.760403348752350539e+01 3.749663500002453187e+00
-4.214378624183605098e+02 1.877843219892678661e+00 -1.412557119964917396e+00 9.762131176300199442e+00 4.698836176537434794e-01
-4.204378318989197396e+02 4.050897727612010613e+00 6.345257268424017383e+00 7.735776479361024194e+00 -9.939933929497517084e+00
-4.194378013794787421e+02 8.396874110336145947e+00 1.411500459606888747e+01 5.684973619690625313e+00 -1.158584157003866721e+01
-4.184377708600377446e+02 1.274285049305681028e+01 8.359818189046661630e+00 2.461510073697392187e+01 -5.013176593388018354e+00
-4.174377403405969744e+02 1.654768537238982873e+01 1.727358342206331088e+01 4.580417123773881660e-01 -3.095001488095402209e+00
-4.164377098211562043e+02 8.126568624085077630e+00 1.871409977094827681e+01 -5.666223051407103029e+00 -2.822065390082638459e+00
-4.154376793017152067e+02 1.274324839122057185e+01 2.327366428834916068e+00 2.315631298061031984e+01 -1.177227562760171153e+00
-4.144376487822742092e+02 1.220144372422594259e+01 1.461035039211612041e+00 9.770659605158504846e+00 -3.095001488095402209e+00
-4.134376182628334391e+02 5.682545466504386411e+00 1.324811165636172916e+01 -5.368723024697975355e+00 -2.821664210124256833e+00
-4.124375877433926689e+02 8.940270369986206944e+00 1.928716163003913309e+01 -4.206156030711976967e+00 -1.177628742717556243e+00
-4.114375572239516714e+02 1.926254454710687725e+01 1.382552552859032247e+01 1.209508289073098197e+01 -7.750293719370931811e+00
-4.104375267045106739e+02 1.817668045685185518e+01 3.474753634707106187e+00 1.762676398927787602e+01 -7.202950530168116927e+00
-4.094374961850699037e+02 1.057112231255105783e+01 7.787317880036519924e+00 1.064041720831959381e+01 -5.833589607259446197e+00
-4.084374656656291336e+02 1.464533424908223758e+01 1.037494065974466295e+01 5.110299655058006429e+00 -1.185837648809365774e+01
-4.074374351461883634e+02 1.192861821627039198e+01 2.187492479726735439e+01 1.587999961843576990e+01 -9.393393100210124302e+00
-4.064374046267471385e+02 5.681617037453961849e+00 2.187506518478911488e+01 1.151415474494039159e+01 -7.202415623557605784e+00
-4.054373741073063684e+02 4.052887218433783190e+00 1.583489211094526894e+01 2.839845391939045882e+01 1.561093103095893442e+00
-4.044373435878655982e+02 8.398863601156930869e+00 7.787317880036519924e+00 3.392587080350946138e+01 -1.453239373782875488e+00
-4.034373130684243733e+02 1.029949049908618974e+01 1.095235453198170639e+01 1.674890437870187299e+01 -7.202014443599225046e+00
-4.024372825489836032e+02 1.519045473411629565e+01 1.612170381553371712e+01 4.820759495291712327e+00 -5.560653509247071469e+00
-4.014372520295428330e+02 1.899117799908446003e+01 7.787317880036519924e+00 6.273008789529525231e+00 -7.201746990294965123e+00
-4.004372215101020629e+02 1.599977960021115386e+01 5.487349130038611911e+00 1.151500758782525047e+01 -3.540062891850562776e-01
-3.994371909906612927e+02 8.399526764763530551e+00 7.498400362641403305e+00 8.601412008569802481e+00 3.202320310798300262e+00
-3.984371604712200678e+02 1.002639972568483806e+01 1.465527439870422333e+00 3.651227617733674879e+00 1.011342834145779523e+00
-3.974371299517792977e+02 5.680423342961688604e+00 1.008728663003442882e+01 1.907874618438549108e+00 -8.303119701333706359e+00
-3.964370994323385275e+02 -5.651188759162808495e-01 1.526590148995166629e+01 -7.699826912875407992e+00 -1.651567461916121715e+01
-3.954370689128973027e+02 4.054213545648956973e+00 1.352930786011874531e+01 -7.406875381562906924e+00 -1.787941902265813710e+01
-3.944370383934565325e+02 8.673811232658744430e+00 2.897760925037745849e+00 -4.491716257011068691e+00 -4.458210984979088742e+00
-3.934370078740157624e+02 1.464533424908223758e+01 7.225908185153124386e+00 -3.336256287075394678e+00 -1.456181360141682424e+00
-3.924369773545749922e+02 1.464533424908223758e+01 2.589716764999669607e+01 4.597473981462781856e-01 -5.009699700420692459e+00
-3.914369468351342221e+02 1.464533424908223758e+01 1.841703977735977915e+01 7.152574085871011178e+00 -3.095001488095402209e+00
-3.904369163156929972e+02 9.751186828738088508e+00 3.070496198720745196e-01 1.791488274423790017e+01 -5.562258229078604899e+00
-3.894368857962522270e+02 6.227931216977593110e+00 1.468054415240599209e+00 6.271303103757688291e+00 -5.009298520462310833e+00
-3.884368552768114569e+02 5.953646749083966405e+00 1.325864072040520369e+01 3.648384808116066136e+00 -2.818321043809060900e+00
-3.874368247573702320e+02 1.029949049908618974e+01 1.439662196239236458e+01 -4.208128815626422381e-01 7.330576700259127110e-01
-3.864367942379294618e+02 5.404282016967214552e+00 1.928716163003586459e+01 -9.735562881560788639e+00 -4.731949442911336234e+00
-3.854367637184886917e+02 2.432247995419253961e+00 3.742051473928734495e+00 5.414622424854425020e+00 6.222536760395018796e+00
-3.844367331990479215e+02 1.219746474258437985e+01 -1.262137753975961196e+01 1.266734046718529605e+01 1.251812011280306969e+01
-3.834367026796071514e+02 2.955484081422885101e+00 -1.121393402237334636e+00 -5.372987239129400905e+00 1.443174851190733676e+01
-3.824366721601659265e+02 -2.462827853970645631e+00 -8.603767475211663296e+00 5.121386612581429354e+00 1.498671412031314887e+01
-3.814366416407251563e+02 6.779683338078499766e+00 -3.129636884429289001e+00 5.975082341381971140e+00 2.319512351190559230e+01
-3.804366111212843862e+02 1.436985608669673020e+01 1.470581390609950967e+00 1.907874618435239977e+00 2.017102898938277633e+01
-3.794365806018431613e+02 1.002387970397738925e+01 1.008728663003442882e+01 -4.208128815626422381e-01 1.005006101190509504e+01
-3.784365500824023911e+02 5.953646749083966405e+00 1.326285234602308982e+01 1.316854498493030157e+00 4.834320379465517625e+00
-3.774365195629616210e+02 5.953646749083966405e+00 2.129512433718807785e+01 -7.111223181111135716e+00 -3.095001488095402209e+00
-3.764364890435208508e+02 1.057549919235467506e+01 1.410293126929787100e+01 2.203668959370357339e+00 -5.285845238096523069e+00
-3.754364585240800807e+02 1.302469502606881768e+01 1.669490606214557005e+01 -5.078187881565025208e+00 -3.095001488095402209e+00
-3.744364280046388558e+02 2.633876550023051166e+01 -7.182203441607129868e+00 1.211086048412205685e+01 -5.285845238096523069e+00
-3.734363974851980856e+02 2.902656759977526590e+01 -1.079417533578047150e+00 1.570575257056237017e+00 -3.467850499421660238e-01
-3.724363669657573155e+02 2.116409987408557214e+01 2.183814326687604179e+01 -4.146883450146672700e+00 7.859217261903975071e+00
-3.714363364463160906e+02 8.916131214683144179e+00 5.237318955851530511e+00 1.672616190174405659e+01 3.198575964522735404e+00
-3.704363059268753204e+02 -2.184431771712551651e+00 2.212916659707441625e+01 1.067382022134989938e+01 1.565773535941079819e+00
-3.694362754074345503e+02 6.230583871405964480e+00 -4.005655012977008766e+00 2.836817799693882591e+01 3.477529761904846861e+00
-3.684362448879937801e+02 7.849498869042155214e+00 9.840204593775514041e+00 -6.859776670241592100e+00 8.138572239242872541e+00
-3.674362143685530100e+02 6.230849136847813163e+00 2.530683812587352932e+01 -1.261049625000055308e+01 1.005006101190509504e+01
-3.664361838491117851e+02 1.547733931054517420e+01 9.793736324461187692e+00 1.414574360992376789e+01 7.579594831258826382e+00
-3.654361533296710149e+02 2.060916456767023064e+01 1.326832745932494539e+01 9.438477301095886673e+00 1.088932948379653176e+01
-3.644361228102302448e+02 1.247241237408421455e+01 2.589323679941988132e+01 -8.248062748044192816e+00 1.881343601190335235e+01
-3.634360922907890199e+02 1.275014529273571107e+01 1.639924994376029233e+01 1.677292611999815719e+01 1.578252143009515152e+01
-3.624360617713482497e+02 2.144196542545799389e+01 7.199094168719116560e+00 2.459918100310014211e+01 2.637057750138267043e+00
-3.614360312519074796e+02 2.333702174908668425e+01 5.781601373214332540e+00 1.062677172214200993e+01 -5.285845238096523069e+00
-3.604360007324667095e+02 2.088596905727130348e+01 2.304202487940655075e+00 4.832699295692030717e+00 -2.814576697535483785e+00
-3.594359702130259393e+02 1.899117799908446003e+01 -1.291240086996099556e+01 2.083558534754331149e+01 -9.041577380942813491e-01
-3.584359396935847144e+02 1.653986004182525349e+01 5.250094220225374642e+00 1.235790064007413669e+01 -3.095001488095402209e+00
-3.574359091741439443e+02 1.464533424908223758e+01 2.040787520699231550e+01 2.803359648649316860e+00 -3.095001488095402209e+00
-3.564358786547031741e+02 1.709691747178329635e+01 -2.887328023868155569e+00 1.820868711843696275e+01 -5.847764632436982524e+00
-3.554358481352619492e+02 1.843359003823916709e+01 -8.546770141838875290e+00 1.325253282740377969e+01 -9.105345890446946200e+00
-3.544358176158211791e+02 9.741637272798648439e+00 1.757766279168497192e+01 1.355131211843788819e+01 -5.567072388573204300e+00
-3.534357870963804089e+02 6.511765240813356392e+00 2.359172378669157411e+01 1.182075176243047210e+01 -4.723123483838900682e+00
-3.524357565769396388e+02 1.303079613125505709e+01 1.928716163003913309e+01 1.761027569348557975e+01 1.286686011906839289e+00
-3.514357260574988686e+02 2.172274889669826337e+01 1.580456840650258066e+01 1.152197247139593905e+01 1.568314342339509393e+00
-3.504356955380576437e+02 2.495102933602621675e+01 -3.712525869962825631e+00 1.617948961187470402e+01 1.033182306899228919e+01
-3.494356650186168736e+02 2.144368965083594247e+01 -1.412557119964917396e+00 1.933884608276101247e+01 5.386477728166645385e+00
-3.484356344991761034e+02 2.333702174908668425e+01 8.971627003821197377e+00 -3.948597479162376800e+00 3.195500251513796020e+00
-3.474356039797348785e+02 2.389673183347467500e+01 1.899094396157068942e+01 -1.086458472203313796e+01 1.004522774861265511e+00
-3.464355734602941084e+02 3.230869692400008120e+01 6.305527600094754881e+00 9.794112784523719029e+00 -2.812704524397698691e+00
-3.454355429408533382e+02 3.336127020117833553e+01 -6.012494619964002140e+00 1.527959822674952051e+01 -1.469019118793947642e+00
-3.444355124214125681e+02 1.653800318372946876e+01 -3.119248207905893189e+00 1.307188945791387225e+00 -2.812437071093439656e+00
-3.434354819019717979e+02 1.625748497792796243e+01 3.780938817134523067e+00 -2.449015404756700320e+00 1.852082299211508909e+00
-3.424354513825305730e+02 1.086052691068737808e+01 7.787317880036519924e+00 1.607247501148840962e+00 7.210222712876989126e-01
-3.414354208630898029e+02 1.408403257204228787e+01 7.490257886445940372e+00 -2.147961866026385724e+00 -3.382265441739952805e-01
-3.404353903436490327e+02 5.392079806598681913e+00 4.892948367816453370e+00 9.194848516686555229e+00 5.668373511902854212e+00
-3.394353598242078078e+02 1.607802999081743067e+00 -6.012494619964002140e+00 5.059981924786475460e+00 3.760762812171442704e+00
-3.384353293047670377e+02 1.888851735768210860e+00 4.079823848493725258e+00 -1.905031288156555647e+01 1.280763831574326517e+01
-3.374352987853262675e+02 3.218362135268469704e+00 1.238725538003560445e+01 -6.502861922489648450e+00 1.824643500476204494e+01
-3.364352682658854974e+02 2.733059007597299139e+00 1.698570724067602455e+00 -7.222928417338996265e-01 1.005006101190509504e+01
-3.354352377464447272e+02 1.681825612408334791e+01 -1.521236961996217119e+01 -5.078187881561715855e+00 1.005006101190509504e+01
-3.344352072270035023e+02 1.436375498151049612e+01 -1.231631545749322676e+01 -3.051264622695242235e+00 7.575315578374739012e+00
-3.334351767075627322e+02 8.126568624085077630e+00 4.380112755056971174e+00 -4.474375118331795242e+00 7.186151915413973024e-01
-3.324351461881219620e+02 1.549086784812689821e+01 1.728551636131384228e+01 -2.749500381563833695e+00 -2.810832351261906226e+00
-3.314351156686807371e+02 2.522796645834781515e+01 1.839177002364539604e+01 2.210065281013446459e+00 1.286686011906839289e+00
-3.304350851492399670e+02 1.842695840216923031e+01 8.683130648990493583e+00 1.182729022455359313e+01 1.286686011906839289e+00
-3.294350546297991968e+02 1.029949049908618974e+01 1.698719288003795924e+01 1.760373723135915114e+01 -1.188728054886158514e+00
-3.284350241103584267e+02 1.029949049908618974e+01 1.988493169275528771e+01 -4.262585801660859985e+00 -3.347496512066722163e-01
-3.274349935909176565e+02 1.766577921394780404e+01 2.558901704227982066e+01 -1.348466020806350052e+01 8.144055032000110828e+00
-3.264349630714764317e+02 2.824814615777239979e+01 1.148975796083769474e+01 2.816578713385946120e+00 1.195593326515595756e+01
-3.254349325520356615e+02 2.655177365082856156e+01 4.888736742197387741e+00 1.152566812390264239e+01 3.477529761904846861e+00
-3.244349020325948914e+02 1.492823984386757807e+01 -8.611909951405444019e+00 1.264175518060775083e+01 7.573978311849861811e+00
-3.234348715131536665e+02 1.596914144155902804e+01 5.584076131739035276e+00 -1.155552960011982222e+01 6.239118865322842211e+00
-3.224348409937128963e+02 1.114900307977019622e+01 1.978876624114026939e+01 -6.397393685593720569e+00 4.811854301824063818e+00
-3.214348104742721262e+02 1.407872726318555046e+01 6.986687850049566606e+00 1.314749101195438996e+01 -3.095001488095402209e+00
-3.204347799548313560e+02 1.303928462542583944e+01 2.238705847242034253e+01 -7.305529218622334398e+00 -3.326100247646295860e-01
-3.194347494353905859e+02 1.351105921551797273e+01 -8.122600818790028931e-01 2.165047672504476495e+01 4.289632619526565493e-01
-3.184347189159493610e+02 -2.814174848014414088e-01 1.408664631690652769e+01 -2.141423403902832590e+00 -4.999803928125242436e+00
-3.174346883965085908e+02 8.410402647920843577e+00 -3.712525869962825631e+00 1.496745773050663786e+01 -3.095001488095402209e+00
-3.164346578770678207e+02 5.385713435970589380e+00 8.087887561642016720e+00 -1.236857315135339519e+01 -2.808692724819862097e+00
-3.154346273576265958e+02 6.805944616922330326e+00 -5.216076215600295107e+00 8.392039080080692770e+00 1.000243521977177030e+00
-3.144345968381858256e+02 1.218818045208410439e+01 -1.110729813007582223e+01 6.761687763158556130e+00 -5.858997671259698947e+00
-3.134345663187450555e+02 1.029949049908618974e+01 9.786295785867036301e+00 -5.078187881565025208e+00 -8.807402908394292851e+00
-3.124345357993042853e+02 1.247241237408421455e+01 1.359178030678961058e+01 -2.462236187671027565e+01 1.573529681792482648e+00
-3.114345052798635152e+02 1.549922370957478179e+01 1.257832279558223476e+01 -1.164763663180212028e+01 5.668373511902854212e+00
-3.104344747604222903e+02 2.522518117119852121e+01 -4.505434586314132517e+00 1.698798466772425897e+01 5.668373511902854212e+00
-3.094344442409815201e+02 1.870628291347734873e+01 1.989026641853588373e+01 -1.530889114103928428e+01 7.859217261903975071e+00
-3.084344137215407500e+02 1.624820068742767987e+01 2.068205203472656706e+01 -7.902803519725821957e+00 7.859217261903975071e+00
-3.074343832020995251e+02 1.086981120118457156e+01 4.883682791450832283e+00 1.881989118668029093e+01 7.116614056027660284e-01
-3.064343526826587549e+02 1.493062723285410165e+01 8.995212107286281622e+00 1.465702292003016360e+01 2.149624101311759183e+00
-3.054343221632179848e+02 1.899117799908446003e+01 1.638296499137270601e+01 8.094681193850727041e+00 7.571437505449030603e+00
-3.044342916437772146e+02 1.899117799908446003e+01 7.485063548184245796e+00 2.519474961843391725e+01 2.901702795691109671e+00
-3.034342611243364445e+02 1.870548711714982559e+01 8.996896757526785748e+00 1.698400473426299584e+01 -3.280633185762851789e-01
-3.024342306048952196e+02 1.029949049908310243e+01 2.388709913003495089e+01 7.177875091489754666e+00 5.668373511902854212e+00
-3.014342000854544494e+02 1.521724654383915976e+01 1.517113991354538172e+01 2.409188162646256259e+01 3.477529761904846861e+00
-3.004341695660136793e+02 2.116409987408557214e+01 -6.315310501898677487e+00 3.358970856597752430e+01 3.189081372187672514e+00
-2.994341390465724544e+02 1.624581329844186328e+01 -2.197744522677308687e+00 1.201761632858989870e+01 1.286686011906839289e+00
-2.984341085271316842e+02 1.304512046517063695e+01 1.117486875212662234e+01 5.770968610690013989e+00 -3.672433174143074019e+00
-2.974340780076909141e+02 2.333702174908668425e+01 -3.409288825468662854e+00 1.232321836271557913e+01 -1.024523187744717134e+01
-2.964340474882501439e+02 2.522332431309964562e+01 8.874116300362591137e-01 2.215040197846382952e+00 -1.156939319176867720e+01
-2.954340169688093738e+02 1.710500806778933480e+01 8.874116300362591137e-01 7.487172778111985672e+00 -9.089298692135612256e+00
-2.944339864493681489e+02 2.087721529765668649e+01 -8.052407058458371791e-01 1.759378739768904865e+01 -3.256562388259983676e-01
-2.934339559299273787e+02 1.435831703993551578e+01 1.529482131919644949e+01 5.642473615874164850e+00 5.378989035616789316e+00
-2.924339254104866086e+02 1.767970564969514413e+01 1.928716163003913309e+01 -2.441766240225872853e+00 3.767047964843041719e+00
-2.914338948910453837e+02 2.768286549908273386e+01 8.566889781927724101e+00 1.214625346388925031e+01 3.477529761904846861e+00
-2.904338643716046136e+02 2.768286549908273386e+01 -3.712525869966094128e+00 1.587999961843576990e+01 8.149002918148832819e+00
-2.894338338521638434e+02 2.247437852897755306e+01 2.104852208684771409e+00 7.661294867322069990e+00 1.282074352769978098e+01
-2.884338033327230733e+02 1.464533424908223758e+01 1.177825431567140946e+01 -1.125101783040459297e-01 2.406528284054941835e+01
-2.874337728132823031e+02 1.522096026003690383e+01 1.069656846944204709e+01 -2.749500381563833695e+00 2.699643733950264135e+01
-2.864337422938410782e+02 2.522199798588447450e+01 4.877786515586653771e+00 3.927975134214803710e+00 2.290480294905022518e+01
-2.854337117744003081e+02 1.870309972816330202e+01 7.787317880036519924e+00 1.966453678419654294e-01 1.910389030141085343e+01
-2.844336812549595379e+02 1.464533424908223758e+01 1.130753495909569573e+01 1.153149588361967659e+01 1.765108394726836494e+01
-2.834336507355183130e+02 1.435699071271766414e+01 2.358189666024849984e+01 7.966896901442588330e+00 3.186808019091509347e+00
-2.824336202160775429e+02 1.522228658725673434e+01 1.867647591542520402e+01 -2.131189289268939913e+00 -3.385856957561282243e+00
-2.814335896966367727e+02 2.116409987408557214e+01 1.965447400726868965e+00 1.215051767831566210e+01 -3.095001488095402209e+00
-2.804335591771960026e+02 1.652951468955559378e+01 -5.706870987617317148e+00 1.526111996422566719e+01 -3.386124410865541723e+00
-2.794335286577552324e+02 1.464533424908223758e+01 -3.100997830231700281e+00 8.274773183264047205e+00 -4.994588588674253593e+00
-2.784334981383140075e+02 1.218340567411304143e+01 5.793253537427544231e+00 7.184697834577537634e+00 -3.095001488095402209e+00
-2.774334676188732374e+02 5.375368083698951693e+00 1.269330017494504759e+01 1.122262461844000470e+01 -6.126336353657605427e-01
-2.764334370994324672e+02 1.607802999081743067e+00 1.208107019760608303e+01 1.153263300747043552e+01 1.578343841287075389e+00
-2.754334065799912423e+02 -8.545234740522021921e-01 7.480992310085263775e+00 1.324116158892488215e+01 5.376581955868496188e+00
-2.744333760605504722e+02 -2.755816450594352762e-01 5.793815087509945450e+00 8.273351778451006666e+00 -1.196083020781183670e+00
-2.734333455411097020e+02 2.187142726238106238e+00 4.567530095060239326e+00 4.546996928910790992e+00 -3.095001488095402209e+00
-2.724333150216689319e+02 1.305201736668201384e+01 -1.105810387452992760e+00 9.825667971302824100e+00 -3.095001488095402209e+00
-2.714332845022281617e+02 1.899117799908446003e+01 1.501185870099827513e+00 1.339424688695820898e+01 -8.645994838667279581e+00
-2.704332539827869368e+02 2.015144904605577736e+01 1.376614160737470094e+01 -1.687428425813862631e+01 -2.003683110950331425e+01
-2.694332234633461667e+02 3.796707408515749194e+01 -1.061243211996308666e+01 1.960436450124036867e+01 -7.184095072145403549e+00
-2.684331929439053965e+02 2.492927756971556263e+01 1.024578414079026523e+01 -1.129129044595702780e+01 -4.407662310291921237e+00
-2.674331624244641716e+02 1.899117799908446003e+01 2.204240710934011105e+01 -2.899174308033235281e+00 7.566355892648596537e+00
-2.664331319050234015e+02 2.116409987408557214e+01 1.070246474531040803e+01 -1.977961850771174035e+00 -1.197152834002205735e+00
-2.654331013855826313e+02 2.145483079943510418e+01 3.333243013940090371e+00 -3.520328209954208809e+00 -6.110289155342273348e-01
-2.644330708661418612e+02 2.521908006601425356e+01 -5.849504708549383203e+00 4.694965169622255630e+00 1.579948561118606376e+00
-2.634330403467010910e+02 1.652725993329196896e+01 1.959517185023550567e+01 -1.578605673571200008e+01 5.374977236038957606e+00
-2.624330098272598661e+02 2.174635752111104381e+01 1.283832048372379298e+01 5.796553897267556543e+00 1.580216014424857596e+00
-2.614329793078190960e+02 2.246323738038148576e+01 -8.312463369965177762e+00 2.022523412219195293e+01 2.890202303564134212e+00
-2.604329487883783258e+02 1.247241237408421455e+01 2.737999926590177768e+00 7.020241298076466130e+00 -5.579642693919217855e+00
-2.594329182689371009e+02 1.305546581744185808e+01 2.357852735975408720e+01 -6.469601049935662651e+00 -2.507139123141768344e+00
-2.584328877494963308e+02 2.174741858288506791e+01 1.897844947223775591e+01 4.549129036126117853e+00 3.771594671033375423e+00
-2.574328572300555606e+02 2.492635964984336283e+01 1.959601417535732537e+01 -1.046230997902484194e+00 5.374174876122196132e+00
-2.564328267106147905e+02 1.899117799908446003e+01 1.636920701435488823e+01 -7.094024182912751719e+00 9.923536494736336921e-01
-2.554327961911740204e+02 2.392113625420863698e+01 2.259980418949767866e+00 7.191236296699736741e+00 -3.152255599240291195e-01
-2.544327656717327955e+02 2.246045209322712566e+01 1.815232753687166856e+00 1.028321817959955453e+01 3.477529761904846861e+00
-2.534327351522920253e+02 1.493765676708878942e+01 1.008728663003442882e+01 -5.391465501655804182e+00 8.153950804295561738e+00
-2.524327046328512552e+02 1.681825612408334791e+01 5.177794647111845450e+00 1.146285921309196487e+00 5.078638973818953239e+00
-2.514326741134100303e+02 1.928376578253483942e+01 8.406707620928294489e+00 1.556643771737909532e+01 8.744220249000186129e+00
-2.504326435939692601e+02 2.362974216525757143e+01 1.238725538003560445e+01 2.981745952289875490e+00 1.691772698425489452e+01
-2.494326130745284900e+02 2.028554072740621805e+01 1.468722413003678184e+01 -6.779183017527283361e+00 1.603205536390156993e+01
-2.484325825550877198e+02 1.276539805569736608e+01 1.207713934702926295e+01 6.879237940936113738e+00 6.677608559287483203e+00
-2.474325520356469497e+02 2.175033650275330999e+01 1.300776822108844222e+01 1.122262461843669534e+01 -5.285845238096523069e+00
-2.464325215162057248e+02 2.550994362408470906e+01 2.096633676393986789e+01 -2.435227778102309948e+00 -4.694505980175563309e+00
-2.454324909967649546e+02 2.985578737408384598e+01 -3.275780293375585739e+00 2.475255058208988856e+01 6.259980223130765076e+00
-2.444324604773241845e+02 2.738934928658432355e+01 -6.448397871430776362e+00 2.500698204305695072e+01 5.076499347376910443e+00
-2.434324299578829596e+02 2.827016318952885499e+01 9.776468659423956709e+00 5.180659193151019970e+00 -6.080869291758410622e-01
-2.424323994384421894e+02 3.361406816820117882e+01 8.098276238167068541e+00 1.355131211843788819e+01 8.747830868616526701e+00
-2.414323689190014193e+02 2.087018576342199694e+01 4.554052893082581654e+00 2.381101203603336458e+01 2.130061802412759420e+01
-2.404323383995606491e+02 2.392511523585217859e+01 -3.090047603623802708e+00 2.531755899401176890e+01 2.011486379527914536e+01
-2.394323078801198790e+02 2.521576424797969906e+01 1.301001442142087683e+01 -1.596927581569692300e+01 7.266005830849637803e+00
-2.384322773606786541e+02 2.580425563291261426e+01 1.176421556360926246e+01 -1.715785451770996417e+01 9.899465697253376772e-01
-2.374322468412378839e+02 3.232315389063420241e+01 3.499040675770463515e+00 4.867665854016174798e+00 -4.692098900429682473e+00
-2.364322163217971138e+02 3.173413197481478321e+01 1.269905606328915404e+01 6.249555610167293551e+00 3.180522866419507988e+00
-2.354321858023558889e+02 2.768286549908273386e+01 6.227612526158817552e+00 8.578100969685909405e+00 6.856936000464655123e+00
-2.344321552829151187e+02 2.768286549908273386e+01 -7.688300453370762177e+00 4.236562118436431490e+00 1.821888731431974762e+01
-2.334321247634743486e+02 2.985578737408384598e+01 3.811824071668739045e+00 -3.697861670704836623e+00 7.561809186459832688e+00
-2.324320942440335784e+02 2.797797330423858142e+01 9.150199930027019590e+00 -8.470512600787449387e+00 5.965915313999126113e+00
-2.314320637245928083e+02 2.738762506120904661e+01 -6.637499861675615342e+00 1.185543403978570964e+01 1.005006101190509504e+01
-2.304320332051515834e+02 2.768286549908273386e+01 -8.736574069694786004e+00 9.006796660336902960e+00 1.005006101190509504e+01
-2.294320026857108132e+02 3.074230448404522065e+01 1.991272842183197511e+01 -1.873362388992493166e+01 7.859217261903975071e+00
-2.284319721662700431e+02 3.854747487408520357e+01 1.740961892952663348e+01 -5.822719720972256319e+00 9.751984303198312887e+00
-2.274319416468288182e+02 4.042462578031922504e+01 -6.325558790904080908e+00 1.058867807323841603e+01 2.881108891183460141e+00
-2.264319111273880480e+02 3.173280564759960853e+01 -3.086116753042068783e+00 -2.749500381563833695e+00 -3.095001488095402209e+00
-2.254318806079472779e+02 2.926371490567171563e+01 8.874116300362591137e-01 6.565249618437622559e+00 -5.584323126761686851e+00
-2.244318500885065077e+02 1.869500913215726356e+01 -1.412557119964917396e+00 4.553961812478597437e+00 -4.987233622779228881e+00
-2.234318195690657376e+02 2.175670287338139630e+01 4.128257543099492111e+00 4.236562118436431490e+00 -3.066670541558584873e-01
-2.224317890496245127e+02 3.044865563882589399e+01 1.207348927149260120e+01 9.846989043453955759e+00 8.456975399151065886e+00
-2.214317585301837426e+02 3.854747487408520357e+01 2.245660891845369100e+00 2.223040988746517499e+01 1.443174851190733676e+01
-2.204317280107429724e+02 3.173200985127208185e+01 1.576772979504315331e-01 4.975408338607516967e+00 1.194175823997841057e+01
-2.194316974913017475e+02 3.202870924908495454e+01 2.095875583782638429e+01 -6.134433795768614139e+00 1.005006101190509504e+01
-2.184316669718609774e+02 2.896489338431416982e+01 1.594453476453796092e+01 -1.375570492349620144e+00 1.005006101190509504e+01
-2.174316364524202072e+02 2.887125468299588604e+01 1.938585405701955011e+01 6.783719537711876413e+00 7.260121858132027484e+00
-2.164316059329794371e+02 3.548286321299196544e+01 -2.139483701638732693e+00 2.857797734687697755e+01 -3.994045773709924863e+00
-2.154315754135386669e+02 1.839645287624551884e+01 2.943128309359377681e+01 2.226553576808610657e+00 -1.185837648809365774e+01
-2.144315448940974420e+02 2.146159506822485596e+01 2.032757354520625270e+01 2.688579492072938493e+01 -6.876791224405820913e+00
-2.134315143746566719e+02 1.405007859535915671e+01 2.943212541872051702e+01 -8.363765099563092775e+00 -2.194753662605736011e+00
-2.124314838552159017e+02 2.047998029700472244e+01 2.001128046129811722e+01 1.174714017506465868e+00 1.194068842675738829e+01
-2.114314533357746768e+02 3.420163112408607020e+01 6.117969872578432167e+00 1.227432203725248350e+01 5.668373511902854212e+00
-2.104314228163339067e+02 2.708681404903014922e+01 2.253348265640723014e+01 -2.430110720783943634e+00 3.477529761904846861e+00
-2.094313922968931365e+02 2.333702174908668425e+01 2.492470329479542102e+01 6.884781419695114479e+00 5.367755996796072182e+00
-2.084313617774523664e+02 2.580823461455418055e+01 7.155854812376235330e+00 6.245575676699674617e+00 3.477529761904846861e+00
-2.074313312580115962e+02 2.798128912227354803e+01 3.503252301387880685e+00 -4.208128815626422381e-01 1.286686011906839289e+00
-2.064313007385703713e+02 3.232726550499867813e+01 4.855324512293383243e+00 7.845082509241089852e+00 6.270410902036720024e+00
-2.054312702191296012e+02 3.143133147181566400e+01 -3.712525869966094128e+00 1.788858675525552044e+01 1.005006101190509504e+01
-2.044312396996888310e+02 2.798168702043830436e+01 4.452552715684796603e+00 1.259058460745266039e+01 1.224090476190621679e+01
-2.034312091802476061e+02 3.232766340316342735e+01 1.667075940860301841e+01 2.869028550868192085e+00 7.557797386880003465e+00
-2.024311786608068360e+02 3.667363978588614515e+01 6.837596303171919132e+00 2.414816925693528304e+01 3.477529761904846861e+00
-2.014311481413660658e+02 3.547689474052355507e+01 -3.395811623490999409e+00 3.354749284312298840e+01 5.366686183575051672e+00
-2.004311176219252957e+02 2.550994362408470906e+01 1.135470516601793634e+01 4.640383224923493977e+00 6.272015621866259494e+00
-1.994310871024845255e+02 3.075424142896992308e+01 1.405323408700628107e+01 -4.757234675495418230e+00 1.224090476190621679e+01
-1.984310565830433006e+02 4.012116211371351682e+01 1.072155744810926592e+01 -8.049066074660650827e+00 7.557128753617362804e+00
-1.974310260636025305e+02 2.708336559827425916e+01 2.222168197315158622e+01 -9.093087907505440270e+00 1.284534923178058641e+01
-1.964309955441617603e+02 2.363690433221317733e+01 2.785220426188260490e+01 2.219463734564728619e-01 1.163619283872447241e+01
-1.954309650247205354e+02 3.480166155578261566e+01 1.468722413003678184e+01 8.893937118438813627e+00 8.464196638393961081e+00
-1.944309345052797653e+02 3.824732702551445840e+01 2.484019000739723282e+01 1.586210709965731436e+00 9.444814182110848222e+00
-1.934309039858389951e+02 3.480219208666897401e+01 3.245129943675986084e+01 2.873292765294606532e+00 5.668373511902854212e+00
-1.924308734663982250e+02 4.506624049908236174e+01 1.571528194339568252e+01 1.587999961843576990e+01 5.971264380104236658e+00
-1.914308429469574548e+02 4.319386437081785601e+01 2.551144136677324870e+00 1.853077744835114871e+01 1.284695395161280906e+01
-1.904308124275162299e+02 4.011903999017390987e+01 1.523928648440708633e+00 1.194014976645498649e+01 1.540995897587566965e+01
-1.894307819080754598e+02 3.914909689843945984e+01 3.187380380037435845e+00 -1.782376548929321292e+00 1.286686011906839289e+00
-1.884307513886346896e+02 4.506624049908545260e+01 5.487349130038611911e+00 1.122262461844000470e+01 -6.007319632828190814e-01
-1.874307208691934648e+02 4.536731677670618978e+01 5.487349130038611911e+00 1.122262461844000470e+01 1.065718001483712740e+01
-1.864306903497526946e+02 4.971329315942359273e+01 2.868560320752807868e+00 1.089982358611929669e+01 1.224090476190621679e+01
-1.854306598303119245e+02 5.128366458101959324e+01 -4.031486316767530553e+00 4.236562118436431490e+00 1.193707780713594069e+01
-1.844306293108711543e+02 4.911061007329798400e+01 -5.374292951314436628e+00 5.919078991874835438e+00 1.005006101190509504e+01
-1.834305987914303842e+02 4.319492543258877504e+01 8.106559101880927543e+00 -5.078187881561715855e+00 4.756090287682797069e+00
-1.824305682719891593e+02 5.466314632276660035e+01 7.148554661302913615e+00 2.877983401172054201e+00 -9.041577380942813491e-01
-1.814305377525483891e+02 5.967294947618702139e+01 5.678896331491513072e-01 1.917922232261137694e+01 -5.997958767134953240e-01
-1.804305072331076190e+02 4.820406542240699110e+01 4.785692302069640469e+00 1.426173024240884502e+01 6.886355864036764807e+00
-1.794304767136663941e+02 3.389949378469355423e+01 1.928716163003913309e+01 3.912766102748747254e+00 1.850880669721674820e+01
-1.784304461942256239e+02 3.450390109619951318e+01 1.538747708279124815e+01 3.203627243112030509e+00 1.163137867922788082e+01
-1.774304156747848538e+02 3.824507226925084780e+01 -3.072358776027073191e+00 6.949455338542080973e+00 2.867736225922685733e+00
-1.764303851553440836e+02 3.571430731186166696e+01 9.458128386112284458e-01 3.145633926860174068e+00 -3.095001488095402209e+00
-1.754303546359033135e+02 5.315259225853173319e+01 -2.313078733192540071e+01 2.958589549755579284e+01 -9.041577380942813491e-01
-1.744303241164620886e+02 3.981199524008940216e+01 -2.430507031836394827e+00 -1.135809647202590611e+01 -4.980547290146843942e+00
-1.734302935970213184e+02 3.945627428124489455e+01 2.225445088878883482e+00 -2.805645871551615933e+00 3.477529761904846861e+00
-1.724302630775805483e+02 4.723916237408347740e+01 1.208197114608249967e+00 6.240458619384162020e+00 1.286686011906839289e+00
-1.714302325581393234e+02 4.476304209792159128e+01 -1.733482992059077743e+00 1.420117839750949607e+01 3.783228889812471962e+00
-1.704302020386985532e+02 3.516122886354580146e+01 8.376945466562117915e+00 4.614797938339594729e+00 5.056707802782909766e+00
-1.694301715192577831e+02 2.859325649890253729e+01 3.474452958576938499e+01 -8.434693199576765110e+00 -5.981911568819623382e-01
-1.684301409998170129e+02 4.132758934773916337e+01 2.324440506072988910e+01 1.019537536234751229e+01 3.783630069768860515e+00
-1.674301104803762428e+02 4.971581318113172188e+01 2.190861780221105448e+01 2.421824451406125434e+01 2.865061692872125310e+00
-1.664300799609350179e+02 4.693530080931344628e+01 2.094387476064421705e+01 1.685693114425946604e+01 -5.592212999267223594e+00
-1.654300494414942477e+02 4.228533022910200145e+01 1.105259122168739516e+01 1.592818524149208592e+01 -5.592346725918917016e+00
-1.644300189220534776e+02 3.915572853450940016e+01 2.655558512161744389e+01 2.512540224548132528e+00 -1.435585545256973994e+01
-1.634299884026122527e+02 4.506624049908545970e+01 -3.390476897703859738e+00 2.756963277474974205e+01 -1.312891341470797002e+01
-1.624299578831714825e+02 4.319771071974005139e+01 1.303163409959650210e+01 -2.097075573835066820e+00 -2.903524025322942737e-01
-1.614299273637307124e+02 5.188953085245967856e+01 -7.242371064584300910e-01 2.817614620712763340e+01 8.166253656337316258e+00
-1.604298968442899422e+02 4.849811216579106343e+01 -4.451467155045108481e-01 4.606269509486766722e+00 7.552047140818504367e+00
-1.594298663248491721e+02 4.350289861172173289e+01 -4.030304593203883345e-01 1.865658895576244980e+00 8.473824957379177292e+00
-1.584298358054079472e+02 4.754408500062529441e+01 -1.162139723051893725e+01 2.421440672106985659e+01 1.662259226190534278e+01
-1.574298052859671770e+02 4.632399659629570010e+01 1.303303797480146287e+01 9.271052996326555329e-01 1.193333346086236268e+01
-1.564297747665264069e+02 3.885266276606887459e+01 6.495191140430573107e+00 1.085632859893287794e+01 1.005006101190509504e+01
-1.554297442470851820e+02 4.476091997437889347e+01 -3.389353797542322688e+00 2.221164734397286367e+01 1.005006101190509504e+01
-1.544297137276444118e+02 3.824202171665815797e+01 4.480630219812370640e+00 1.024057603530033767e+01 9.126143568898832825e+00
-1.534296832082036417e+02 4.194273990967909782e+01 1.601683433764663889e+01 1.085888712759096464e+01 -2.170682865132750106e+00
-1.524296526887628715e+02 5.593084987408484210e+01 2.402251600682510091e-01 2.952449080976310825e+01 1.035830094621158715e+01
-1.514296221693221014e+02 4.849453108231424636e+01 2.182346120052126359e+00 2.188273427097603019e+01 1.693096592286352831e+01
-1.504295916498808765e+02 4.041441306077050655e+01 1.993490965008790639e+01 3.580725939167299643e+00 2.131278714951721653e+01
-1.494295611304401064e+02 4.381166758718573107e+01 1.863913283494366624e+01 8.205550769020078405e+00 2.507732614763872903e+01
-1.484295306109993362e+02 4.879958634157191710e+01 9.763131844971290718e+00 2.453834487724011382e+01 1.631381742098878007e+01
-1.474295000915581113e+02 4.567900367203775858e+01 1.336014089780087311e+01 1.056593559627774503e+01 1.193199619433509007e+01
-1.464294695721173412e+02 5.406444221828256502e+01 2.061382369971154205e+01 1.486525872467761999e+01 7.859217261903975071e+00
-1.454294390526765710e+02 5.314463429524464289e+01 4.513621287149609529e+00 2.486612082639376098e+01 7.550041241028588423e+00
-1.444294085332358009e+02 4.010683777980538878e+01 -1.136917793701413132e-01 1.289377025339619287e+01 5.668373511902854212e+00
-1.434293780137950307e+02 3.885438699144638264e+01 1.141268521202940533e+01 1.486696441044310113e+01 2.858642813545996919e+00
-1.424293474943538058e+02 4.568032999925095083e+01 -1.737554230155973878e+00 2.952306940495218512e+01 -2.850033364271875591e-01
-1.414293169749130357e+02 5.189218350688805259e+01 2.838236616302141080e+00 1.889138784861293630e+01 6.287795366874647129e+00
-1.404292864554722655e+02 4.910477423355823845e+01 2.421237701526616348e+01 4.236562118436431490e+00 1.693243691604293133e+01
-1.394292559360310406e+02 4.910464160083268581e+01 2.028545728902398082e+01 2.566837888290441239e+00 1.662259226190534278e+01
-1.384292254165902705e+02 4.537381578005520311e+01 1.041284529030788875e+01 1.322168834302982887e+01 1.600236804701722804e+01
-1.374291948971495003e+02 4.941208424908150221e+01 1.731289192783149389e+01 1.578108702550034437e+00 1.255115059600262306e+01
-1.364291643777087302e+02 4.971992479549353305e+01 1.568383513878396407e+01 4.896378231174374207e+00 1.443174851190733676e+01
-1.354291338582679600e+02 5.189297930321557573e+01 -1.412557119964917396e+00 1.089257442159057732e+01 1.193039147450554971e+01
-1.344291033388267351e+02 5.314171637537201320e+01 9.091798721459506183e+00 3.576177443772893927e+00 7.548570247849186288e+00
-1.334290728193859650e+02 4.475800205450602220e+01 1.666093228216201894e+01 -9.047840375065129004e-02 5.046812030489458145e+00
-1.324290422999451948e+02 4.537461157638272624e+01 1.666079189464194243e+01 4.897515355022266093e+00 -5.285845238096523069e+00
-1.314290117805039699e+02 4.693065866406330855e+01 1.041382800295261468e+01 8.232699600887828595e+00 6.601518093945037080e+00
-1.304289812610631998e+02 4.258468228134280764e+01 1.271393714047386858e+01 1.577113719179760842e+00 5.046009670575809736e+00
-1.294289507416224296e+02 4.351085657500882320e+01 1.961398377799701009e+01 3.231486777383232756e+00 -1.526789032729140461e+00
-1.284289202221816595e+02 4.631245754953421567e+01 2.421406166551336980e+01 1.554895443821937562e+01 -1.029043148603432734e+01
-1.274288897027408893e+02 3.885650911498907334e+01 2.553286203403959576e+01 1.122262461844000470e+01 -1.092362718623214946e+01
-1.264288591832996644e+02 4.568457424633634645e+01 1.928716163003913309e+01 1.055996569608021574e+01 1.910119666454904941e+00
-1.254288286638588943e+02 5.189430563043074329e+01 1.895977793199838857e+01 1.907874618435239977e+00 3.165679207977349474e+00
-1.244287981444181241e+02 5.096614184594494645e+01 1.731471696559878026e+01 -3.412727865844979558e+00 5.980357792485594182e+00
-1.234287676249768992e+02 4.754872714587499871e+01 1.665952840695496562e+01 -6.743363616316611520e+00 8.483453276372360463e+00
-1.224287371055361291e+02 5.127530871957017666e+01 6.476098437624706605e+00 6.897147641541462981e+00 1.224090476190621679e+01
-1.214287065860953589e+02 4.785882244855064727e+01 -1.412557119964917396e+00 5.797139641018308476e-01 1.161613384082931155e+01
-1.204286760666545888e+02 5.624081254403957786e+01 -8.968634641251162165e+00 -1.206425038156528906e+01 3.477529761904846861e+00
-1.194286455472138186e+02 5.531065926873353078e+01 -1.028420609679978348e+01 -1.073495260338491697e+01 5.355720598060587534e+00
-1.184286150277725937e+02 4.941208424908150221e+01 -9.955699298592607605e+00 1.155509120346448171e+01 9.738993714100062649e-01
-1.174285845083318236e+02 4.910172368096246487e+01 5.589048318307089369e-01 8.561328392930571241e+00 -5.911685972394003841e+00
-1.164285539888910535e+02 4.289331862408434404e+01 -3.383878684240465784e+00 8.893937118438813627e+00 -1.217143058189475191e+01
-1.154285234694498286e+02 4.506624049908545970e+01 3.516167953285233239e+00 1.155551762490797252e+01 -1.310965677672958130e+01
-1.144284929500090584e+02 4.320407709036813060e+01 1.074514255157297882e+01 9.226972265390072536e+00 -3.095001488095402209e+00
-1.134284624305682883e+02 4.755005347308863151e+01 1.140005033517221378e+01 2.187008376816312705e+01 -2.781546214335928191e+00
-1.124284319111275181e+02 5.375792799908372643e+01 4.504215323269090021e+00 2.685224976722390622e+01 1.286686011906839289e+00
-1.114284013916867480e+02 5.469139709242429603e+01 2.355775000671011199e+01 -9.068639744778366207e+00 3.791252488968134049e+00
-1.104283708722455231e+02 6.431124837691321261e+01 1.238725538003560445e+01 6.565249618437622559e+00 3.163673308187437527e+00
-1.094283403528047529e+02 5.748092848930165388e+01 1.994642142677610863e+01 -9.075604628342631486e+00 1.600676192276377918e+00
-1.084283098333639828e+02 5.406948226169548377e+01 1.303837270058555298e+01 -6.071323422217014709e+00 5.982497418924968002e+00
-1.074282793139227579e+02 5.872714553975482232e+01 5.157438456622741363e+00 -3.742067360285999289e+00 1.005006101190509504e+01
-1.064282487944819877e+02 6.865656159602974640e+01 -5.352392498098640594e+00 1.986903007683607214e+01 1.255529612223458180e+01
-1.054282182750412176e+02 5.747986742753030143e+01 1.140805242384779028e+01 1.239245795878863410e+00 1.224090476190621679e+01
-1.044281877556004474e+02 5.127292133058518431e+01 1.632652920808948593e+01 4.905475221960339915e+00 1.474640732553951494e+01
-1.034281572361596773e+02 5.252165840273723063e+01 1.336533523606559726e+01 5.574956887399457273e+00 1.567821464105152707e+01
-1.024281267167184524e+02 6.462253737408310883e+01 -5.681882008948918816e+00 2.985212461843629939e+01 2.532750961088662489e+00
-1.014280961972776822e+02 5.996421093242224032e+01 1.273331061831757438e+01 7.538911913194313641e+00 -4.340665257323949255e+00
-1.004280656778369121e+02 6.307484614785084887e+01 3.406336933581755488e+01 -1.603508685840663262e+01 8.174410982147112037e+00
-9.942803515839568718e+01 6.648271129197821949e+01 1.139415405930711955e+01 2.387156388093672987e+01 1.005006101190509504e+01
-9.842800463895491703e+01 6.244961549908200027e+01 9.112014524425521955e+00 1.785489946125946048e+01 1.474720968545361188e+01
-9.742797411951414688e+01 6.710847247163206930e+01 2.026187218556772862e+01 -4.071833276178277394e+00 1.443174851190733676e+01
-9.642794360007337673e+01 6.959467283462244325e+01 2.524470507762153204e+00 1.789356167208539006e+01 9.418603758197800602e+00
-9.542791308063260658e+01 7.051474602310440787e+01 -3.049335222650656263e+00 2.250886308972757277e+01 8.175079615409753586e+00
-9.442788256119138168e+01 6.430912625337050770e+01 1.041902234121711324e+01 -7.406875381562906924e+00 1.005006101190509504e+01
-9.342785204175061153e+01 6.773609050938435416e+01 4.159844735236422508e+00 9.232675066440727552e-01 1.005006101190509504e+01
-9.242782152230984138e+01 7.517347036292848372e+01 -9.948399147523470987e+00 1.820868711843696275e+01 1.005006101190509504e+01
-9.142779100286861649e+01 6.616784121132951668e+01 3.851694127521390065e+00 7.548719606376663727e+00 1.005006101190509504e+01
-9.042776048342784634e+01 6.059063527568224572e+01 1.041958389129671936e+01 3.253660692419218403e+00 7.226155288363604434e+00
-8.942772996398707619e+01 6.679545924908421739e+01 1.138994243368897052e+01 1.854527577741282229e+01 -1.220822451516821339e+00
-8.842769944454630604e+01 6.182120166500529024e+01 9.450208061547806793e+00 6.536821522245530147e+00 -2.705608579453920859e-01
-8.742766892510553589e+01 5.873245084860759846e+01 2.092169353239246732e+01 -6.396256561753054015e+00 8.493081595357573121e+00
-8.642763840566431099e+01 6.462253737408310883e+01 6.788741446002912738e+00 9.904982359693081051e+00 1.443174851190733676e+01
-8.542760788622354085e+01 6.213501068388021764e+01 9.785313073224202185e+00 -3.792385090558815453e+00 1.192370514187316566e+01
-8.442757736678277070e+01 6.805440904078697884e+01 1.695518452534286880e+01 -5.013371822239463427e+00 1.005006101190509504e+01
-8.342754684734154580e+01 8.200591237408582401e+01 2.553811499570878940e+00 2.448646360167428782e+01 9.415126865226941533e+00
-8.242751632790077565e+01 7.517214403571595938e+01 2.552022715718520018e+01 -1.105149945453256777e+01 1.604286811897820630e+00
-8.142748580846000550e+01 7.734493327799350482e+01 3.187380380034167349e+00 4.876620704319809541e+00 5.350638985259743130e+00
-8.042745528901923535e+01 7.331422487408447353e+01 2.028826503943714599e+01 -1.837457703495430295e+01 5.668373511905967277e+00
-7.942742476957846520e+01 7.611794797214993480e+01 1.335185803408841210e+01 5.926612437358813601e+00 5.986375491853337394e+00
-7.842739425013724031e+01 7.702900213557346376e+01 1.209117809909374230e+01 -7.973430157012660890e-01 -2.176700564504264968e+00
-7.742736373069647016e+01 7.457688838198846781e+01 2.945051618392064796e+01 -1.469185931307912263e+01 -1.468575910460292633e+01
-7.642733321125570001e+01 9.350211876847950521e+01 9.418761256938863013e+00 6.565249618437622559e+00 -1.966654200837998800e+01
-7.542730269181447511e+01 9.907335623166541438e+01 4.190589602252432933e+00 5.535601155961014097e-01 -6.839615214976993762e+00
-7.442727217237370496e+01 9.287052174908521351e+01 1.995624855322246205e+01 -8.719400582991012172e+00 1.605356625118841141e+00
-7.342724165293293481e+01 9.287052174908521351e+01 2.518301633270066375e+01 5.592013745122534019e+00 8.178021601768559634e+00
-7.242721113349216466e+01 9.535977266466915125e+01 1.042211086666975284e+01 1.850334433552649926e+01 1.570750077797017319e+01
-7.142718061405139451e+01 9.192113672917442102e+01 2.719196175249532388e+01 -1.308169194445917860e+01 2.004706438239885102e+01
-7.042715009461016962e+01 7.983299049908471545e+01 3.011679535668987029e+01 -1.803244489721732435e+01 1.128328820243777209e+01
-6.942711957516939947e+01 8.698521000157965943e+01 1.861667083164757841e+01 5.974815242236509727e-01 1.606025258381480914e+00
-6.842708905572862932e+01 9.536030319555482038e+01 1.995793320346431088e+01 -3.768221208791497467e+00 5.668373511902854212e+00
-6.742705853628740442e+01 9.223653734070241228e+01 1.828058310732645353e+01 -4.398756382444950930e+00 5.668373511902854212e+00
-6.642702801684663427e+01 8.603463128717308450e+01 7.787317880036519924e+00 1.224219828855345504e+01 5.988113938336331543e+00
-6.542699749740586412e+01 8.200591237408582401e+01 1.866622762641813438e+01 4.185249404802309670e+00 7.539343108818368222e+00
-6.442696697796509397e+01 8.915945820379397446e+01 2.747919461964719545e+01 -1.172410821056246988e+01 8.179225141641710550e+00
-6.342693645852432383e+01 9.567848909423605619e+01 2.125104265572010220e+01 -8.034141324162325404e+00 9.729919405515230935e+00
-6.242690593908309893e+01 9.907163200628791344e+01 1.799587721555480968e+01 1.088219816647697868e+01 3.797805094948834448e+00
-6.142687541964232878e+01 1.000248633751228482e+02 2.517796238195904124e+01 5.543543841107656966e+00 1.224090476190621679e+01
-6.042684490020155863e+01 1.030992898576053562e+02 1.468722413003678184e+01 -7.747586114486847642e+00 5.347830725557720655e+00
-5.942681438076033373e+01 9.721636549908743063e+01 1.536052267883917288e+01 -1.726941761344772841e+00 7.859217261903975071e+00
-5.842678386131956358e+01 1.018803951477697893e+02 2.882382629195881307e+01 -7.981786767567022878e-02 5.989183751557352942e+00
-5.742675334187879344e+01 1.043717681868933340e+02 3.146086547892118190e+01 1.225600309704176105e+00 7.859217261903975071e+00
-5.642672282243802329e+01 1.130637209523339095e+02 2.646461400826825283e+01 -2.408221086713123515e+00 1.005006101190509504e+01
-5.542669230299725314e+01 1.161354947803922073e+02 1.306167702899909600e+01 -4.208128815626422381e-01 6.895583003071768857e+00
-5.442666178355602824e+01 1.145997404990839783e+02 1.664984166803404264e+01 6.565249618437622559e+00 -4.964500091831513195e+00
-5.342663126411525809e+01 1.149185895613742332e+02 1.962465322955985769e+01 2.591286051017989589e+00 1.929643757740661769e+00
-5.242660074467448794e+01 1.142807588040727751e+02 1.732482486708154923e+01 1.286761640489422476e+01 7.537604662334705274e+00
-5.142657022523326305e+01 1.108921254045499580e+02 2.354932675546919185e+01 -2.407510384309427209e+00 6.431933594574005264e-01
-5.042653970579249290e+01 1.189455842490861954e+02 1.894924886795281793e+01 7.249513893906863515e+00 -9.041577380942813491e-01
-4.942650918635172275e+01 1.211185061240842202e+02 7.449264730430125603e+00 2.087964889665016344e+01 -2.601301790394378588e-01
-4.842647866691095260e+01 1.189455842490861954e+02 1.306364245428854964e+01 1.985254178104708345e+01 8.181364768083755123e+00
-4.742644814747018245e+01 1.195848739663213252e+02 1.664885895539140748e+01 1.053750750008753734e+01 9.405498546241734203e+00
-4.642641762802895755e+01 1.301299711154262866e+02 1.434874981786806103e+01 1.907874618435239977e+00 -3.417416447581434369e+00
-4.542638710858818740e+01 1.304500138722083591e+02 1.238725538003560445e+01 -3.092343221702612333e+00 -5.285845238096523069e+00
-4.442635658914741725e+01 1.385018811240838659e+02 9.748531542826032847e+00 -7.782790094340656661e-02 -5.814753253039901537e-01
-4.342632606970619236e+01 1.406748029990849602e+02 5.826244604769176050e+00 5.265943481742836774e+00 -1.226973877538694691e+00
-4.242629555026542221e+01 1.406748029990849602e+02 8.465389604538765767e+00 1.820868711843696275e+01 -5.812078719977383789e-01
-4.142626503082465206e+01 1.385018811240838659e+02 2.192630662980775824e+01 1.053580181431076035e+01 5.991457104654181798e+00
-4.042623451138388191e+01 1.406748029990849602e+02 2.192644701732832146e+01 5.191035448263435548e+00 7.859217261903975071e+00
-3.942620399194311176e+01 1.381811752036947212e+02 2.482923978079118754e+01 -4.313614234347240561e+00 2.507476623746510924e+00
-3.842617347250188686e+01 1.416373186584206394e+02 5.147751717702300667e+00 3.985455026545066914e+01 -4.315390919975819806e+00
-3.742614295306111671e+01 1.415638401307520269e+02 1.936535747901173110e+01 1.977024244255357388e+01 3.477529761904846861e+00
-3.642611243362034656e+01 1.404285040354089347e+02 2.610788931842298766e+01 5.957172640776835060e+00 2.830025309882679974e+00
-3.542608191417912167e+01 1.580581779990815221e+02 1.408734825451715977e+01 1.217425513863761921e+01 -5.609731190761958253e+00
-3.442605139473835152e+01 1.658624199600721738e+02 2.184614535554361581e+01 1.363346931645024185e+01 -7.152669308780078339e+00
-3.342602087529758137e+01 1.741555461322101053e+02 1.050971267952311550e+01 1.942057685932978117e+01 -5.934152050035452319e+00
-3.242599035585681122e+01 1.611960029224008508e+02 3.632515268021210630e+01 3.527156159587387929e-01 -1.372493310547341672e+01
-3.142595983641604107e+01 1.707739422669219493e+02 1.698719288003795924e+01 2.916245900469275298e+01 -7.152268128823688897e+00
-3.042592931697481617e+01 1.670717651139688940e+02 2.720922941753390134e+01 8.893937118438813627e+00 6.950601968948599829e-02
-2.942589879753404603e+01 1.739126956192917532e+02 1.792371802996598618e+01 2.916189044276669406e+01 7.859217261903975071e+00
-2.842586827809327588e+01 1.801095616294112176e+02 1.894616034249737879e+01 1.907874618438549108e+00 7.209573183439765387e+00
-2.742583775865205098e+01 1.875953524262757242e+02 7.105034529915693398e+00 2.191898009362949296e+01 1.611641777792835128e+00
-2.642580723921128083e+01 2.068297496863910965e+02 1.281754313068210926e+01 1.277010803493040214e+01 9.615965193656006438e-01
-2.542577671977051068e+01 2.198676788345543116e+02 3.896261302973470464e+01 -8.007134632769616900e+00 3.802752981095101514e+00
-2.442574620032974053e+01 2.310553815189269642e+02 1.263784710431241898e+01 2.830719973059032668e+01 7.859217261903975071e+00
-2.342571568088897038e+01 2.431249591680165736e+02 2.959590057394300699e-01 3.803586281123851620e+01 5.017392166913364093e+00
-2.242568516144774549e+01 2.499668181023940008e+02 2.457078635536400668e+01 -4.480060737575267460e+00 -2.769377088946304077e+00
-2.142565464200697534e+01 2.614778793615865311e+02 2.217717912912312173e+01 -3.000662611465057417e+00 3.803287887705612214e+00
-2.042562412256620519e+01 2.785385589503732717e+02 2.503131604630852713e+00 1.389770847060079362e+01 5.016589806996601730e+00
-1.942559360312498029e+01 2.922232052481809887e+02 2.256470730937616853e+00 6.218711125792142802e+00 -2.521065798797852975e-01
-1.842556308368421014e+01 3.195928957419477570e+02 1.664478771729242013e+01 1.122262461844000470e+01 3.151370456145700771e+00
-1.742553256424343999e+01 3.587066831864371466e+02 1.272980093030122184e+01 8.893937118438813627e+00 -1.230450770506020364e+00
-1.642550204480266984e+01 3.999933925059223156e+02 2.330056006896453979e+01 5.177389962088743580e+00 -5.777309790304128168e-01
-1.542547152536189969e+01 4.394310690561154047e+02 2.975852640411838479e+01 1.661829445843171271e+00 -1.557278709526277671e+00
-1.442544100592067480e+01 4.907056854620487343e+02 1.928716163003586459e+01 2.356056050853629102e+01 -9.340838525725532193e+00
-1.342541048647990465e+01 5.540464310662895286e+02 2.951635793108087213e+01 2.078171410525202845e+01 7.632607897200419100e-02
-1.242537996703913450e+01 6.223818596937045413e+02 3.998688038003665213e+01 -3.444567333585917268e+00 1.191394309623183645e+01
-1.142534944759790960e+01 7.093991376638514339e+02 3.768691163003547473e+01 -3.687485415586754911e+00 5.995468904231356255e+00
-1.042531892815713945e+01 8.227189432511880796e+02 3.205638934130584516e+01 1.355131211843788819e+01 9.722831892924464370e+00
-9.425288408716369304e+00 9.385366208809946329e+02 2.653073653046654812e+01 8.545977220984037004e+00 7.859217261903975071e+00
-8.425257889275599155e+00 1.069016447965455654e+03 3.343078316798688832e+01 6.565249618437622559e+00 5.340876939618429020e+00
-7.425227369834829005e+00 1.231767009865536011e+03 3.377487298098032653e+01 2.843585404774159997e+00 -1.231788037031301686e+00
-6.425196850393604109e+00 1.407454036881974616e+03 4.263093894303008824e+01 -7.058489062664640379e+00 -5.613609263687665774e+00
-5.425166330952833960e+00 1.590088365846239412e+03 4.424258767952340321e+01 -9.735562881564097992e+00 -7.148791235854371706e+00
-4.425135811512063810e+00 1.796522177709126026e+03 3.400946052790644103e+01 3.302557017874774292e+00 -2.766970009200000469e+00
-3.425105292070838914e+00 2.002084990490549899e+03 2.388709913003495089e+01 1.320249937809613350e+01 -1.560488149193329122e+00
-2.425074772630068765e+00 2.224055399340396434e+03 2.722102196926108419e+01 3.887607237614219446e+00 -2.438403623692095401e+00
-1.425044253189298615e+00 2.453196331008298330e+03 3.768691163003547473e+01 4.934756161041769396e+00 -1.889455714655164265e+00
-4.250137337485284661e-01 2.700047312069047166e+03 3.768691163003547473e+01 6.216010456654497141e+00 -8.353267196072934553e+00
5.750167856922416831e-01 2.955807896191089185e+03 3.504187035440266840e+01 3.887180816172848274e+00 1.289830498621918764e+01
1.575047305133466580e+00 3.198856562394326829e+03 3.308697413003965693e+01 6.565249618437622559e+00 9.063559495469069915e+00
2.575077824574236729e+00 3.446903360071387397e+03 3.607764948139233496e+01 1.907874618435239977e+00 -1.562092869022869701e+00
3.575108344015006878e+00 3.690278170136481549e+03 3.964138669183893882e+01 4.236562118436431490e+00 -5.285845238096523069e+00
4.575138863456231775e+00 3.943324292982085808e+03 3.998688038003665213e+01 2.257824482624886553e+00 -7.476688988097643929e+00
5.575169382897001924e+00 4.203756201552488164e+03 3.734113716679600969e+01 6.915341623107726043e+00 -2.765632742672726518e+00
6.575199902337772073e+00 4.459188387056295142e+03 3.044109052927844772e+01 1.157285876359006771e+01 -5.615347710171327833e+00
7.575230421778542222e+00 4.697890281080372915e+03 3.147911585659820588e+01 1.355131211843788819e+01 -9.997168936822117047e+00
8.575260941219312372e+00 4.936591909839005893e+03 3.274077850423669389e+01 1.552948119232479307e+01 -9.337762812717055994e+00
9.575291460660537268e+00 5.176929297951003718e+03 3.044066936671612211e+01 1.192394575162760617e+01 -7.806592640130361360e+00
1.057532198010130742e+01 5.420513137185050255e+03 2.584059147919369437e+01 2.321686482551004005e+01 -9.007457980725487090e+00
1.157535249954207757e+01 5.652159633593267245e+03 2.952688699512434667e+01 2.449285992332448814e+01 -3.095001488095402209e+00
1.257538301898330246e+01 5.897707232900748750e+03 3.803366880592015775e+01 1.052045064236211935e+01 2.277600507877960645e+00
1.357541353842407261e+01 6.138581253003497295e+03 3.434625018982377753e+01 9.245166246956808109e+00 6.867901585973351430e+00
1.457544405786484276e+01 6.376954217878454074e+03 2.813999867911246611e+01 1.087125334944155242e+01 -2.430131675030965110e-01
1.557547457730561291e+01 6.605118044287662997e+03 2.653424621848104437e+01 4.588075527915340679e+00 5.668373511902854212e+00
1.657550509674638306e+01 6.835454792571872531e+03 2.848703663003730213e+01 1.087096906848064037e+01 8.520896739104147244e+00
1.757553561618760796e+01 7.065463274870676287e+03 2.918195485701113512e+01 6.917047308879562983e+00 1.443174851190733676e+01
1.857556613562837811e+01 7.291454046772161746e+03 3.803451113104271286e+01 2.124923132906355594e+00 1.443174851190733676e+01
1.957559665506914826e+01 7.513098974923649621e+03 4.653904674150959409e+01 -1.891442658174495506e+01 1.443174851190733676e+01
2.057562717451037315e+01 7.738432419057886364e+03 2.444766649978967976e+01 3.394193267786363322e+01 1.376899922148215616e+01
2.157565769395114330e+01 7.952571926769744096e+03 2.931925385216073110e+01 2.399977459477824837e+01 5.005356768173886195e+00
2.257568821339191345e+01 8.152486973007629786e+03 4.674962802241157078e+01 -1.339466810178961520e+00 -3.426643586612251546e+00
2.357571873283268360e+01 8.355431615868157678e+03 2.988024238447569303e+01 4.801996951804123448e+00 -5.285845238096523069e+00
2.457574925227345375e+01 8.534473057041916036e+03 3.524781884713114266e+01 4.256336826999768119e-01 -2.431182384453185019e+00
2.557577977171467865e+01 8.703307481873542201e+03 8.135900093688487544e+00 3.147494248985832499e+01 4.141616318854836720e+00
2.657581029115544879e+01 8.859433304604217483e+03 2.897684868941100333e+01 5.152941799356969277e+00 1.476392551703158418e+01
2.757584081059621894e+01 9.018390968569890902e+03 5.183558711872811386e+01 1.228228190418843191e+01 9.385439548346115046e+00
2.857587133003744384e+01 9.176689447910190211e+03 5.469064812518167429e+01 8.893937118435504274e+00 8.524106178771200248e+00
2.957590184947821399e+01 9.340652936047650655e+03 2.778874910256905650e+01 1.785518374222368365e+01 1.124317020664946298e+01
3.057593236891898414e+01 9.501647308083429380e+03 4.243186943881629958e+01 4.932925516621129436e-01 -1.236869649832152751e+00
3.157596288835975429e+01 9.649218187649883475e+03 5.169014564738823481e+01 9.749338533008337748e+00 -2.429310211315872881e+00
3.257599340780052444e+01 9.817720500147006533e+03 4.138514008521406851e+01 1.735200643954332378e+01 9.537066468620684079e-01
3.357602392724174933e+01 9.971341951831922415e+03 4.848734475240176778e+01 -1.687284567151166259e+00 3.810642853600626268e+00
3.457605444668251948e+01 1.011343722212733155e+04 3.433740577602750932e+01 1.390552619705606752e+01 1.005006101190509504e+01
3.557608496612328963e+01 1.024948497085694362e+04 3.378694630774974428e+01 1.157698083753813911e+01 5.334992966902816214e+00
3.657611548556451453e+01 1.039942108974452276e+04 3.698665867727777368e+01 1.517100289927384971e+01 4.478072576868275867e+00
3.757614600500528468e+01 1.054468044624209506e+04 3.413777472173341465e+01 2.818000118190258529e+00 1.443174851190733676e+01
3.857617652444605483e+01 1.068776661559922468e+04 4.228684913003782242e+01 -1.170946774102316290e+01 1.409796678694844552e+01
3.957620704388682498e+01 1.082967314953205823e+04 4.158575385215966236e+01 -6.697025819518245271e+00 9.716145560294071615e+00
4.057623756332759513e+01 1.097209655318026125e+04 3.378835018295797710e+01 7.275383461443702515e+00 6.002422690166007158e+00
4.157626808276882002e+01 1.110965764126132126e+04 4.758844345799957409e+01 1.461693930439372480e+01 1.257508766682349055e+01
4.257629860220959017e+01 1.124522976905192627e+04 5.148672413003599502e+01 2.357676452336817619e+01 1.443174851190733676e+01
4.357632912165036032e+01 1.136776330453076480e+04 4.653567744101517434e+01 2.914113793254324136e+01 1.443174851190733676e+01
4.457635964109158522e+01 1.147390794515484959e+04 4.353306915040501934e+01 2.716780163500651213e+01 1.695717634678052477e+01
4.557639016053235537e+01 1.157069667361001666e+04 4.209522016441903958e+01 3.719028627162654921e+00 1.847871820037603996e+01
4.657642067997312552e+01 1.167198231448488514e+04 4.902601166894908147e+01 6.890751319896265770e+00 1.695744380008478558e+01
4.757645119941389567e+01 1.177278397855929688e+04 2.759375083645167592e+01 3.525019366486456107e+01 1.561763646740968348e+01
4.857648171885466581e+01 1.187038959194567724e+04 5.343488175341018831e+01 -8.310746700158075484e+00 7.859217261903975071e+00
4.957651223829589071e+01 1.198990387615419786e+04 3.308697413003638843e+01 2.286606211843603376e+01 3.142277043767025990e+00
5.057654275773666086e+01 1.210473967374734275e+04 4.458681788003573132e+01 1.086613629212324028e+01 9.512995671164126144e-01
5.157657327717743101e+01 1.222024075707112752e+04 3.433024601247844743e+01 2.232052695240923867e+01 -3.095001488095402209e+00
5.257660379661865591e+01 1.233474338126812290e+04 3.714880626358011284e+01 1.732642115294671825e+01 -3.095001488095402209e+00
5.357663431605942606e+01 1.244022074667070046e+04 4.547673437312276690e+01 -1.321841390534532756e+00 -2.325824885971422284e-01
5.457666483550019620e+01 1.254084441763296491e+04 2.742907627479121402e+01 1.426542589491319823e+01 2.805687059103448622e+00
5.557669535494096635e+01 1.263445632714472231e+04 2.229271805857442601e+01 2.286606211843603376e+01 -6.294010472255247457e+00
5.657672587438173650e+01 1.271769662310699096e+04 3.379284258361392546e+01 1.856602828763527668e+01 -1.876709654280221784e+01
5.757675639382296140e+01 1.280144251500334212e+04 3.874613547296853255e+01 1.713623718939378193e+01 -2.062175148809814118e+01
5.857678691326373155e+01 1.288100477296795361e+04 4.883354037820355131e+01 1.319368666827603320e+01 -1.489423895605058412e+01
5.957681743270450170e+01 1.296725676013547491e+04 4.883339999068397930e+01 6.923017209079934453e+00 -2.758411503431823952e+00
6.057684795214572659e+01 1.304882840382960967e+04 4.299384068378435586e+01 1.355131211843788819e+01 4.150977184539769382e+00
6.157687847158649674e+01 1.311619110407814514e+04 5.573302546564148940e+01 9.251988990043649608e+00 1.005006101190509504e+01
6.257690899102726689e+01 1.317887372611870342e+04 4.759433973386098415e+01 1.729204033837355547e+00 9.376078682661654895e+00
6.357693951046803704e+01 1.325409252772230138e+04 5.042497331173525765e+01 -8.302218271296778696e+00 1.960935794454539582e+00
6.457697002990880719e+01 1.333599707954716723e+04 3.697879697613159777e+01 7.999162790623970842e+00 1.038731962983131574e+01
6.557700054935003209e+01 1.340235601536003924e+04 3.308697413003965693e+01 1.749144625137889264e+01 1.122872772816567277e+01
6.657703106879080224e+01 1.345601138911541238e+04 4.175857089001600286e+01 8.535174544429066756e+00 -3.770053630560344260e+00
6.757706158823157239e+01 1.351501676895464334e+04 5.874110886955190836e+01 1.190065189458653139e+00 -4.610525642327321982e+00
6.857709210767279728e+01 1.357435744431364947e+04 5.732277374892180433e+01 6.563276833551814349e-01 1.286686011906839289e+00
6.957712262711356743e+01 1.362917958811933568e+04 4.688678663003364022e+01 9.612315109344772068e+00 -1.580012240475985985e+00
7.057715314655433758e+01 1.367982870861103584e+04 4.458681788003573132e+01 1.910005007470389415e+01 -9.329471760252669554e+00
7.157718366599510773e+01 1.372445537512128794e+04 4.847667530083821674e+01 4.064714276919111136e+00 1.624880716398837466e+00
7.257721418543587788e+01 1.376289804099540015e+04 3.804209205715410036e+01 3.683818711843656502e+01 1.286686011906839289e+00
7.357724470487710278e+01 1.379365556909237057e+04 5.167400108252217450e+01 7.265291487289754713e+00 3.815991919705729263e+00
7.457727522431787293e+01 1.383444835415729722e+04 6.775370691707135506e+01 -4.167778100845703548e+00 6.006969396356346635e+00
7.557730574375864308e+01 1.388241152940755273e+04 5.520909923875721859e+01 4.765040426748173630e+00 7.520487650798353130e+00
7.657733626319986797e+01 1.392036040365984263e+04 5.961937319842856198e+01 6.397665991362220694e+00 8.875807275182728162e+00
7.757736678264063812e+01 1.395880187583945553e+04 5.096616720364981745e+01 2.106443152193142510e+01 1.847443894749195792e+01
7.857739730208140827e+01 1.399675167852077539e+04 7.873032637779425613e+01 -6.034462178105895469e-02 1.409261772084333231e+01
7.957742782152217842e+01 1.404354795108799226e+04 6.120575218122232286e+01 2.109357032053174308e+01 1.258016927962234988e+01
8.057745834096294857e+01 1.408082530587171823e+04 4.458681788003573132e+01 3.700235937398379349e+01 1.190150651753795330e+01
8.157748886040417347e+01 1.410990038789749451e+04 4.989964320964602962e+01 1.050083525598706480e+01 1.258043673292860198e+01
8.257751937984494361e+01 1.413915969677330759e+04 5.573007732771267086e+01 1.194469826184724148e+01 1.696225795957937876e+01
8.357754989928571376e+01 1.416924464433995672e+04 4.617333725034589520e+01 1.624117858062175301e+01 1.628279283757917995e+01
8.457758041872693866e+01 1.419932932664116561e+04 4.264371420740524599e+01 2.286606211843603376e+01 1.224090476190621679e+01
8.557761093816770881e+01 1.423042559870862715e+04 4.724379209492164478e+01 1.784722387528794485e+01 1.409168163427444043e+01
8.657764145760847896e+01 1.426017273073381693e+04 5.378669288003717242e+01 1.587999961843576990e+01 1.258110536619124176e+01
8.757767197704924911e+01 1.428658613930615138e+04 5.715852034981906371e+01 1.013738204610741533e+01 1.443174851190733676e+01
8.857770249649001926e+01 1.431599492525900496e+04 7.095875401237981350e+01 1.545984953845365384e+00 1.190043670431693101e+01
8.957773301593124415e+01 1.433506790849716526e+04 7.075617482015564974e+01 3.032507285827702459e-01 1.005006101190509504e+01
9.057776353537201430e+01 1.437065698136995525e+04 6.211742873999560999e+01 8.531763172885392876e+00 9.709325501009558934e+00
9.157779405481278445e+01 1.439523594677235269e+04 7.872850134002646882e+01 1.545558532401877461e+00 8.200086499451641586e+00
9.257782457425400935e+01 1.442280843269717661e+04 7.377043527496972786e+01 -2.024583928528135068e+00 1.039106397610688504e+01
9.357785509369477950e+01 1.444989919657779865e+04 6.457027949993140226e+01 9.619137852432118052e+00 1.409061182105341814e+01
9.457788561313554965e+01 1.447747128460444583e+04 5.874489933260863239e+01 1.696822714086735218e+01 7.517946844397926043e+00
9.557791613257631980e+01 1.450470423076242696e+04 5.644507097012805019e+01 2.498324458273189208e+01 6.009777656061031870e+00
9.657794665201708995e+01 1.451339631616058796e+04 7.218644288003677900e+01 -6.317795016248583195e+00 1.005006101190509504e+01
9.757797717145831484e+01 1.452860716718375807e+04 5.235193241949681919e+01 2.701059426304046696e+01 1.258257635937064656e+01
9.857800769089908499e+01 1.453343128452719066e+04 5.895730565127639977e+01 1.959626249382908725e+01 1.443174851190733676e+01
9.957803821033985514e+01 1.453831707608608667e+04 7.463255503898791687e+01 5.542406717254171333e+00 1.155702666036883919e+01
1.005780687297810800e+02 1.455298705087130475e+04 6.320037807391867801e+01 2.963564466588532653e+01 3.135456984482521747e+00
1.015780992492218502e+02 1.455352912080374881e+04 8.720846913438286663e+01 1.034888708181698291e+01 1.628892515981293920e+00
1.025781297686626203e+02 1.457892589956640768e+04 7.290522698551217218e+01 1.871797646180958807e+01 6.010713742629924639e+00
1.035781602881033905e+02 1.459630980509729307e+04 8.900528901055351128e+01 -8.134918925173817428e+00 7.859217261903975071e+00
1.045781908075441606e+02 1.461335390559590633e+04 8.914750156892549171e+01 7.149873416724250141e+00 1.292612012996838899e+01
1.055782213269853855e+02 1.462924463194906275e+04 6.916684769943607591e+01 2.948781856566755266e+01 1.881343601190335235e+01
1.065782518464261557e+02 1.464846152168995286e+04 7.700608684977761698e+01 1.907958184543906555e+01 2.100427976190447410e+01
1.075782823658669258e+02 1.467121187976215151e+04 9.748609913003991778e+01 1.268098595335430012e+01 1.271670419195664259e+01
1.085783128853081507e+02 1.470061270775172852e+04 9.144522411858869759e+01 2.752343711843510832e+01 -2.408716306808223351e+00
1.095783434047489209e+02 1.471799661328261209e+04 7.376566209927361228e+01 2.519474961843391725e+01 7.859217261903975071e+00
1.105783739241896910e+02 1.472315350612408474e+04 7.362850349164575903e+01 2.177101185291762420e+01 6.011783555850946925e+00
1.115784044436304612e+02 1.473103520559438039e+04 9.058619288003637848e+01 6.200090722784016961e+00 1.546237982370440101e+01
1.125784349630712313e+02 1.474556445706217346e+04 9.058619288003637848e+01 9.624539190706419944e+00 2.031692476740025910e+01
1.135784654825124562e+02 1.475140149049908723e+04 8.900809676096486101e+01 1.893957347166971772e+01 1.155328231409326811e+01
1.145784960019532264e+02 1.475711185968703830e+04 9.676394572407009775e+01 2.519474961843391725e+01 8.547107163021181009e+00
1.155785265213939965e+02 1.476124230789745525e+04 8.296385244902667466e+01 2.679198220328052216e+01 1.189682608469548342e+01
1.165785570408352214e+02 1.475643012749894842e+04 8.513171654214421835e+01 1.012501582425683644e+01 9.705848608040239966e+00
1.175785875602759916e+02 1.477083404104500551e+04 1.001475657455845294e+02 -5.480114302205876115e-02 3.133183631388351209e+00
1.185786180797167617e+02 1.479874115932595305e+04 1.001477061331051317e+02 9.626244876480376078e+00 1.286686011906839289e+00
1.195786485991575319e+02 1.482115463028575323e+04 1.059624168488638389e+02 1.661259165743824440e+01 -9.041577380942813491e-01
1.205786791185983020e+02 1.484620483974734998e+04 1.049813888548971477e+02 2.103387131852730363e+01 6.357868132852225074e+00
1.215787096380395269e+02 1.486678784651885871e+04 1.324753020518914752e+02 1.488842762308042644e+01 1.258578579903371164e+01
1.225787401574802971e+02 1.490189771736916191e+04 1.120103112363333224e+02 4.358588003182416060e+01 1.408673374812771151e+01
1.235787706769210672e+02 1.493380795644796672e+04 1.261727447020465291e+02 2.769103792735701841e+00 1.224090476190621679e+01
1.245788011963622921e+02 1.496205673661930450e+04 1.206108719108857912e+02 1.342466494988323866e+01 7.168652827732710620e+00
1.255788317158030623e+02 1.497521244362408288e+04 1.153989852085974945e+02 6.323895081717745725e+00 4.168361649380369904e+00
1.265788622352438324e+02 1.498275937810552023e+04 1.213347099671085942e+02 1.048351129912563184e+00 1.005006101190509504e+01
1.275788927546846026e+02 1.499076575233395124e+04 1.150374873430433098e+02 8.159070831740036667e+00 1.293227155599025835e+01
1.285789232741253727e+02 1.499511172871666895e+04 1.350116833865798753e+02 -5.323759773279650165e-02 1.915925313559774779e+01
1.295789537935665976e+02 1.500734895412563310e+04 1.331960515826530411e+02 1.845402158862114561e+01 1.489283801016373765e+01
1.305789843130073677e+02 1.502587615371514767e+04 1.284756615899786141e+02 3.034151429447083714e+01 -1.942411469095732812e+00
1.315790148324481379e+02 1.503811457281859839e+04 1.453027905842092196e+02 1.747268370789081615e+01 -1.116593988078859567e+01
1.325790453518893628e+02 1.506956683111036000e+04 1.615216204516773928e+02 1.036651250146140590e+01 -4.939493207789623419e+00
1.335790758713301329e+02 1.510296016928006429e+04 1.576490306959141208e+02 2.519474961843391725e+01 -1.597129252012339684e+00
1.345791063907709031e+02 1.512148577727691736e+04 1.622491085834305693e+02 2.482632149171761782e+01 1.357007127355888410e-01
1.355791369102116732e+02 1.512800480816735944e+04 1.748411672437037225e+02 1.514285908404504077e+01 3.130776551642051153e+00
1.365791674296524434e+02 1.513452383905780334e+04 1.932414787937863707e+02 1.968353674914686380e+01 3.824416698819772087e+00
1.375791979490936683e+02 1.514538871369824847e+04 2.116417903438719179e+02 2.789229166659541903e+01 2.783488434766259623e+00
1.385792284685344384e+02 1.515373635191888934e+04 2.250777183904734216e+02 2.874513455251451433e+01 -3.095001488095402209e+00
1.395792589879752086e+02 1.516094414453165155e+04 2.339134281620357285e+02 3.439564509316379315e+01 -3.442289604969201555e+00
1.405792895074164335e+02 1.516677414843432780e+04 2.503782169656000178e+02 4.541437517923041867e+01 -9.667532738095651723e+00
1.415793200268572036e+02 1.517867302777095210e+04 2.716973254564914555e+02 3.805860528818219990e+01 -4.590734097736420161e+00
1.425793505462979738e+02 1.518781394229839680e+04 3.268981197192144350e+02 1.477130386674267726e+01 -5.564684412625946486e-01
1.435793810657387439e+02 1.519136664237431251e+04 3.718035951586910528e+02 1.735882918261871311e+01 8.207040285388284673e+00
1.445794115851795141e+02 1.519936850709021746e+04 4.093347949160546477e+02 2.837272649233483435e+01 1.258886151204265680e+01
1.455794421046207390e+02 1.520223204754564540e+04 4.766587535202668846e+02 2.277866290446226571e+00 1.224090476190621679e+01
1.465794726240615091e+02 1.522144336671222845e+04 5.316015155201209836e+02 2.826370474341190331e+01 9.701836808462402928e+00
1.475795031435022793e+02 1.522292553737408343e+04 6.213504151149578547e+02 1.598703140062383632e+01 7.859217261903975071e+00
1.485795336629435042e+02 1.523334542923417212e+04 7.407968908177009553e+02 9.899012459500747596e+00 7.162233948406583117e+00
1.495795641823842743e+02 1.524682767799908652e+04 8.283560258662233764e+02 3.694351321484313644e+01 -1.252783121495354646e+00
1.505795947018250445e+02 1.524969241214900467e+04 9.755582374918262758e+02 1.233473174167676945e+01 -3.095001488095402209e+00
1.515796252212658146e+02 1.526055728678944615e+04 1.117691898073663197e+03 2.641090357375697550e+01 -5.285845238096523069e+00
1.525796557407065848e+02 1.526134578831828185e+04 1.292759347888228376e+03 5.452289652317589663e+00 -2.745974924737939915e+00
1.535796862601478097e+02 1.525482675742783613e+04 1.481829891332719171e+03 9.905408781140366159e+00 4.175850341927519693e+00
1.545797167795885798e+02 1.524934703654243094e+04 1.654599618597621657e+03 4.149556211843563602e+01 6.811335211913329246e+00
1.555797472990293500e+02 1.525082695244801653e+04 1.877137985403123366e+03 3.106657288798368199e+01 -5.635272981412366988e+00
1.565797778184705749e+02 1.524717437993287604e+04 2.129775296237989551e+03 1.709402146653926735e+01 -7.476688988097643929e+00
1.575798083379113450e+02 1.525152035631559374e+04 2.371279595914073980e+03 1.858038447621647293e+01 -7.826384184719242576e+00
1.585798388573521152e+02 1.525586633269831691e+04 2.631918153097942195e+03 1.513632062191530459e+01 -1.404922023809477949e+01
1.595798693767928853e+02 1.525803938720603765e+04 2.884922577299065324e+03 3.492598840955051021e+00 -8.617644788317084803e+00
1.605798998962336555e+02 1.526455828546375596e+04 3.146024272913396089e+03 6.469304793766623263e+00 1.286686011906839289e+00
1.615799304156748804e+02 1.527142454881887534e+04 3.385228463452072447e+03 1.942057685932394406e+01 9.364559086742328953e-01
1.625799609351156505e+02 1.527794357970931560e+04 3.625629176828715117e+03 7.776712937886013144e+00 -2.744637658210665965e+00
1.635799914545564206e+02 1.528915608471259657e+04 3.850297222321732534e+03 1.441938121760800051e+00 1.637183568443207005e+00
1.645800219739976455e+02 1.530149848786964503e+04 4.074137121830824981e+03 3.134289398302514229e+01 2.776267195523369313e+00
1.655800524934384157e+02 1.530619235988064793e+04 4.300736338057223293e+03 3.767553669192378152e+01 -5.636610247939640495e+00
1.665800830128791858e+02 1.530801751876008530e+04 4.517308375624722430e+03 1.243238225211324988e+01 -4.233149028611280507e+00
1.675801135323199560e+02 1.531636117799908607e+04 4.742254669183565966e+03 5.819012093260460539e+00 5.317341048755976018e+00
1.685801440517607261e+02 1.530879753179475301e+04 4.989552761834841476e+03 1.818752536851583557e+00 -1.606490117693294195e+00
1.695801745712019510e+02 1.530262679443074921e+04 5.223700615044042024e+03 2.482134657488256835e+01 -4.934545321642894500e+00
1.705802050906427212e+02 1.530002347937474951e+04 5.459584640720399875e+03 3.675077072263162847e+01 -5.527240949885232624e-01
1.715802356100834913e+02 1.530949372094947648e+04 5.681778917712910697e+03 3.543000137331143407e+01 -1.607292477610057002e+00
1.725802661295247162e+02 1.530689186485341088e+04 5.944437089768244732e+03 4.524680873401742964e+00 -1.688197102447861919e+00
1.735802966489654864e+02 1.532575077887918815e+04 6.169841187031769550e+03 3.413552801296285821e+01 9.698226188840957107e+00
1.745803271684062565e+02 1.533444273164463266e+04 6.414753534157958711e+03 2.947801087248001650e+01 5.668373511902854212e+00
1.755803576878470267e+02 1.534348390636556724e+04 6.651740023033597026e+03 3.060063639130977364e+01 5.316271235534956396e+00
1.765803882072877968e+02 1.535365020446230119e+04 6.886632070489387843e+03 2.332275948385231601e+01 3.477529761904846861e+00
1.775804187267290217e+02 1.536086807716190015e+04 7.125177141618842143e+03 1.430039245323689379e+01 3.829899491578996340e+00
1.785804492461697919e+02 1.537138346458140222e+04 7.335670680319372877e+03 2.939684865783848267e+01 1.110757138088493434e+01
1.795804797656105620e+02 1.537972566486046162e+04 7.535403936728434019e+03 4.074591322171480812e+01 1.916607319488226224e+01
1.805805102850517869e+02 1.538154883424908257e+04 7.738177565671236152e+03 3.143087894075097211e+01 2.319512351190559230e+01
1.815805408044925571e+02 1.538624469575090734e+04 7.940951475388983454e+03 2.519474961843391725e+01 2.029847048933465103e+01
1.825805713239333272e+02 1.538841775025862808e+04 8.144543142414230715e+03 2.481949874863027716e+01 1.732866898777942666e+01
1.835806018433740974e+02 1.538989023873181941e+04 8.328992690230545122e+03 2.632092864929057896e+01 2.319512351190559230e+01
1.845806323628148675e+02 1.538589467799908380e+04 8.491182954330512075e+03 3.218081211843749401e+01 2.319512351190559230e+01
1.855806628822560924e+02 1.538659577456450097e+04 8.641130443921523693e+03 3.721386440968369413e+01 1.775311738321995136e+01
1.865806934016968626e+02 1.539024052174908320e+04 8.785588500681948062e+03 2.834884689152489656e+01 6.798497453261070689e+00
1.875807239211376327e+02 1.539711010092223478e+04 8.931305973889680899e+03 1.625596119064712042e+01 -5.639552234296455246e+00
1.885807544405788576e+02 1.540180702348583327e+04 9.063222511497300729e+03 2.481864590574330265e+01 -7.476688988097643929e+00
1.895807849600196278e+02 1.540545097487408384e+04 9.182824536572821671e+03 1.783244126526535567e+01 -4.577896339084155386e+00
1.905808154794603979e+02 1.541624993105197973e+04 9.300126592898346644e+03 1.820868711843696275e+01 1.286686011906839289e+00
1.915808459989011681e+02 1.543692591336119585e+04 9.431972234808010398e+03 1.468090252083491265e+01 -4.157727196526228575e+00
1.925808765183419382e+02 1.544386061520056865e+04 9.552690621447341982e+03 2.796876324537248593e+01 -1.730319087648311438e+01
1.935809070377831631e+02 1.543334734990460129e+04 9.710648482576305469e+03 6.497448609008673159e+00 -2.464892963197796760e+01
1.945809375572239333e+02 1.543622362310128665e+04 9.820744868631954887e+03 4.457816272958831405e+01 -1.701233540702222768e+01
1.955809680766647034e+02 1.543011853893439547e+04 9.939470875578925188e+03 2.954112124604383638e+01 -4.931068428675568605e+00
1.965809985961059283e+02 1.542318635711673051e+04 1.007182022791256531e+04 2.550674797421102014e+01 9.317754758317632335e-01
1.975810291155466984e+02 1.542718019362408268e+04 1.019514912049747181e+04 3.186781877930049589e+01 -3.450045750822607893e+00
1.985810596349874686e+02 1.542753246613217016e+04 1.032488600146019417e+04 2.047383782343507974e+01 -7.476688988097643929e+00
1.995810901544282387e+02 1.543152603737408208e+04 1.040532538340144674e+04 4.036256034449493768e+01 -4.930533522065057461e+00
2.005811206738690089e+02 1.543187857514761163e+04 1.052679273746318540e+04 1.128445572767097715e+01 1.621785899559977651e-01
2.015811511933102338e+02 1.544162840649909413e+04 1.064720185039469470e+04 -4.817911479014745924e-01 1.005006101190509504e+01
2.025811817127510039e+02 1.545613378407703203e+04 1.075300378219517734e+04 2.714534343901174651e+01 1.005006101190509504e+01
2.035812122321917741e+02 1.545977402174908457e+04 1.086533204905334242e+04 1.783045129853260491e+01 7.147524016620527831e+00
2.045812427516329990e+02 1.545977402174908457e+04 1.096236537631715328e+04 2.167250849959510006e+01 -3.806962186687599115e+00
2.055812732710737691e+02 1.545977402174908457e+04 1.103944528489043296e+04 3.023064471930368668e+01 -7.120574912149415958e+00
2.065813037905145393e+02 1.545724776630422457e+04 1.111721632122763731e+04 2.871613789439329878e+01 -9.041577380942813491e-01
2.075813343099553094e+02 1.545578164420166104e+04 1.120616964474323686e+04 1.241489897295351774e+01 -8.189452046598999502e+00
2.085813648293960796e+02 1.546518066200498652e+04 1.128212547043907762e+04 2.356894679690661931e+01 -8.597986970382306637e+00
2.095813953488373045e+02 1.547821859115315601e+04 1.133235205407190369e+04 4.810253595564456930e+01 3.834178744463079269e+00
2.105814258682780746e+02 1.548620294834982997e+04 1.139097647879951182e+04 3.532126390535047733e+01 5.668373511902854212e+00
2.115814563877188448e+02 1.548802200612408342e+04 1.144927885455486103e+04 1.512125373093512160e+01 3.120613326042355862e+00
2.125814869071600697e+02 1.549343023797264868e+04 1.149640413747009734e+04 1.701854487114247050e+01 -1.261207900611401866e+00
2.135815174266008398e+02 1.550899535099472268e+04 1.154668041828518290e+04 2.481509239371917630e+01 1.673939294129613564e-01
2.145815479460416100e+02 1.552855217840060504e+04 1.157883154709057635e+04 2.286606211843603376e+01 9.692743396083715268e+00
2.155815784654823801e+02 1.554088118565278637e+04 1.163520668296312215e+04 3.370057814114119310e+01 8.574119946850993657e+00
2.165816089849231503e+02 1.554092641341079434e+04 1.168843503256139593e+04 1.868514201071502967e+01 1.224090476190621679e+01
2.175816395043643752e+02 1.553254482121346700e+04 1.173457690089482276e+04 3.381444984828000155e+00 1.698031105768459881e+01
2.185816700238051453e+02 1.554380812454905390e+04 1.174481171269668812e+04 2.756991705571928364e+01 2.136213228433636502e+01
2.195817005432459155e+02 1.553436348108956008e+04 1.179663043120062321e+04 7.207173212372377513e-01 2.283713726282157452e+01
2.205817310626871404e+02 1.554992938990796392e+04 1.180658278331105066e+04 2.638148049419081431e+01 1.626447228616770957e+01
2.215817615821279105e+02 1.556150504330248623e+04 1.185216352272462245e+04 -3.130294730127005653e+00 1.443174851190733676e+01
2.225817921015686807e+02 1.558070654764768915e+04 1.188938334296129506e+04 1.117955605269619568e+01 1.698097969094723680e+01
2.235818226210094508e+02 1.559089990281959399e+04 1.193647100202098227e+04 2.367043510034196530e+01 1.845491485620932792e+01
2.245818531404502210e+02 1.557928472487408362e+04 1.199096017194178421e+04 1.973357019845404992e+01 1.443174851190733676e+01
2.255818836598914459e+02 1.557604424222438320e+04 1.202086074840443871e+04 3.489086252892249007e+01 1.080575032590359363e+01
2.265819141793322160e+02 1.556083339120122218e+04 1.207100590727529197e+04 2.561591186360162808e+01 -3.453923823748314526e+00
2.275819446987729862e+02 1.554815158091006742e+04 1.214426881955096906e+04 3.854914926991708679e+00 -7.835745050402175060e+00
2.285819752182142111e+02 1.554775965121827539e+04 1.218838433441204324e+04 2.126300177388018398e+01 -6.039929832258892795e+00
2.295820057376549812e+02 1.555285327825163040e+04 1.221406205425501685e+04 4.149556211843563602e+01 5.309049996292070084e+00
2.305820362570957514e+02 1.554886381862408416e+04 1.224701732277840711e+04 4.034934127976161733e+01 9.272287696434154958e-01
2.315820667765365215e+02 1.554922046801197939e+04 1.228728551763740143e+04 2.481253386506524805e+01 1.646276980819279423e+00
2.325820972959772917e+02 1.556115555608154136e+04 1.231220837378210854e+04 3.603893119384456867e+01 3.837254457472018654e+00
2.335821278154185165e+02 1.557600962508409611e+04 1.234361980074146777e+04 3.607318704976709256e+01 2.757812917461747837e+00
2.345821583348592867e+02 1.558904755423226015e+04 1.237890887140732048e+04 3.450949961843868152e+01 -8.916657583589758573e+00
2.355821888543000568e+02 1.560390122533664362e+04 1.239274097303705821e+04 3.954965893373313435e+01 -1.224859086046808088e+01
2.365822193737412817e+02 1.561223586555058864e+04 1.240112280995452784e+04 2.717163942798844900e+01 1.646945614086514187e+00
2.375822498931820519e+02 1.561187855299908188e+04 1.243833182035211030e+04 6.948318214696577400e+00 6.028766840735170440e+00
2.385822804126228220e+02 1.561512420832491625e+04 1.244336892459126102e+04 2.127437301235062250e+01 7.138163150935594281e+00
2.395823109320635922e+02 1.562455837379941840e+04 1.241189741177309406e+04 4.270276122346083270e+01 1.286686011906839289e+00
2.405823414515043623e+02 1.561803947554169827e+04 1.241233106882424363e+04 1.505757479543777322e+01 1.647480520695031814e+00
2.415823719709455872e+02 1.561479249388864991e+04 1.235788822678522592e+04 4.889212632752368393e+01 1.077191748279074979e+01
2.425824024903863574e+02 1.559413706965125311e+04 1.232990843237944318e+04 1.782490781977360328e+01 8.966875125620736853e+00
2.435824330098271275e+02 1.560533631138238889e+04 1.225178277716521006e+04 4.264732643586653182e+01 9.254903231597527702e-01
2.445824635292683524e+02 1.562057024049908614e+04 1.215207366375875426e+04 2.365849529993275979e+01 -3.095001488095402209e+00
2.455824940487091226e+02 1.562346017486607525e+04 1.205205738245725661e+04 2.944446571897156062e+01 -2.733538346042063694e+00
2.465825245681498927e+02 1.563685661026023263e+04 1.195043085629447705e+04 3.995817067608697215e+01 9.250891432013712556e-01
2.475825550875906629e+02 1.564518992414695640e+04 1.187685122977233004e+04 2.325055211950379430e+01 -2.371540297380720919e+00
2.485825856070314330e+02 1.565569589464324054e+04 1.176609052996920036e+04 3.876134782617656072e+01 8.221081583913703028e+00
2.495826161264726579e+02 1.565750991237408380e+04 1.164570837144164398e+04 5.546768711843616728e+01 1.077405710923228099e+01
2.505826466459134281e+02 1.565316406862408439e+04 1.153224619457959125e+04 5.081031211843709627e+01 1.626046048658988141e+01
2.515826771653541982e+02 1.565316406862408439e+04 1.140308209470092152e+04 5.081031211843709627e+01 1.698485776387293811e+01
2.525827076847954231e+02 1.564702105149885938e+04 1.124055784868937735e+04 5.313899961843497977e+01 1.334455082603804499e+01
2.535827382042361933e+02 1.562601030420078860e+04 1.107877723537452766e+04 5.313899961843497977e+01 5.616201013555200960e-01
2.545827687236769634e+02 1.561803761868359834e+04 1.092429396538049514e+04 6.205248704061067144e+01 2.374686057682680929e+00
2.555827992431177336e+02 1.561405147487408249e+04 1.076712957451803595e+04 7.952581636826892009e+01 8.222017670482594909e+00
2.565828297625585037e+02 1.561151858779315444e+04 1.060803176672185873e+04 8.264039858764556357e+01 1.151503649144471808e+01
2.575828602819997286e+02 1.561187855299908188e+04 1.045624253324808524e+04 7.681178602431840829e+01 2.751394038135619446e+00
2.585828908014404988e+02 1.561042609206682937e+04 1.027723328263008443e+04 8.728483880387112492e+01 -3.458203076632403672e+00
2.595829213208812689e+02 1.562599717356136716e+04 1.008785571167812850e+04 1.055287116789562702e+02 -7.113353672908512060e+00
2.605829518403224938e+02 1.564192901605816769e+04 9.909608063359304651e+03 1.136848746184394798e+02 -3.458470529938655336e+00
2.615829823597632640e+02 1.566148597609677199e+04 9.714496364128415735e+03 1.148443145218468260e+02 -4.195036932610891611e+00
2.625830128792040341e+02 1.568213357500359962e+04 9.507102020332660686e+03 1.261105111853082121e+02 5.668373511902854212e+00
2.635830433986448043e+02 1.569154731503900075e+04 9.312378913758800991e+03 1.175525171060694163e+02 8.586957705503257543e+00
2.645830739180855744e+02 1.570820916803448563e+04 9.073167844231715208e+03 1.672446871184370991e+02 1.479575246035859060e+01
2.655831044375267993e+02 1.570604247989739270e+04 8.884557771854793828e+03 1.389197849103528313e+02 1.333933548658706059e+01
2.665831349569675695e+02 1.569915671953222954e+04 8.679483612612000798e+03 1.427851531502976741e+02 6.396916315418900822e+00
2.675831654764083396e+02 1.569517680946062683e+04 8.473234971371864958e+03 1.521105636863746611e+02 1.698699739031497913e+01
2.685831959958495645e+02 1.568105049620049795e+04 8.270457271190965912e+03 1.660745866789669378e+02 2.100427976190447410e+01
2.695832265152903346e+02 1.567742789868039290e+04 8.045433062558187885e+03 1.920850154351392405e+02 1.844876343018746567e+01
2.705832570347311048e+02 1.568684336294117566e+04 7.847629573007305225e+03 1.870374648148290930e+02 1.187609845353768279e+01
2.715832875541718749e+02 1.569698446082083501e+04 7.643309294750143636e+03 2.173095494719390217e+02 7.859217261903975071e+00
2.725833180736126451e+02 1.570458962106696890e+04 7.451255656880493007e+03 2.371053121184364443e+02 7.494143500231181143e+00
2.735833485930538700e+02 1.572233574656005840e+04 7.258435643535804957e+03 2.374934977720108975e+02 6.033581000229769842e+00
2.745833791124946401e+02 1.574370327587874635e+04 7.051048599891119011e+03 2.569010747649302857e+02 1.260624597688526194e+01
2.755834096319354103e+02 1.575637885243198980e+04 6.845963350034199721e+03 2.856192796839001176e+02 1.187542982027504124e+01
2.765834401513766352e+02 1.577376262533016234e+04 6.666946799265053414e+03 2.778558508933846838e+02 9.684452343619799564e+00
2.775834706708174053e+02 1.578281746122140248e+04 6.510924320495150823e+03 2.735944792734184716e+02 3.477529761904846861e+00
2.785835011902581755e+02 1.581034458675549104e+04 6.307364661824602081e+03 3.333639829662670877e+02 8.225093383493531363e+00
2.795835317096989456e+02 1.583641553764112905e+04 6.109955801594121112e+03 3.481042351255192671e+02 1.041607086014678174e+01
2.805835622291397158e+02 1.584656008397154255e+04 5.952784250968111337e+03 3.492778890770130147e+02 1.698873583679864296e+01
2.815835927485809407e+02 1.587190938021994771e+04 5.784888497643344635e+03 3.663438437861710213e+02 1.369919390880886922e+01
2.825836232680217108e+02 1.589653887868920356e+04 5.629624251872212881e+03 3.725667540437561911e+02 1.005006101190509504e+01
2.835836537874624810e+02 1.590267818209823236e+04 5.450229918285202075e+03 3.954560621184380125e+02 7.859217261903975071e+00
2.845836843069037059e+02 1.587044710446630052e+04 5.303027145109448611e+03 4.005129940104957313e+02 4.935016548893850441e+00
2.855837148263444760e+02 1.585017233613938333e+04 5.142794725371783898e+03 4.280576871184381389e+02 1.286686011906839289e+00
2.865837453457852462e+02 1.584655411549908422e+04 4.997121755008083710e+03 4.389440844167037881e+02 3.844475696714903634e+00
2.875837758652260163e+02 1.584619003867879110e+04 4.844560530558593200e+03 4.695838864981291749e+02 6.035453173365562307e+00
2.885838063846667865e+02 1.584510961253011192e+04 4.708087154419853505e+03 4.699872811831601211e+02 1.516617528813337756e+01
2.895838369041080114e+02 1.585851175113129466e+04 4.540942333942786718e+03 5.157809642235163210e+02 1.588789803236794640e+01
2.905838674235487815e+02 1.586720383652945748e+04 4.405268605121388646e+03 5.014038809931849414e+02 7.859217261903975071e+00
2.915838979429895517e+02 1.588241468755262213e+04 4.280279489717859178e+03 5.076395838940541694e+02 1.005006101190509504e+01
2.925839284624307766e+02 1.589037729298298291e+04 4.140765460270373296e+03 5.386786585865785355e+02 7.491468967176633242e+00
2.935839589818715467e+02 1.589653131862408554e+04 4.039949672039062079e+03 5.538242953975991441e+02 7.859217261903975071e+00
2.945839895013123169e+02 1.589616631337474246e+04 3.918416335842640365e+03 5.844892563441582070e+02 8.227233009935575936e+00
2.955840200207530870e+02 1.588710935535995486e+04 3.791527636897861612e+03 6.124153123625914077e+02 7.122918312537036556e+00
2.965840505401938572e+02 1.587514866917515610e+04 3.670804898245375625e+03 6.015348849645318978e+02 4.582379365911902980e+00
2.975840810596350821e+02 1.585197667168155931e+04 3.574569533648656943e+03 6.108909978444987701e+02 1.735942611788478729e+01
2.985841115790758522e+02 1.584655411549908422e+04 3.453806924940331101e+03 6.578577662744215786e+02 2.282657285726348206e+01
2.995841420985166224e+02 1.584655411549908422e+04 3.333839892311247695e+03 6.915912559245160764e+02 1.551653911802314667e+01
3.005841726179578473e+02 1.584438119362408361e+04 3.233799604743687723e+03 6.950961559046842240e+02 8.228035369852339187e+00
3.015842031373986174e+02 1.584511306098087152e+04 3.138336090735273956e+03 7.164470775536483416e+02 7.490265427303481438e+00
3.025842336568393875e+02 1.586142197830465739e+04 3.029096770492884843e+03 7.389500478010047573e+02 1.041914657315771819e+01
3.035842641762801577e+02 1.588061273939942657e+04 2.944382728936862350e+03 7.576059859304642714e+02 1.005006101190509504e+01
3.045842946957209278e+02 1.590016956680531257e+04 2.854681280323977717e+03 8.002819596608522943e+02 7.489864247347091997e+00
3.055843252151621527e+02 1.591464762204264480e+04 2.776119160308157916e+03 8.154052804163688961e+02 5.298886770692375237e+00
3.065843557346029229e+02 1.592370617165008662e+04 2.720946162774516779e+03 8.142269358289908041e+02 3.847150229767454910e+00
3.075843862540436930e+02 1.593674410079825066e+04 2.666464012229755554e+03 8.344577904877764922e+02 7.489463067389237061e+00
3.085844167734849179e+02 1.594868144362408384e+04 2.600180605928233035e+03 8.542074996184377369e+02 -9.041577380942813491e-01
3.095844472929256881e+02 1.595122136023925304e+04 2.530760802028997205e+03 8.864780794382229487e+02 3.477529761904846861e+00
3.105844778123664582e+02 1.594975298338042376e+04 2.468333700530878104e+03 9.034714003615863476e+02 4.587995885325255152e+00
3.115845083318072284e+02 1.593490939236286977e+04 2.441866862434613267e+03 8.876291330532420716e+02 1.406145941078156270e+01
3.125845388512479985e+02 1.593347099049908320e+04 2.370922028899097313e+03 9.333828746184386773e+02 7.118371606348692815e+00
3.135845693706892234e+02 1.592949267202013471e+04 2.323787620795019848e+03 9.330580836193871619e+02 9.161294574748131136e-01
3.145845998901299936e+02 1.594035741402785789e+04 2.257475996601882798e+03 9.865840666849090894e+02 -2.724311207011246516e+00
3.155846304095707637e+02 1.593998975612408321e+04 2.224178603690786986e+03 9.985861246184356332e+02 2.028334027378883242e+00
3.165846609290119886e+02 1.594326644750673222e+04 2.210731304255007672e+03 1.000163315395464679e+03 1.298282023068650481e+01
3.175846914484527588e+02 1.595593632085295758e+04 2.163562220433365383e+03 1.029685893296337781e+03 1.918452747294588789e+01
3.185847219678935289e+02 1.596282354017806028e+04 2.127540748072539373e+03 1.059921163568872771e+03 1.769976044882299249e+01
3.195847524873342991e+02 1.597840271226859841e+04 2.099199455801209297e+03 1.061855411234136682e+03 7.116499433210909054e+00
3.205847830067750692e+02 1.599541816409938110e+04 2.070039283122218421e+03 1.080525563411689291e+03 4.592007684901097342e+00
3.215848135262162941e+02 1.600591458503973081e+04 2.041699113951040317e+03 1.109219462308420134e+03 1.186927839425316833e+01
3.225848440456570643e+02 1.601132745903353862e+04 2.027159880380036839e+03 1.117349187118436703e+03 1.005006101190509504e+01
3.235848745650978344e+02 1.600370200598102747e+04 2.022907823156087034e+03 1.128683469072284879e+03 1.261279858286352429e+01
3.245849050845390593e+02 1.598816302160506893e+04 2.003379076715411429e+03 1.177938983527067421e+03 1.699461980951624440e+01
3.255849356039798295e+02 1.598377553118054493e+04 2.001513747729195529e+03 1.188351768742680633e+03 1.587826971337875470e+01
3.265849661234205996e+02 1.596860698999551096e+04 2.022950781737390116e+03 1.177895062118437863e+03 5.296078510990279042e+00
3.275849966428613698e+02 1.597364835973663321e+04 2.017914098660804029e+03 1.188397395837075464e+03 1.373061967217384804e+01
3.285850271623021399e+02 1.595880702347534134e+04 1.985322574203290742e+03 1.211732030038679568e+03 2.282256105768564325e+01
3.295850576817433648e+02 1.595265763997949034e+04 1.965451984149949340e+03 1.239629373679967557e+03 1.587719990015773419e+01
3.305850882011841350e+02 1.594539918166713869e+04 1.973134831602341592e+03 1.251620486796456589e+03 7.859217261903975071e+00
3.315851187206249051e+02 1.593564391237408381e+04 1.990751921174992503e+03 1.255634391839023920e+03 7.486253627725645288e+00
3.325851492400661300e+02 1.593199080932804827e+04 1.987327167609945036e+03 1.304783158792575477e+03 8.232314622736426557e+00
3.335851797595069002e+02 1.591826053737408438e+04 2.016835501340027804e+03 1.289326945030604747e+03 1.005006101190509504e+01
3.345852102789476703e+02 1.592477930299908439e+04 2.007192282549969832e+03 1.341749349401748532e+03 1.480511332604093333e+01
3.355852407983884405e+02 1.591460584273540007e+04 2.015320579605221383e+03 1.347492251255044266e+03 1.774308788427080685e+01
3.365852713178292106e+02 1.590050658655044390e+04 2.032544303345153139e+03 1.351409358630061433e+03 1.950975069214165458e+01
3.375853018372704355e+02 1.588996122413589546e+04 2.041406405970590413e+03 1.358340839185366121e+03 7.485451267808882037e+00
3.385853323567112056e+02 1.586897289176774029e+04 2.068951841387634886e+03 1.354533748542627109e+03 6.042273232650076764e+00
3.395853628761519758e+02 1.584904509064004742e+04 2.073944583170276019e+03 1.380945155595662982e+03 1.079812790670326628e+01
3.405853933955932007e+02 1.582620188966284331e+04 2.090101502141166748e+03 1.403380040552636729e+03 1.587425791379892637e+01
3.415854239150339708e+02 1.578745947383832754e+04 2.129987983331651321e+03 1.405369154443563502e+03 6.736314559787695444e+00
3.425854544344747410e+02 1.575703763915927993e+04 2.161678781456992510e+03 1.430646564739292671e+03 -3.095001488095402209e+00
3.435854849539155111e+02 1.572841722210254375e+04 2.145971804489632632e+03 1.460064385105681822e+03 -1.550210300750879677e-01
3.445855154733562813e+02 1.568638737164494887e+04 2.148725084543648336e+03 1.456142729235267097e+03 8.608621423227960534e+00
3.455855459927975062e+02 1.565384991242653814e+04 2.163645049070525602e+03 1.453875446423052153e+03 1.699742806922092697e+01
3.465855765122382763e+02 1.563063255454222417e+04 2.172845204845563785e+03 1.473302496661864552e+03 2.062931022793675950e+01
3.475856070316790465e+02 1.559406385638903521e+04 2.192426596606456769e+03 1.487610499618434233e+03 8.924751230044506656e+00
3.485856375511202714e+02 1.556252551946106905e+04 2.206951370262843284e+03 1.490736879497733526e+03 3.852766749178809569e+00
3.495856680705610415e+02 1.552235557765592603e+04 2.208463343859708857e+03 1.508633929599212706e+03 6.043744225829479788e+00
3.505856985900018117e+02 1.548901595573839586e+04 2.210828452419270434e+03 1.524470369147830070e+03 7.483712821325219977e+00
3.515857291094425818e+02 1.545027473360837212e+04 2.230345827470768654e+03 1.522540812118438907e+03 6.044011679133738824e+00
3.525857596288833520e+02 1.542022546424378925e+04 2.232973601081374909e+03 1.526067743873148629e+03 1.080160479967059040e+01
3.535857901483245769e+02 1.538508495523482088e+04 2.235014133693307031e+03 1.529526874618439251e+03 2.138018538244160993e+01
3.545858206677653470e+02 1.535578187756093939e+04 2.250188199632460964e+03 1.558009837041375022e+03 2.025220106752647453e+01
3.555858511872061172e+02 1.532709448097988752e+04 2.247700953929975185e+03 1.582216645234325370e+03 1.480792158574819695e+01
3.565858817066473421e+02 1.528115475052757574e+04 2.284361329897066298e+03 1.561799728685921309e+03 1.624628546141036267e+01
3.575859122260881122e+02 1.525073291584853177e+04 2.278646855871019852e+03 1.580357874164458963e+03 6.729895680464679231e+00
3.585859427455288824e+02 1.522577740615002404e+04 2.286661017872024786e+03 1.580030382496267748e+03 -9.041577380942813491e-01
3.595859732649696525e+02 1.520584695236790503e+04 2.274370090443445406e+03 1.613433395528066058e+03 3.854237742356218632e+00
3.605860037844104227e+02 1.518374331144534335e+04 2.280230146328345654e+03 1.614086104616762668e+03 3.100688054801345572e+00
3.615860343038516476e+02 1.516096204994904656e+04 2.290073276947740851e+03 1.613835795229742189e+03 4.231480629420628858e+00
3.625860648232924177e+02 1.514462912610268359e+04 2.276668795705756565e+03 1.639776859431201956e+03 1.005006101190509504e+01
3.635860953427331879e+02 1.511855326780635551e+04 2.267940763162493568e+03 1.645961249618435886e+03 7.481974374841556141e+00
3.645861258621744128e+02 1.509247740951002197e+04 2.288641043462582729e+03 1.647164610930469507e+03 5.668373511902854212e+00
3.655861563816151829e+02 1.506422862933869510e+04 2.304345072292005625e+03 1.665794537351910549e+03 3.100019421536713615e+00
3.665861869010559531e+02 1.503740366143179745e+04 2.325123969603621845e+03 1.676234187118438058e+03 4.232817895945909292e+00
3.675862174204967232e+02 1.500083761593303461e+04 2.361845133367125982e+03 1.677438827694795918e+03 9.672283218232166746e+00
3.685862479399374934e+02 1.497041578125399064e+04 2.369061753863606100e+03 1.691813068115504620e+03 8.237128782229033774e+00
3.695862784593787183e+02 1.493999394657493031e+04 2.360655349130034210e+03 1.706908955758188995e+03 1.005006101190509504e+01
3.705863089788194884e+02 1.490664901934854061e+04 2.366049318446554025e+03 1.707629892277749832e+03 1.337544168279961099e+01
3.715863394982602586e+02 1.486573752799794420e+04 2.372552349175815380e+03 1.701129523801276491e+03 2.024765436133813168e+01
3.725863700177014834e+02 1.483786383316277715e+04 2.370963302830134580e+03 1.721686022302014862e+03 1.261935118884323970e+01
3.735864005371422536e+02 1.479942129992138143e+04 2.353670789205110850e+03 1.729391599916765927e+03 2.395228381908132320e+01
3.745864310565830237e+02 1.475236679144556911e+04 2.330358177921697461e+03 1.727062770276284255e+03 1.948942424093826276e+01
3.755864615760237939e+02 1.471617742287563669e+04 2.336151128571759727e+03 1.717835294531604859e+03 7.101522048116610364e+00
3.765864920954645640e+02 1.468792851007158970e+04 2.329562180679892208e+03 1.753886526864665939e+03 6.805317512543671121e+00
3.775865226149057889e+02 1.465052873528597775e+04 2.327747812363649246e+03 1.740542378509661603e+03 1.775993744250487794e+01
3.785865531343465591e+02 1.459666393446348593e+04 2.334470549562652650e+03 1.731093305755133770e+03 3.271699608560851402e+01
3.795865836537873292e+02 1.456548954172310914e+04 2.306252657921925220e+03 1.745600731806533986e+03 3.301119472139212263e+01
3.805866141732285541e+02 1.452675216594198901e+04 2.314257554346571396e+03 1.734946449913719562e+03 2.024524728158784370e+01
3.815866446926693243e+02 1.449198435488022369e+04 2.310454596801020216e+03 1.756527639141877671e+03 1.662259226190534278e+01
3.825866752121100944e+02 1.445721654381845474e+04 2.323150682614059860e+03 1.739512428584438112e+03 6.719866181519097204e+00
3.835867057315508646e+02 1.442499846419323694e+04 2.321063962507857468e+03 1.762893684863806811e+03 6.808125772250347651e+00
3.845867362509916347e+02 1.440005329984700074e+04 2.293158292712944331e+03 1.782141922377550145e+03 1.738269455543900932e+01
3.855867667704328596e+02 1.438011939761412032e+04 2.297054467572173053e+03 1.761183308456104896e+03 2.024391001506256060e+01
3.865867972898736298e+02 1.436386698182965847e+04 2.302756868271449093e+03 1.751964929702212203e+03 1.224090476190621679e+01
3.875868278093143999e+02 1.435517502906421214e+04 2.283861129161170993e+03 1.777985308292058789e+03 1.957434066535689254e+01
3.885868583287556248e+02 1.434393268169860858e+04 2.262955321530926994e+03 1.782544748500660262e+03 2.100427976190447410e+01
3.895868888481963950e+02 1.433127235790832674e+04 2.269757518066585817e+03 1.788110543314650158e+03 2.024284020184154187e+01
3.905869193676371651e+02 1.431710134742108676e+04 2.257956402697378053e+03 1.805426238848891217e+03 1.147919774853848374e+01
3.915869498870779353e+02 1.429574933613080248e+04 2.276356433472420576e+03 1.788416145348765440e+03 3.096542528569392605e+00
3.925869804065187054e+02 1.427760942408783194e+04 2.273256536630038681e+03 1.793376848135198770e+03 5.244440919305892734e-01
3.935870109259599303e+02 1.424973877980525867e+04 2.279355953237573431e+03 1.784267064708776388e+03 -4.523335864812027651e+00
3.945870414454007005e+02 1.422904701420219862e+04 2.260955922462533181e+03 1.821828966073755282e+03 6.812538751788556723e+00
3.955870719648414706e+02 1.418624683289860695e+04 2.272261329496493090e+03 1.812711222780408661e+03 1.224090476190621679e+01
3.965871024842826955e+02 1.413192219443093018e+04 2.305856765113830988e+03 1.797025594282116344e+03 1.662259226190534278e+01
3.975871330037234657e+02 1.407977047783827948e+04 2.306954455137406057e+03 1.817172870338086568e+03 1.224090476190621679e+01
3.985871635231642358e+02 1.403527392402774240e+04 2.281548806309352585e+03 1.846741359614317389e+03 1.738643890171457684e+01
3.995871940426050060e+02 1.398519485897270170e+04 2.275663059508167862e+03 1.847636986785018280e+03 2.243100941879210453e+01
4.005872245620457761e+02 1.392255719942470205e+04 2.277347850142907646e+03 1.834693674586385669e+03 1.957781755832421666e+01
4.015872550814870010e+02 1.385764462343890227e+04 2.260660827894230806e+03 1.829302001861609824e+03 1.728413801245392989e+01
4.025872856009277712e+02 1.376741431779242885e+04 2.264349088835449493e+03 1.799765067772163093e+03 8.624133714934773209e+00
4.035873161203685413e+02 1.367321683481561377e+04 2.234448793147847482e+03 1.826083514950640847e+03 1.700518421507232958e+01
4.045873466398097662e+02 1.356636088490656402e+04 2.231164286715875733e+03 1.818578781835515883e+03 1.843071033208224563e+01
4.055873771592505364e+02 1.345553855346354067e+04 2.235653177687075640e+03 1.812518906709630983e+03 1.481460791838057389e+01
4.065874076786913065e+02 1.334319678156394912e+04 2.233352928162034914e+03 1.821426992793528825e+03 2.138727289503038520e+01
4.075874381981320766e+02 1.321167764447445006e+04 2.222657224130035502e+03 1.824048489684362039e+03 2.357825037168308668e+01
4.085874687175728468e+02 1.306712018033862660e+04 2.219552554111957306e+03 1.811298062118437656e+03 2.757681101190160788e+01
4.095874992370140717e+02 1.291539126495563687e+04 2.212652367086912818e+03 1.817585504154390719e+03 2.719341669881785961e+01
4.105875297564548418e+02 1.276061948967792705e+04 2.204660105539121560e+03 1.831440931819500975e+03 2.281159547216917360e+01
4.115875602758956120e+02 1.258319550454186538e+04 2.209260183426637468e+03 1.816652920458640438e+03 1.842977424551534682e+01
4.125875907953368369e+02 1.241408308152614336e+04 2.204542881959413535e+03 1.807864516659734363e+03 1.262470025494834402e+01
4.135876213147776070e+02 1.224600148002136302e+04 2.187351587736747206e+03 1.823757670260261648e+03 2.100427976190447410e+01
4.145876518342183772e+02 1.206194705250886909e+04 2.184767334257529910e+03 1.820900362311473145e+03 1.623852931555895651e+01
4.155876823536591473e+02 1.187762391110278440e+04 2.193160963726721548e+03 1.803903630016563966e+03 9.665864338906033026e+00
4.165877128730999175e+02 1.169368222140349462e+04 2.194250651661627671e+03 1.803208847345497588e+03 7.859217261903975071e+00
4.175877433925411424e+02 1.151549718971185757e+04 2.198568410245220548e+03 1.810072100469928728e+03 9.665596885599782695e+00
4.185877739119819125e+02 1.133182195914989825e+04 2.201149996361542890e+03 1.799245828595118610e+03 8.243815114861417825e+00
4.195878044314226827e+02 1.113842607643518022e+04 2.196549778086501192e+03 1.796633002273627881e+03 1.558594325073239695e+01
4.205878349508639076e+02 1.094899432049812640e+04 2.175445743277169640e+03 1.822532419314157778e+03 2.357998881816874359e+01
4.215878654703046777e+02 1.075125246140068521e+04 2.184087016332704934e+03 1.793642935115594810e+03 3.092265186064965832e+01
4.225878959897454479e+02 1.055747446381556074e+04 2.197231640274058464e+03 1.783199447556085488e+03 4.072187351190210336e+01
4.235879265091862180e+02 1.034657517348795955e+04 2.174357880380036931e+03 1.814317410215551945e+03 3.556965303946335411e+01
4.245879570286269882e+02 1.012390406597085348e+04 2.172739493042557115e+03 1.797325937118437196e+03 2.899685433615885088e+01
4.255879875480682131e+02 9.910951223217432926e+03 2.154062898851928821e+03 1.795686773091700843e+03 2.319512351190559230e+01
4.265880180675089832e+02 9.699406276801963031e+03 2.170567698098861911e+03 1.769660708882614017e+03 2.061861209572600728e+01
4.275880485869497534e+02 9.481464984763364555e+03 2.157317923904578947e+03 1.769923526631953791e+03 1.585098947624470256e+01
4.285880791063909783e+02 9.279377016650385485e+03 2.123222427938855162e+03 1.789929657190308944e+03 1.043599613138981219e+01
4.295881096258317484e+02 9.072943204787503419e+03 2.100353581608063905e+03 1.779383686344003081e+03 1.443174851190733676e+01
4.305881401452725186e+02 8.874177288447988758e+03 2.094942625401552505e+03 1.764724312118436956e+03 1.700879483469377007e+01
4.315881706647132887e+02 8.675286034186738107e+03 2.081953550833020927e+03 1.767052999618438207e+03 1.881343601190335235e+01
4.325882011841540589e+02 8.475754296513752706e+03 2.082359130380035822e+03 1.764313526128387366e+03 1.546318218362618779e+01
4.335882317035952838e+02 8.269959774368013314e+03 2.071129953769750045e+03 1.759245080857373978e+03 1.673289764651083811e+00
4.345882622230360539e+02 8.055601024767653143e+03 2.052459536630036837e+03 1.756231702660463952e+03 1.262764224130570412e+01
4.355882927424768241e+02 7.847761571323172575e+03 2.053134940991650183e+03 1.761984412206943261e+03 1.700946346795641162e+01
4.365883232619180490e+02 7.640176374805560954e+03 2.041772255849275552e+03 1.746778081410536061e+03 1.881343601190335235e+01
4.375883537813588191e+02 7.434510241134248645e+03 2.044746786635758326e+03 1.739520246310893526e+03 1.623545360254802716e+01
4.385883843007995893e+02 7.230633455507593681e+03 2.026613913312422710e+03 1.751987103617249431e+03 1.700986464791479236e+01
4.395884148202403594e+02 7.031871252884280693e+03 1.994820070746961392e+03 1.754997781145021690e+03 1.920084212456547945e+01
4.405884453396811296e+02 6.841668237672271061e+03 1.979674222699434495e+03 1.742387504093360803e+03 2.319512351190559230e+01
4.415884758591223544e+02 6.650194600988980710e+03 1.987918479846707669e+03 1.707743320381576950e+03 2.319512351190559230e+01
4.425885063785631246e+02 6.477124682831647988e+03 1.946925323831330843e+03 1.730206207013296307e+03 2.100427976190447410e+01
4.435885368980038947e+02 6.303285760155533353e+03 1.939353803682775833e+03 1.723074876941732327e+03 2.022839772335974828e+01
4.445885674174451196e+02 6.136350503261897757e+03 1.920809454536548401e+03 1.717471841321732200e+03 1.701066700783155383e+01
4.455885979368858898e+02 5.968260413262946713e+03 1.903776657824643735e+03 1.710192116588006002e+03 1.881343601190335235e+01
4.465886284563266599e+02 5.805038872569108207e+03 1.900515455721093758e+03 1.695689239032006299e+03 1.623425006267487447e+01
4.475886589757674301e+02 5.653314997229592336e+03 1.882669674877381567e+03 1.692799096632113560e+03 1.997886378955481135e+01
4.485886894952082002e+02 5.502608016965199567e+03 1.878330015840580245e+03 1.668422004142947571e+03 2.796542066443688768e+01
4.495887200146494251e+02 5.350884274258338337e+03 1.855997309450944613e+03 1.667745841874892221e+03 3.156975513271444456e+01
4.505887505340901953e+02 5.195830787080337359e+03 1.829770814789943188e+03 1.667181402024896215e+03 3.093428607942677289e+01
4.515887810535309654e+02 5.036572975266085450e+03 1.838562442880035178e+03 1.641978615481682482e+03 3.736399726442366642e+01
4.525888115729721903e+02 4.894942715291902459e+03 1.829619898205291292e+03 1.626504492019093732e+03 3.093508843934552388e+01
4.535888420924129605e+02 4.752683643585538448e+03 1.799310934445222983e+03 1.630074208058589420e+03 4.330199554770314307e+01
4.545888726118537306e+02 4.612453852516880033e+03 1.791080716050014871e+03 1.626917836537807034e+03 4.252330524945118384e+01
4.555889031312945008e+02 4.465849732856844639e+03 1.791336221337510779e+03 1.614446146455098642e+03 4.369180874011156845e+01
4.565889336507352709e+02 4.339189197618346043e+03 1.775236018924948894e+03 1.604716772672062916e+03 4.831621011463823834e+01
4.575889641701764958e+02 4.224407381542762778e+03 1.761435785262385025e+03 1.586501043612211788e+03 3.492896864672526647e+01
4.585889946896172660e+02 4.108465559685705557e+03 1.743288732799466516e+03 1.573771937118438700e+03 5.065508926909058118e+01
4.595890252090580361e+02 3.979872565696142374e+03 1.705007161744488258e+03 1.581587247184512080e+03 5.707838157476135166e+01
4.605890557284992610e+02 3.861132060784378154e+03 1.689474124915150924e+03 1.583756310924360605e+03 4.471334663953553701e+01
4.615890862479400312e+02 3.747512239981198491e+03 1.692844829284771777e+03 1.558555087926435590e+03 4.072187351190210336e+01
4.625891167673808013e+02 3.639486867367449122e+03 1.684054605069881518e+03 1.544167486300513929e+03 4.111235533757516691e+01
4.635891472868215715e+02 3.531376211913824591e+03 1.667384148548647318e+03 1.551893105723084545e+03 5.065709516887850583e+01
4.645891778062623416e+02 3.445854500510434718e+03 1.640765130380038499e+03 1.561801860793145352e+03 6.122096581986005503e+01
4.655892083257035665e+02 3.347294727326120210e+03 1.648075389352754655e+03 1.509235468114741252e+03 6.998460827316711175e+01
4.665892388451443367e+02 3.246715488325528895e+03 1.639944144159563393e+03 1.507737449585627019e+03 7.655740697647416937e+01
4.675892693645851068e+02 3.157235088085963071e+03 1.646186334875549846e+03 1.487610499618437643e+03 8.195675430296901709e+01
4.685892998840263317e+02 3.074428766388139593e+03 1.631646680141974002e+03 1.492267874618436736e+03 8.054834519749343258e+01
4.695893304034671019e+02 3.001943790438419455e+03 1.593943926834441299e+03 1.477296075615656719e+03 8.493016642414723094e+01
4.705893609229078720e+02 2.925889137424440833e+03 1.588276903790356528e+03 1.449519124961782381e+03 9.150283140079706357e+01
4.715893914423486422e+02 2.850611446892531603e+03 1.588932232736523019e+03 1.448022812118437287e+03 9.588465262745143036e+01
4.725894219617894123e+02 2.778902902893997179e+03 1.578665974130039558e+03 1.445277653009150072e+03 9.807563010410413540e+01
4.735894524812306372e+02 2.716663539408388715e+03 1.578254498307158428e+03 1.440620135868665329e+03 1.020654985119023479e+02
4.745894830006714074e+02 2.659548308482093034e+03 1.567408018078033592e+03 1.437212886398938963e+03 1.032417581484155846e+02
4.755895135201121775e+02 2.618261466529884274e+03 1.548766380380037390e+03 1.446772118026239696e+03 1.211611296005314529e+02
4.765895440395534024e+02 2.567115503863725735e+03 1.553778214865479185e+03 1.419905008591146952e+03 1.327373110119056037e+02
4.775895745589941725e+02 2.518693684662808209e+03 1.555666286630034392e+03 1.404612114241828522e+03 1.386889494137555232e+02
4.785896050784349427e+02 2.481363409423234771e+03 1.541693376317135517e+03 1.426822559379314725e+03 1.562162343203642081e+02
4.795896355978757128e+02 2.435341181418221367e+03 1.528066661630039789e+03 1.429217200062497568e+03 1.759343629769734889e+02
4.805896661173164830e+02 2.386141869204346222e+03 1.533079057665562004e+03 1.402524923419027118e+03 1.827338283564870949e+02
4.815896966367577079e+02 2.349980618771335230e+03 1.532254000206990440e+03 1.389805624618437150e+03 1.817219187760517798e+02
4.825897271561984780e+02 2.322121646168261123e+03 1.525766692880038590e+03 1.394880892632539144e+03 1.896992485119035905e+02
4.835897576756392482e+02 2.293482793163244423e+03 1.517628147535780727e+03 1.400612991809275854e+03 1.930699625180374142e+02
4.845897881950804731e+02 2.263841369417013084e+03 1.516566817880037206e+03 1.385148249618438058e+03 2.117773851340944589e+02
4.855898187145212432e+02 2.249410929326676978e+03 1.503001171764396986e+03 1.405451027360611533e+03 2.321123948392736906e+02
4.865898492339620134e+02 2.230855744232946108e+03 1.502946841793924477e+03 1.393862456086270413e+03 2.412697285579123161e+02
4.875898797534027835e+02 2.212250556603237783e+03 1.517213021637362544e+03 1.383839704350469901e+03 2.599783547138325162e+02
4.885899102728435537e+02 2.211297855765295026e+03 1.498994231151413942e+03 1.408251336976529274e+03 2.854813646364660826e+02
4.895899407922847786e+02 2.193304237614042449e+03 1.505298332763983581e+03 1.389152489108305645e+03 2.956479334024960508e+02
4.905899713117255487e+02 2.184612284848599757e+03 1.481653424219308363e+03 1.402101629066646183e+03 3.091874895277443329e+02
4.915900018311663189e+02 2.172574008521770338e+03 1.484781258178287999e+03 1.373318465947867935e+03 3.197477495591013508e+02
4.925900323506075438e+02 2.160101757930456642e+03 1.474154203643854544e+03 1.369873264969724914e+03 3.289058856376638005e+02
4.935900628700483139e+02 2.170575233409988414e+03 1.438182147690280090e+03 1.394462999618439653e+03 3.442421930676187003e+02
4.945900933894890841e+02 2.169792302455457047e+03 1.420382554340849310e+03 1.390875516018823191e+03 3.555915740761310531e+02
4.955901239089298542e+02 2.168010912374083546e+03 1.429582569728368071e+03 1.369916902097381126e+03 3.767107568723209283e+02
4.965901544283706244e+02 2.165837990499082480e+03 1.428338595908328898e+03 1.371176124618437598e+03 3.836785841074894279e+02
4.975901849478118493e+02 2.173532545199459491e+03 1.419553285256661411e+03 1.361441349497124065e+03 3.946332040374510939e+02
4.985902154672526194e+02 2.179267584073596026e+03 1.414123236347351622e+03 1.356363665094845828e+03 4.059831199525771126e+02
4.995902459866933896e+02 2.192485495824723785e+03 1.396777656239543376e+03 1.358464927825265477e+03 4.308737955328219869e+02
5.005902765061346145e+02 2.222122675323867043e+03 1.379399225451910979e+03 1.363769610575678371e+03 4.563735960157998761e+02
5.015903070255753846e+02 2.240109794471761234e+03 1.389014787900409829e+03 1.355521624885480833e+03 4.695191934224063175e+02
5.025903375450161548e+02 2.248199064151077437e+03 1.392590738825147810e+03 1.352321616237037915e+03 4.922198276125724874e+02
5.035903680644569249e+02 2.267363298701563508e+03 1.370006036836044132e+03 1.366097871654238133e+03 5.133371382356265258e+02
5.045903985838976951e+02 2.281002849874082585e+03 1.352853208794020702e+03 1.356361959409076235e+03 5.300722264520678664e+02
5.055904291033389200e+02 2.277049996877647118e+03 1.365796657418357199e+03 1.340283738902294544e+03 5.418191767988505489e+02
5.065904596227796901e+02 2.289487232430506083e+03 1.383388056074734777e+03 1.330301497203583722e+03 5.593464617054592054e+02
5.075904901422204603e+02 2.308257680431100198e+03 1.364768880380037899e+03 1.359111240592314061e+03 5.768737466120668387e+02
5.085905206616616852e+02 2.315769599874085088e+03 1.372917954788342286e+03 1.341545519952009954e+03 5.969885085203763992e+02
5.095905511811024553e+02 2.326428893796329248e+03 1.362269701738302956e+03 1.354655278653870482e+03 6.181040806969480172e+02
5.105905817005432255e+02 2.340459048333425017e+03 1.370402210419176299e+03 1.335199516037896728e+03 6.302494027419000986e+02
5.115906122199839956e+02 2.352111496073649050e+03 1.375234208490734318e+03 1.328619122470626962e+03 6.609220176018105803e+02
5.125906427394247658e+02 2.363967800306696518e+03 1.350552116943855253e+03 1.335401497661379608e+03 6.846249330534197952e+02
5.135906732588659906e+02 2.370486698564417111e+03 1.352851945306333391e+03 1.333277634594480787e+03 7.073286429566041988e+02
5.145907037783067608e+02 2.379178518697139225e+03 1.338217528996363171e+03 1.359316207165894184e+03 7.286468110119053563e+02
5.155907342977475309e+02 2.371082617381755881e+03 1.333821434176272987e+03 1.367579686168521221e+03 7.342212065266894570e+02
5.165907648171887558e+02 2.371275995889584010e+03 1.347204155352572798e+03 1.353607134747075634e+03 7.451758264566510661e+02
5.175907953366295260e+02 2.384313925037747140e+03 1.346163181887312476e+03 1.350849325134983246e+03 7.591169637197435804e+02
5.185908258560702961e+02 2.392216580478022479e+03 1.320651680868728363e+03 1.380913884689851329e+03 7.832169136030041727e+02
5.195908563755110663e+02 2.398735478735746710e+03 1.318769505380037344e+03 1.379221417982751518e+03 8.047279154913917409e+02
5.205908868949518364e+02 2.399723592510318213e+03 1.324205590952731427e+03 1.364190062118437254e+03 8.222552003980024438e+02
5.215909174143930613e+02 2.396957935003295461e+03 1.336123929901644715e+03 1.364190062118437254e+03 8.445625445027962996e+02
5.225909479338338315e+02 2.405254642258910735e+03 1.341350838068645999e+03 1.371176124618437598e+03 8.616914577112264624e+02
5.235909784532746016e+02 2.409600618641631627e+03 1.334450791431126390e+03 1.366518749618438505e+03 8.770278988678364840e+02
5.245910089727158265e+02 2.414737616574895583e+03 1.330894775534309474e+03 1.372871576275646703e+03 8.985380983963142398e+02
5.255910394921565967e+02 2.424415693624085179e+03 1.319188281353989623e+03 1.373713474344522638e+03 9.077007811810584599e+02
5.265910700115973668e+02 2.426984391539795979e+03 1.322326223214455013e+03 1.360164785837383306e+03 9.278179501691084852e+02
5.275911005310381370e+02 2.432518093942820087e+03 1.339050167381045640e+03 1.343024633797157321e+03 9.467378644361835995e+02
5.285911310504789071e+02 2.457608889017165438e+03 1.309977596514915376e+03 1.386639445404454818e+03 9.654629389703756033e+02
5.295911615699201320e+02 2.476961992562961314e+03 1.291805274298279528e+03 1.392121377334662839e+03 9.917538663303013209e+02
5.305911920893609022e+02 2.481704275517280621e+03 1.320230518306926342e+03 1.359327578404376482e+03 1.017245643214111510e+03
5.315912226088016723e+02 2.487033988794766628e+03 1.306228547777260701e+03 1.370955664732432524e+03 1.027001269976605954e+03
5.325912531282428972e+02 2.483877727923168550e+03 1.319810198070247907e+03 1.359753999847338719e+03 1.039155150527335763e+03
5.335912836476836674e+02 2.489603349874084415e+03 1.297850360935336312e+03 1.380065732439808016e+03 1.049309951347926699e+03
5.345913141671244375e+02 2.492569945954050581e+03 1.284070202688222707e+03 1.372654243480213154e+03 1.063655611735214507e+03
5.355913446865652077e+02 2.506798651675108886e+03 1.304129333181722814e+03 1.365040915037620380e+03 1.087355317747161280e+03
5.365913752060059778e+02 2.524370099874083735e+03 1.293049528893360048e+03 1.375833499618436690e+03 1.100100537555803839e+03
5.375914057254472027e+02 2.517056864247785143e+03 1.290131293502633071e+03 1.369473281656219342e+03 1.124011932858870068e+03
5.385914362448879729e+02 2.509557014382452508e+03 1.302669724130035547e+03 1.360810245761543001e+03 1.150490746165723294e+03
5.395914667643287430e+02 2.517453833982992364e+03 1.297228303831557923e+03 1.377111484682983473e+03 1.164036988623604657e+03
5.405914972837699679e+02 2.515678412374082200e+03 1.296190699666800356e+03 1.387050799956438368e+03 1.181163361025639233e+03
5.415915278032107381e+02 2.516871708968686562e+03 1.300790777554318993e+03 1.374554661711000790e+03 1.192519027186829135e+03
5.425915583226515082e+02 2.528715943624082684e+03 1.295963973821027821e+03 1.370126701447313508e+03 1.217822383217086326e+03
5.435915888420922784e+02 2.531286896296060604e+03 1.274227493231394192e+03 1.383672689285315755e+03 1.243712130619114305e+03
5.445916193615330485e+02 2.527521453334990838e+03 1.274455903727404120e+03 1.383868132446678146e+03 1.266607871995468031e+03
5.455916498809742734e+02 2.519625960061664045e+03 1.291591464104400529e+03 1.379015882847242665e+03 1.282345760563269778e+03
5.465916804004150436e+02 2.513107061803940269e+03 1.293469849130037346e+03 1.387903927123319136e+03 1.293884498511901711e+03
5.475917109198558137e+02 2.503219557687634278e+03 1.295769817880038545e+03 1.392561444263802059e+03 1.297682736626485848e+03
5.485917414392970386e+02 2.485835652156743436e+03 1.302057774927743139e+03 1.388523801760899005e+03 1.316194918329703569e+03
5.495917719587378087e+02 2.472219974874084983e+03 1.298448271385570706e+03 1.394079788881702143e+03 1.319592243939712262e+03
5.505918024781785789e+02 2.471422056422030437e+03 1.270703906851837246e+03 1.424499273217594464e+03 1.339310372596318985e+03
5.515918329976193490e+02 2.461355365499082382e+03 1.311259334577982145e+03 1.385148249618434875e+03 1.353439663259659710e+03
5.525918635170601192e+02 2.472619199365550685e+03 1.295534388007996768e+03 1.416704715661740693e+03 1.360817362685129410e+03
5.535918940365013441e+02 2.464902495000701492e+03 1.289292618454566764e+03 1.405678452130185633e+03 1.369581138865089997e+03
5.545919245559421142e+02 2.461355365499085565e+03 1.282578585281840560e+03 1.414376881004631286e+03 1.384514661617333786e+03
5.555919550753828844e+02 2.455810654580182927e+03 1.273008087227453188e+03 1.408381537657110812e+03 1.392875385666271768e+03
5.565919855948241093e+02 2.448317834249085081e+03 1.305392820867127739e+03 1.367803983847516974e+03 1.404057207179050010e+03
5.575920161142648794e+02 2.448717721904161863e+03 1.295953444756980161e+03 1.394277079869307499e+03 1.430523182727251651e+03
5.585920466337056496e+02 2.452263657711283031e+03 1.277370067880035776e+03 1.407149037546475483e+03 1.437499301014881439e+03
5.595920771531464197e+02 2.442371378817005734e+03 1.285117072429338805e+03 1.392134312118438402e+03 1.449434404761903579e+03
5.605921076725871899e+02 2.420641629536124128e+03 1.285722563805694335e+03 1.397220667090052757e+03 1.447243561011905513e+03
5.615921381920284148e+02 2.414351920621011232e+03 1.281546175455344155e+03 1.402736428454731595e+03 1.452836410804755133e+03
5.625921687114691849e+02 2.419268748236715055e+03 1.275494069442248474e+03 1.403960115855541744e+03 1.465981874484712080e+03
5.635921992309099551e+02 2.415323322672678842e+03 1.275673625081099999e+03 1.393422531297616160e+03 1.482126158349845355e+03
5.645922297503511800e+02 2.411378162374084695e+03 1.252673376031013277e+03 1.406535985651980809e+03 1.498037089206148266e+03
5.655922602697919501e+02 2.402854653164841238e+03 1.244143711054366122e+03 1.403098602400282516e+03 1.500632322353695145e+03
5.665922907892327203e+02 2.389648943624082676e+03 1.270717384053814840e+03 1.376263332432939478e+03 1.511586808556995720e+03
5.675923213086734904e+02 2.394797215338665865e+03 1.280695988630589227e+03 1.382210774438371345e+03 1.518159607260300390e+03
5.685923518281142606e+02 2.403489168104105829e+03 1.258296598168682749e+03 1.405068100904828725e+03 1.532114250915306457e+03
5.695923823475554855e+02 2.408803761251349442e+03 1.244570348729472016e+03 1.405853569202759445e+03 1.547045901494419695e+03
5.705924128669962556e+02 2.397939019243628536e+03 1.258970317880036191e+03 1.387730657876995110e+03 1.560191365174373459e+03
5.715924433864370258e+02 2.400915297512258348e+03 1.245769538930441968e+03 1.426458111186063888e+03 1.572931770823521447e+03
5.725924739058782507e+02 2.391985401644589274e+03 1.261349465191664194e+03 1.408785643044541530e+03 1.584696640541755187e+03
5.735925044253190208e+02 2.379186344027706127e+03 1.264938472155803765e+03 1.402566997001396658e+03 1.604414769198367139e+03
5.745925349447597910e+02 2.373796415494695793e+03 1.237673250229881660e+03 1.412835367488333759e+03 1.611151383051138509e+03
5.755925654642005611e+02 2.344983680991899291e+03 1.235715827030152241e+03 1.398516135433761519e+03 1.612773621074162975e+03
5.765925959836413313e+02 2.333313858365168926e+03 1.212545007142537315e+03 1.411367482741190088e+03 1.624701904761902824e+03
5.775926265030825562e+02 2.307238132701555969e+03 1.213566607129943122e+03 1.389805624618437150e+03 1.628516190074806445e+03
5.785926570225233263e+02 2.296615975941308079e+03 1.176082998742057953e+03 1.411887432620633263e+03 1.643040642996660608e+03
5.795926875419640965e+02 2.292429158824292699e+03 1.143119166579909461e+03 1.427666589555417204e+03 1.656592100793992358e+03
5.805927180614053214e+02 2.271663516795389569e+03 1.136645476842450535e+03 1.395665792368534539e+03 1.661539986941219695e+03
5.815927485808460915e+02 2.247602880068302056e+03 1.128038879504509850e+03 1.379458081883592058e+03 1.660974590653912855e+03
5.825927791002868616e+02 2.244466381472197099e+03 1.098565361879533839e+03 1.395759320805031848e+03 1.668112250737915701e+03
5.835928096197276318e+02 2.242853169681582585e+03 1.083745774429892208e+03 1.402913251213079775e+03 1.668925442512543441e+03
5.845928401391684019e+02 2.226028443704202346e+03 1.085191485117038155e+03 1.398088861147915850e+03 1.671523216466486929e+03
5.855928706586096268e+02 2.190453562532591150e+03 1.076681614780789687e+03 1.403943769700228358e+03 1.682477702669797054e+03
5.865929011780503970e+02 2.157300554854092752e+03 1.083908623953786901e+03 1.392834353987294662e+03 1.688643437442503000e+03
5.875929316974911671e+02 2.132993884428768979e+03 1.054435667878895856e+03 1.419645744353832924e+03 1.701226580548160882e+03
5.885929622169323920e+02 2.112071868421316594e+03 1.048228433655539902e+03 1.399717222498094998e+03 1.714526498511905174e+03
5.895929927363731622e+02 2.093879699086107848e+03 1.032023502152601623e+03 1.405510157800701108e+03 1.719723116233018345e+03
5.905930232558139323e+02 2.061436674365364070e+03 1.015868969769572232e+03 1.400745040316113091e+03 1.727111112610741657e+03
5.915930537752547025e+02 2.015652919993456408e+03 1.038761120428795721e+03 1.387748567577599260e+03 1.744230664953488258e+03
5.925930842946954726e+02 2.004637241948757946e+03 1.006720055439559474e+03 1.421812675986468321e+03 1.754777418592933373e+03
5.935931148141366975e+02 1.989171603467744490e+03 9.892872946814464967e+02 1.403664747936047888e+03 1.762725061011904927e+03
5.945931453335774677e+02 1.959559358920236264e+03 9.855893470013060096e+02 1.390354002594082658e+03 1.759717949774264298e+03
5.955931758530182378e+02 1.934441772036163684e+03 9.575174583820030421e+02 1.424619808345478759e+03 1.753961686011906750e+03
5.965932063724594627e+02 1.898716220093017228e+03 9.747879311662927648e+02 1.373504812118438849e+03 1.756969332156156725e+03
5.975932368919002329e+02 1.890282105338017573e+03 9.532300235028612860e+02 1.394739747134921572e+03 1.766550044457018203e+03
5.985932674113410030e+02 1.885677362515810501e+03 9.460197204448152206e+02 1.399711536878862489e+03 1.781625317461042414e+03
5.995932979307817732e+02 1.862585475185957876e+03 9.632868239286093512e+02 1.390674671519186404e+03 1.771488436011903104e+03
6.005933284502225433e+02 1.851314877050695259e+03 9.501917567820194108e+02 1.404647080800148615e+03 1.772306308219371886e+03
6.015933589696637682e+02 1.834742418509443951e+03 9.754919745821051720e+02 1.396511528230411614e+03 1.782442654761902531e+03
6.025933894891045384e+02 1.825644609616462958e+03 9.852740366300366759e+02 1.374963599874799684e+03 1.783670265433024952e+03
6.035934200085453085e+02 1.815591579863820698e+03 9.739255306272459620e+02 1.374374996143033286e+03 1.798597235579290327e+03
6.045934505279865334e+02 1.806087516945127845e+03 9.545147097038778838e+02 1.388347405424001636e+03 1.804760563272250920e+03
6.055934810474273036e+02 1.789251649819145086e+03 9.671543597336394669e+02 1.381078056945389790e+03 1.806541936011902408e+03
6.065935115668680737e+02 1.768193287374082729e+03 9.825439205169155912e+02 1.372918198353403341e+03 1.806541936011902408e+03
6.075935420863088439e+02 1.773352169706379300e+03 9.674531043774767340e+02 1.395769981341104312e+03 1.806541936011902408e+03
6.085935726057496140e+02 1.776071671026347985e+03 9.576744116300355927e+02 1.399705851259623842e+03 1.809142785678859354e+03
6.095936031251908389e+02 1.763033874510901796e+03 9.635660547070823441e+02 1.377290297408063225e+03 1.811333763155514589e+03
6.105936336446316091e+02 1.764254360813395351e+03 9.710435152168333843e+02 1.376269586614102991e+03 1.820917818622691357e+03
6.115936641640723792e+02 1.769007387018149075e+03 9.637126192785906369e+02 1.390678082890730366e+03 1.825849122664992365e+03
6.125936946835136041e+02 1.769144661884816287e+03 9.667292663212600701e+02 1.375107588182033851e+03 1.821877842261904107e+03
6.135937252029543743e+02 1.769822547723992784e+03 9.640006944708560468e+02 1.381508174040864787e+03 1.823658011461684737e+03
6.145937557223951444e+02 1.775662631713491010e+03 9.271999309831785467e+02 1.406397256542536752e+03 1.816674538208160357e+03
6.155937862418359146e+02 1.765612785146163333e+03 9.507745053800354071e+02 1.361861374618436230e+03 1.813936351268954468e+03
6.165938167612766847e+02 1.763439730638443734e+03 9.310801016650601696e+02 1.378162187118434531e+03 1.822288917992080997e+03
6.175938472807179096e+02 1.751351451775634359e+03 9.382697677575769148e+02 1.367829995555536016e+03 1.826670739218737253e+03
6.185938778001586797e+02 1.739537324747997445e+03 9.320837320498324061e+02 1.396649120216006850e+03 1.825848186578423338e+03
6.195939083195994499e+02 1.733426537374083637e+03 9.221708288326989305e+02 1.396496177058471631e+03 1.823657209101770150e+03
6.205939388390406748e+02 1.732201806824502000e+03 9.305068994184445046e+02 1.380490874618438966e+03 1.824480296648694548e+03
6.215939693584814449e+02 1.719980629974834756e+03 9.315102490281764176e+02 1.391993877323224524e+03 1.825303919102228747e+03
6.225939998779222151e+02 1.712644714153175528e+03 9.368366919472858854e+02 1.397369203892686301e+03 1.836801870421812282e+03
6.235940303973629852e+02 1.701779706880013464e+03 9.448769660271265138e+02 1.380052939796517649e+03 1.830229205445160233e+03
6.245940609168037554e+02 1.686568855856849268e+03 9.310767323645658280e+02 1.390105398892832682e+03 1.831053362805302640e+03
6.255940914362449803e+02 1.670949098153548675e+03 9.299388915100973918e+02 1.401586654104029776e+03 1.832832061011903534e+03
6.265941219556857504e+02 1.656556193123375579e+03 9.438745991300351079e+02 1.383257923361799158e+03 1.834610491765201232e+03
6.275941524751265206e+02 1.647864240357931749e+03 9.438745991300351079e+02 1.390682631386121784e+03 1.825846983038550206e+03
6.285941829945677455e+02 1.638353678435888241e+03 9.411413944914630747e+02 1.406545082642760917e+03 1.816670793861885159e+03
6.295942135140085156e+02 1.618796851030006337e+03 9.401414141822281181e+02 1.400132699124020291e+03 1.810510809335242129e+03
6.305942440334492858e+02 1.610389130186563079e+03 9.598419949481086633e+02 1.381063842897293171e+03 1.808319831858588941e+03
6.315942745528900559e+02 1.609694399991779164e+03 9.691742553800349924e+02 1.376272571564203190e+03 1.808732779761903657e+03
6.325943050723308261e+02 1.585791596203172048e+03 9.765079590686901838e+02 1.377590355963423917e+03 1.803937876905286203e+03
6.335943355917720510e+02 1.568817525781463473e+03 9.778099129347459666e+02 1.382072756031332347e+03 1.798729357512087290e+03
6.345943661112128211e+02 1.562585909998337229e+03 9.900035518115519153e+02 1.373681919157744233e+03 1.792032995381753381e+03
6.355943966306535913e+02 1.559304311205003387e+03 9.704769111836862976e+02 1.406367407041535444e+03 1.800383021298482618e+03
6.365944271500948162e+02 1.537042837343942665e+03 9.976425983575144301e+02 1.354875312118439069e+03 1.802987749038368520e+03
6.375944576695355863e+02 1.534869650203502260e+03 9.831015397487400378e+02 1.385459110850356865e+03 1.807491127792253792e+03
6.385944881889763565e+02 1.521831853688057436e+03 9.765088013938147924e+02 1.380619227472767761e+03 1.793396873511905142e+03
6.395945187084171266e+02 1.519539562363779623e+03 9.670003546235408294e+02 1.376713917757665513e+03 1.802574399955091167e+03
6.405945492278578968e+02 1.525355374565268903e+03 9.661886339794136802e+02 1.365764978647776616e+03 1.796535705502385099e+03
6.415945797472991217e+02 1.506620604766731958e+03 9.913038210273537061e+02 1.350658430469014320e+03 1.788600767115412054e+03
6.425946102667398918e+02 1.503919141496878183e+03 9.730277524330026608e+02 1.368155781537956955e+03 1.779422705765612818e+03
6.435946407861806620e+02 1.501451642347612506e+03 9.512098470814200937e+02 1.393140666723825234e+03 1.768053533212511184e+03
6.445946713056218869e+02 1.487063512095402302e+03 9.640162774856512442e+02 1.374510740302374415e+03 1.762725061011904927e+03
6.455947018250626570e+02 1.481367599874084362e+03 9.783741303800363767e+02 1.366959811530939305e+03 1.763554968618113207e+03
6.465947323445034272e+02 1.489121441400933918e+03 9.801171818358130849e+02 1.373946016171417341e+03 1.771488436011903104e+03
6.475947628639441973e+02 1.491408560049075277e+03 9.999456556329663499e+02 1.374950807231512499e+03 1.768882371005497134e+03
6.485947933833849675e+02 1.485301486391358821e+03 1.005537711741052817e+03 1.369288925452378635e+03 1.761478996062723127e+03
6.495948239028261924e+02 1.478370498268187021e+03 9.954653283005162621e+02 1.377158391041712093e+03 1.748749021092474550e+03
6.505948544222669625e+02 1.467505623627743262e+03 9.865830098721165768e+02 1.381494244273720142e+03 1.748220399634637488e+03
6.515948849417077327e+02 1.463571869743191655e+03 1.004983181034676363e+03 1.368847437118436346e+03 1.750939329935867136e+03
6.525949154611489575e+02 1.458813405596857365e+03 1.009263877312829891e+03 1.373946869014304411e+03 1.745198311011902206e+03
6.535949459805897277e+02 1.447535910560082357e+03 1.001810563456627506e+03 1.384146159227484304e+03 1.742591443645579375e+03
6.545949765000304978e+02 1.437083656315975077e+03 1.010895039914692461e+03 1.374181116526971891e+03 1.735186463982971645e+03
6.555950070194712680e+02 1.431390396749083493e+03 1.034125243723520271e+03 1.358857661974225948e+03 1.719433865483387081e+03
6.565950375389120381e+02 1.430977378454587097e+03 1.008273724130038659e+03 1.391249061202857547e+03 1.707121117669341857e+03
6.575950680583532630e+02 1.426218251144643091e+03 1.029734624016737371e+03 1.364747679225346246e+03 1.696583189988969707e+03
6.585950985777940332e+02 1.426524765363843926e+03 1.030511247780695385e+03 1.384034152528463665e+03 1.699607284511491571e+03
6.595951290972348033e+02 1.438322578566744369e+03 1.028311796495441058e+03 1.384375573963798615e+03 1.698356940309423635e+03
6.605951596166760282e+02 1.436668515897931911e+03 1.050659945512337117e+03 1.378049469717019065e+03 1.686985494403221765e+03
6.615951901361167984e+02 1.424871631124083251e+03 1.038173317880037530e+03 1.388918952298043450e+03 1.674257124152810775e+03
6.625952206555575685e+02 1.427044552999081134e+03 1.051425197887131844e+03 1.374946543017081240e+03 1.667684325449506787e+03
6.635952511749983387e+02 1.433046183643270524e+03 1.053396800226448477e+03 1.380823909765382041e+03 1.658503322113353533e+03
6.645952816944391088e+02 1.445256086711618991e+03 1.048249772558663608e+03 1.392244186710244776e+03 1.647966196792897563e+03
6.655953122138803337e+02 1.455706749363074096e+03 1.062926726287381143e+03 1.369844410452074726e+03 1.637429338925746379e+03
6.665953427333211039e+02 1.454463848130660608e+03 1.078149927858750289e+03 1.358644593393235709e+03 1.633047517699095579e+03
6.675953732527618740e+02 1.452190125387380704e+03 1.076501778366901817e+03 1.371849017655420539e+03 1.630438644432983665e+03
6.685954037722030989e+02 1.461396693111925515e+03 1.061067293577030796e+03 1.406657800044182068e+03 1.616457255447442094e+03
6.695954342916438691e+02 1.455292537374083395e+03 1.088667620514628879e+03 1.373611133198212428e+03 1.602375304019136593e+03
6.705954648110846392e+02 1.457465459249084461e+03 1.088437806143403122e+03 1.379496033392013942e+03 1.594547748134226367e+03
6.715954953305254094e+02 1.460468396694718422e+03 1.078590604285911013e+03 1.374943984488424576e+03 1.580466599065833634e+03
6.725955258499661795e+02 1.459223240706043271e+03 1.086472661630036100e+03 1.374394611529408394e+03 1.575666213416455776e+03
6.735955563694074044e+02 1.459223108073321100e+03 1.092830812438039402e+03 1.385148249618438058e+03 1.575149894810660498e+03
6.745955868888481746e+02 1.457465459249084461e+03 1.109912042844558755e+03 1.378607371104886852e+03 1.570446327257784105e+03
6.755956174082889447e+02 1.460053919440285654e+03 1.113971488390242257e+03 1.385695632610717439e+03 1.555109886101174425e+03
6.765956479277301696e+02 1.459638381124082343e+03 1.142551860609164805e+03 1.363643247688088195e+03 1.541030742932567364e+03
6.775956784471709398e+02 1.461811302999080453e+03 1.127971493494622109e+03 1.400902816250006708e+03 1.536229688649928221e+03
6.785957089666117099e+02 1.459222444909714341e+03 1.135553823482260668e+03 1.387131109328197681e+03 1.527466046196622756e+03
6.795957394860524801e+02 1.459638381124082343e+03 1.137610360271543414e+03 1.394363785562706653e+03 1.518702403743319564e+03
6.805957700054932502e+02 1.457049257769273936e+03 1.142455695157542095e+03 1.379251267483763968e+03 1.512129605040012393e+03
6.815958005249344751e+02 1.453119615499082101e+03 1.161049601098538460e+03 1.369642002407152404e+03 1.500335582911510528e+03
6.825958310443752453e+02 1.455709004119337806e+03 1.140349461185980772e+03 1.401002741008142266e+03 1.484068003072654619e+03
6.835958615638160154e+02 1.462227902377058172e+03 1.149358549545479036e+03 1.379597948116880616e+03 1.483137131843710677e+03
6.845958920832572403e+02 1.466573878759780882e+03 1.154684009751939584e+03 1.394367339074739220e+03 1.485418241084232022e+03
6.855959226026980105e+02 1.468330068624083879e+03 1.140695656811781646e+03 1.398673627086697707e+03 1.477495070642693463e+03
6.865959531221387806e+02 1.464906154920663084e+03 1.166785414027717934e+03 1.391334771912888982e+03 1.473533686011906411e+03
6.875959836415795507e+02 1.458299719066802481e+03 1.193688155375459473e+03 1.382632505245453103e+03 1.473954256334419824e+03
6.885960141610203209e+02 1.469164593707244421e+03 1.186787968350419078e+03 1.414434021477981787e+03 1.474883121663573320e+03
6.895960446804615458e+02 1.473093307548387202e+03 1.177496841462027987e+03 1.422052040556447537e+03 1.463507797684445450e+03
6.905960751999023159e+02 1.475266362056106573e+03 1.200938890039440594e+03 1.394015541384291737e+03 1.452974149256958754e+03
6.915961057193430861e+02 1.477021756124082003e+03 1.207486844775295140e+03 1.402791863242316367e+03 1.444631612032779913e+03
6.925961362387843110e+02 1.481367599874084362e+03 1.195986720250251437e+03 1.412644757103330903e+03 1.442440634556125360e+03
6.935961667582250811e+02 1.474012982838703692e+03 1.203682904517100951e+03 1.396343802462848544e+03 1.440249657079474673e+03
6.945961972776658513e+02 1.470502990499084945e+03 1.209785971200171616e+03 1.401897088914505730e+03 1.439323198830068804e+03
6.955962277971066214e+02 1.465320764807818023e+03 1.209698930937395744e+03 1.407450943928087327e+03 1.442861873511903241e+03
6.965962583165473916e+02 1.459638381124082343e+03 1.231641360019744752e+03 1.406729012425168776e+03 1.437636638287130609e+03
6.975962888359886165e+02 1.460056837360158397e+03 1.279670036630036975e+03 1.379421125358536528e+03 1.430220024405740105e+03
6.985963193554293866e+02 1.468748657492880739e+03 1.260827223615021694e+03 1.428410410692415326e+03 1.413536822130518203e+03
6.995963498748701568e+02 1.461890617366496144e+03 1.285874884265534547e+03 1.408156387135228442e+03 1.405195354719557599e+03
7.005963803943113817e+02 1.448773771749086109e+03 1.327165942599632899e+03 1.395192180285909217e+03 1.403848994780901194e+03
7.015964109137521518e+02 1.443170967698199092e+03 1.308517566300658928e+03 1.411829012882945790e+03 1.404350202274948515e+03
7.025964414331929220e+02 1.436574479298450342e+03 1.343100066575332903e+03 1.409250584557856882e+03 1.392049891039602244e+03
7.035964719526336921e+02 1.446181597841681423e+03 1.348144190190509789e+03 1.425267400376847490e+03 1.390281623511907355e+03
7.045965024720744623e+02 1.436651008378710685e+03 1.375300471400450078e+03 1.402878853216681591e+03 1.389858779836299391e+03
7.055965329915156872e+02 1.429636992171929705e+03 1.382724584652377189e+03 1.402348242801157767e+03 1.386745890816428755e+03
7.065965635109564573e+02 1.433982968554653098e+03 1.379901251225576061e+03 1.407985392136598875e+03 1.391626245004077646e+03
7.075965940303972275e+02 1.435316457935796279e+03 1.395557127135438122e+03 1.405656562496117431e+03 1.383285847406337780e+03
7.085966245498384524e+02 1.434403149016108273e+03 1.401123913489814413e+03 1.405127799906849305e+03 1.373252202933022090e+03
7.095966550692792225e+02 1.436228971059152173e+03 1.392368505380035685e+03 1.417749874618434887e+03 1.369643722938522842e+03
7.105966855887199927e+02 1.422278528787631103e+03 1.404236866371613360e+03 1.409863210030908476e+03 1.371907581440855211e+03
7.115967161081607628e+02 1.415339317435732482e+03 1.422712987182820370e+03 1.403777749618437610e+03 1.371411589286257367e+03
7.125967466276015330e+02 1.412254545600977963e+03 1.428277948499429613e+03 1.410237465917339250e+03 1.380175231739562378e+03
7.135967771470427579e+02 1.415759365264463440e+03 1.412177886474386696e+03 1.420078562118436139e+03 1.385899936011905311e+03
7.145968076664835280e+02 1.405805412154725218e+03 1.412104183026073997e+03 1.418275083695681587e+03 1.380245705685500752e+03
7.155968381859242982e+02 1.392277802999081814e+03 1.427758935835767033e+03 1.395889663626099264e+03 1.372330558843117160e+03
7.165968687053655231e+02 1.387931959249082865e+03 1.431467974130036055e+03 1.398145148778392922e+03 1.365333445471022060e+03
7.175968992248062932e+02 1.389262663343075474e+03 1.426422306252129374e+03 1.406178644482778509e+03 1.356569803017716367e+03
7.185969297442470634e+02 1.373630703429406594e+03 1.439259621910891838e+03 1.388759754959336078e+03 1.348230876413159194e+03
7.195969602636878335e+02 1.373564254435976409e+03 1.425976014324141488e+03 1.438185695850807406e+03 1.344273904761902486e+03
7.205969907831286037e+02 1.382677713990083930e+03 1.439637123953776836e+03 1.422547400132700886e+03 1.346889731813953858e+03
7.215970213025698285e+02 1.390526520545474114e+03 1.458689816312099538e+03 1.404612114241832614e+03 1.353037279761904074e+03
7.225970518220105987e+02 1.390590714782641271e+03 1.443792875338606336e+03 1.416914515011680123e+03 1.347805090751192211e+03
7.235970823414513688e+02 1.379662176435913352e+03 1.461434673114886664e+03 1.399052431468522627e+03 1.345124673725919592e+03
7.245971128608925937e+02 1.380147081665418455e+03 1.443861244061139587e+03 1.424283646107938694e+03 1.353037279761904074e+03
7.255971433803333639e+02 1.366202740499084030e+03 1.470501741520396990e+03 1.400091762665496162e+03 1.350846436011906007e+03
7.265971738997741340e+02 1.373988413879073960e+03 1.474720386514446318e+03 1.406040626075740420e+03 1.351698007335838838e+03
7.275972044192149042e+02 1.391372186777236266e+03 1.470567442880036424e+03 1.433532869346199959e+03 1.359609811011904185e+03
7.285972349386556743e+02 1.394028157023644326e+03 1.484750934473830512e+03 1.432239248828750533e+03 1.367460501607717106e+03
7.295972654580968992e+02 1.394450724874083107e+03 1.503661835436345655e+03 1.422407249618433980e+03 1.373181060353829935e+03
7.305972959775376694e+02 1.391009303651435175e+03 1.507366942880035822e+03 1.424735937118435231e+03 1.376283919874752428e+03
7.315973264969784395e+02 1.384432046996290410e+03 1.506471551273646355e+03 1.424282651124570521e+03 1.366182342261904523e+03
7.325973570164196644e+02 1.394873823255411935e+03 1.502767005380036608e+03 1.416328043387131856e+03 1.370564029761903612e+03
7.335973875358604346e+02 1.392277802999081814e+03 1.492223200645327324e+03 1.435411397942920757e+03 1.370990751510439168e+03
7.345974180553012047e+02 1.392277802999081814e+03 1.486667224130038221e+03 1.442458012287821248e+03 1.369710318811528623e+03
7.355974485747419749e+02 1.391854306719593524e+03 1.495360159793146750e+03 1.425249206395280453e+03 1.363991498511906457e+03
7.365974790941827450e+02 1.385335408461874749e+03 1.502318607639239872e+03 1.417237173903514758e+03 1.363991498511906457e+03
7.375975096136239699e+02 1.385759037374084755e+03 1.497269991623398255e+03 1.440978756302198462e+03 1.366609598917050107e+03
7.385975401330647401e+02 1.380565405268775748e+03 1.489415871395875683e+03 1.447171532777811308e+03 1.370991420143701816e+03
7.395975706525055102e+02 1.377491376684457691e+03 1.500915855533395415e+03 1.417238879589288899e+03 1.375373241370356254e+03
7.405976011719467351e+02 1.379664431192178881e+03 1.485824477843866816e+03 1.457281700909414440e+03 1.379327404761904972e+03
7.415976316913875053e+02 1.380988901548264039e+03 1.481060146557251073e+03 1.440237635834325829e+03 1.376708769450150157e+03
7.425976622108282754e+02 1.380513545874699048e+03 1.494573147352659134e+03 1.425081907049159099e+03 1.370136104473494697e+03
7.435976927302690456e+02 1.388831209100303340e+03 1.472364964693804723e+03 1.445292862040616228e+03 1.368373186011902362e+03
7.445977232497098157e+02 1.376642659900102672e+03 1.478418755357151667e+03 1.439618329758673326e+03 1.368373186011902362e+03
7.455977537691510406e+02 1.366676371947268990e+03 1.478366671587004930e+03 1.431319031354837534e+03 1.368801512480269821e+03
7.465977842885918108e+02 1.356661142520232943e+03 1.475668142666020003e+03 1.423773503921678184e+03 1.372754873511904634e+03
7.475978148080325809e+02 1.345796267879791685e+03 1.466417447383561239e+03 1.427064624618436483e+03 1.372326279590233298e+03
7.485978453274738058e+02 1.337529535619215949e+03 1.465517422988991257e+03 1.436329199028653193e+03 1.371421485058554708e+03
7.495978758469145760e+02 1.337529402986495143e+03 1.472818556772872853e+03 1.437389993438246847e+03 1.371468289386972174e+03
7.505979063663553461e+02 1.328837582853773483e+03 1.488516829713949164e+03 1.420941781259464733e+03 1.364849488715165535e+03
7.515979368857961163e+02 1.327090146749085534e+03 1.478866310772824590e+03 1.453136315921923824e+03 1.375374846090187702e+03
7.525979674052368864e+02 1.321467049891826036e+03 1.478368637012290264e+03 1.448022812118437287e+03 1.374945717261905884e+03
7.535979979246781113e+02 1.319250226586034614e+03 1.476114996144089673e+03 1.452680187118436152e+03 1.378898008480316776e+03
7.545980284441188815e+02 1.324917224874084468e+03 1.463667536630036238e+03 1.454095764168581354e+03 1.376234307286626290e+03
7.555980589635596516e+02 1.322744302999083402e+03 1.477422705898481354e+03 1.437794667387618574e+03 1.380229257307229091e+03
7.565980894830008765e+02 1.319718817990802336e+03 1.487613576406402672e+03 1.427521464124327167e+03 1.372754873511904634e+03
7.575981200024416466e+02 1.315799123174721899e+03 1.469213405243845500e+03 1.445650345350293492e+03 1.373184804700103541e+03
7.585981505218824168e+02 1.306680756209917945e+03 1.460464595347534896e+03 1.460123373405291431e+03 1.380187534591606209e+03
7.595981810413231869e+02 1.297988803444477981e+03 1.458574136995122444e+03 1.454636324417778269e+03 1.388090779761906333e+03
7.605982115607639571e+02 1.292750208846609667e+03 1.470608576423579507e+03 1.418623043593128614e+03 1.385899936011905311e+03
7.615982420802051820e+02 1.295815351038589142e+03 1.436560250664780824e+03 1.458252662535029685e+03 1.388951711951524203e+03
7.625982725996459521e+02 1.282777554523149774e+03 1.446132152594373110e+03 1.438290595525780418e+03 1.398145954226288268e+03
7.635983031190867223e+02 1.287513471106839916e+03 1.453150124749206725e+03 1.449775119968029458e+03 1.404756062665676382e+03
7.645983336385279472e+02 1.283667917982025983e+03 1.437838900202419609e+03 1.472800030061566758e+03 1.390748998162835505e+03
7.655983641579687173e+02 1.277112943624084664e+03 1.462310129693347562e+03 1.443785462239754224e+03 1.386761938014744828e+03
7.665983946774094875e+02 1.269311354317524774e+03 1.455372880362867818e+03 1.471767948029136051e+03 1.390712758239978712e+03
7.675984251968502576e+02 1.257128906222509613e+03 1.465967505380037437e+03 1.465735506016075988e+03 1.389419086602456900e+03
7.685984557162910278e+02 1.254955851714788196e+03 1.459103117172755447e+03 1.468945038076744595e+03 1.389816388487409768e+03
7.695984862357322527e+02 1.244980014206012356e+03 1.439273941437994154e+03 1.476002312957722097e+03 1.402995150103872220e+03
7.705985167551730228e+02 1.228024247099864851e+03 1.456733516212531640e+03 1.453173556727941332e+03 1.399044998511905760e+03
7.715985472746137930e+02 1.222361625691622294e+03 1.475167380380038821e+03 1.439167033731540187e+03 1.396422351400570051e+03
7.725985777940550179e+02 1.215414323743718569e+03 1.466907119055415706e+03 1.454057528379200676e+03 1.394663311011903488e+03
7.735986083134957880e+02 1.209323829176177924e+03 1.459067599130037252e+03 1.461076425330302300e+03 1.394663311011903488e+03
7.745986388329365582e+02 1.201947593007210116e+03 1.463182497746362969e+03 1.449892101583887552e+03 1.396854154761904510e+03
7.755986693523773283e+02 1.197143635837428974e+03 1.482975032338241363e+03 1.449401432643522412e+03 1.397286493029849680e+03
7.765986998718180985e+02 1.195856965806947983e+03 1.493083214596521884e+03 1.454089509987419433e+03 1.398612526517308424e+03
7.775987303912593234e+02 1.190196068624083409e+03 1.500012883000892543e+03 1.453140011574427717e+03 1.388551200626900254e+03
7.785987609107000935e+02 1.195829510833613540e+03 1.499558448596711287e+03 1.454548908021965190e+03 1.383249206303518577e+03
7.795987914301408637e+02 1.203233599874084121e+03 1.488512758475852934e+03 1.449891390881483176e+03 1.399910744861013200e+03
7.805988219495820886e+02 1.199772283743220441e+03 1.500412847047093692e+03 1.430368680098957839e+03 1.403426686011901666e+03
7.815988524690228587e+02 1.188452744133757733e+03 1.541866474130036977e+03 1.412578661779677759e+03 1.403859826639763469e+03
7.825988829884636289e+02 1.191509530464292766e+03 1.519347333113052855e+03 1.468954987910416321e+03 1.405184255407388719e+03
7.835989135079043990e+02 1.175439086773618101e+03 1.528951664559900337e+03 1.454112821026304573e+03 1.399935618018406785e+03
7.845989440273451692e+02 1.172789748163271724e+03 1.531780613487534538e+03 1.462891985693933748e+03 1.390715165319724974e+03
7.855989745467863941e+02 1.182817047167961846e+03 1.529408906714504383e+03 1.448070571320046383e+03 1.394663311011903488e+03
7.865990050662271642e+02 1.183225423317211607e+03 1.538678554312238475e+03 1.440529308101315564e+03 1.400346426295275251e+03
7.875990355856679344e+02 1.194111519193080312e+03 1.517022375384385896e+03 1.469925949536038615e+03 1.408676259487456491e+03
7.885990661051091593e+02 1.186731569307909012e+03 1.532645119839390418e+03 1.444309960614587681e+03 1.419196668976333967e+03
7.895990966245499294e+02 1.176727878927636311e+03 1.534987345233084852e+03 1.452197620185491587e+03 1.425769333952986472e+03
7.905991271439906996e+02 1.175416406578249507e+03 1.520710776713125369e+03 1.455490872989463469e+03 1.422709935594170702e+03
7.915991576634314697e+02 1.178900535537195537e+03 1.522535112543328751e+03 1.437784433272987599e+03 1.420953436011904387e+03
7.925991881828722398e+02 1.175416671843691347e+03 1.523029136228329889e+03 1.444270445560868893e+03 1.418762592261903364e+03
7.935992187023134647e+02 1.179331459249084219e+03 1.499097837141616310e+03 1.467114410822124228e+03 1.417893101566517316e+03
7.945992492217542349e+02 1.178900137639030845e+03 1.491723701847027314e+03 1.463399142930103835e+03 1.412190061011906209e+03
7.955992797411950050e+02 1.174554161256308362e+03 1.496323779734549817e+03 1.456875179133790425e+03 1.413060086613900921e+03
7.965993102606362299e+02 1.173675867375077360e+03 1.500467036630038820e+03 1.452680187118436152e+03 1.418327445734251569e+03
7.975993407800770001e+02 1.178468020232648769e+03 1.489896277491370938e+03 1.458740915087214489e+03 1.419633152770511060e+03
7.985993712995177702e+02 1.170207919608146995e+03 1.494938435681265219e+03 1.443365437118438194e+03 1.424899709530950759e+03
7.995994018189585404e+02 1.163257036576763539e+03 1.502767005380036608e+03 1.448948715211580975e+03 1.418327044554295298e+03
8.005994323383993105e+02 1.154997201217703378e+03 1.494494951503689208e+03 1.457800655805491488e+03 1.413509541893384267e+03
8.015994628578405354e+02 1.154997068584980752e+03 1.496312267957865743e+03 1.447108848825692576e+03 1.406936743190075731e+03
8.025994933772813056e+02 1.157158849311378845e+03 1.511978532544248992e+03 1.438684466798592211e+03 1.398609049624339150e+03
8.035995238967220757e+02 1.174110239537719735e+03 1.481609482925358179e+03 1.480624437118437299e+03 1.394663311011903488e+03
8.045995544161633006e+02 1.173255023750012015e+03 1.498614763683237470e+03 1.450372252128651553e+03 1.392036250921033343e+03
8.055995849356040708e+02 1.171063533294016452e+03 1.499560414021994575e+03 1.449868364123567289e+03 1.392908817329429667e+03
8.065996154550448409e+02 1.183244389796373753e+03 1.495858254716236843e+03 1.453153088498679381e+03 1.402981777438611061e+03
8.075996459744856111e+02 1.186716316544946267e+03 1.495875241606232294e+03 1.460122094140955141e+03 1.414817522282732853e+03
8.085996764939263812e+02 1.191935812030932539e+03 1.485742772306878578e+03 1.468524302253033511e+03 1.418762592261903364e+03
8.095997070133676061e+02 1.188456457849957360e+03 1.499543005969445630e+03 1.441972318264285832e+03 1.417008633486037525e+03
8.105997375328083763e+02 1.193235877966275893e+03 1.501390646128068511e+03 1.442894809985891015e+03 1.417888554860328895e+03
8.115997680522491464e+02 1.204100752606716924e+03 1.499084921489723001e+03 1.454544217386093351e+03 1.407371221084464196e+03
8.125997985716903713e+02 1.209752365499081179e+03 1.505526041322399578e+03 1.450351499618435128e+03 1.410436503415998686e+03
8.135998290911311415e+02 1.211053890394362497e+03 1.509207704050151506e+03 1.456403699158358222e+03 1.414380904761904276e+03
8.145998596105719116e+02 1.228003689028047120e+03 1.511504303499657681e+03 1.460134602503288534e+03 1.412190061011906209e+03
8.155998901300126818e+02 1.231481584249086154e+03 1.523007235775111894e+03 1.448488037912704385e+03 1.412627748345955752e+03
8.165999206494534519e+02 1.238432865178624070e+03 1.518866786630034994e+03 1.444763388748939633e+03 1.411314418890499155e+03
8.175999511688946768e+02 1.263639979149668079e+03 1.511968003480198831e+03 1.450350362494591309e+03 1.410875126836617255e+03
8.185999816883354470e+02 1.283631311350919077e+03 1.493107220862547365e+03 1.460597980471303799e+03 1.413066639219879107e+03
8.196000122077762171e+02 1.303622908817609641e+03 1.495407330000065940e+03 1.441036465337476102e+03 1.403864908252562600e+03
8.206000427272174420e+02 1.333175070742328444e+03 1.500926244209917286e+03 1.430791121608460571e+03 1.412628416979217945e+03
8.216000732466582122e+02 1.335345339962894059e+03 1.486206893449985500e+03 1.442899358481282889e+03 1.411751571317939124e+03
8.226001037660989823e+02 1.304488602590315622e+03 1.498629925535456096e+03 1.427064624618436483e+03 1.408246996932522961e+03
8.236001342855397525e+02 1.277545193663188456e+03 1.500460859579137377e+03 1.455481491717707740e+03 1.409560460114633997e+03
8.246001648049805226e+02 1.260161288132304662e+03 1.476553426370918260e+03 1.470369001415281446e+03 1.405178638887979560e+03
8.256001953244217475e+02 1.243212815825831058e+03 1.512427772610167267e+03 1.427531271817514607e+03 1.403426686011901666e+03
8.266002258438625176e+02 1.240608837606220050e+03 1.500922874909427037e+03 1.439174851457995146e+03 1.404305002666360906e+03
8.276002563633032878e+02 1.239737573259224973e+03 1.496789445140381531e+03 1.436846306098477726e+03 1.412190061011906209e+03
8.286002868827445127e+02 1.235827427999082147e+03 1.499089694665426350e+03 1.450818573238960198e+03 1.412190061011906209e+03
8.296003174021852828e+02 1.227564807352869593e+03 1.504144066569608640e+03 1.440562142552418663e+03 1.412629620519093578e+03
8.306003479216260530e+02 1.221925264038156001e+03 1.493559128291362867e+03 1.430336129928818764e+03 1.411310674544223502e+03
8.316003784410668231e+02 1.226699511478338763e+03 1.477005614574785113e+03 1.458740062244329465e+03 1.410439044222397342e+03
8.326004089605075933e+02 1.222353535095618781e+03 1.479314848901135974e+03 1.462920698071106699e+03 1.407368412824759616e+03
8.336004394799488182e+02 1.222789896749081663e+03 1.487581146889145430e+03 1.451744618472583170e+03 1.410439311675703493e+03
8.346004699993895883e+02 1.228445621255813194e+03 1.475167380380038821e+03 1.450819426081844995e+03 1.409558989121454488e+03
8.356005005188303585e+02 1.230171305594191153e+03 1.483454174946050216e+03 1.444757987410660917e+03 1.408689097246108986e+03
8.366005310382715834e+02 1.220616974874083553e+03 1.491729598122893776e+03 1.438708062118435691e+03 1.413059417980634407e+03
8.376005615577123535e+02 1.225836868258232244e+03 1.492179399738896564e+03 1.449427870772989081e+03 1.400354583621086249e+03
8.386005920771531237e+02 1.226261425599492441e+03 1.477004631862137785e+03 1.455008874618437403e+03 1.397294917808965693e+03
8.396006225965938938e+02 1.225837398789115923e+03 1.483455859596297387e+03 1.446616900621002742e+03 1.399044998511905760e+03
8.406006531160346640e+02 1.234091928839321099e+03 1.491730159672973969e+03 1.441974308231020586e+03 1.402117903262633718e+03
8.416006836354758889e+02 1.235389872651122232e+03 1.501856451921421240e+03 1.456415638958761065e+03 1.407367209284884439e+03
8.426007141549166590e+02 1.231481584249086154e+03 1.512430159198020192e+03 1.464792688205690865e+03 1.405617529761902915e+03
8.436007446743574292e+02 1.227557379920476706e+03 1.523020432202047232e+03 1.460118114207495637e+03 1.402985254331578744e+03
8.446007751937986541e+02 1.214098209249083311e+03 1.525748863664915689e+03 1.460153649327743551e+03 1.399486563918882894e+03
8.456008057132394242e+02 1.215394959366393095e+03 1.517512748993845662e+03 1.463816609522754788e+03 1.403426686011901666e+03
8.466008362326801944e+02 1.208894099158783547e+03 1.554293998616165482e+03 1.425225042513510971e+03 1.405617529761902915e+03
8.476008667521209645e+02 1.225401169768373165e+03 1.540938512618867662e+03 1.469450773908097517e+03 1.397277132164166915e+03
8.486008972715617347e+02 1.213640228462029654e+03 1.550158743809347470e+03 1.447082979258156911e+03 1.383709092261904061e+03
8.496009277910029596e+02 1.195837601429617735e+03 1.554737763568781020e+03 1.454090362830303548e+03 1.391166091592384873e+03
8.506009583104437297e+02 1.181922306829273793e+03 1.552017193807064814e+03 1.453575956429612461e+03 1.395548046545688067e+03
8.516009888298844999e+02 1.170639771749085867e+03 1.588794933741371096e+03 1.425676622821601541e+03 1.405617529761902915e+03
8.526010193493257248e+02 1.171078786056981698e+03 1.578642529414092451e+03 1.446635094602568415e+03 1.402541415571504558e+03
8.536010498687664949e+02 1.175424762439699180e+03 1.566260630872166303e+03 1.447081557853343838e+03 1.395548848905604700e+03
8.546010803882072651e+02 1.176719257800744572e+03 1.587890697721185461e+03 1.427981004299353799e+03 1.406503335108909141e+03
8.556011109076480352e+02 1.169321535130905659e+03 1.609030671735787337e+03 1.428948270272465834e+03 1.411747024611750930e+03
8.566011414270888054e+02 1.155844061143962790e+03 1.603035141893497666e+03 1.446636231726411324e+03 1.404731189508288708e+03
8.576011719465300303e+02 1.144564709249084899e+03 1.603527200153201193e+03 1.446138029340556386e+03 1.399488302365366735e+03
8.586012024659708004e+02 1.136726513311413328e+03 1.615465474130038729e+03 1.432193337453388949e+03 1.402983248431788752e+03
8.596012329854115706e+02 1.131967120736028846e+03 1.618231108285868004e+03 1.439651022069298733e+03 1.403870257318670156e+03
8.606012635048527954e+02 1.128474105384748100e+03 1.621462829010095902e+03 1.441478948654782698e+03 1.402982980978482601e+03
8.616012940242935656e+02 1.127181334249082056e+03 1.641697022741783485e+03 1.428008153131224844e+03 1.396410316001832598e+03
8.626013245437343357e+02 1.127181334249082056e+03 1.636600815356461226e+03 1.442452468809061202e+03 1.397742099735352213e+03
8.636013550631751059e+02 1.127181334249082056e+03 1.628363998747780215e+03 1.448935354006369607e+03 1.403870792225278137e+03
8.646013855826158760e+02 1.121513672797429081e+03 1.653229576784075107e+03 1.416773227373587133e+03 1.409999217261905187e+03
8.656014161020571009e+02 1.117198201940631634e+03 1.660965771494296860e+03 1.430876263756574645e+03 1.402537938678540513e+03
8.666014466214978711e+02 1.117167033251098474e+03 1.653698190327847669e+03 1.455886449948047357e+03 1.398600491118570972e+03
8.676014771409386412e+02 1.110238963047801235e+03 1.683064171112048598e+03 1.426626405515551824e+03 1.395552593251876488e+03
8.686015076603798661e+02 1.105860491648325706e+03 1.663764817880037299e+03 1.449878740378676412e+03 1.405617529761902915e+03
8.696015381798206363e+02 1.093263698931604267e+03 1.673898831442115807e+03 1.437325177378921808e+03 1.406062438335196020e+03
8.706015686992614064e+02 1.082398691658442203e+03 1.665130367292917754e+03 1.451261056556268386e+03 1.410444259561850231e+03
8.716015992187021766e+02 1.072858287374085194e+03 1.666999486742196041e+03 1.427500569473622591e+03 1.412190061011906209e+03
8.726016297381429467e+02 1.073299954336408064e+03 1.671562221549238757e+03 1.422445201126853590e+03 1.411299441505407231e+03
8.736016602575841716e+02 1.071091088993902758e+03 1.658229618717792846e+03 1.444312377002770063e+03 1.404317572971708842e+03
8.746016907770249418e+02 1.048477475257484230e+03 1.658268225285960398e+03 1.446128363787851413e+03 1.409108062848793679e+03
8.756017212964657119e+02 1.026342798278108830e+03 1.664232729486198195e+03 1.424262182895311298e+03 1.403872396945109585e+03
8.766017518159069368e+02 1.023765479235504927e+03 1.666960599398986005e+03 1.430341104845656673e+03 1.407808373511903937e+03
8.776017823353477070e+02 1.028957519748150162e+03 1.654096750498832762e+03 1.444313514126615473e+03 1.404725572988875456e+03
8.786018128547884771e+02 1.018495848580822667e+03 1.652733306898760929e+03 1.441468714540155815e+03 1.399044998511905760e+03
8.796018433742292473e+02 9.945930447922181656e+02 1.661933322286279918e+03 1.424735937118435231e+03 1.401682088101721547e+03
8.806018738936700174e+02 9.776517346527080008e+02 1.656396298086272964e+03 1.429393312118437507e+03 1.403426686011901666e+03
8.816019044131112423e+02 9.668279761559028884e+02 1.656864911630033703e+03 1.430342526250465426e+03 1.406510556348152022e+03
8.826019349325520125e+02 9.676720507950088859e+02 1.656396017311228206e+03 1.431721999618435348e+03 1.414380904761904276e+03
8.836019654519927826e+02 9.506888287155301214e+02 1.640250890892080179e+03 1.444790111159359640e+03 1.414827685508332479e+03
8.846019959714340075e+02 9.315749945991738059e+02 1.625134524223885364e+03 1.444697577706235279e+03 1.413487075815738990e+03
8.856020264908747777e+02 9.085589731859773792e+02 1.637103823842775910e+03 1.411238987746375415e+03 1.404723433362433298e+03
8.866020570103155478e+02 8.981374897332358387e+02 1.619970790441153440e+03 1.442035286497364723e+03 1.407406257467453543e+03
8.876020875297563180e+02 8.828814109520740203e+02 1.605422431681305852e+03 1.439086297938348480e+03 1.418762592261903364e+03
8.886021180491970881e+02 8.594681545382194372e+02 1.624146898016466821e+03 1.423407776464091512e+03 1.417019197891593649e+03
8.896021485686383130e+02 8.546782564369083275e+02 1.600775323974389039e+03 1.434902108599544135e+03 1.417867426049212781e+03
8.906021790880790832e+02 8.450981949688474515e+02 1.616825408042094523e+03 1.417324732439805757e+03 1.415276338427898963e+03
8.916022096075198533e+02 8.307755852810246324e+02 1.603025314767054624e+03 1.434526715589259766e+03 1.420505585452254536e+03
8.926022401269610782e+02 8.194663910238238032e+02 1.602606258018060771e+03 1.418173879673217698e+03 1.416571748511902115e+03
8.936022706464018484e+02 8.094902882496069196e+02 1.593772654059304386e+03 1.425265126129152350e+03 1.422297790050772164e+03
8.946023011658426185e+02 8.016376353453035790e+02 1.570824909941929718e+03 1.441036749618436943e+03 1.422247776282686573e+03
8.956023316852833887e+02 7.816360904245036636e+02 1.569049007806329428e+03 1.436801673987448567e+03 1.418314206795643031e+03
8.966023622047241588e+02 7.660314528514459198e+02 1.582795051885942257e+03 1.422407249618433980e+03 1.417468786897727341e+03
8.976023927241653837e+02 7.533867797222856098e+02 1.577723973866808137e+03 1.426643462373274588e+03 1.430614116851038489e+03
8.986024232436061538e+02 7.303215515694374744e+02 1.561152771322627586e+03 1.451305546526818716e+03 1.428819237719468902e+03
8.996024537630469240e+02 6.907626487118700425e+02 1.568165127976625627e+03 1.440979609145081668e+03 1.423144279761905636e+03
9.006024842824881489e+02 6.582216084099837872e+02 1.582323069041683084e+03 1.434108538294201480e+03 1.430614919210955350e+03
9.016025148019289190e+02 6.434561380653495917e+02 1.578194412448341382e+03 1.453157636994070117e+03 1.427920059707197879e+03
9.026025453213696892e+02 6.216712135723551000e+02 1.575952844906909377e+03 1.444679668005637723e+03 1.412583618550588199e+03
9.036025758408104593e+02 5.873491810872752694e+02 1.591050259259825907e+03 1.421034030431625752e+03 1.399044998511905760e+03
9.046026063602512295e+02 5.617191013676329021e+02 1.575422039691521604e+03 1.435006439712586598e+03 1.401685431268036609e+03
9.056026368796924544e+02 5.273403020777739130e+02 1.575543053734278374e+03 1.425985778367743478e+03 1.411348385460264353e+03
9.066026673991332245e+02 4.843267147254155134e+02 1.617293179260736679e+03 1.381509311164701558e+03 1.416571748511902115e+03
9.076026979185739947e+02 4.504513892460739726e+02 1.576241902811832460e+03 1.442534483866587379e+03 1.413480924389720940e+03
9.086027284380152196e+02 4.195831128267176382e+02 1.564046579284778318e+03 1.442345010605427660e+03 1.408258497424650159e+03
9.096027589574559897e+02 3.813026567709000005e+02 1.590165817880038958e+03 1.433636347616362173e+03 1.411739803372508050e+03
9.106027894768967599e+02 3.282576587994953456e+02 1.598011374468804661e+03 1.431657041418626477e+03 1.407808373511903937e+03
9.116028199963375300e+02 2.769994888510387909e+02 1.591454996481717671e+03 1.430895594861976406e+03 1.410449742354607451e+03
9.126028505157783002e+02 2.291937486411088400e+02 1.563039298824457774e+03 1.449806106592898459e+03 1.415282222400612682e+03
9.136028810352195251e+02 1.840080352100608252e+02 1.575892759048093012e+03 1.425215092679841064e+03 1.421855021103921217e+03
9.146029115546602952e+02 1.374808744346060223e+02 1.562972614752175332e+03 1.437817267724095927e+03 1.426624114716583790e+03
9.156029420741010654e+02 7.395324932588721367e+01 1.547886992950991953e+03 1.440968237906605282e+03 1.420953436011904387e+03
9.166029725935422903e+02 -1.206398083987397118e+00 1.572239735374546171e+03 1.417270292635586429e+03 1.423595473487872596e+03
9.176030031129830604e+02 -7.291494208252427711e+01 1.562970930101926115e+03 1.425285594358414301e+03 1.424432468606668408e+03
9.186030336324238306e+02 -1.341407263110251904e+02 1.541796701532300403e+03 1.450831365882247837e+03 1.413929443582633439e+03
9.196030641518646007e+02 -1.845674217289065666e+02 1.535511131072444186e+03 1.438156699192694305e+03 1.415284094573750508e+03
9.206030946713053709e+02 -2.406170813713262646e+02 1.554717828540858818e+03 1.425216087663206281e+03 1.418310863629327741e+03
9.216031251907465958e+02 -2.971146417140015501e+02 1.540443365833707276e+03 1.434123463044702476e+03 1.417023610871131950e+03
9.226031557101873659e+02 -3.475417350300458565e+02 1.529892120560408102e+03 1.449390629966967481e+03 1.423596275847787410e+03
9.236031862296281361e+02 -4.066607811115345612e+02 1.524342742258588260e+03 1.438227485152221107e+03 1.419597046574303249e+03
9.246032167490693610e+02 -4.701259362084927034e+02 1.507292958656675182e+03 1.430760561405041699e+03 1.412642324551093679e+03
9.256032472685101311e+02 -5.419049081821016216e+02 1.488017330915651655e+03 1.433164583359967537e+03 1.417024145777742433e+03
9.266032777879509013e+02 -6.305485285822419428e+02 1.494117589848311809e+03 1.429797986067803777e+03 1.420500905019412130e+03
9.276033083073916714e+02 -7.113981197409387960e+02 1.501265280072178030e+03 1.433723621871678915e+03 1.417024413231046765e+03
9.286033388268324416e+02 -7.987667417900803457e+02 1.465492153235284604e+03 1.457663348100868916e+03 1.420500637566107798e+03
9.296033693462736665e+02 -8.974494655071522402e+02 1.476118365444585606e+03 1.404180717882030876e+03 1.417477612856803717e+03
9.306033998657144366e+02 -9.926117188995667675e+02 1.453835637012293773e+03 1.422486421866344926e+03 1.427525967261904725e+03
9.316034303851552067e+02 -1.087773707026540251e+03 1.436543684937350235e+03 1.413976044848250240e+03 1.424881923886151753e+03
9.326034609045964316e+02 -1.179488835989333893e+03 1.418460789571341593e+03 1.426262099462795732e+03 1.420500102659495269e+03
9.336034914240372018e+02 -1.275999831525855143e+03 1.392844559462393136e+03 1.445612820263311050e+03 1.414380904761904276e+03
9.346035219434779719e+02 -1.382926076777207982e+03 1.405296932539670024e+03 1.425218077629941263e+03 1.417025349317615792e+03
9.356035524629187421e+02 -1.496371352919002902e+03 1.398234036378255723e+03 1.437826222574396297e+03 1.418308857729537749e+03
9.366035829823595122e+02 -1.590104886636305764e+03 1.382692155135119947e+03 1.442883012325971322e+03 1.419670328779938700e+03
9.376036135018007371e+02 -1.677181053534758576e+03 1.372062292850278482e+03 1.442882870185488628e+03 1.425335123511906659e+03
9.386036440212415073e+02 -1.801942022937098727e+03 1.354138737320157588e+03 1.437344792765294414e+03 1.428434238686551680e+03
9.396036745406822774e+02 -1.922277834222029242e+03 1.341769192880035916e+03 1.448022812118437287e+03 1.437197881139857373e+03
9.406037050601235023e+02 -2.038798200009968014e+03 1.347800240765044009e+03 1.445211131264046344e+03 1.442407470346273840e+03
9.416037355795642725e+02 -2.163929877868672975e+03 1.359214588514995285e+03 1.438224926623562169e+03 1.430544044085060932e+03
9.426037660990050426e+02 -2.283444162077137662e+03 1.336128001139743674e+03 1.448593790430557874e+03 1.426244464749774806e+03
9.436037966184458128e+02 -2.401236608296144823e+03 1.316946994587598510e+03 1.463840204842602134e+03 1.431452850416317233e+03
9.446038271378865829e+02 -2.522923947012331155e+03 1.328057403355448287e+03 1.451229501369495893e+03 1.429716811011902792e+03
9.456038576573278078e+02 -2.639362743676598257e+03 1.339858237949618342e+03 1.447145236788830744e+03 1.424424979914118694e+03
9.466038881767685780e+02 -2.763307226045885272e+03 1.322891563759912287e+03 1.461994937118437747e+03 1.418762592261903364e+03
9.476039186962093481e+02 -2.895407957618802357e+03 1.329881458410616233e+03 1.441338229578617074e+03 1.423144279761905636e+03
9.486039492156505730e+02 -3.024432007953033008e+03 1.323665941323536117e+03 1.448298706792045323e+03 1.423144279761905636e+03
9.496039797350913432e+02 -3.148830492127739035e+03 1.303239557076157553e+03 1.478110398431225121e+03 1.419131009189891984e+03
9.506040102545321133e+02 -3.289170766253339025e+03 1.329312467789623270e+03 1.440645721155241972e+03 1.407440491490523755e+03
9.516040407739728835e+02 -3.421270967295372429e+03 1.309091049322308891e+03 1.460056709519709557e+03 1.420953436011904387e+03
9.526040712934136536e+02 -3.550745703616929404e+03 1.315990815184789653e+03 1.436864073658600546e+03 1.424512303418284091e+03
9.536041018128548785e+02 -3.673337862758689425e+03 1.295675477466191069e+03 1.456463398160372435e+03 1.436289342261906086e+03
9.546041323322956487e+02 -3.806342618960793970e+03 1.294522895922063753e+03 1.449285303870561165e+03 1.431451379423137951e+03
9.556041628517364188e+02 -3.940162535868741998e+03 1.315032108806608221e+03 1.430848688503255289e+03 1.426613149131069349e+03
9.566041933711776437e+02 -4.067101467189555933e+03 1.293373402903378292e+03 1.447635195026790370e+03 1.418762592261903364e+03
9.576042238906184139e+02 -4.199200872435258134e+03 1.275070099130037761e+03 1.461994937118437747e+03 1.423144279761905636e+03
9.586042544100591840e+02 -4.327407242041888821e+03 1.281490441609666050e+03 1.456852010235388889e+03 1.420953436011904387e+03
9.596042849294999542e+02 -4.451627865737166758e+03 1.269031049156360268e+03 1.454523180594907444e+03 1.417848704317846796e+03
9.606043154489407243e+02 -4.571235788646946276e+03 1.261270286630033979e+03 1.455008874618437403e+03 1.411732983313225532e+03
9.616043459683819492e+02 -4.704600642687766594e+03 1.269610147678836256e+03 1.441907502204956018e+03 1.413104483862572124e+03
9.626043764878227194e+02 -4.820127722024948525e+03 1.271809879739128974e+03 1.437351615508381656e+03 1.419219937413890193e+03
9.636044070072634895e+02 -4.931499418200087348e+03 1.257049255048140139e+03 1.454138974874801079e+03 1.420953436011904387e+03
9.646044375267047144e+02 -5.060970971336382718e+03 1.253511629916527454e+03 1.453549660440628259e+03 1.420495823406611407e+03
9.656044680461454845e+02 -5.179577384566735418e+03 1.264531348346068398e+03 1.443851983984854542e+03 1.414380904761904276e+03
9.666044985655862547e+02 -5.295653961268750209e+03 1.269028101018429425e+03 1.457929008659821193e+03 1.417029628570499654e+03
9.676045290850270248e+02 -5.415168378109939113e+03 1.248808788363925260e+03 1.478190281381548630e+03 1.424060307332404136e+03
9.686045596044677950e+02 -5.543828882154702114e+03 1.257151316775614532e+03 1.448022812118437287e+03 1.429258663500001603e+03
9.696045901239090199e+02 -5.661979834619763096e+03 1.238165027714542930e+03 1.471903692188482637e+03 1.424876842273350803e+03
9.706046206433497900e+02 -5.777602807414526978e+03 1.245383052086224325e+03 1.461292478861403197e+03 1.425793538477111497e+03
9.716046511627905602e+02 -5.888324337989275591e+03 1.263837693606784796e+03 1.446398146420755438e+03 1.427525967261904725e+03
9.726046816822317851e+02 -5.981762896534180982e+03 1.232815280467021694e+03 1.467787872421025668e+03 1.419577388756362552e+03
9.736047122016725552e+02 -6.076009188352478304e+03 1.244098787047771566e+03 1.445535637982141907e+03 1.415757353197402608e+03
9.746047427211133254e+02 -6.164397225498442822e+03 1.211634594071440006e+03 1.494486118964709931e+03 1.422685329890087132e+03
9.756047732405540955e+02 -6.301502322283197827e+03 1.243944220387586029e+03 1.443143129406180606e+03 1.421871603208845045e+03
9.766048037599948657e+02 -6.458764144272822705e+03 1.238531719918365297e+03 1.443589166235497032e+03 1.428798376361658029e+03
9.776048342794360906e+02 -6.606527341285402144e+03 1.215753142763300275e+03 1.463347119514061887e+03 1.418762592261903364e+03
9.786048647988768607e+02 -6.745493142518942477e+03 1.217570880380037806e+03 1.461994937118437747e+03 1.426254093068760994e+03
9.796048953183176309e+02 -6.865357179213789095e+03 1.226883346171556468e+03 1.453054727285838908e+03 1.432367273266984967e+03
9.806049258377588558e+02 -6.968748762439387974e+03 1.248918431017514422e+03 1.449488849039333672e+03 1.431447902530168449e+03
9.816049563571996259e+02 -7.062992003705095158e+03 1.262235871996728974e+03 1.455497695732550255e+03 1.431907654761903814e+03
9.826049868766403961e+02 -7.154713631671193980e+03 1.269136059021769370e+03 1.458688323109253133e+03 1.427525967261904725e+03
9.836050173960811662e+02 -7.243349824638928112e+03 1.277370067880035776e+03 1.454636608698730697e+03 1.427065813850213772e+03
9.846050479155219364e+02 -7.333355317822592042e+03 1.272770130380036562e+03 1.473638374618436956e+03 1.427986254400247844e+03
9.856050784349631613e+02 -7.428966798242496225e+03 1.272770130380036562e+03 1.463344845266365837e+03 1.429256390146905460e+03
9.866051089544039314e+02 -7.524578278662354933e+03 1.274103109888137851e+03 1.460155781434956452e+03 1.425335123511906659e+03
9.876051394738447016e+02 -7.614473156156356708e+03 1.250017665303820195e+03 1.471919043360422847e+03 1.422222903125301173e+03
9.886051699932859265e+02 -7.701047838735129517e+03 1.223138368672018714e+03 1.481363283338596148e+03 1.419684236351815798e+03
9.896052005127266966e+02 -7.801349477449789447e+03 1.241538399447061011e+03 1.449002728594357905e+03 1.424874167740298390e+03
9.906052310321674668e+02 -7.880034502594938203e+03 1.235970630380037392e+03 1.476947262875317392e+03 1.423605369260166071e+03
9.916052615516082369e+02 -7.974387696386700554e+03 1.261512314715547063e+03 1.461872412023831203e+03 1.425335123511906659e+03
9.926052920710490071e+02 -8.054216148223204982e+03 1.276279678007540269e+03 1.472904076893649517e+03 1.427525967261904725e+03
9.936053225904902320e+02 -8.141708516601463998e+03 1.271561534215189340e+03 1.473023901319128981e+03 1.422682789083686657e+03
9.946053531099310021e+02 -8.234689226991988107e+03 1.285116089716697388e+03 1.466286300379898194e+03 1.424529152976517935e+03
9.956053836293717723e+02 -8.315889101167955232e+03 1.273739646597303818e+03 1.475841694214209383e+03 1.433174982248859124e+03
9.966054141488129972e+02 -8.403724590396526764e+03 1.298679208856970945e+03 1.450351499618438311e+03 1.425797015370083273e+03
9.976054446682537673e+02 -8.481375876110938407e+03 1.303029537345334802e+03 1.476220640736519499e+03 1.432369680346733276e+03
9.986054751876945375e+02 -8.538790459089474098e+03 1.293955028401233449e+03 1.502437599611569340e+03 1.430983336138941240e+03
9.996055057071353076e+02 -8.621483247177726298e+03 1.300855075038753057e+03 1.475347471761820998e+03 1.427988260300037837e+03
1.000605536226576078e+03 -8.701305200010881890e+03 1.301698804037564287e+03 1.469109921034688796e+03 1.426601113732333715e+03
1.001605566746017303e+03 -8.767412398918499093e+03 1.288869911630038359e+03 1.488593827465901995e+03 1.423606840253345354e+03
1.002605597265458073e+03 -8.843925828515863031e+03 1.297227040343872886e+03 1.487971962861584643e+03 1.423144279761905636e+03
1.003605627784898843e+03 -8.919521439681009724e+03 1.306297899212441962e+03 1.476459010323130997e+03 1.428451623151392369e+03
1.004605658304340068e+03 -8.996035134543850290e+03 1.289711815591078675e+03 1.486758083153963980e+03 1.436752303933304347e+03
1.005605688823780838e+03 -9.074722016547100793e+03 1.291300721549240052e+03 1.485149337190156302e+03 1.440671029761905174e+03
1.006605719343221608e+03 -9.152825447208830155e+03 1.315628474994119642e+03 1.461502562492300740e+03 1.438016956887204515e+03
1.007605749862662378e+03 -9.206231206182494134e+03 1.314523765594513634e+03 1.477085991984757811e+03 1.433635135660550304e+03
1.008605780382103148e+03 -9.269373135337322310e+03 1.296610037190834646e+03 1.501089965711340255e+03 1.429253314433896549e+03
1.009605810901544373e+03 -9.341081811968611873e+03 1.299663606151417525e+03 1.472382137047473179e+03 1.424871493207245749e+03
1.010605841420985143e+03 -9.408317715335469984e+03 1.316200834915607174e+03 1.460074334939346954e+03 1.421417200043217463e+03
1.011605871940425914e+03 -9.467575893141724009e+03 1.283079066792776985e+03 1.494323083833025976e+03 1.422680382003940394e+03
1.012605902459867139e+03 -9.544422761400766831e+03 1.322043763523005964e+03 1.446187352087462614e+03 1.420953436011904387e+03
1.013605932979307909e+03 -9.607439485266580959e+03 1.303371380957996735e+03 1.479282488837445044e+03 1.417370096628089641e+03
1.014605963498748679e+03 -9.677895976374924430e+03 1.295419551016138257e+03 1.463336601118469162e+03 1.407808373511903937e+03
1.015605994018189449e+03 -9.737688531415777106e+03 1.296607089052900392e+03 1.468133273789832174e+03 1.407808373511903937e+03
1.016606024537630219e+03 -9.792143813114022123e+03 1.284757680376601684e+03 1.471169394463709523e+03 1.412654627403130917e+03
1.017606055057071444e+03 -9.851604918984075994e+03 1.291518462593686763e+03 1.464958566147006650e+03 1.414380904761904276e+03
1.018606085576512214e+03 -9.906390588791377013e+03 1.259666359207174082e+03 1.490080901177980195e+03 1.409999217261905187e+03
1.019606116095952984e+03 -9.968617617433865234e+03 1.236946885198293330e+03 1.499605734808881607e+03 1.409069282119532772e+03
1.020606146615394209e+03 -1.003815323955743042e+04 1.253535215019988300e+03 1.484787447525565085e+03 1.406547732357583527e+03
1.021606177134834979e+03 -1.009886294986688699e+04 1.260293470261694210e+03 1.489588526551845462e+03 1.406877903462918994e+03
1.022606207654275750e+03 -1.014666869007681998e+04 1.251581863058346244e+03 1.501582624618434693e+03 1.403426686011901666e+03
1.023606238173716520e+03 -1.019493612479000694e+04 1.244681816420828682e+03 1.496430458604123260e+03 1.403892188489698356e+03
1.024606268693157290e+03 -1.024708784138265764e+04 1.242381707283307151e+03 1.493111762654057429e+03 1.407342737307455081e+03
1.025606299212598515e+03 -1.029877759820663050e+04 1.232203752427279142e+03 1.485776887413711847e+03 1.403892455943004734e+03
1.026606329732039285e+03 -1.034704543081798329e+04 1.227259865501808690e+03 1.483796159811167627e+03 1.413587771985167819e+03
1.027606360251480055e+03 -1.039609977546734808e+04 1.214146126814989657e+03 1.474133734194676890e+03 1.420487398627497214e+03
1.028606390770921280e+03 -1.044048425462830710e+04 1.190313660542776233e+03 1.490583509918754771e+03 1.417037919622963727e+03
1.029606421290362050e+03 -1.048782763717137095e+04 1.165013442742698544e+03 1.505594823975238569e+03 1.420953436011904387e+03
1.030606451809802820e+03 -1.054696060968861093e+04 1.167950911223744924e+03 1.462836266625394273e+03 1.417829715133172840e+03
1.031606482329243590e+03 -1.058468652833617489e+04 1.148273634786287857e+03 1.482263174723723068e+03 1.412190061011906209e+03
1.032606512848684361e+03 -1.063526933246716180e+04 1.124742018970720437e+03 1.497269656003872115e+03 1.415314316797243464e+03
1.033606543368125585e+03 -1.069906991571658727e+04 1.133151231454698518e+03 1.486426611552305530e+03 1.421887115500551772e+03
1.034606573887566356e+03 -1.076051931871339912e+04 1.093862801101974128e+03 1.503605141522391705e+03 1.426592020319953008e+03
1.035606604407007126e+03 -1.083689374921871968e+04 1.109962722739495121e+03 1.471463483118861859e+03 1.420953436011904387e+03
1.036606634926448351e+03 -1.088145595622637848e+04 1.100119872895137178e+03 1.494099923277870175e+03 1.418762592261903364e+03
1.037606665445889121e+03 -1.091807784010085743e+04 1.085982007245536352e+03 1.487113718637386683e+03 1.420953436011904387e+03
1.038606695965329891e+03 -1.096231960645355139e+04 1.077118781519937784e+03 1.491088961469135256e+03 1.423144279761905636e+03
1.039606726484770661e+03 -1.100499763302071915e+04 1.051482195220495669e+03 1.511237801070402838e+03 1.418762592261903364e+03
1.040606757004211431e+03 -1.105063045135564789e+04 1.055255250224158772e+03 1.493104939910970188e+03 1.424079831423686755e+03
1.041606787523652656e+03 -1.109579918779835680e+04 1.065772942880038727e+03 1.480624437118437299e+03 1.429248901454358474e+03
1.042606818043093426e+03 -1.113879473710059938e+04 1.051324961197423363e+03 1.492426645535699890e+03 1.426271210080300307e+03
1.043606848562534196e+03 -1.118147448789314694e+04 1.028815928081926813e+03 1.509563954766303596e+03 1.434098498511905063e+03
1.044606879081975421e+03 -1.123890100781663750e+04 1.014348572921470691e+03 1.505582031331943199e+03 1.434098498511905063e+03
1.045606909601416191e+03 -1.129354038373221374e+04 1.020106426691381330e+03 1.486277648328228224e+03 1.428779922083595466e+03
1.046606940120856962e+03 -1.133839438272697407e+04 1.003181868757852158e+03 1.494434948391558009e+03 1.423144279761905636e+03
1.047606970640297732e+03 -1.139132452076163281e+04 1.007781665870333882e+03 1.476129386547723470e+03 1.427525967261904725e+03
1.048607001159738502e+03 -1.143090345116013305e+04 9.879051795411369312e+02 1.504908001171113256e+03 1.424397432223682699e+03
1.049607031679179727e+03 -1.149453758034417660e+04 9.801817600952880412e+02 1.493934329617517506e+03 1.419231571632669556e+03
1.050607062198620497e+03 -1.156050458646522384e+04 9.681892965355040133e+02 1.482454495811135530e+03 1.421422549109322745e+03
1.051607092718061267e+03 -1.161948662294548922e+04 9.783741303800363767e+02 1.466817479357341881e+03 1.430655304660045658e+03
1.052607123237502492e+03 -1.165503099859117719e+04 9.486396323542550135e+02 1.513890853148018778e+03 1.434567879062629345e+03
1.053607153756943262e+03 -1.169429996631972972e+04 9.335250907238419131e+02 1.496425483687284668e+03 1.438010671734530661e+03
1.054607184276384032e+03 -1.173760388669927124e+04 9.463371366288915851e+02 1.472974578572230712e+03 1.428777515003849203e+03
1.055607214795824802e+03 -1.177470125888002985e+04 9.162749741300340247e+02 1.483284454079618627e+03 1.422674498031224857e+03
1.056607245315265573e+03 -1.182234969668236226e+04 9.120017183904787998e+02 1.484120808669732014e+03 1.417822761347237929e+03
1.057607275834706797e+03 -1.184795948359563772e+04 8.922883623602156149e+02 1.501912816955765493e+03 1.409999217261905187e+03
1.058607306354147568e+03 -1.188195311746248444e+04 8.806201939730150343e+02 1.483952656480731775e+03 1.412660243922544623e+03
1.059607336873588338e+03 -1.192153337418820047e+04 8.410259996004228924e+02 1.508239631904950784e+03 1.414851221399195538e+03
1.060607367393029563e+03 -1.197027218559333414e+04 8.168824345825615865e+02 1.507897073345769741e+03 1.420482985647958913e+03
1.061607397912470333e+03 -1.201761132388931401e+04 8.145823254450410786e+02 1.484281427413253368e+03 1.416571748511902115e+03
1.062607428431911103e+03 -1.206354959538166986e+04 8.014289974774095526e+02 1.488283819076868440e+03 1.419704027896402749e+03
1.063607458951351873e+03 -1.208915858649860093e+04 7.587169366597975113e+02 1.505739522984884388e+03 1.425335123511906659e+03
1.064607489470792643e+03 -1.211787449911476142e+04 7.275052811422657442e+02 1.493595324570369030e+03 1.422202309220797815e+03
1.065607519990233868e+03 -1.215093652074638158e+04 7.091048292046552888e+02 1.488937665289404777e+03 1.416571748511902115e+03
1.066607550509674638e+03 -1.218446620535370675e+04 6.777203566492664777e+02 1.486784521283424056e+03 1.413909652038044669e+03
1.067607581029115408e+03 -1.224066069992791563e+04 6.353300640288713339e+02 1.500256027509389469e+03 1.412190061011906209e+03
1.068607611548556633e+03 -1.229886378443531066e+04 5.944242290512896716e+02 1.501582624618438103e+03 1.411718540834739770e+03
1.069607642067997404e+03 -1.234790712056879602e+04 5.530235280636073867e+02 1.512401363047754558e+03 1.408280027415722543e+03
1.070607672587438174e+03 -1.238949530406407030e+04 5.126134014212834700e+02 1.516880493884596945e+03 1.411718273381435438e+03
1.071607703106878944e+03 -1.242877620873754313e+04 4.837036800790442612e+02 1.494739413301834020e+03 1.407808373511903937e+03
1.072607733626319714e+03 -1.246849068977734350e+04 4.422654956233733969e+02 1.492808150586647571e+03 1.410471272345680063e+03
1.073607764145760939e+03 -1.249256206975487839e+04 3.639253282776233505e+02 1.532497752811529381e+03 1.408582650830618377e+03
1.074607794665201709e+03 -1.253478569661846814e+04 3.286119705707098433e+02 1.487108459439594071e+03 1.402652809873146680e+03
1.075607825184642479e+03 -1.257637122745931447e+04 2.740437624758161519e+02 1.506239999618437196e+03 1.417516661039371456e+03
1.076607855704083704e+03 -1.261207635396336264e+04 2.279075096432151497e+02 1.483272514279211919e+03 1.420953436011904387e+03
1.077607886223524474e+03 -1.264062302722699314e+04 1.777557525588884744e+02 1.488296611720160399e+03 1.420953436011904387e+03
1.078607916742965244e+03 -1.266857471010234076e+04 1.012254611287577433e+02 1.503726955914598648e+03 1.417816877374520573e+03
1.079607947262406014e+03 -1.271344170710380058e+04 4.403846422458268961e+01 1.482953124618438551e+03 1.412663052182249430e+03
1.080607977781846785e+03 -1.276729709100307264e+04 -2.266273533821990682e+01 1.483456017640166692e+03 1.416098623614906955e+03
1.081608008301288010e+03 -1.280500298210972142e+04 -9.906064133646088976e+01 1.495602632442857384e+03 1.415327422009203929e+03
1.082608038820728780e+03 -1.284317759725384713e+04 -1.606650719638548424e+02 1.500763469026511984e+03 1.418762592261903364e+03
1.083608069340169550e+03 -1.287377463975788487e+04 -2.459516138288840352e+02 1.513729381561609216e+03 1.417815540107995048e+03
1.084608099859610775e+03 -1.292903871579136830e+04 -3.374559189813601279e+02 1.512219138951128116e+03 1.413137380619122496e+03
1.085608130379051545e+03 -1.298336348689173792e+04 -4.126731659313124965e+02 1.502904104670165680e+03 1.420953436011904387e+03
1.086608160898492315e+03 -1.303798097840828268e+04 -4.739667785880994870e+02 1.494092816253822093e+03 1.420953436011904387e+03
1.087608191417933085e+03 -1.307010581723034375e+04 -5.607492898726491148e+02 1.499948577649012350e+03 1.421901557979033669e+03
1.088608221937373855e+03 -1.310440331266196154e+04 -6.714598713309355844e+02 1.519708094472860921e+03 1.430191005722119598e+03
1.089608252456815080e+03 -1.314228480949176628e+04 -7.588614915813780044e+02 1.507056170260257659e+03 1.436289342261906086e+03
1.090608282976255850e+03 -1.317176574764506586e+04 -8.518592391779623085e+02 1.502591253471514619e+03 1.430958730434857898e+03
1.091608313495696621e+03 -1.320794556665905657e+04 -9.515662467715706043e+02 1.511208235850357141e+03 1.428475159042254973e+03
1.092608344015137845e+03 -1.325622202039732110e+04 -1.028771100238226381e+03 1.485786410825939129e+03 1.436764071878735649e+03
1.093608374534578616e+03 -1.329175021485097750e+04 -1.139251305775213723e+03 1.523435586446250454e+03 1.440196166418423445e+03
1.094608405054019386e+03 -1.332963317064070179e+04 -1.255475466717564132e+03 1.530454341256876887e+03 1.429241813941772079e+03
1.095608435573460156e+03 -1.338178462196791043e+04 -1.335560931719374821e+03 1.487301912634212613e+03 1.433333047152260860e+03
1.096608466092900926e+03 -1.342184129542896153e+04 -1.465470489332446050e+03 1.499869973963043776e+03 1.442861873511903241e+03
1.097608496612342151e+03 -1.347134858082199207e+04 -1.559967575649090122e+03 1.485984981077880093e+03 1.445528115511996702e+03
1.098608527131782921e+03 -1.352755965448638017e+04 -1.686469506974608976e+03 1.512413729269598889e+03 1.444577185285160112e+03
1.099608557651223691e+03 -1.358651635811685446e+04 -1.791076179424703014e+03 1.503712031164097652e+03 1.439244032651716452e+03
1.100608588170664916e+03 -1.363026154756057440e+04 -1.888874057125709442e+03 1.494796553775189068e+03 1.429241011581852717e+03
1.101608618690105686e+03 -1.365010353531750479e+04 -2.014075298072868918e+03 1.523552568062098089e+03 1.428477833575309432e+03
1.102608649209546456e+03 -1.366578655882891871e+04 -2.133478674806739946e+03 1.518188044169191699e+03 1.430955520995195002e+03
1.103608679728987227e+03 -1.368175354899688864e+04 -2.246380003523991036e+03 1.509581011624022040e+03 1.431145412841925918e+03
1.104608710248427997e+03 -1.367816344649353232e+04 -2.382082090624553985e+03 1.526894717191526524e+03 1.439432854685224811e+03
1.105608740767869222e+03 -1.368005346277374701e+04 -2.502983963753374155e+03 1.524159507915908307e+03 1.449910872825216074e+03
1.106608771287309992e+03 -1.368033583783764698e+04 -2.610884408211793925e+03 1.495405483595729493e+03 1.450672044931971413e+03
1.107608801806750762e+03 -1.367476247825091741e+04 -2.719188326404418149e+03 1.496623485377301449e+03 1.443338609028520750e+03
1.108608832326191987e+03 -1.368317311701423387e+04 -2.835489138933069626e+03 1.521732743484033108e+03 1.444575848018632769e+03
1.109608862845632757e+03 -1.370632216904702000e+04 -2.943090277197565683e+03 1.515348361640044914e+03 1.448197566951749195e+03
1.110608893365073527e+03 -1.372880553745100224e+04 -3.050691134687026988e+03 1.496925249618435828e+03 1.454293228958478494e+03
1.111608923884514297e+03 -1.374524271061640320e+04 -3.164600024639627463e+03 1.516269858378276240e+03 1.456006936011903690e+03
1.112608954403955067e+03 -1.375440816219730732e+04 -3.288596459884996420e+03 1.521317408998595511e+03 1.458197779761904940e+03
1.113608984923396292e+03 -1.376819811887591823e+04 -3.398703655779789642e+03 1.503314606379259203e+03 1.456484473888438060e+03
1.114609015442837062e+03 -1.376167935325091821e+04 -3.536204247406765262e+03 1.545827687118437552e+03 1.459910951908719653e+03
1.115609045962277833e+03 -1.377274052431905693e+04 -3.630885802925437019e+03 1.507131646855672670e+03 1.456962546671579958e+03
1.116609076481719057e+03 -1.378170967947226927e+04 -3.726314500828790187e+03 1.506662725408901451e+03 1.462101528205412023e+03
1.117609107001159828e+03 -1.379616982929220285e+04 -3.846501941865210483e+03 1.514030292959858343e+03 1.464013685611337451e+03
1.118609137520600598e+03 -1.379767043590233334e+04 -3.962717679556326402e+03 1.523770185138487932e+03 1.476202736271700815e+03
1.119609168040041368e+03 -1.380581143234299998e+04 -4.084198370432531192e+03 1.531428572113559767e+03 1.475246189525456202e+03
1.120609198559482138e+03 -1.382469408762591775e+04 -4.167713783337658242e+03 1.494302189182308666e+03 1.476681477688106042e+03
1.121609229078923363e+03 -1.382441993579074733e+04 -4.299820405648175438e+03 1.520212124618437656e+03 1.485445120141415600e+03
1.122609259598364133e+03 -1.385022190751734524e+04 -4.407207172168716170e+03 1.504713410852643619e+03 1.490581694595496174e+03
1.123609290117804903e+03 -1.388451476080371140e+04 -4.516025049074257367e+03 1.511406379680847976e+03 1.483051279332727972e+03
1.124609320637246128e+03 -1.392070771045714173e+04 -4.629015804642187504e+03 1.505438753727118637e+03 1.470863833392191736e+03
1.125609351156686898e+03 -1.396776606528187949e+04 -4.742220510791459674e+03 1.525888078305185672e+03 1.471821984858270980e+03
1.126609381676127668e+03 -1.402521446960438334e+04 -4.842200431725115777e+03 1.518974791731450296e+03 1.474012962334923486e+03
1.127609412195568439e+03 -1.409257703722019687e+04 -4.925721460131071581e+03 1.493287021867107569e+03 1.477915373511902544e+03
1.128609442715009209e+03 -1.415606938202501806e+04 -5.039430017091779519e+03 1.518103328442518659e+03 1.480585761038225883e+03
1.129609473234450434e+03 -1.423884838138222949e+04 -5.141203528988674407e+03 1.521300494281347028e+03 1.484967582264882139e+03
1.130609503753891204e+03 -1.433588738778271909e+04 -5.209197557228687401e+03 1.488919187026880309e+03 1.483528282302649131e+03
1.131609534273331974e+03 -1.444114285864236626e+04 -5.287617885848660990e+03 1.495328727735993880e+03 1.481066107174464605e+03
1.132609564792773199e+03 -1.456256161609773335e+04 -5.386235345894933744e+03 1.521232693271922471e+03 1.492980750743643284e+03
1.133609595312213969e+03 -1.469029170160174363e+04 -5.481891892744168217e+03 1.503464422446212666e+03 1.498863386192731468e+03
1.134609625831654739e+03 -1.480959708927397878e+04 -5.563056797391886903e+03 1.506401897626278924e+03 1.498593659534383505e+03
1.135609656351095509e+03 -1.491940928991067631e+04 -5.675092917819691138e+03 1.534245227884786118e+03 1.503725018649013236e+03
1.136609686870536279e+03 -1.505705035552269146e+04 -5.723394086607450845e+03 1.486588793841109919e+03 1.494000282743276330e+03
1.137609717389977504e+03 -1.517439185048893341e+04 -5.808437056124277660e+03 1.502604614676730989e+03 1.489350339578101739e+03
1.138609747909418275e+03 -1.529777516381389978e+04 -5.897129258851558916e+03 1.500787348627317897e+03 1.493732160804753448e+03
1.139609778428859045e+03 -1.541077068239736400e+04 -5.987615894867160023e+03 1.519417275048758711e+03 1.495442123511905265e+03
1.140609808948300270e+03 -1.553076217913754772e+04 -6.057681481361181795e+03 1.510951956563125350e+03 1.491807834273437720e+03
1.141609839467741040e+03 -1.565462243972873512e+04 -6.111818980542879217e+03 1.494825692573789411e+03 1.479624935039095817e+03
1.142609869987181810e+03 -1.576523070195938999e+04 -6.195631032279045030e+03 1.521747241813090341e+03 1.477433957562443084e+03
1.143609900506622580e+03 -1.587144444423127970e+04 -6.277421503718561326e+03 1.518164733130312015e+03 1.470861292585793308e+03
1.144609931026063350e+03 -1.598565739856464643e+04 -6.350011538607996044e+03 1.508799949680995951e+03 1.468188631706376327e+03
1.145609961545504575e+03 -1.609478468382799110e+04 -6.423612644420828474e+03 1.531343429965443192e+03 1.455525118882485231e+03
1.146609992064945345e+03 -1.620417312291975759e+04 -6.489807887359385859e+03 1.516858888531489583e+03 1.452370239693691929e+03
1.147610022584386115e+03 -1.629835031309019723e+04 -6.557015043546432935e+03 1.516067166052391030e+03 1.441153114344627966e+03
1.148610053103827340e+03 -1.638261864527621583e+04 -6.628822418008549903e+03 1.525894616767312300e+03 1.445534935571280357e+03
1.149610083623268110e+03 -1.646423538409559842e+04 -6.687885553738032286e+03 1.527198187118438000e+03 1.448952052725875319e+03
1.150610114142708881e+03 -1.654437698178736537e+04 -6.733886332613233208e+03 1.518673596052241464e+03 1.447243561011905513e+03
1.151610144662149651e+03 -1.663155487798310787e+04 -6.787800334862126874e+03 1.516067734614314759e+03 1.443604858793905578e+03
1.152610175181590421e+03 -1.670543647648936167e+04 -6.844014867411103296e+03 1.526408881027515918e+03 1.425112201181979799e+03
1.153610205701031646e+03 -1.678196993362769354e+04 -6.909195108575743689e+03 1.534459860011066667e+03 1.409999217261905187e+03
1.154610236220472416e+03 -1.685923936973714444e+04 -6.936560847966416986e+03 1.505726588201114964e+03 1.409033175923322005e+03
1.155610266739913186e+03 -1.691816649627074366e+04 -6.996325921298905087e+03 1.521239231734043869e+03 1.400269533470017222e+03
1.156610297259354411e+03 -1.697562272592383306e+04 -7.026802367371059518e+03 1.500075651239007811e+03 1.388831759144111857e+03
1.157610327778795181e+03 -1.702393896947849498e+04 -7.042837008811507076e+03 1.482646954022396130e+03 1.375686295464154909e+03
1.158610358298235951e+03 -1.705771787096936896e+04 -7.107538949693438553e+03 1.511442909784464746e+03 1.362057276208296798e+03
1.159610388817676721e+03 -1.711181690117789185e+04 -7.116470403754045947e+03 1.495352607336799565e+03 1.347204524354243176e+03
1.160610419337117492e+03 -1.713549369880920131e+04 -7.157870823966685748e+03 1.519183596098022917e+03 1.329193550145080962e+03
1.161610449856558716e+03 -1.715479746298262762e+04 -7.173731244494070779e+03 1.494867624015674664e+03 1.314825022500183422e+03
1.162610480375999487e+03 -1.717895293210553791e+04 -7.203096804115703890e+03 1.498198401906629215e+03 1.302902355331855006e+03
1.163610510895440257e+03 -1.719608483546572097e+04 -7.246289271028810617e+03 1.525384190300088221e+03 1.291209430552739832e+03
1.164610541414881482e+03 -1.721493260834290777e+04 -7.277739164168811840e+03 1.518667626152036746e+03 1.286343251390267824e+03
1.165610571934322252e+03 -1.722000992155153290e+04 -7.289239429081372691e+03 1.508053712155824087e+03 1.273935290199551446e+03
1.166610602453763022e+03 -1.720553014208882814e+04 -7.308148364618587948e+03 1.517615218030817232e+03 1.252995434844535112e+03
1.167610632973203792e+03 -1.718114654468508161e+04 -7.321439833906492822e+03 1.526682927874862571e+03 1.241556055798804664e+03
1.168610663492644562e+03 -1.715555161263661648e+04 -7.338558126618446295e+03 1.516852634350325616e+03 1.221837927142197941e+03
1.169610694012085787e+03 -1.712537872957565924e+04 -7.365386041417712477e+03 1.517616923716590463e+03 1.209662382873740626e+03
1.170610724531526557e+03 -1.708312963722955828e+04 -7.397340066144179218e+03 1.526682501453419945e+03 1.201383900716170956e+03
1.171610755050967327e+03 -1.704111371320770922e+04 -7.401183595683184649e+03 1.511943954979945602e+03 1.197002079489517200e+03
1.172610785570408552e+03 -1.700538298858842973e+04 -7.403469666068651350e+03 1.493815784456381380e+03 1.187267715264785465e+03
1.173610816089849322e+03 -1.696409614663622051e+04 -7.433879849231072512e+03 1.517619197964286968e+03 1.178989500560522629e+03
1.174610846609290093e+03 -1.691580881701481849e+04 -7.451271757220677500e+03 1.512204640622072930e+03 1.165844170607217166e+03
1.175610877128730863e+03 -1.685811132844149688e+04 -7.426731737844645068e+03 1.478285941925245879e+03 1.156108870295920724e+03
1.176610907648171633e+03 -1.678350263735642147e+04 -7.455351980119408836e+03 1.516333821594726260e+03 1.139067548044959949e+03
1.177610938167612858e+03 -1.672265883536558249e+04 -7.446670135070428842e+03 1.487093818970052098e+03 1.128599024497299979e+03
1.178610968687053628e+03 -1.665046817142468353e+04 -7.455863552244481980e+03 1.519172509140503053e+03 1.117158308185040141e+03
1.179610999206494398e+03 -1.658479600784335344e+04 -7.452547739395418830e+03 1.523835569759743294e+03 1.106690052090692916e+03
1.180611029725935623e+03 -1.650246557234997817e+04 -7.440022224419909435e+03 1.520729231688267419e+03 1.100603750949642745e+03
1.181611060245376393e+03 -1.641433829113432512e+04 -7.434146304745166162e+03 1.517108629356578149e+03 1.093544454684079710e+03
1.182611090764817163e+03 -1.632500498058280391e+04 -7.411400859044975732e+03 1.492267874618436736e+03 1.083807282199645215e+03
1.183611121284257933e+03 -1.621587278790881828e+04 -7.410123051832470082e+03 1.511673888066063228e+03 1.069931537269688533e+03
1.184611151803698704e+03 -1.611567433745141716e+04 -7.409866704219856729e+03 1.519952433959682139e+03 1.062384807355298108e+03
1.185611182323139928e+03 -1.602175273053510682e+04 -7.379197927244477796e+03 1.495371796301734094e+03 1.047535666120857513e+03
1.186611212842580699e+03 -1.591889552454414843e+04 -7.338566549869688060e+03 1.492011026769293039e+03 1.040962867417553298e+03
1.187611243362021469e+03 -1.579189544953882432e+04 -7.327577857082196715e+03 1.509604891224827497e+03 1.031711791315422943e+03
1.188611273881462694e+03 -1.566368907993214088e+04 -7.307130274319187265e+03 1.516846948731081966e+03 1.021732306136424086e+03
1.189611304400903464e+03 -1.553113686657551261e+04 -7.268793811743653350e+03 1.502874539450120665e+03 1.009314850353369025e+03
1.190611334920344234e+03 -1.540075757509387950e+04 -7.227905104043605206e+03 1.499253937118436852e+03 9.993357663543349645e+02
1.191611365439785004e+03 -1.527762798816498434e+04 -7.170906366804555546e+03 1.483979805312606459e+03 9.883812801510290456e+02
1.192611395959225774e+03 -1.516824697650562666e+04 -7.107541476668815449e+03 1.481674002430025439e+03 9.818084814477244890e+02
1.193611426478666999e+03 -1.503449032540573899e+04 -7.074053156729692091e+03 1.513997884930190139e+03 9.686631514944149330e+02
1.194611456998107769e+03 -1.491714883043955342e+04 -7.001214214766229816e+03 1.502101721654997164e+03 9.616019830557154364e+02
1.195611487517548539e+03 -1.479546149172336663e+04 -6.925048790502140946e+03 1.490442648702096903e+03 9.457771721637110431e+02
1.196611518036989764e+03 -1.466168998575867772e+04 -6.846102710617484263e+03 1.488666319111215671e+03 9.314180053844986560e+02
1.197611548556430535e+03 -1.451272327943201526e+04 -6.789857854364047853e+03 1.501814882164364917e+03 9.226543629311954646e+02
1.198611579075871305e+03 -1.437413680778173148e+04 -6.697096098189594159e+03 1.460975221307841139e+03 9.143796251198976961e+02
1.199611609595312075e+03 -1.423023468192243308e+04 -6.624767886026081214e+03 1.502622240096370888e+03 9.090197271559278533e+02
1.200611640114752845e+03 -1.409164847553758773e+04 -6.525353024862844904e+03 1.496405299738989243e+03 8.990434514165940527e+02
1.201611670634194070e+03 -1.394774608441278360e+04 -6.434624079986641846e+03 1.493556378078578064e+03 8.951509360119032408e+02
1.202611701153634840e+03 -1.380867470753299312e+04 -6.326767155659609671e+03 1.478023266316387208e+03 8.919812131646707485e+02
1.203611731673075610e+03 -1.365994050636697830e+04 -6.222018551426190243e+03 1.481170825127340549e+03 8.832175707113650560e+02
1.204611762192516835e+03 -1.350783133297167660e+04 -6.156075023312037047e+03 1.508815300852946848e+03 8.722630845080567497e+02
1.205611792711957605e+03 -1.335620799323500069e+04 -6.055874132420951355e+03 1.482157848627314934e+03 8.673912888261749004e+02
1.206611823231398375e+03 -1.320529994176493528e+04 -5.948044022110354490e+03 1.463557345285439851e+03 8.503541121014470718e+02
1.207611853750839146e+03 -1.305367673466097949e+04 -5.868329460937953627e+03 1.481666326844066134e+03 8.464622653300239108e+02
1.208611884270279916e+03 -1.289456256408402987e+04 -5.792396518407985241e+03 1.481389863608551195e+03 8.372085146948404599e+02
1.209611914789721141e+03 -1.274391235062433043e+04 -5.688653931147148796e+03 1.467938541330882572e+03 8.306357159915326065e+02
1.210611945309161911e+03 -1.260098162681670328e+04 -5.603037478608702258e+03 1.464844995902693881e+03 8.223625829000650356e+02
1.211611975828602681e+03 -1.245730431342021438e+04 -5.499260636792886544e+03 1.465087771844221606e+03 8.206622485119024759e+02
1.212612006348043906e+03 -1.228901089745924946e+04 -5.389889071506042455e+03 1.457859217683660063e+03 8.218715386316146123e+02
1.213612036867484676e+03 -1.212483745172379167e+04 -5.293563999283705925e+03 1.465889017735543121e+03 8.092171192201061558e+02
1.214612067386925446e+03 -1.196767032949726308e+04 -5.205131653857057245e+03 1.473638374618440366e+03 8.048352979934554696e+02
1.215612097906366216e+03 -1.183103461991360018e+04 -5.108251910540826429e+03 1.461431492251816053e+03 7.972802770266006291e+02
1.216612128425806986e+03 -1.170234109032120250e+04 -4.994044697106935928e+03 1.427869281881292181e+03 7.909730594554116578e+02
1.217612158945248211e+03 -1.157488635034679828e+04 -4.918658985132222369e+03 1.472876785921312148e+03 7.977709201150894387e+02
1.218612189464688981e+03 -1.148073727831329779e+04 -4.822293481303951921e+03 1.447455103037377285e+03 7.841340109867280717e+02
1.219612219984129752e+03 -1.138051455606788113e+04 -4.744137361997740300e+03 1.441605880104297967e+03 7.768453735119049952e+02
1.220612250503570976e+03 -1.126556787751957381e+04 -4.654624173049942328e+03 1.446929467538678637e+03 7.736708365051727014e+02
1.221612281023011747e+03 -1.112525412993825194e+04 -4.548870394169030078e+03 1.427873546095734582e+03 7.675900181568887319e+02
1.222612311542452517e+03 -1.095695806132293728e+04 -4.478085602406998987e+03 1.446976658178377193e+03 7.641924250935745704e+02
1.223612342061893287e+03 -1.079278726824190198e+04 -4.399367652243346129e+03 1.439231281228946045e+03 7.680819985119067042e+02
1.224612372581334057e+03 -1.062449066909570502e+04 -4.330133861808909387e+03 1.447787569622399133e+03 7.617307848720074617e+02
1.225612403100775282e+03 -1.046249332842048170e+04 -4.262630628340885778e+03 1.458619242835492742e+03 7.478718895002742784e+02
1.226612433620216052e+03 -1.031331560343404271e+04 -4.168846429853897462e+03 1.435566188926713266e+03 7.466662100001824456e+02
1.227612464139656822e+03 -1.017060531520941186e+04 -4.091679621405360649e+03 1.428112199963305329e+03 7.500624657969711961e+02
1.228612494659098047e+03 -1.003180530487758369e+04 -4.028830655407809900e+03 1.437951164057188180e+03 7.456806445703155077e+02
1.229612525178538817e+03 -9.904793956090934444e+03 -3.957759332716229892e+03 1.441793221258246376e+03 7.408057731754283850e+02
1.230612555697979587e+03 -9.771536136656361123e+03 -3.872887074424488674e+03 1.430149357336805679e+03 7.357125261567958887e+02
1.231612586217420358e+03 -9.652021719815174947e+03 -3.776803328350059019e+03 1.425553387024586300e+03 7.374101860119035337e+02
1.232612616736861128e+03 -9.525988537348988757e+03 -3.699409794055752172e+03 1.444645127868761620e+03 7.342324395655152784e+02
1.233612647256302353e+03 -9.404790746007503913e+03 -3.632190564541903314e+03 1.430672718587793270e+03 7.281532259370557085e+02
1.234612677775743123e+03 -9.292284907431516331e+03 -3.562671085503045560e+03 1.429393312118437507e+03 7.237714047104019528e+02
1.235612708295183893e+03 -9.180269146761167576e+03 -3.489588290416299969e+03 1.435625461507282807e+03 7.167048872055981974e+02
1.236612738814625118e+03 -9.081291447871662967e+03 -3.401082803091372170e+03 1.421813955250790059e+03 7.116140472667103722e+02
1.237612769334065888e+03 -8.977200890204232564e+03 -3.313073866426864697e+03 1.418116739199869698e+03 7.176925922619058156e+02
1.238612799853506658e+03 -8.870512190156940051e+03 -3.274128262399444793e+03 1.451856767312083775e+03 7.176925922619058156e+02
1.239612830372947428e+03 -8.779736896658161641e+03 -3.179827016674086735e+03 1.425261430476643909e+03 7.155017485119046796e+02
1.240612860892388198e+03 -8.681462151192217789e+03 -3.126478495358162036e+03 1.441788530622375220e+03 7.159962696733211942e+02
1.241612891411829423e+03 -8.588724689212733210e+03 -3.058962205850730697e+03 1.406332014061761129e+03 7.225689346499749490e+02
1.242612921931270193e+03 -8.473065772950460087e+03 -3.002796808933963348e+03 1.415722098516683218e+03 7.210847025324602555e+02
1.243612952450710964e+03 -8.368552647432594313e+03 -2.948559213450087100e+03 1.419250878097657278e+03 7.143007494446526380e+02
1.244612982970152188e+03 -8.275605095222383170e+03 -2.880376223607318025e+03 1.400698986800272905e+03 7.264559672619041066e+02
1.245613013489592959e+03 -8.178029191565590736e+03 -2.835635703504549838e+03 1.415421187118437047e+03 7.237699337172226706e+02
1.246613044009033729e+03 -8.078354905623237755e+03 -2.779394778101700012e+03 1.406855659593716382e+03 7.181879157832383953e+02
1.247613074528474499e+03 -7.990943973735965301e+03 -2.710393750176419871e+03 1.399120374618435335e+03 7.264559672619041066e+02
1.248613105047915269e+03 -7.897997084689401163e+03 -2.659354743961894656e+03 1.405884840108575418e+03 7.247607144865404507e+02
1.249613135567356494e+03 -7.813742148408243338e+03 -2.622470590286959123e+03 1.416696045092404347e+03 7.313333794631979572e+02
1.250613166086797264e+03 -7.727520268868485800e+03 -2.547307813694995730e+03 1.395430976293956292e+03 7.303417963339626340e+02
1.251613196606238034e+03 -7.629735866573627391e+03 -2.467109898289172179e+03 1.375086409250369115e+03 7.296387953210962678e+02
1.252613227125679259e+03 -7.536297308028720181e+03 -2.412950498654241073e+03 1.399428393040739593e+03 7.320362467494051089e+02
1.253613257645120029e+03 -7.445319749629785292e+03 -2.357965760785722523e+03 1.412037532968554387e+03 7.281505514040030675e+02
1.254613288164560799e+03 -7.370453485799718692e+03 -2.286143505246453969e+03 1.398065123687596042e+03 7.242651235119029707e+02
1.255613318684001570e+03 -7.285707012653019774e+03 -2.216406004388099973e+03 1.400703677436144062e+03 7.215777527006993068e+02
1.256613349203442340e+03 -7.197802421776627853e+03 -2.157340762845808058e+03 1.407068443893761696e+03 7.193867752240485061e+02
1.257613379722883565e+03 -7.115721335799518783e+03 -2.079447308590612920e+03 1.360060739005303276e+03 7.138076992764163151e+02
1.258613410242324335e+03 -7.021790179327307669e+03 -2.063749597199618620e+03 1.406202808364543444e+03 7.279467519854008515e+02
1.259613440761765105e+03 -6.936842502342217813e+03 -2.053100922987027843e+03 1.398709730768875716e+03 7.357164042297216611e+02
1.260613471281206330e+03 -6.856642546252988723e+03 -2.000297526413588685e+03 1.367889410276595299e+03 7.374101860119035337e+02
1.261613501800647100e+03 -6.766856825488714094e+03 -1.972598366661479758e+03 1.385362455323280528e+03 7.384048448541490188e+02
1.262613532320087870e+03 -6.690308778751061254e+03 -1.912586351680256257e+03 1.366518749618435095e+03 7.444801804096789510e+02
1.263613562839528640e+03 -6.607241701122967243e+03 -1.898153953012426427e+03 1.391708174956434277e+03 7.522484953874776465e+02
1.264613593358969410e+03 -6.521803150435903262e+03 -1.883939155001545259e+03 1.392030265286365875e+03 7.461735610119017110e+02
1.265613623878410635e+03 -6.446440177064088857e+03 -1.840028886695586607e+03 1.360061876129150505e+03 7.493601334173702071e+02
1.266613654397851406e+03 -6.356853803280107968e+03 -1.814205444606230003e+03 1.382290230967244042e+03 7.490612543487472976e+02
1.267613684917292176e+03 -6.272601121755252279e+03 -1.759213266199122017e+03 1.362390847910112598e+03 7.449789808239788726e+02
1.268613715436733401e+03 -6.175507338040775721e+03 -1.712481489504133378e+03 1.377951961347061797e+03 7.500569830042119293e+02
1.269613745956174171e+03 -6.079700091724103004e+03 -1.663864729570057534e+03 1.377312329182615713e+03 7.483644047619028470e+02
1.270613776475614941e+03 -5.998805007541958730e+03 -1.608980368778771208e+03 1.361331474905319283e+03 7.493614706838955044e+02
1.271613806995055711e+03 -5.920382595185216815e+03 -1.564756193976772693e+03 1.357203999618440321e+03 7.625068006372025593e+02
1.272613837514496481e+03 -5.849857532959899800e+03 -1.515408155447894387e+03 1.353814944130282584e+03 7.641991114262050360e+02
1.273613868033937706e+03 -5.764121487078661630e+03 -1.467949873333793221e+03 1.354137603022119947e+03 7.712707105438133794e+02
1.274613898553378476e+03 -5.679869866615578758e+03 -1.435429806124267088e+03 1.357941282293314998e+03 7.768453735119049952e+02
1.275613929072819246e+03 -5.591465117746713986e+03 -1.382528980611545421e+03 1.345560562118437701e+03 7.795354188561650517e+02
1.276613959592260471e+03 -5.504353405278921855e+03 -1.338624889356498898e+03 1.348420002174440015e+03 7.807277256909941343e+02
1.277613990111701241e+03 -5.421779986639945491e+03 -1.304326954586083048e+03 1.339515611743044246e+03 7.805346244046010042e+02
1.278614020631142012e+03 -5.344734301931527625e+03 -1.272568770450854345e+03 1.341882677172910689e+03 7.958709318345559041e+02
1.279614051150582782e+03 -5.256137500882051427e+03 -1.276522784968575024e+03 1.389478417231211097e+03 8.085166590136433342e+02
1.280614081670023552e+03 -5.178901355585676356e+03 -1.235647133307939612e+03 1.361861374618439413e+03 8.209707558995108911e+02
1.281614112189464777e+03 -5.097013250218233225e+03 -1.237870169696644552e+03 1.383148190910481389e+03 8.364981587160798426e+02
1.282614142708905547e+03 -5.014935612691922870e+03 -1.249245489715870008e+03 1.371580656427324811e+03 8.349978794002490758e+02
1.283614173228346317e+03 -4.936023520327700680e+03 -1.262447391765626435e+03 1.368975789972762414e+03 8.294256235119070197e+02
1.284614203747787542e+03 -4.865803911259782581e+03 -1.299120262222052816e+03 1.390006753399030003e+03 8.299260286460403222e+02
1.285614234267228312e+03 -4.807320441179332192e+03 -1.300696814078396073e+03 1.366187278016774371e+03 8.401911539550493444e+02
1.286614264786669082e+03 -4.728099845105094573e+03 -1.335327467272635431e+03 1.352014450657624593e+03 8.567170936867807995e+02
1.287614295306109852e+03 -4.648692634791818818e+03 -1.393025474751800175e+03 1.354143572922318072e+03 8.632898923900853561e+02
1.288614325825550623e+03 -4.580150564384430254e+03 -1.433703881945987632e+03 1.363657603876663870e+03 8.683598709711603760e+02
1.289614356344991847e+03 -4.508627175664963033e+03 -1.497908851005019187e+03 1.356473113265207758e+03 8.671710410293002269e+02
1.290614386864432618e+03 -4.432387897902772238e+03 -1.573810065955339951e+03 1.375833499618436690e+03 8.720540697500010765e+02
1.291614417383873388e+03 -4.367198252161958408e+03 -1.647937624970391198e+03 1.364387210965566283e+03 8.818203946447072212e+02
1.292614447903314613e+03 -4.303684155590796763e+03 -1.724891886712773839e+03 1.353079651422138113e+03 9.000340984592573932e+02
1.293614478422755383e+03 -4.234646038805301032e+03 -1.826952771864297119e+03 1.370250932227700559e+03 9.017234672619034654e+02
1.294614508942196153e+03 -4.172126952910248292e+03 -1.928540972233950470e+03 1.379619695610472036e+03 8.968400373612449812e+02
1.295614539461636923e+03 -4.109110361677157016e+03 -2.000561735727352698e+03 1.348812452042449650e+03 9.032290956438372405e+02
1.296614569981077693e+03 -4.049443807721653684e+03 -2.073778881671301860e+03 1.334256413946545763e+03 9.114908619698312577e+02
1.297614600500518918e+03 -3.970220426360235706e+03 -2.181880501446789367e+03 1.357203999618437138e+03 9.246361919231376305e+02
1.298614631019959688e+03 -3.906842808859440083e+03 -2.271773157862726293e+03 1.344492802825268427e+03 9.290181468764434385e+02
1.299614661539400458e+03 -3.849708346188542691e+03 -2.374703603316841509e+03 1.358079442840829870e+03 9.399726330797470837e+02
1.300614692058841683e+03 -3.766955475477452183e+03 -2.493820027958652645e+03 1.349725704632768156e+03 9.411586547619049270e+02
1.301614722578282453e+03 -3.694249798679292326e+03 -2.567759888858662634e+03 1.310247323162660678e+03 9.406559762746774140e+02
1.302614753097723224e+03 -3.621365465605384543e+03 -2.671977828264210530e+03 1.337162049658877322e+03 9.448579351535464639e+02
1.303614783617163994e+03 -3.535799322240321089e+03 -2.750519311314463721e+03 1.316166479212372678e+03 9.511069816308423697e+02
1.304614814136604764e+03 -3.456219158858314586e+03 -2.853152275612437279e+03 1.343231874618436450e+03 9.406555750947210299e+02
1.305614844656045989e+03 -3.382836789915445024e+03 -2.918455777020168625e+03 1.322117190448868314e+03 9.421650815495818279e+02
1.306614875175486759e+03 -3.316648685047794061e+03 -2.979997454425856176e+03 1.310253008781898416e+03 9.494186826414154439e+02
1.307614905694927529e+03 -3.242767086541537992e+03 -3.078027813860932838e+03 1.339644817440264205e+03 9.460438231090471390e+02
1.308614936214368754e+03 -3.175229311100701580e+03 -3.139256988645791807e+03 1.339297283964251392e+03 9.477311860119052653e+02
1.309614966733809524e+03 -3.121903794923494843e+03 -3.186315447101198515e+03 1.326395618926561838e+03 9.504257780623555618e+02
1.310614997253250294e+03 -3.065580248711345575e+03 -3.243287370323816049e+03 1.331052851786080282e+03 9.548075992890061343e+02
1.311615027772691064e+03 -3.002563524845535539e+03 -3.284342718010823319e+03 1.316544857172762931e+03 9.554865295043971400e+02
1.312615058292131835e+03 -2.943219798933958828e+03 -3.318130905693931254e+03 1.302572447891801403e+03 9.472270365314996070e+02
1.313615088811573060e+03 -2.884221448628934468e+03 -3.363419779452186503e+03 1.320111730402639523e+03 9.433494985119029934e+02
1.314615119331013830e+03 -2.808667218872870762e+03 -3.413143494986195947e+03 1.342695720724159173e+03 9.455403422619041294e+02
1.315615149850454600e+03 -2.740804095366424008e+03 -3.422706692889511942e+03 1.334100627979391902e+03 9.433494985119029934e+02
1.316615180369895825e+03 -2.663247907313233100e+03 -3.413506537114466937e+03 1.317079873943193434e+03 9.497499235599771055e+02
1.317615210889336595e+03 -2.576829068182170431e+03 -3.410496207510231216e+03 1.321554740565610018e+03 9.635719103755732249e+02
1.318615241408777365e+03 -2.495257159222624523e+03 -3.403955552925449865e+03 1.324247449837414933e+03 9.679537316022252753e+02
1.319615271928218135e+03 -2.418369837983587331e+03 -3.369806288539346951e+03 1.310804655988598597e+03 9.713253816949304564e+02
1.320615302447658905e+03 -2.313396874820558423e+03 -3.373875561211477361e+03 1.352190278432609148e+03 9.652579360119017338e+02
1.321615332967100130e+03 -2.237843175595342927e+03 -3.326639933705061139e+03 1.301675683597253510e+03 9.652579360119017338e+02
1.322615363486540900e+03 -2.142399608200795683e+03 -3.296737111042091328e+03 1.308479806281592118e+03 9.657634227588346221e+02
1.323615394005981670e+03 -2.051468338621627936e+03 -3.258875298673719499e+03 1.321198820801220791e+03 9.755381724326575750e+02
1.324615424525422895e+03 -1.973240763732618461e+03 -3.203321429796661050e+03 1.326215100515711356e+03 9.827846860119044550e+02
1.325615455044863666e+03 -1.898189609888893983e+03 -3.152541157782609844e+03 1.329975284799721294e+03 9.768853347312320921e+02
1.326615485564304436e+03 -1.824473537018968273e+03 -3.061246310810910472e+03 1.310630249618436437e+03 9.718304672619051416e+02
1.327615516083745206e+03 -1.738056024215117532e+03 -2.990126835199760535e+03 1.331949758221100637e+03 9.706519342722943975e+02
1.328615546603185976e+03 -1.653811698551708787e+03 -2.932268505172077312e+03 1.341617443035399901e+03 9.811001313687511356e+02
1.329615577122627201e+03 -1.578761605769723246e+03 -2.849640762559663472e+03 1.325854490115445742e+03 9.827846860119044550e+02
1.330615607642067971e+03 -1.503372901649987625e+03 -2.758170992737296274e+03 1.322812115260412384e+03 9.811003988220574001e+02
1.331615638161508741e+03 -1.424642648746835675e+03 -2.670237584558860362e+03 1.325140944900893828e+03 9.876730637987121781e+02
1.332615668680949966e+03 -1.332371921314023211e+03 -2.567611639636874770e+03 1.319041412580802671e+03 9.920548850253629780e+02
1.333615699200390736e+03 -1.227224811387774480e+03 -2.452799355989210198e+03 1.313690107752636322e+03 9.964367062520173022e+02
1.334615729719831506e+03 -1.106040415951207251e+03 -2.372468493601380942e+03 1.353797318710635409e+03 9.949155655783761176e+02
1.335615760239272277e+03 -9.930448973677433742e+02 -2.253207048650838260e+03 1.322617951363392422e+03 9.910408358184869257e+02
1.336615790758713047e+03 -8.655022218990953888e+02 -2.124767769541022972e+03 1.307051436588159504e+03 9.839608119217681406e+02
1.337615821278154272e+03 -7.341162480618398831e+02 -2.004633114212286955e+03 1.305972874618437345e+03 9.762121547619042303e+02
1.338615851797595042e+03 -5.992318209317895707e+02 -1.898662576999567364e+03 1.322642825947558777e+03 9.837999387586544344e+02
1.339615882317035812e+03 -4.860776736135061924e+02 -1.760266312991166387e+03 1.309350843149084085e+03 9.812614057118238406e+02
1.340615912836477037e+03 -3.780901013253113661e+02 -1.616659425768088795e+03 1.306004856226671563e+03 9.767200485885847456e+02
1.341615943355917807e+03 -2.634255325755165700e+02 -1.520725052015573283e+03 1.332634591058493015e+03 9.730052559052371635e+02
1.342615973875358577e+03 -1.509341509661632585e+02 -1.369989567271493343e+03 1.294701418757180591e+03 9.718304672619051416e+02
1.343616004394799347e+03 -3.642648672580713054e+01 -1.247921495009101591e+03 1.315995484213750842e+03 9.728470572751796226e+02
1.344616034914240117e+03 8.141927784721256955e+01 -1.115752119476934013e+03 1.300608066444564429e+03 9.805938422619033190e+02
1.345616065433681342e+03 2.086167103420667388e+02 -9.943837386171595654e+02 1.326224055366011953e+03 9.724956236320721246e+02
1.346616095953122112e+03 3.227760810559801143e+02 -8.521095501271993271e+02 1.310421303111389761e+03 9.679574759484988817e+02
1.347616126472562883e+03 4.287479012440048791e+02 -7.125483504728446178e+02 1.293082438678741482e+03 9.755478007516468324e+02
1.348616156992004107e+03 5.415893006052322107e+02 -6.065835691484178369e+02 1.313876169642247305e+03 9.817667587321005840e+02
1.349616187511444878e+03 6.600938519055392817e+02 -4.863997781875171427e+02 1.305760090318395896e+03 9.681123314122415877e+02
1.350616218030885648e+03 7.730892378562824661e+02 -3.286046261949987866e+02 1.282685999618435289e+03 9.608762485119057146e+02
1.351616248550326418e+03 8.924512597005580119e+02 -2.037064819048160871e+02 1.285556100210513250e+03 9.635764570817617596e+02
1.352616279069767188e+03 1.025508803725789221e+03 -8.143007456186163040e+01 1.282848466188208249e+03 9.598572514188817877e+02
1.353616309589208413e+03 1.154371837936221709e+03 6.523726061031936752e+01 1.269255571991474426e+03 9.618955130582315860e+02
1.354616340108649183e+03 1.276564772586455092e+03 2.039340943003298605e+02 1.277325455658998408e+03 9.652579360119017338e+02
1.355616370628089953e+03 1.410634039010664310e+03 3.295833118257193064e+02 1.292000749618436885e+03 9.652579360119017338e+02
1.356616401147531178e+03 1.553395788731271296e+03 4.928858662514749085e+02 1.272447194351540020e+03 9.603662150587800852e+02
1.357616431666971948e+03 1.701814058754866664e+03 6.425462633627893183e+02 1.259941390553400424e+03 9.554742266523564922e+02
1.358616462186412718e+03 1.842403682396733302e+03 7.720415374025576511e+02 1.264598907693882438e+03 9.531334753247618892e+02
1.359616492705853489e+03 1.987635716553696739e+03 9.079662791107865587e+02 1.259173547675116879e+03 9.613866831449845449e+02
1.360616523225294259e+03 2.124892810437199842e+03 1.077788991543251313e+03 1.217482749618438447e+03 9.684699164813664538e+02
1.361616553744735484e+03 2.282360876308696788e+03 1.197547127541739883e+03 1.236655084115324826e+03 9.681075172527469022e+02
1.362616584264176254e+03 2.433603294869457841e+03 1.353484250699113772e+03 1.205766678332653782e+03 9.581745689488664084e+02
1.363616614783617024e+03 2.575715144255047562e+03 1.503068417386752571e+03 1.198228400064010657e+03 9.564945610119034427e+02
1.364616645303058249e+03 2.730649659882006290e+03 1.626654921072024308e+03 1.222063795180136140e+03 9.532815107292176435e+02
1.365616675822499019e+03 2.879426966682483453e+03 1.798774373341505679e+03 1.184337721559626516e+03 9.482424230049016387e+02
1.366616706341939789e+03 3.036533475755321888e+03 1.949350658637219794e+03 1.181465346719853642e+03 9.548150879815533472e+02
1.367616736861380559e+03 3.175097532475689150e+03 2.113190335716720710e+03 1.153131063240030699e+03 9.576623958693039640e+02
1.368616767380821329e+03 3.322717353516344701e+03 2.262996314686908590e+03 1.150885101499952270e+03 9.455403422619041294e+02
1.369616797900262554e+03 3.469608225120153747e+03 2.407059180576900417e+03 1.155457760773288101e+03 9.531364173111174978e+02
1.370616828419703324e+03 3.603683592649551883e+03 2.575348861284400300e+03 1.122855140789927418e+03 9.510890622593868784e+02
1.371616858939144095e+03 3.744420040714029710e+03 2.757739345336062797e+03 1.090100856913348252e+03 9.514581478206391694e+02
1.372616889458585320e+03 3.885664206836162975e+03 2.920504636720483177e+03 1.085443055491898122e+03 9.667944552506000946e+02
1.373616919978026090e+03 4.029081294833232278e+03 3.085569616079785192e+03 1.068597276387799639e+03 9.675903962870348778e+02
1.374616950497466860e+03 4.163298446741827320e+03 3.252786174579814087e+03 1.051056572472157313e+03 9.564945610119034427e+02
1.375616981016907630e+03 4.299040477048570210e+03 3.425289165555574073e+03 1.037084163191198286e+03 9.510877249928616948e+02
1.376617011536348400e+03 4.448467949449442131e+03 3.613744952047264178e+03 1.031881537306134987e+03 9.450276342757301791e+02
1.377617042055789625e+03 4.583193349946574017e+03 3.804109868431690757e+03 1.010377814640103679e+03 9.487568694375611358e+02
1.378617072575230395e+03 4.730309697176729969e+03 3.971766541808799957e+03 1.008446125503500980e+03 9.488960788829460853e+02
1.379617103094671165e+03 4.878073026821961321e+03 4.128562275042162582e+03 1.007900874618440298e+03 9.465665605941686636e+02
1.380617133614112390e+03 5.032355122092264537e+03 4.313353104921146951e+03 9.834170346280379817e+02 9.488955439763336699e+02
1.381617164133553160e+03 5.181782196594969719e+03 4.521867319968726406e+03 9.499374078770025562e+02 9.433494985119029934e+02
1.382617194652993931e+03 5.335419166308222884e+03 4.700300139427135946e+03 9.657294995955491004e+02 9.406451444158151389e+02
1.383617225172434701e+03 5.483317913962022430e+03 4.928686067628223100e+03 9.201015523560317888e+02 9.367769672619058383e+02
1.384617255691875471e+03 5.631590553257501597e+03 5.111071778504187023e+03 9.305080833904886504e+02 9.416724325612991606e+02
1.385617286211316696e+03 5.770796154451433722e+03 5.332669829696803390e+03 8.981937243025571433e+02 9.374260764337575438e+02
1.386617316730757466e+03 5.907050810226462090e+03 5.564575694201903389e+03 8.809158381362606178e+02 9.334233702673058133e+02
1.387617347250198236e+03 6.049958058042398079e+03 5.785238483732182431e+03 8.765438812220854743e+02 9.379394530532005092e+02
1.388617377769639461e+03 6.184683458539529965e+03 6.020522633533120825e+03 8.605048914880607072e+02 9.274992795558978287e+02
1.389617408289080231e+03 6.331804182649494578e+03 6.227666245217080359e+03 8.751656871184386546e+02 9.312333288772238120e+02
1.390617438808521001e+03 6.483913356044724424e+03 6.449271596560676699e+03 8.609283279809175156e+02 9.351007036712162517e+02
1.391617469327961771e+03 6.627972253780736537e+03 6.699435419669966905e+03 8.183232823505418310e+02 9.379383832399794301e+02
1.392617499847402541e+03 6.774583535607730482e+03 6.930256229028351299e+03 7.995532054148443422e+02 9.274987446492893923e+02
1.393617530366843766e+03 6.925541191715674358e+03 7.129956775145204119e+03 7.970850781029955670e+02 9.253077671726364315e+02
1.394617560886284537e+03 7.078801617132820866e+03 7.331545252639003593e+03 7.995526368529182264e+02 9.214410610119042531e+02
1.395617591405725307e+03 7.228226702144705087e+03 7.552348991239966381e+03 7.850325602987165894e+02 9.214410610119042531e+02
1.396617621925166532e+03 7.371004500424603975e+03 7.775452698591030639e+03 7.859903028596025933e+02 9.182194522234469787e+02
1.397617652444607302e+03 7.528609973795420956e+03 7.987732949266247488e+03 7.805112137390183307e+02 9.099713260160242498e+02
1.398617682964048072e+03 7.675861739034141465e+03 8.193653785645781682e+03 7.576351247290713218e+02 9.093272984569681512e+02
1.399617713483488842e+03 7.819278959663934074e+03 8.382391329891315763e+03 7.574990962887657133e+02 9.192502172619031171e+02
1.400617744002929612e+03 7.952595535394101717e+03 8.566802411526981814e+03 7.561245978376408630e+02 9.138366949102309036e+02
1.401617774522370837e+03 8.067126410360760929e+03 8.781247437769952739e+03 7.011972517700558001e+02 9.082959985119036901e+02
1.402617805041811607e+03 8.195844609639343616e+03 8.971199755231247764e+03 7.109261991316511740e+02 9.050727850036170139e+02
1.403617835561252377e+03 8.328396822995971888e+03 9.148302824094533207e+03 7.077671269417356825e+02 9.032724230792886146e+02
1.404617866080693602e+03 8.451232893712418445e+03 9.332437061539656497e+03 6.748985621184353931e+02 9.126776860119059620e+02
1.405617896600134372e+03 8.572920232428605232e+03 9.487082198344936842e+03 6.611911026940307465e+02 9.126776860119059620e+02
1.406617927119575143e+03 8.700490893401472931e+03 9.643615266527260246e+03 6.359918696628423049e+02 9.153852495476569402e+02
1.407617957639015913e+03 8.837901708609106208e+03 9.789732563393659802e+03 6.283248121184381034e+02 9.106102719622812174e+02
1.408617988158456683e+03 8.960980762471142953e+03 9.933420313828542930e+03 6.180416590214845201e+02 8.995326235119055127e+02
1.409618018677897908e+03 9.057618024358498587e+03 1.006423705559978589e+04 5.928448423784624310e+02 8.968246587961923524e+02
1.410618049197338678e+03 9.162434480910251295e+03 1.017451089148148094e+04 5.957231871184379770e+02 8.924428375695417799e+02
1.411618079716779448e+03 9.263659110733266061e+03 1.030669921932892976e+04 5.807801004928244311e+02 8.907692485119072217e+02
1.412618110236220673e+03 9.344059740130001956e+03 1.043048507329344466e+04 5.591426236341817457e+02 8.934776144075749471e+02
1.413618140755661443e+03 9.433032820210144564e+03 1.053072639579045608e+04 5.549072637222335516e+02 8.956685918842257479e+02
1.414618171275102213e+03 9.530817355137725826e+03 1.061570211968487820e+04 5.580410349065408582e+02 8.968239901629297037e+02
1.415618201794542983e+03 9.629233752350148279e+03 1.072204749157760489e+04 5.237871689555596504e+02 8.924421689362791312e+02
1.416618232313983754e+03 9.718840021042336957e+03 1.081484237920692794e+04 4.944883201717556176e+02 8.875422906573480759e+02
1.417618262833424978e+03 9.813820302341015122e+03 1.088898762704960791e+04 4.932609371184351517e+02 8.847149080408369173e+02
1.418618293352865749e+03 9.908520463332006329e+03 1.096664480910760176e+04 4.806405680926189916e+02 8.858692365063197940e+02
1.419618323872306519e+03 9.989949394217861482e+03 1.103915749047318604e+04 4.496913261840861082e+02 8.771057277796669496e+02
1.420618354391747744e+03 1.008441638688464445e+04 1.109218101467893757e+04 4.507933413331704742e+02 8.808522136796868836e+02
1.421618384911188514e+03 1.016453291699205874e+04 1.116081633311306359e+04 4.255473440837316730e+02 8.858688353263613635e+02
1.422618415430629284e+03 1.023218091022436420e+04 1.123786886611982845e+04 3.905533526482530533e+02 8.847155766740995659e+02
1.423618445950070054e+03 1.032945056492739968e+04 1.124519344461963919e+04 4.292830802050212924e+02 8.826397378453610827e+02
1.424618476469510824e+03 1.041213778244135392e+04 1.131274356751950290e+04 3.921453260353101200e+02 8.705325278964033942e+02
1.425618506988952049e+03 1.048230142050083668e+04 1.136939400331997604e+04 3.902467556307681775e+02 8.683415504197488417e+02
1.426618537508392819e+03 1.054417538083891122e+04 1.141757556194018798e+04 3.503476383369279006e+02 8.595780416930977026e+02
1.427618568027833589e+03 1.062652491544412987e+04 1.145067725464756950e+04 3.417764251929646662e+02 8.606169640573623383e+02
1.428618598547274814e+03 1.072018629696101380e+04 1.146599606012047843e+04 3.392537159364092645e+02 8.644791235119062094e+02
1.429618629066715584e+03 1.079229963602531825e+04 1.149667691042261140e+04 3.132808122672209947e+02 8.639593280131416577e+02
1.430618659586156355e+03 1.089111525772920868e+04 1.149558539744993868e+04 3.267007214985858923e+02 8.568667338110700484e+02
1.431618690105597125e+03 1.099376144506038690e+04 1.149831509240049672e+04 3.280416747962158297e+02 8.496632802139727119e+02
1.432618720625037895e+03 1.108999828876173706e+04 1.152076923399544285e+04 3.058600841763642961e+02 8.579065922619029152e+02
1.433618751144479120e+03 1.118395278859295649e+04 1.151530717673143408e+04 3.091782115645124236e+02 8.524842439511542125e+02
1.434618781663919890e+03 1.127739134713782005e+04 1.148014585870932569e+04 3.192784298624403618e+02 8.415297577478505673e+02
1.435618812183360660e+03 1.137248648837319706e+04 1.147652456261543193e+04 2.955530514786033791e+02 8.387095963705845634e+02
1.436618842702801885e+03 1.147388606075581265e+04 1.147839143586437785e+04 2.662712595525117649e+02 8.420499544265740042e+02
1.437618873222242655e+03 1.160043584767192260e+04 1.145156366145263928e+04 2.656031992918802302e+02 8.381889985119051971e+02
1.438618903741683425e+03 1.171850615944230049e+04 1.141344451875899540e+04 2.644957828045144197e+02 8.344351576459914668e+02
1.439618934261124195e+03 1.178898121913164869e+04 1.139395002687335909e+04 2.592843442096287845e+02 8.250439360119047478e+02
1.440618964780564966e+03 1.179529864828555037e+04 1.135156633246643651e+04 2.609462507133217173e+02 8.250439360119047478e+02
1.441618995300006191e+03 1.177242998182583506e+04 1.130315481908745642e+04 2.529637834416045905e+02 8.277561799805019973e+02
1.442619025819446961e+03 1.175980533623761221e+04 1.128628655654969589e+04 2.145953769875097521e+02 8.256701779261617276e+02
1.443619056338887731e+03 1.178081064559410333e+04 1.123973854711920285e+04 2.337792248633453767e+02 8.118988735119041849e+02
1.444619086858328956e+03 1.180543696087805438e+04 1.115485786557619213e+04 2.583939762367169237e+02 8.157587596133519128e+02
1.445619117377769726e+03 1.181288893033095883e+04 1.111016942924356226e+04 2.108253850103096454e+02 8.151335875123179449e+02
1.446619147897210496e+03 1.185676436510709573e+04 1.103460093271706501e+04 2.107069819896465788e+02 8.141922856044697028e+02
1.447619178416651266e+03 1.190839815092260505e+04 1.099976643684292139e+04 1.705750385879444195e+02 7.999002496048831290e+02
1.448619208936092036e+03 1.195299484243781808e+04 1.091586860833166975e+04 2.083900921495608145e+02 7.976076398722286740e+02
1.449619239455533261e+03 1.199045390404990576e+04 1.085015798311419167e+04 2.139257531815784716e+02 7.971864009164530671e+02
1.450619269974974031e+03 1.203608658975211438e+04 1.078246536688090964e+04 2.084988296175183393e+02 7.872769885034350636e+02
1.451619300494414802e+03 1.207468204852129929e+04 1.070470780774568448e+04 2.220219328380858883e+02 7.823724297916631940e+02
1.452619331013856026e+03 1.210841280433431166e+04 1.064380896479679723e+04 2.074937542764622265e+02 7.800819596854564679e+02
1.453619361533296797e+03 1.214742831093223140e+04 1.056516261226864845e+04 1.957448485395766511e+02 7.856087485119032863e+02
1.454619392052737567e+03 1.219792583222335270e+04 1.046176439559589016e+04 2.126018567416736573e+02 7.850856098468242408e+02
1.455619422572178337e+03 1.224521271322709072e+04 1.036275974676784608e+04 2.091610621184354386e+02 7.812270610119072671e+02
1.456619453091619107e+03 1.229198020449375690e+04 1.027810551029559247e+04 1.993933104055409444e+02 7.747517490383694394e+02
1.457619483611060332e+03 1.233057473483391186e+04 1.019440829555123855e+04 1.979713370337485969e+02 7.615094672619034100e+02
1.458619514130501102e+03 1.236855424724482873e+04 1.007490734949055332e+04 2.172603688655206042e+02 7.626529638685245800e+02
1.459619544649941872e+03 1.241253353344183415e+04 9.943704682425237479e+03 2.231331871184359557e+02 7.522222849635626289e+02
1.460619575169383097e+03 1.246085892865430469e+04 9.834402749348613725e+03 2.282464066409657732e+02 7.500313074869073944e+02
1.461619605688823867e+03 1.251466377948671470e+04 9.729701315322117807e+03 2.516344856634225380e+02 7.461735610119017110e+02
1.462619636208264637e+03 1.255117823085684540e+04 9.625197827699668778e+03 2.510774371184370182e+02 7.451251440553007797e+02
1.463619666727705408e+03 1.258046711682952991e+04 9.494744408831806140e+03 2.509780809222240521e+02 7.346950000569532904e+02
1.464619697247146178e+03 1.261740784976629766e+04 9.348740966244613446e+03 2.800378494170015529e+02 7.292642269670917585e+02
1.465619727766587403e+03 1.265808245907645869e+04 9.210090600823854402e+03 2.993240384391677367e+02 7.182172019201642570e+02
1.466619758286028173e+03 1.270102190473754308e+04 9.089193500870793287e+03 3.087368653710495892e+02 7.286468110119052426e+02
1.467619788805468943e+03 1.275794919509758802e+04 8.973185677097690132e+03 3.132970162820510609e+02 7.242651235119029707e+02
1.468619819324910168e+03 1.280967065114197976e+04 8.839232256953670003e+03 3.202835052034990326e+02 7.242651235119029707e+02
1.469619849844350938e+03 1.285799710741620038e+04 8.698378649784666777e+03 3.389134316249400172e+02 7.161171585672943820e+02
1.470619880363791708e+03 1.290797576950113216e+04 8.559730530564303990e+03 3.505572955463807148e+02 7.121706175949461795e+02
1.471619910883232478e+03 1.295143566596106029e+04 8.430928349713740317e+03 3.598724719678227189e+02 7.204088480300802075e+02
1.472619941402673248e+03 1.300949683345651101e+04 8.293571093745300459e+03 3.987134955211905663e+02 7.232140320222514447e+02
1.473619971922114473e+03 1.306382173718963350e+04 8.165779703043000154e+03 4.147379869261651493e+02 7.139247100974647537e+02
1.474620002441555243e+03 1.313327021961519677e+04 8.033757874794982854e+03 4.272194847020597877e+02 7.028824992100365989e+02
1.475620032960996014e+03 1.320132751742580331e+04 7.882324383298475368e+03 4.577715861067180754e+02 7.034956359123364109e+02
1.476620063480437238e+03 1.325660976414212564e+04 7.762260904442681749e+03 4.587978403794434712e+02 6.979749985119019584e+02
1.477620093999878009e+03 1.332779653101459735e+04 7.616163402216686336e+03 4.850648327038004481e+02 7.012182710180845788e+02
1.478620124519318779e+03 1.339307106169712097e+04 7.489661049728601938e+03 4.856245819179239902e+02 6.980604498429354408e+02
1.479620155038759549e+03 1.345165732213666706e+04 7.342548124566103979e+03 5.204650616339361022e+02 6.859678160991132927e+02
1.480620185558200319e+03 1.351632479285326008e+04 7.206115320420810349e+03 5.386254980466849247e+02 6.777307892038572845e+02
1.481620216077641544e+03 1.358316492017943165e+04 7.089919236982525035e+03 5.421633746184403435e+02 6.733489679772047793e+02
1.482620246597082314e+03 1.364235824058491198e+04 6.971598669195048387e+03 5.536297050791271204e+02 6.727386395346131849e+02
1.483620277116523084e+03 1.370597976966040005e+04 6.839215904631563717e+03 5.817510621184374031e+02 6.804482485119054900e+02
1.484620307635964309e+03 1.376239576087940623e+04 6.723747028549987590e+03 5.960212557070780122e+02 6.777302542972446417e+02
1.485620338155405079e+03 1.383305836323683252e+04 6.587959024286820750e+03 6.509643793680281760e+02 6.733484330705941829e+02
1.486620368674845849e+03 1.388633706006337525e+04 6.488971643123813919e+03 6.435044205044163164e+02 6.689666118439422462e+02
1.487620399194286620e+03 1.394927340850000655e+04 6.377547191123279845e+03 6.683018223958546287e+02 6.640572389726726215e+02
1.488620429713727390e+03 1.400428084021752693e+04 6.281884467223127103e+03 6.824455109564071336e+02 6.558212818906374650e+02
1.489620460233168615e+03 1.405200739869278914e+04 6.178634078609517019e+03 7.153545858167869937e+02 6.536303044139822305e+02
1.490620490752609385e+03 1.410902872565232065e+04 6.055928506616073719e+03 7.512680840237657094e+02 6.497764360119022058e+02
1.491620521272050155e+03 1.416612817328477286e+04 5.980581401209567048e+03 7.307870621184375750e+02 6.524953663131299209e+02
1.492620551791491380e+03 1.422037535424314228e+04 5.892152986633448563e+03 7.538253334172047744e+02 6.509108392061427821e+02
1.493620582310932150e+03 1.428129595057965344e+04 5.790869848346060280e+03 8.016885818607015608e+02 6.453947485119061866e+02
1.494620612830372920e+03 1.431883750974444411e+04 5.715442300890245861e+03 8.128528637992945960e+02 6.426754170307201548e+02
1.495620643349813690e+03 1.436491849404504683e+04 5.629391910525630010e+03 8.388681253318220570e+02 6.410130610119040284e+02
1.496620673869254460e+03 1.441332413205395460e+04 5.530965377507416633e+03 8.774137809657115668e+02 6.432039047619050507e+02
1.497620704388695685e+03 1.446217886445760814e+04 5.450384765720398718e+03 8.879334558230408447e+02 6.382933283507595661e+02
1.498620734908136455e+03 1.450788595711653034e+04 5.371706826000118781e+03 9.104993943034760377e+02 6.344405297619036901e+02
1.499620765427577226e+03 1.454640117308925437e+04 5.270027794904635812e+03 9.569955356008490526e+02 6.328530606685625344e+02
1.500620795947018451e+03 1.459585487486283273e+04 5.173193537145039045e+03 9.951322530709477405e+02 6.212954672619063103e+02
1.501620826466459221e+03 1.463496879494004133e+04 5.120848225051337977e+03 9.840512654542125119e+02 6.240157348296604596e+02
1.502620856985899991e+03 1.468382485367088702e+04 5.053111807911627693e+03 9.955401962513774379e+02 6.256771547619055127e+02
1.503620887505340761e+03 1.473005465188492417e+04 4.964042243528971085e+03 1.029908485289555301e+03 6.268086159697880930e+02
1.504620918024781531e+03 1.476377161389489265e+04 4.877677806280758887e+03 1.049178043875438334e+03 6.158541297664845615e+02
1.505620948544222756e+03 1.479584074697397409e+04 4.804707601985505789e+03 1.069497878475333209e+03 6.076204460375415692e+02
1.506620979063663526e+03 1.482619255157610678e+04 4.729845114300108435e+03 1.096879536451584954e+03 6.054294685608882673e+02
1.507621009583104296e+03 1.486267702795119658e+04 4.675830875361508333e+03 1.110926711625549615e+03 6.015778735119024532e+02
1.508621040102545521e+03 1.488223398798981179e+04 4.602302771059384213e+03 1.123060249503995692e+03 5.983263099532598517e+02
1.509621070621986291e+03 1.490830971365341611e+04 4.517201400334023674e+03 1.157991414846876523e+03 5.928144985119042758e+02
1.510621101141427062e+03 1.492786667369202223e+04 4.446870481426092738e+03 1.179587102404099596e+03 5.933451258695312163e+02
1.511621131660867832e+03 1.496039392019086517e+04 4.422126900145192849e+03 1.189466434394573071e+03 5.977269470961847446e+02
1.512621162180308602e+03 1.499035618249019899e+04 4.375639818898634985e+03 1.214446771085038790e+03 6.042996120728348615e+02
1.513621192699749827e+03 1.500774008802109165e+04 4.323296331842674590e+03 1.244156263718421314e+03 6.032376887243183319e+02
1.514621223219190597e+03 1.501972451546302727e+04 4.277853031811782785e+03 1.268078933089870361e+03 6.010467112476658258e+02
1.515621253738631367e+03 1.503328926178066467e+04 4.230110043805928399e+03 1.284944896142271318e+03 5.939427502801261198e+02
1.516621284258072592e+03 1.504632719092883235e+04 4.199514549116302078e+03 1.302445232161316426e+03 5.824568343592724204e+02
1.517621314777513362e+03 1.506634703916518993e+04 4.190314393341259347e+03 1.309996587354199164e+03 5.725653413177084303e+02
1.518621345296954132e+03 1.509465961567551858e+04 4.176581545688589358e+03 1.333215803485248671e+03 5.687152172619043995e+02
1.519621375816394902e+03 1.511309848187256102e+04 4.146122788444041362e+03 1.356571190197085798e+03 5.709060610119055355e+02
1.520621406335835673e+03 1.513759150127148132e+04 4.124172918823090185e+03 1.372872429118525815e+03 5.714380256360569774e+02
1.521621436855276897e+03 1.515168492161670110e+04 4.129265756907920149e+03 1.381056451592283793e+03 5.703739626610966980e+02
1.522621467374717668e+03 1.517717136009904425e+04 4.133437512470085494e+03 1.386845406961411982e+03 5.687152172619043995e+02
1.523621497894158438e+03 1.520495327309097775e+04 4.104719420093462759e+03 1.408369882137660625e+03 5.665243735119063331e+02
1.524621528413599663e+03 1.521258907149576407e+04 4.071400828666743109e+03 1.422342575699590498e+03 5.736294042926674592e+02
1.525621558933040433e+03 1.521047609961084709e+04 4.028259322423615686e+03 1.447392561225743520e+03 5.714990049896543951e+02
1.526621589452481203e+03 1.520008021427334097e+04 4.004077150837603313e+03 1.446260412294685921e+03 5.626754529959754336e+02
1.527621619971921973e+03 1.521904947872333832e+04 3.957579680914516302e+03 1.473512438152278719e+03 5.659914728011829084e+02
1.528621650491362743e+03 1.523702041667922640e+04 3.932093590037149625e+03 1.484211067875174194e+03 5.588857733871595883e+02
1.529621681010803968e+03 1.524729878942555843e+04 3.920156298772956234e+03 1.479872229693061627e+03 5.511884672619047478e+02
1.530621711530244738e+03 1.526150919183106271e+04 3.896973967108659053e+03 1.512720468427567539e+03 5.528460091212240286e+02
1.531621742049685508e+03 1.526309627497555448e+04 3.917734192880036517e+03 1.504417616511708275e+03 5.484641878945750477e+02
1.532621772569126733e+03 1.526585477031561641e+04 3.913694401587234097e+03 1.518450577637573360e+03 5.451495053558902555e+02
1.533621803088567503e+03 1.526526972738143922e+04 3.924014990164188475e+03 1.517883437118436632e+03 5.495313265825438975e+02
1.534621833608008274e+03 1.528635965641420262e+04 3.922450652022133909e+03 1.537529810119412105e+03 5.528454742146134322e+02
1.535621864127449044e+03 1.532118211215719748e+04 3.886152897020764613e+03 1.576042204880747704e+03 5.468067797619056591e+02
1.536621894646889814e+03 1.534291199407080057e+04 3.890077430159149117e+03 1.577919454213146764e+03 5.473408840124991457e+02
1.537621925166331039e+03 1.536246895410941761e+04 3.906795197274836482e+03 1.560935514561519767e+03 5.528450730346550017e+02
1.538621955685771809e+03 1.539877344788153823e+04 3.899951446033076081e+03 1.587630634014608631e+03 5.484632518080062482e+02
1.539621986205212579e+03 1.544498892176166009e+04 3.903262345318916687e+03 1.595978686603426695e+03 5.424250922619033872e+02
1.540622016724653804e+03 1.549109988105732918e+04 3.926934067880038128e+03 1.594050693119329026e+03 5.440812968546977118e+02
1.541622047244094574e+03 1.555194355041542076e+04 3.932041085104447120e+03 1.615688312118436897e+03 5.364390861103282759e+02
1.542622077763535344e+03 1.561278721977351597e+04 3.958518311877243832e+03 1.609270811542381352e+03 5.248983422619037356e+02
1.543622108282976114e+03 1.568174164531179485e+04 3.951110343190192907e+03 1.624434358054009635e+03 5.205673371632514090e+02
1.544622138802416885e+03 1.575180819621916635e+04 3.952848200307707884e+03 1.615635009438063889e+03 5.073715922619041407e+02
1.545622169321858109e+03 1.584085117374353104e+04 3.929286120400177879e+03 1.639491441345382100e+03 5.122885875523758159e+02
1.546622199841298880e+03 1.592728858145559389e+04 3.927444657292461670e+03 1.647203841703219268e+03 5.090269944947837075e+02
1.547622230360739650e+03 1.600276376210968920e+04 3.937360368260008727e+03 1.631937527623836331e+03 5.095624360119052199e+02
1.548622260880180875e+03 1.609509178687815438e+04 3.901172817462293551e+03 1.654655556418933429e+03 5.035736216006234258e+02
1.549622291399621645e+03 1.618476304560384415e+04 3.866622185154802992e+03 1.655896016396496634e+03 4.969532162089846565e+02
1.550622321919062415e+03 1.626463208305309854e+04 3.847047110832335420e+03 1.641303874618436794e+03 5.029899047619049952e+02
1.551622352438503185e+03 1.634880067543256882e+04 3.833246877169774507e+03 1.655796518059804839e+03 4.980721071115216319e+02
1.552622382957943955e+03 1.643141998499316105e+04 3.821135505380036193e+03 1.669248124618434531e+03 4.969536173889410975e+02
1.553622413477385180e+03 1.651071140694067071e+04 3.822872379784907025e+03 1.666349311649200217e+03 4.980718396582154242e+02
1.554622443996825950e+03 1.659111203633737387e+04 3.811419425466788198e+03 1.677897372886457333e+03 4.958808621815621223e+02
1.555622474516266720e+03 1.667856368647011914e+04 3.790672536509867314e+03 1.700661881618832922e+03 4.925723310688972560e+02
1.556622505035707945e+03 1.676495082638079839e+04 3.797526395653111649e+03 1.698996990165035868e+03 5.013358397955527153e+02
1.557622535555148716e+03 1.684805689802899360e+04 3.810199317525249171e+03 1.677992180587275925e+03 5.002621485016059637e+02
1.558622566074589486e+03 1.693391111966497920e+04 3.807899489162767622e+03 1.688403117976645490e+03 4.926153910510450942e+02
1.559622596594030256e+03 1.700943298703702021e+04 3.816535567880036979e+03 1.696050417994195868e+03 4.800071073346934440e+02
1.560622627113471026e+03 1.708278166726861673e+04 3.817099644937808534e+03 1.693677240523643832e+03 4.745089360119059734e+02
1.561622657632912251e+03 1.715502326217456357e+04 3.815407132989448655e+03 1.698949799525351864e+03 4.745089360119059734e+02
1.562622688152353021e+03 1.722349264985061382e+04 3.813671241297221513e+03 1.694292282384873033e+03 4.766997797619039829e+02
1.563622718671793791e+03 1.728544274137078537e+04 3.801606758939367410e+03 1.692534999618439770e+03 4.685141039012573287e+02
1.564622749191235016e+03 1.734571370263781864e+04 3.792406603164321950e+03 1.700050819691079596e+03 4.613638735119054672e+02
1.565622779710675786e+03 1.740876915525828736e+04 3.786635974130037994e+03 1.712349524808420256e+03 4.602879088648622883e+02
1.566622810230116556e+03 1.745714680776297246e+04 3.787200893512934272e+03 1.704791204731973039e+03 4.531386145620805905e+02
1.567622840749557326e+03 1.749896736378616697e+04 3.777515558466700895e+03 1.691962884182469907e+03 4.493331552082512417e+02
1.568622871268998097e+03 1.753323846530622905e+04 3.745275704748287353e+03 1.694251772347786755e+03 4.487571945153833894e+02
1.569622901788439322e+03 1.755008839150068889e+04 3.745197930061874558e+03 1.686771913816842925e+03 4.504096547619060971e+02
1.570622932307880092e+03 1.757719653026781816e+04 3.734981789800242495e+03 1.694175585049981009e+03 4.547913422619052426e+02
1.571622962827320862e+03 1.760715521148367043e+04 3.714130733303034049e+03 1.712996406137394843e+03 4.515229291450336859e+02
1.572622993346762087e+03 1.761257020760103114e+04 3.740636599130037666e+03 1.674478325756813319e+03 4.411073613518146317e+02
1.573623023866202857e+03 1.762293492424900251e+04 3.726270884534495508e+03 1.694290718839580904e+03 4.351083837149343481e+02
1.574623054385643627e+03 1.761043190286631580e+04 3.733170650396975361e+03 1.685512691295783497e+03 4.219286860119040057e+02
1.575623084905084397e+03 1.760989686246811834e+04 3.715372180147709059e+03 1.707080377178254821e+03 4.191985226718555850e+02
1.576623115424525167e+03 1.759632402555447334e+04 3.723334819928646994e+03 1.691423318916650032e+03 4.180864518286011844e+02
1.577623145943966392e+03 1.758382126943723051e+04 3.734903734338789945e+03 1.680283485140780840e+03 4.181190811318430747e+02
1.578623176463407162e+03 1.757730223854678843e+04 3.723970213846892420e+03 1.690813962674656977e+03 4.055133382218949691e+02
1.579623206982847933e+03 1.756265812714224739e+04 3.725670306721363431e+03 1.672184036253212753e+03 4.000202485119052653e+02
1.580623237502289157e+03 1.754905372364090363e+04 3.727436100955476377e+03 1.661688098856213401e+03 4.005602367352171314e+02
1.581623268021729928e+03 1.753711744187684235e+04 3.710768873347211866e+03 1.659933374618436346e+03 4.016709703119423125e+02
1.582623298541170698e+03 1.751053558974829866e+04 3.702104295963262757e+03 1.654127504532067633e+03 3.983696604385202704e+02
1.583623329060611468e+03 1.748062041206507274e+04 3.699267906497052081e+03 1.651798532751105768e+03 4.044019360119074804e+02
1.584623359580052238e+03 1.745999138173924439e+04 3.680867594946970712e+03 1.639549718942584150e+03 4.022110922619063444e+02
1.585623390099493463e+03 1.743067013338251490e+04 3.655596998913726111e+03 1.652342646512320243e+03 4.044019360119074804e+02
1.586623420618934233e+03 1.738994737839449590e+04 3.630238099130036517e+03 1.650648047698001164e+03 4.011295110954530401e+02
1.587623451138375003e+03 1.734485105941770234e+04 3.626802395338378119e+03 1.638400228872849311e+03 3.929067929520269900e+02
1.588623481657816228e+03 1.729868174172461295e+04 3.607294285863228652e+03 1.633742711732364342e+03 3.934477172619049838e+02
1.589623512177256998e+03 1.724438309927036244e+04 3.571061811058939384e+03 1.627934709538780453e+03 3.945301007882742965e+02
1.590623542696697768e+03 1.718026724804214973e+04 3.549170904196646916e+03 1.614537542784371681e+03 3.989375975322316776e+02
1.591623573216138539e+03 1.712865242870580187e+04 3.544002397238215508e+03 1.609853303233462839e+03 3.885245705454165090e+02
1.592623603735579309e+03 1.707379062771640747e+04 3.531365133796311056e+03 1.613385636326462645e+03 3.857920001256226215e+02
1.593623634255020534e+03 1.700916228365261122e+04 3.509527433804317297e+03 1.597660066353009597e+03 3.759209672619053890e+02
1.594623664774461304e+03 1.693908923374188453e+04 3.481358116245721703e+03 1.585415374618437909e+03 3.786536714083534321e+02
1.595623695293902074e+03 1.686467007481572000e+04 3.443419652291092461e+03 1.585415374618437909e+03 3.792186665157056495e+02
1.596623725813343299e+03 1.678319419194644797e+04 3.411764512595973429e+03 1.576700599588678415e+03 3.737301235119042531e+02
1.597623756332784069e+03 1.669302609104632211e+04 3.393933472441929553e+03 1.570290490317637250e+03 3.737301235119042531e+02
1.598623786852224839e+03 1.660552616260297873e+04 3.383572031096478440e+03 1.568515439991080484e+03 3.731877282088460106e+02
1.599623817371665609e+03 1.653708741308557364e+04 3.380702369787881707e+03 1.576677288549800551e+03 3.644449471133538623e+02
1.600623847891106379e+03 1.645887999837025563e+04 3.376650645555825122e+03 1.574370206402911663e+03 3.512588305309909629e+02
1.601623878410547604e+03 1.636219193815059953e+04 3.383571609933916534e+03 1.560974603193787971e+03 3.605850610119037469e+02
1.602623908929988374e+03 1.626440740322301463e+04 3.382411447463672630e+03 1.552834075707216925e+03 3.611279912215724721e+02
1.603623939449429145e+03 1.616444994642043639e+04 3.386441411630035873e+03 1.535358472131866165e+03 3.644236845755851277e+02
1.604623969968870369e+03 1.606991584159661579e+04 3.388741380380037299e+03 1.526620812484670978e+03 3.562033735119046014e+02
1.605624000488311140e+03 1.597322672031522961e+04 3.384711837376235962e+03 1.525447016392687829e+03 3.633192361515319817e+02
1.606624031007751910e+03 1.587326926351264956e+04 3.400793929798642239e+03 1.526042869288981137e+03 3.622324396456256750e+02
1.607624061527192680e+03 1.577006058080993353e+04 3.424364994507482606e+03 1.501039790121555825e+03 3.627759047619048829e+02
1.608624092046633450e+03 1.566629629963719708e+04 3.428445077018709526e+03 1.490483300879641774e+03 3.638633699010710529e+02
1.609624122566074675e+03 1.555820169274281943e+04 3.411153967268884116e+03 1.517321697937577710e+03 3.660698596694295475e+02
1.610624153085515445e+03 1.543922695844508598e+04 3.434725172365249819e+03 1.492846102095088781e+03 3.633199047847946304e+02
1.611624183604956215e+03 1.532840449436934068e+04 3.437040724130039052e+03 1.504504890767038432e+03 3.589526597632789162e+02
1.612624214124397440e+03 1.520944381914002406e+04 3.437626561253500313e+03 1.491096210633667170e+03 3.485423073095131485e+02
1.613624244643838210e+03 1.508015768654832391e+04 3.439326794515497113e+03 1.483545850424151695e+03 3.414118684647534678e+02
1.614624275163278980e+03 1.494868550144220899e+04 3.429595833525064791e+03 1.492833167311320949e+03 3.490736033004032492e+02
1.615624305682719751e+03 1.481397256842095339e+04 3.405412960001443935e+03 1.497530057365040193e+03 3.605850610119037469e+02
1.616624336202160521e+03 1.467380896108027991e+04 3.397965682808628571e+03 1.475954695896589328e+03 3.633207071447093313e+02
1.617624366721601746e+03 1.453203545776696228e+04 3.369185819922931842e+03 1.487634094938277258e+03 3.627759047619048829e+02
1.618624397241042516e+03 1.437340738611401321e+04 3.384724753028132454e+03 1.457326333020439506e+03 3.682477319341247153e+02
1.619624427760483286e+03 1.421966590181627907e+04 3.347945889993670335e+03 1.488758852564324116e+03 3.704488726363781552e+02
1.620624458279924511e+03 1.405996562724330397e+04 3.327777257234097760e+03 1.485881644948191934e+03 3.562128681042384528e+02
1.621624488799365281e+03 1.388719957065074595e+04 3.341596723986976031e+03 1.468980999618437863e+03 3.468945274958348932e+02
1.622624519318806051e+03 1.373075290936696547e+04 3.320905568875734389e+03 1.474798240943285464e+03 3.397762577764635807e+02
1.623624549838246821e+03 1.356289147817974117e+04 3.308242474130035134e+03 1.473066685603914493e+03 3.277302946344116208e+02
1.624624580357687591e+03 1.338796231453356086e+04 3.306523288552763461e+03 1.455008874618437403e+03 3.112947541198529393e+02
1.625624610877128816e+03 1.322498813386509391e+04 3.279503604400358654e+03 1.464896735037776580e+03 3.074588050892228921e+02
1.626624641396569587e+03 1.305984103132169548e+04 3.262249697343504977e+03 1.477134746169739856e+03 3.063601069112347091e+02
1.627624671916010357e+03 1.288872267102731894e+04 3.245569834858383274e+03 1.462001049159123568e+03 3.074585376359186171e+02
1.628624702435451582e+03 1.271107957663539673e+04 3.236948917993336181e+03 1.453255429644992319e+03 3.069067814671790302e+02
1.629624732954892352e+03 1.254755841862387388e+04 3.212227377553170754e+03 1.480038534055814125e+03 3.118399576826138286e+02
1.630624763474333122e+03 1.238078484101772301e+04 3.188070194945821640e+03 1.479466702900802375e+03 3.080048110119017792e+02
1.631624793993773892e+03 1.220694578570888552e+04 3.180599894199625396e+03 1.459085037191686979e+03 3.052671589793101248e+02
1.632624824513214662e+03 1.203690705576685104e+04 3.141502812037483636e+03 1.457918916685672230e+03 3.030761815026592103e+02
1.633624855032655887e+03 1.187502072867945571e+04 3.108722185589702804e+03 1.456174568703006571e+03 2.937655970401037848e+02
1.634624885552096657e+03 1.170335472787834078e+04 3.097221920677143771e+03 1.452096416163023605e+03 2.899308515493524396e+02
1.635624916071537427e+03 1.154363760894981715e+04 3.073074144033678749e+03 1.470144561595791856e+03 2.855490303226988544e+02
1.636624946590978652e+03 1.139641847136049728e+04 3.042021828352017565e+03 1.469563917730961521e+03 2.784288884301877829e+02
1.637624977110419422e+03 1.123127203198070492e+04 3.029371368483176411e+03 1.449187795500601624e+03 2.707604672619044663e+02
1.638625007629860193e+03 1.105906276755265753e+04 3.022471181458137835e+03 1.439290411669038349e+03 2.696649785235786112e+02
1.639625038149300963e+03 1.090586719953628926e+04 2.991420550426735190e+03 1.460830948719637490e+03 2.641879360119042417e+02
1.640625068668741733e+03 1.075375802614105487e+04 2.970147067880038776e+03 1.463158641236273752e+03 2.647359478343718138e+02
1.641625099188182503e+03 1.060001959239591633e+04 2.967269825645336823e+03 1.455008874618437403e+03 2.702123217127847852e+02
1.642625129707623273e+03 1.045225639538340147e+04 2.933342794704352855e+03 1.463160489062521265e+03 2.587096899603621978e+02
1.643625160227064953e+03 1.030721004703629478e+04 2.909196421936068873e+03 1.457917495280856656e+03 2.504944605094758288e+02
1.644625190746505723e+03 1.016379282640650490e+04 2.898844526942017183e+03 1.448605872371444548e+03 2.504943267828236628e+02
1.645625221265946493e+03 1.000190000031583259e+04 2.868364290406812870e+03 1.457920764511926564e+03 2.472098664676337307e+02
1.646625251785387263e+03 9.860123711715434183e+03 2.840196517110948207e+03 1.456170873050501996e+03 2.504940593295194162e+02
1.647625282304828033e+03 9.735174536481405084e+03 2.829272683357971346e+03 1.446855838769540469e+03 2.433724464438313646e+02
1.648625312824268804e+03 9.606429014862203985e+03 2.828696111810868388e+03 1.454436901322941367e+03 2.378978110119032578e+02
1.649625343343709574e+03 9.487453484768147973e+03 2.813742875441615524e+03 1.480624437118437299e+03 2.378978110119032578e+02
1.650625373863151253e+03 9.356529338066811761e+03 2.795342563891520967e+03 1.466645347234861447e+03 2.378978110119032578e+02
1.651625404382592023e+03 9.222349058054773195e+03 2.786149567880036102e+03 1.444526014145686986e+03 2.395391719462561753e+02
1.652625434902032794e+03 9.096860730808175504e+03 2.778672668920366959e+03 1.450935696995292801e+03 2.302260466773039411e+02
1.653625465421473564e+03 8.971372668827023517e+03 2.774641160491279607e+03 1.445109785101100897e+03 2.225619047619047421e+02
1.654625495940914334e+03 8.846967022485363486e+03 2.755095427160618328e+03 1.450935981276253642e+03 2.231117887575101122e+02
1.655625526460355104e+03 8.726916106286038485e+03 2.737830850652199388e+03 1.464918056109920144e+03 2.263935745396464085e+02
1.656625556979795874e+03 8.612829418303464990e+03 2.713695428110538614e+03 1.467811467740883700e+03 2.192707581140851687e+02
1.657625587499236644e+03 8.486250452188642157e+03 2.703350692880036149e+03 1.465482495959922517e+03 2.159893735119044891e+02
1.658625618018677415e+03 8.363481891527448170e+03 2.709094929060456707e+03 1.450948063217125764e+03 2.220223177185444854e+02
1.659625648538119094e+03 8.252124519686121857e+03 2.674571251156895869e+03 1.494023451699103816e+03 2.285838833830349870e+02
1.660625679057559864e+03 8.133679387845005294e+03 2.651607643249707053e+03 1.472442404611407710e+03 2.231125911174268310e+02
1.661625709577000634e+03 8.013096747065516865e+03 2.644668849656492057e+03 1.463192328530271425e+03 2.340669435940783671e+02
1.662625740096441405e+03 7.908246867067971834e+03 2.614808704799788302e+03 1.481182480646790282e+03 2.280325283942522390e+02
1.663625770615882175e+03 7.806676198474773628e+03 2.618237669990458016e+03 1.463752219884870556e+03 2.340807174392939771e+02
1.664625801135322945e+03 7.713223978759609963e+03 2.591780097470549208e+03 1.478881652681063542e+03 2.461099647497716489e+02
1.665625831654763715e+03 7.614360078745123246e+03 2.573973625132601683e+03 1.467222864009122304e+03 2.417281435231227533e+02
1.666625862174205395e+03 7.522562452229570226e+03 2.563020871550367247e+03 1.472498123679977198e+03 2.395371660464662682e+02
1.667625892693646165e+03 7.439441790982021303e+03 2.524515803562600013e+03 1.493423903150297519e+03 2.340677459539974450e+02
1.668625923213086935e+03 7.350349341452603767e+03 2.523373891470036597e+03 1.469533073246581125e+03 2.378978110119032578e+02
1.669625953732527705e+03 7.272138080388363051e+03 2.506677042094920580e+03 1.451524727148498187e+03 2.406405446572996425e+02
1.670625984251968475e+03 7.203149966138844320e+03 2.482535582889879151e+03 1.466083892334974053e+03 2.483172568780460381e+02
1.671626014771409245e+03 7.137960320398029580e+03 2.471633509202596997e+03 1.467220305480461548e+03 2.636535643080040359e+02
1.672626045290850016e+03 7.075491369671674875e+03 2.468154846829638245e+03 1.459666249618439906e+03 2.718650494126070498e+02
1.673626075810290786e+03 7.010831061122047686e+03 2.442274547794438149e+03 1.464343666426249456e+03 2.806286918659126286e+02
1.674626106329731556e+03 6.943487459985387432e+03 2.412954192954438895e+03 1.487043785520736947e+03 2.921357365978722100e+02
1.675626136849173236e+03 6.883720503059714247e+03 2.403774533757393783e+03 1.485869278726354878e+03 3.047285080225258866e+02
1.676626167368614006e+03 6.823973308409593301e+03 2.381312109298725318e+03 1.502170233366836101e+03 3.080048110119017792e+02
1.677626197888054776e+03 6.758214668293889190e+03 2.364116322675404263e+03 1.487565867507403709e+03 3.140453776377520967e+02
1.678626228407495546e+03 6.681084231276487117e+03 2.362352072704015882e+03 1.465499410677155311e+03 3.310409653735114830e+02
1.679626258926936316e+03 6.610999907584445282e+03 2.342813218361864074e+03 1.461383448769238157e+03 3.479932256738238152e+02
1.680626289446377086e+03 6.541486567758101955e+03 2.316327568337838784e+03 1.463195313480359573e+03 3.578634561776219130e+02
1.681626319965817856e+03 6.484988874782731727e+03 2.291656286630038267e+03 1.476530791266033248e+03 3.660737377423548651e+02
1.682626350485259536e+03 6.429589380740656452e+03 2.299137397215326473e+03 1.454420413027152335e+03 3.825171681294273753e+02
1.683626381004700306e+03 6.389950102453914042e+03 2.286449594265994165e+03 1.471924018277268260e+03 4.000444530360379076e+02
1.684626411524141076e+03 6.352460004785029923e+03 2.269793597659380339e+03 1.477118257873946504e+03 4.181256337378281387e+02
1.685626442043581847e+03 6.309524803371026792e+03 2.264056661630037070e+03 1.467803223592983386e+03 4.290552467837415520e+02
1.686626472563022617e+03 6.257922716775938170e+03 2.265193098609300705e+03 1.467241342271644498e+03 4.416720890058605846e+02
1.687626503082463387e+03 6.213389423701563828e+03 2.251974911607148442e+03 1.470720514824751035e+03 4.537090924621895738e+02
1.688626533601904157e+03 6.165007394317076432e+03 2.246792787059217972e+03 1.457308991881763404e+03 4.690452661654923645e+02
1.689626564121344927e+03 6.113432630062589851e+03 2.238728225938321884e+03 1.449791181842383821e+03 4.706818129403495732e+02
1.690626594640785697e+03 6.079765007424983196e+03 2.207081088331892715e+03 1.467831509548698477e+03 4.816641142873933745e+02
1.691626625160227377e+03 6.046069664548576839e+03 2.189875193807064989e+03 1.465472830407209130e+03 5.019087247754112582e+02
1.692626655679668147e+03 6.002059607560199765e+03 2.188740301090531375e+03 1.454418991622342674e+03 5.156380390207451683e+02
1.693626686199108917e+03 5.961323324034597135e+03 2.177761295041955691e+03 1.464945062801312133e+03 5.397087027670785346e+02
1.694626716718549687e+03 5.917833850477793021e+03 2.162858036630037532e+03 1.475967062118438207e+03 5.556002432587462181e+02
1.695626747237990458e+03 5.862437804886521008e+03 2.159975038506982401e+03 1.471867446365829665e+03 5.758737387037149347e+02
1.696626777757431228e+03 5.824456568250217970e+03 2.147276004556018506e+03 1.471933257408519239e+03 5.900993125569453923e+02
1.697626808276871998e+03 5.795074308841660240e+03 2.124925188176225220e+03 1.481738249927456764e+03 6.076264637369044976e+02
1.698626838796313677e+03 5.749992712096905962e+03 2.128908122523183010e+03 1.461994937118437747e+03 6.180253156985501164e+02
1.699626869315754448e+03 5.716359839232324703e+03 2.123758567880037390e+03 1.457928440097899966e+03 6.300916052918054220e+02
1.700626899835195218e+03 5.693527116240121359e+03 2.117991167758718802e+03 1.466652312118436839e+03 6.465068193551568356e+02
1.701626930354635988e+03 5.672348721182177542e+03 2.113974821181857351e+03 1.464323624618435588e+03 6.563828001050211469e+02
1.702626960874076758e+03 5.650618839268570810e+03 2.109958755380036564e+03 1.458483640816630214e+03 6.706066355117683315e+02
1.703626991393517528e+03 5.626716035479968923e+03 2.100722239237162739e+03 1.455008874618437403e+03 6.832304315198188078e+02
1.704627021912958298e+03 5.603365249077906810e+03 2.085206189297822220e+03 1.452088598436571829e+03 7.040263969966106288e+02
1.705627052432399068e+03 5.590879337316284364e+03 2.073159255380037393e+03 1.452680187118436152e+03 7.182852687863434085e+02
1.706627082951839839e+03 5.578393690820109441e+03 2.074874650494259640e+03 1.453863933044086934e+03 7.429420564511423208e+02
1.707627113471281518e+03 5.564251063735238858e+03 2.072028714676642267e+03 1.460850279825059033e+03 7.598755950200983307e+02
1.708627143990722288e+03 5.549592627996785268e+03 2.076004629647567072e+03 1.472494001606019310e+03 7.719441579664487563e+02
1.709627174510163059e+03 5.534343976648015996e+03 2.068559317880034996e+03 1.469532788965623695e+03 7.834560168579040464e+02
1.710627205029603829e+03 5.499576298218968986e+03 2.060489141258308337e+03 1.467837195167939626e+03 8.031741455145109967e+02
1.711627235549044599e+03 5.473539168677298221e+03 2.057644749703419620e+03 1.479480916948902404e+03 8.179530802563165253e+02
1.712627266068485369e+03 5.456669082309193982e+03 2.059903163747328108e+03 1.482953124618438551e+03 8.261592162948174973e+02
1.713627296587926139e+03 5.433319356968903776e+03 2.044388517683189775e+03 1.483545992564630524e+03 8.437264854705550761e+02
1.714627327107367819e+03 5.411036131341519649e+03 2.031716999686245572e+03 1.481174094358404545e+03 8.710924413909646091e+02
1.715627357626808589e+03 5.387686671266671510e+03 2.023145780003506161e+03 1.470716534891281299e+03 8.842380387975729263e+02
1.716627388146249359e+03 5.363783867478067805e+03 2.024859911630039051e+03 1.471902981486077579e+03 9.056306925983867586e+02
1.717627418665690129e+03 5.345334390663308113e+03 2.024859911630039051e+03 1.481217873626555274e+03 9.291302098113465036e+02
1.718627449185130899e+03 5.331742587270501645e+03 2.020801168021953345e+03 1.470122529821238004e+03 9.323952797619035664e+02
1.719627479704571670e+03 5.319812539244349864e+03 2.001814598185845171e+03 1.476013257774754493e+03 9.433929596740067609e+02
1.720627510224012440e+03 5.305666463708736046e+03 1.992073810068967759e+03 1.489939187118435484e+03 9.559798471259373400e+02
1.721627540743453210e+03 5.286619741749432251e+03 1.989233770527216393e+03 1.478248416838276398e+03 9.751835293498800183e+02
1.722627571262893980e+03 5.254579389970913326e+03 1.999560255380035869e+03 1.471309687118439115e+03 1.004224277867776891e+03
1.723627601782335660e+03 5.238349521749079940e+03 1.996086366182772736e+03 1.466058022767430884e+03 1.026088050665817718e+03
1.724627632301776430e+03 5.232894337917130542e+03 1.983999141046580235e+03 1.459071818126951030e+03 1.038674269484484284e+03
1.725627662821217200e+03 5.228548228901687253e+03 1.973086117132692834e+03 1.463778658014337225e+03 1.054057113789557889e+03
1.726627693340657970e+03 5.213845626467002148e+03 1.962760755380036699e+03 1.473588199028650251e+03 1.077038172770281335e+03
1.727627723860098740e+03 5.189942822678397533e+03 1.962123115261470048e+03 1.452136073357220539e+03 1.091255321844396803e+03
1.728627754379539510e+03 5.178570229980363365e+03 1.928210544235104862e+03 1.483599437385476222e+03 1.100578744065600404e+03
1.729627784898980281e+03 5.162248845180764874e+03 1.930024631776298065e+03 1.478191987067332320e+03 1.113724207745556441e+03
1.730627815418421960e+03 5.152543578423683357e+03 1.922969737703542023e+03 1.468490614959049253e+03 1.130180609617938217e+03
1.731627845937862730e+03 5.151383174743981726e+03 1.896649744953835352e+03 1.471799076794461371e+03 1.148778510105481246e+03
1.732627876457303501e+03 5.137839384396333116e+03 1.892532319362130693e+03 1.466163917425774571e+03 1.159172815360928780e+03
1.733627906976744271e+03 5.138395115499078202e+03 1.880603732124226553e+03 1.479974570839363651e+03 1.170687749965395824e+03
1.734627937496185041e+03 5.127984375296772669e+03 1.894884652657322476e+03 1.458474543825847149e+03 1.182712049389718459e+03
1.735627968015625811e+03 5.101959978496354779e+03 1.875252721389014596e+03 1.460317537302314804e+03 1.188215302325305174e+03
1.736627998535066581e+03 5.091094971223194079e+03 1.844873563868638257e+03 1.480028299941182240e+03 1.204112459336382926e+03
1.737628029054507351e+03 5.068252566042330727e+03 1.851829063576791441e+03 1.466595882347492989e+03 1.221078760935219179e+03
1.738628059573948121e+03 5.058553533023147793e+03 1.859205866234284713e+03 1.455008874618437403e+03 1.236415068365177149e+03
1.739628090093389801e+03 5.067802012687668139e+03 1.834494854858150347e+03 1.457934125717140205e+03 1.246808437534064524e+03
1.740628120612830571e+03 5.067748031170044669e+03 1.820694621195589662e+03 1.454412168879255205e+03 1.252819851749637792e+03
1.741628151132271341e+03 5.060672075482365472e+03 1.816152242579039239e+03 1.455008874618437403e+03 1.259954034940673637e+03
1.742628181651712111e+03 5.042174187724287549e+03 1.810314648697426492e+03 1.462054209699007743e+03 1.268717677393976373e+03
1.743628212171152882e+03 5.023174417748363339e+03 1.789083563181950922e+03 1.472444110297193447e+03 1.275852261764969626e+03
1.744628242690593652e+03 4.999215377685880412e+03 1.788553038741598357e+03 1.460800388516230896e+03 1.291188569194924412e+03
1.745628273210034422e+03 4.968850309811593434e+03 1.785602935383704107e+03 1.459727227884775402e+03 1.304334032874881359e+03
1.746628303729476102e+03 4.958542757866543070e+03 1.764902655083607215e+03 1.479490866782576632e+03 1.315288652804852291e+03
1.747628334248916872e+03 4.936755180719113923e+03 1.753463599130037437e+03 1.472380857783142801e+03 1.325680952160506649e+03
1.748628364768357642e+03 4.911794896242641698e+03 1.754054069041684670e+03 1.452680187118436152e+03 1.336635438363810408e+03
1.749628395287798412e+03 4.884603198861019337e+03 1.747029358285868739e+03 1.461460204628966949e+03 1.341520472984296703e+03
1.750628425807239182e+03 4.845988243081787914e+03 1.731054662316723125e+03 1.466652312118436839e+03 1.335510529761904309e+03
1.751628456326679952e+03 4.809107327502378212e+03 1.729282129481623315e+03 1.468980999618437863e+03 1.341017928223722265e+03
1.752628486846120722e+03 4.785762774838221048e+03 1.721855068091761723e+03 1.460798114268534846e+03 1.351470538299712643e+03
1.753628517365561493e+03 4.765647298409726318e+03 1.725272802280788710e+03 1.459067696053007694e+03 1.371690275630331598e+03
1.754628547885002263e+03 4.731376727420561110e+03 1.720672724393266890e+03 1.455008874618437403e+03 1.381580431405368017e+03
1.755628578404443942e+03 4.686799532915364580e+03 1.704506961008577719e+03 1.460863925311230560e+03 1.399044998511902577e+03
1.756628608923884713e+03 4.651038965933786130e+03 1.687289695094601257e+03 1.463724644631558476e+03 1.389154575283556369e+03
1.757628639443325483e+03 4.625459021382840547e+03 1.677564630380037897e+03 1.457337562118438655e+03 1.386463593852731719e+03
1.758628669962766253e+03 4.596714592731575067e+03 1.682756441666888577e+03 1.456738297850599793e+03 1.395790894146863138e+03
1.759628700482207023e+03 4.575544023004192240e+03 1.679272584955664115e+03 1.459135781343395593e+03 1.404554536600165420e+03
1.760628731001647793e+03 4.549403572572537087e+03 1.679272444568146284e+03 1.469580548167237794e+03 1.410563276282688093e+03
1.761628761521088563e+03 4.520660337615759090e+03 1.667703249382976082e+03 1.473638374618440366e+03 1.414945097509338439e+03
1.762628792040530243e+03 4.498930455702135987e+03 1.645295295282292045e+03 1.470110021458909387e+03 1.417700401460084549e+03
1.763628822559971013e+03 4.483785788406968095e+03 1.626302408007753002e+03 1.461994937118437747e+03 1.428654887663390582e+03
1.764628853079411783e+03 4.473414042224755576e+03 1.605080166906084060e+03 1.466052195007711816e+03 1.436853936189301521e+03
1.765628883598852553e+03 4.452736998853772093e+03 1.595880011131045649e+03 1.462595196369642963e+03 1.444556056474047409e+03
1.766628914118293324e+03 4.428273821817174394e+03 1.586086858468986975e+03 1.467853114901810159e+03 1.454945815023301975e+03
1.767628944637734094e+03 4.397851987138125878e+03 1.569986656056428274e+03 1.472437287554105978e+03 1.460388623511905962e+03
1.768628975157174864e+03 4.373457513851221847e+03 1.565459439292095567e+03 1.461994937118437747e+03 1.460953752345909152e+03
1.769629005676615634e+03 4.354461324958771911e+03 1.571766067880035962e+03 1.462595764931565782e+03 1.471413048754527608e+03
1.770629036196056404e+03 4.345769239560608185e+03 1.563679044755841687e+03 1.474840314525653184e+03 1.485053301049214042e+03
1.771629066715498084e+03 4.320674200239155653e+03 1.556185158906170955e+03 1.478896861712529244e+03 1.492191496039833964e+03
1.772629097234938854e+03 4.290884360477672089e+03 1.541866474130036977e+03 1.485281812118436392e+03 1.501520802233752875e+03
1.773629127754379624e+03 4.267471104063820349e+03 1.538378546180712874e+03 1.487610499618437643e+03 1.507455591077369490e+03
1.774629158273820394e+03 4.235437649186818817e+03 1.552331100303127641e+03 1.460112855009698706e+03 1.499823811011907537e+03
1.775629188793261164e+03 4.220299215629550417e+03 1.538146766384214516e+03 1.479131535646627754e+03 1.499823811011907537e+03
1.776629219312701935e+03 4.194638763016714620e+03 1.506850176416703562e+03 1.492633886356989933e+03 1.499823811011907537e+03
1.777629249832142705e+03 4.167586860523460928e+03 1.508399633481586307e+03 1.458018699303315543e+03 1.503147319509658928e+03
1.778629280351584384e+03 4.152863434751494424e+03 1.483256649704571146e+03 1.479340482153676476e+03 1.508587186011905715e+03
1.779629310871025154e+03 4.124127627227123412e+03 1.499872214705248780e+03 1.455089183990199899e+03 1.506396342261904692e+03
1.780629341390465925e+03 4.117608463703960297e+03 1.477387468630809735e+03 1.485362690052122844e+03 1.511911496869577832e+03
1.781629371909906695e+03 4.100148692256421782e+03 1.469972340180209812e+03 1.482871678122829962e+03 1.519541404761905142e+03
1.782629402429347465e+03 4.073101034010261628e+03 1.461286564280650737e+03 1.478377764675966318e+03 1.520108405769046840e+03
1.783629432948788235e+03 4.067067571512936411e+03 1.445781604955438070e+03 1.491665056838573719e+03 1.516216291544316164e+03
1.784629463468229005e+03 4.044212566223540307e+03 1.433767942880037253e+03 1.477609637516722159e+03 1.515726985722348900e+03
1.785629493987669775e+03 4.026906516100122644e+03 1.426189684130504702e+03 1.465529828740083303e+03 1.520108806949003110e+03
1.786629524507110546e+03 4.014915854920283437e+03 1.406680872717756984e+03 1.485366101423654072e+03 1.519541404761905142e+03
1.787629555026552225e+03 3.994796001611962765e+03 1.402760270429939283e+03 1.488732414434858356e+03 1.518973735121498748e+03
1.788629585545992995e+03 3.973066119698358762e+03 1.416560363704979636e+03 1.484160181582976520e+03 1.517350561011903892e+03
1.789629616065433765e+03 3.954635741995481112e+03 1.414771967080047034e+03 1.495803903363936797e+03 1.517350561011903892e+03
1.790629646584874536e+03 3.949806849874078125e+03 1.406082821879991798e+03 1.508655250671357635e+03 1.516214419371179247e+03
1.791629677104315306e+03 3.939343189215930124e+03 1.389472030055006144e+03 1.515467617503594056e+03 1.508587186011905715e+03
1.792629707623756076e+03 3.910048732668939920e+03 1.386575273954933891e+03 1.505723603251008853e+03 1.508018847738238719e+03
1.793629738143196846e+03 3.881717720210338939e+03 1.381465448980108249e+03 1.509688896249093659e+03 1.504773970512222604e+03
1.794629768662638526e+03 3.846468717635235407e+03 1.381974774904845390e+03 1.502702549468124062e+03 1.508587186011905715e+03
1.795629799182079296e+03 3.822565781213909759e+03 1.377971624754919958e+03 1.489939187118438667e+03 1.508587186011905715e+03
1.796629829701520066e+03 3.794317001042585616e+03 1.371668786630038312e+03 1.501067933936787995e+03 1.502498878971068962e+03
1.797629860220960836e+03 3.767676790516625715e+03 1.363574182579726084e+03 1.512621254371839541e+03 1.489922422198043478e+03
1.798629890740401606e+03 3.740556847437291708e+03 1.362468911630040111e+03 1.508568687118438447e+03 1.486678748511906861e+03
1.799629921259842376e+03 3.716089426153609111e+03 1.358973683529645996e+03 1.509173779145997059e+03 1.492198984732377085e+03
1.800629951779283147e+03 3.688884067601684364e+03 1.352671266567319662e+03 1.517975686290593558e+03 1.492112463588128776e+03
1.801629982298723917e+03 3.644859686279396556e+03 1.345173309479564978e+03 1.523658747001398297e+03 1.486678748511906861e+03
1.802630012818164687e+03 3.614524726032873332e+03 1.335973153704524293e+03 1.514949231169438463e+03 1.483348553681521253e+03
1.803630043337606367e+03 3.589491626192318108e+03 1.331465731580597776e+03 1.512014740939468766e+03 1.475724529761904478e+03
1.804630073857047137e+03 3.557373949537210592e+03 1.342965856105638068e+03 1.508568687118438447e+03 1.474584643774904180e+03
1.805630104376487907e+03 3.512306677126407521e+03 1.354465980630680178e+03 1.503305367247990262e+03 1.468581921791751483e+03
1.806630134895928677e+03 3.479235371204306375e+03 1.351473199466515780e+03 1.511599122173064870e+03 1.464770311011901867e+03
1.807630165415369447e+03 3.447116633487434228e+03 1.352166573430759399e+03 1.526081957921252524e+03 1.461438778914990962e+03
1.808630195934810217e+03 3.413480312172084268e+03 1.352166854205800064e+03 1.523559959367117472e+03 1.449913814811578277e+03
1.809630226454250987e+03 3.383058477493038481e+03 1.356071873478834277e+03 1.509175200550805812e+03 1.440671029761905174e+03
1.810630256973692667e+03 3.358114639473998977e+03 1.351568241817962416e+03 1.517374716336994425e+03 1.442861873511903241e+03
1.811630287493133437e+03 3.336950966648128542e+03 1.347470470479145433e+03 1.527198187118438000e+03 1.437909306931835545e+03
1.812630318012574207e+03 3.319000719396788099e+03 1.345268071055967994e+03 1.524869499618440159e+03 1.436289342261906086e+03
1.813630348532014978e+03 3.295571414423647639e+03 1.353269036630035316e+03 1.517176714646970822e+03 1.435147049195158843e+03
1.814630379051455748e+03 3.256457759611878828e+03 1.350369332392032447e+03 1.503404297022756055e+03 1.428574250491851899e+03
1.815630409570896518e+03 3.220556469312869922e+03 1.354468788381090008e+03 1.515554749618435380e+03 1.420953436011904387e+03
1.816630440090337288e+03 3.174923783610659484e+03 1.354368972853945024e+03 1.519098453949906343e+03 1.423144279761905636e+03
1.817630470609778058e+03 3.138077883069702239e+03 1.345768973729472009e+03 1.531349826287083488e+03 1.416000067071923013e+03
1.818630501129218828e+03 3.104820493439458915e+03 1.346969427418124724e+03 1.540562519421740262e+03 1.417143563678536566e+03
1.819630531648660508e+03 3.058149293528501858e+03 1.346867786853208599e+03 1.534184249618438344e+03 1.420953436011904387e+03
1.820630562168101278e+03 3.019035506084012013e+03 1.333668131003777717e+03 1.537729091073757218e+03 1.417618427022018977e+03
1.821630592687542048e+03 2.984835097804472298e+03 1.323970161080687149e+03 1.544611248882155451e+03 1.411045628318716808e+03
1.822630623206982818e+03 2.945721442992706216e+03 1.338370972556377637e+03 1.525477860877057765e+03 1.400091142115411003e+03
1.823630653726423589e+03 2.918607998916724227e+03 1.327264354251583882e+03 1.565884846109456021e+03 1.394663311011903488e+03
1.824630684245864359e+03 2.878259931366720593e+03 1.331079665898933854e+03 1.570014169222610690e+03 1.392472467261905422e+03
1.825630714765305129e+03 2.836035376074074065e+03 1.349060078374922796e+03 1.548369301058941119e+03 1.391899716008703081e+03
1.826630745284746808e+03 2.806082000167049046e+03 1.332675029683057119e+03 1.570727288015699514e+03 1.393045352241764022e+03
1.827630775804187579e+03 2.770846128231396960e+03 1.343467601104261803e+03 1.553422821579463061e+03 1.399618017218414025e+03
1.828630806323628349e+03 2.749116113685072378e+03 1.334869286630035731e+03 1.564457187118437105e+03 1.395134697462414806e+03
1.829630836843069119e+03 2.718125815162025447e+03 1.345874685532482999e+03 1.546328305892468279e+03 1.392001481991350829e+03
1.830630867362509889e+03 2.692151818795749932e+03 1.347959159438360757e+03 1.553532554030784013e+03 1.400191838284840514e+03
1.831630897881950659e+03 2.674665520803931486e+03 1.330871471205892249e+03 1.568504921595486849e+03 1.406661266285664851e+03
1.832630928401391429e+03 2.647554596749655047e+03 1.334869286630038914e+03 1.556861341955006083e+03 1.395706780082361320e+03
1.833630958920832200e+03 2.629135890726260186e+03 1.331966915029142001e+03 1.555142437118435737e+03 1.389707802445483367e+03
1.834630989440272970e+03 2.612786520422443573e+03 1.327366837141619499e+03 1.561019946007220597e+03 1.392003487891132636e+03
1.835631019959714649e+03 2.598714188679922700e+03 1.323972126505976576e+03 1.567894143948684359e+03 1.395705977722440366e+03
1.836631050479155419e+03 2.582364287845217405e+03 1.338374903406956719e+03 1.556860773393080080e+03 1.389707401265522776e+03
1.837631080998596190e+03 2.561204063470103847e+03 1.335360362177096704e+03 1.565791459813457550e+03 1.388665135734943078e+03
1.838631111518036960e+03 2.541077445893005461e+03 1.332078663495537285e+03 1.575986770093168616e+03 1.390281623511907355e+03
1.839631142037477730e+03 2.514894950888662152e+03 1.353985293760139257e+03 1.549759861384447959e+03 1.386941532909224406e+03
1.840631172556918500e+03 2.482977284377455817e+03 1.356058817439416771e+03 1.544720839192993708e+03 1.378177890455919396e+03
1.841631203076359270e+03 2.471649786804701762e+03 1.341655057825795438e+03 1.557586684829473597e+03 1.373329764391550043e+03
1.842631233595800950e+03 2.461247004565671432e+03 1.331965651541452871e+03 1.559683683345462669e+03 1.371604824299301981e+03
1.843631264115241720e+03 2.438946801949966357e+03 1.322161829427827342e+03 1.545216340909713381e+03 1.368373186011902362e+03
1.844631294634682490e+03 2.426018029531536286e+03 1.315865589516410864e+03 1.547050663816846054e+03 1.368948478071508134e+03
1.845631325154123260e+03 2.420530615948284776e+03 1.309569630380035960e+03 1.554037010597804738e+03 1.376096568834420623e+03
1.846631355673564030e+03 2.397088445601164040e+03 1.315378023657365475e+03 1.562128499618439264e+03 1.378176285736085902e+03
1.847631386193004801e+03 2.375358431054839912e+03 1.315260800077665408e+03 1.568621618930375689e+03 1.373330566751466677e+03
1.848631416712445571e+03 2.347680767381939859e+03 1.311265090466329184e+03 1.578429312118437792e+03 1.379327404761904972e+03
1.849631447231886341e+03 2.329266305605633079e+03 1.311383577533711332e+03 1.566665765912012603e+03 1.374945717261905884e+03
1.850631477751327111e+03 2.318972680096340355e+03 1.329783748696274642e+03 1.564577864386784768e+03 1.379327404761904972e+03
1.851631508270768791e+03 2.314168192395672122e+03 1.331359458227498180e+03 1.581370482951010217e+03 1.375984104719557763e+03
1.852631538790209561e+03 2.312453383940447566e+03 1.326274481843824105e+03 1.578920123199278805e+03 1.367796824139076534e+03
1.853631569309650331e+03 2.308679054587040355e+03 1.334990160285276716e+03 1.566785874618435173e+03 1.363991498511906457e+03
1.854631599829091101e+03 2.301588244034564468e+03 1.348063748141209544e+03 1.570953291380475775e+03 1.363991498511906457e+03
1.855631630348531871e+03 2.293468336196599921e+03 1.342374684256385990e+03 1.577203208329450717e+03 1.361800654761905434e+03
1.856631660867972641e+03 2.294040381124077157e+03 1.351574699643906797e+03 1.577327012688384457e+03 1.367336135820773961e+03
1.857631691387413412e+03 2.285804684920318778e+03 1.347457554827256672e+03 1.583086687118436885e+03 1.369986999255816272e+03
1.858631721906855091e+03 2.278829927999078336e+03 1.343463249091122634e+03 1.578429312118437792e+03 1.373909201977391604e+03
1.859631752426295861e+03 2.276084430665711807e+03 1.340681329982904117e+03 1.577815691662018708e+03 1.380482000680695364e+03
1.860631782945736632e+03 2.276657006124077270e+03 1.350487679071902903e+03 1.573158174521538058e+03 1.383131660575856358e+03
1.861631813465177402e+03 2.275511324676463573e+03 1.366587881484460695e+03 1.574385841855819535e+03 1.379327404761904972e+03
1.862631843984618172e+03 2.271284187212133020e+03 1.379175166969030215e+03 1.581372046496299618e+03 1.378749705622553847e+03
1.863631874504058942e+03 2.270018738417083114e+03 1.387895057036094386e+03 1.580757999618435633e+03 1.379327404761904972e+03
1.864631905023499712e+03 2.257100709249079955e+03 1.402175135244071271e+03 1.584315349436081306e+03 1.377136561011906906e+03
1.865631935542940482e+03 2.258126888614695872e+03 1.410895867636256753e+03 1.589458276319137667e+03 1.379905505081212596e+03
1.866631966062381252e+03 2.242916170224253165e+03 1.426389174797260466e+03 1.586029990058221074e+03 1.380361780419983006e+03
1.867631996581822932e+03 2.240290970769214255e+03 1.436067911630038452e+03 1.588358819698706156e+03 1.375524085034522386e+03
1.868632027101263702e+03 2.240742717818362507e+03 1.436675228044157166e+03 1.602331086839184763e+03 1.377715062511174665e+03
1.869632057620704472e+03 2.232050765052920269e+03 1.446482700233315882e+03 1.592269957173524972e+03 1.388793112141507663e+03
1.870632088140145243e+03 2.223932846705775773e+03 1.459198019136676066e+03 1.574870256615018889e+03 1.400657073309331508e+03
1.871632118659586013e+03 2.225655215226116525e+03 1.478813805840112309e+03 1.572673901902815942e+03 1.396275252082679572e+03
1.872632149179026783e+03 2.231599946432819252e+03 1.499382823808436342e+03 1.587261779466447479e+03 1.396854154761904510e+03
1.873632179698467553e+03 2.227129427924688116e+03 1.503983042083476448e+03 1.597058812118437345e+03 1.395242481144432986e+03
1.874632210217909233e+03 2.216264420651515138e+03 1.517783135358524760e+03 1.591785684554803765e+03 1.399044998511905760e+03
1.875632240737350003e+03 2.201628267210263402e+03 1.528674960756800829e+03 1.593017331822553160e+03 1.395695279590230257e+03
1.876632271256790773e+03 2.199006648838706951e+03 1.533883478158606522e+03 1.595346161463032331e+03 1.393631609886884007e+03
1.877632301776231543e+03 2.200029777651728637e+03 1.539566505380035778e+03 1.600003678603514345e+03 1.401235842261903827e+03
1.878632332295672313e+03 2.203352757854147512e+03 1.550727453655304771e+03 1.606989883243992608e+03 1.395694477230317489e+03
1.879632362815113083e+03 2.201627206148493769e+03 1.571901541837412196e+03 1.601579021554289056e+03 1.393632412246797003e+03
1.880632393334553853e+03 2.198431818624077550e+03 1.587256848065673012e+03 1.586510851305403094e+03 1.405747110888296220e+03
1.881632423853994624e+03 2.197409883505546077e+03 1.586175021831921185e+03 1.584936929759431678e+03 1.412059944978904241e+03
1.882632454373435394e+03 2.207123506124079086e+03 1.590775099719443688e+03 1.603566856180872492e+03 1.396273781089502108e+03
1.883632484892877073e+03 2.203799066961719745e+03 1.590775240106966976e+03 1.607468185962510233e+03 1.396854154761904510e+03
1.884632515412317844e+03 2.199007709900477039e+03 1.601803943337832834e+03 1.600004673586881836e+03 1.400786921889034147e+03
1.885632545931758614e+03 2.202201638464955977e+03 1.617294583135945459e+03 1.604044874618434278e+03 1.408389148364266703e+03
1.886632576451199384e+03 2.201757053582762637e+03 1.639214409827484133e+03 1.606991020367840520e+03 1.412190061011906209e+03
1.887632606970640154e+03 2.204374295074514521e+03 1.652264974130037899e+03 1.605755961728549892e+03 1.412771103317572624e+03
1.888632637490080924e+03 2.197855396816794382e+03 1.654095346623625346e+03 1.601098444588071288e+03 1.413799728729585922e+03
1.889632668009521694e+03 2.195682342309074556e+03 1.676626280192333979e+03 1.597676696789282914e+03 1.412190061011906209e+03
1.890632698528963374e+03 2.190182991780888187e+03 1.697795595198757837e+03 1.601098160307106127e+03 1.413352947983160220e+03
1.891632729048404144e+03 2.173376038588176925e+03 1.706853678802946206e+03 1.602952525022058580e+03 1.423725856974185263e+03
1.892632759567844914e+03 2.168010912374077179e+03 1.713428307167719595e+03 1.605755251026143469e+03 1.422562568822973844e+03
1.893632790087285684e+03 2.175106762969969623e+03 1.733985532584303883e+03 1.605755108885663731e+03 1.424307969093072643e+03
1.894632820606726455e+03 2.165702041959624239e+03 1.745485657109343265e+03 1.597058812118437345e+03 1.434680476904140960e+03
1.895632851126167225e+03 2.148895486665074714e+03 1.762341284770253878e+03 1.588689012036039458e+03 1.428552586774130532e+03
1.896632881645607995e+03 2.145263737487187882e+03 1.778618235071262234e+03 1.592223050814786802e+03 1.432045794394065297e+03
1.897632912165048765e+03 2.152222843747300431e+03 1.762809055988893988e+03 1.623145996734356231e+03 1.440088650189713690e+03
1.898632942684489535e+03 2.138029683595587358e+03 1.793932267368441217e+03 1.601716187118436437e+03 1.442418569658437264e+03
1.899632973203931215e+03 2.138167886891298622e+03 1.799927937598263952e+03 1.618016999618438149e+03 1.451042601486401509e+03
1.900633003723371985e+03 2.127603160099419711e+03 1.809421924453930160e+03 1.596909706753880528e+03 1.444469936509751733e+03
1.901633034242812755e+03 2.108763875716411803e+03 1.817250774927738803e+03 1.605583403184638655e+03 1.436731442575490064e+03
1.902633064762253525e+03 2.106012542543307973e+03 1.818623203329129183e+03 1.628270729635835551e+03 1.431324606556447634e+03
1.903633095281694295e+03 2.096742178479762060e+03 1.831513585470681846e+03 1.609322124256018014e+03 1.425335123511906659e+03
1.904633125801135066e+03 2.090364268804903531e+03 1.824299772724613149e+03 1.616308328896497869e+03 1.421977648444383021e+03
1.905633156320575836e+03 2.088049695183435233e+03 1.835800037637172636e+03 1.613207676444269737e+03 1.416571748511902115e+03
1.906633186840017515e+03 2.081094037374076379e+03 1.854812859939650707e+03 1.603577090295516200e+03 1.415988165399833406e+03
1.907633217359458286e+03 2.075590309966090899e+03 1.869074828157460843e+03 1.623447903115974441e+03 1.415548338439346708e+03
1.908633247878899056e+03 2.068492204613934064e+03 1.871987869209924838e+03 1.636025914278449818e+03 1.424311980892652400e+03
1.909633278398339826e+03 2.056033482560206266e+03 1.881801097287426501e+03 1.619570737216097541e+03 1.429716811011902792e+03
1.910633308917780596e+03 2.047920869521921759e+03 1.888548542690051363e+03 1.607460510376540242e+03 1.435266734549261173e+03
1.911633339437221366e+03 2.049659153968832470e+03 1.880421789897524832e+03 1.609478620925583073e+03 1.441839533252564706e+03
1.912633369956662136e+03 2.045022579293490253e+03 1.877815916740131343e+03 1.617861071510798411e+03 1.443883946317940627e+03
1.913633400476102906e+03 2.024598068624078223e+03 1.897288929335122248e+03 1.604666170660824264e+03 1.441840068159173370e+03
1.914633430995543677e+03 2.028943912374077172e+03 1.902347793639972451e+03 1.611809440532787676e+03 1.447243561011905513e+03
1.915633461514985356e+03 2.017352210420255233e+03 1.892075638757623665e+03 1.628417276471727973e+03 1.447243561011905513e+03
1.916633492034426126e+03 2.002288714350591135e+03 1.907717756690469059e+03 1.626246507046108945e+03 1.445052717261904263e+03
1.917633522553866896e+03 1.996782201655457584e+03 1.925503872837920653e+03 1.636183405931384186e+03 1.453380410827644710e+03
1.918633553073307667e+03 1.981571350632296117e+03 1.933475497420186002e+03 1.649996617873639252e+03 1.465940686675702409e+03
1.919633583592748437e+03 1.969113954905781611e+03 1.949118878840710977e+03 1.634157904077330386e+03 1.463599667894803360e+03
1.920633614112189207e+03 1.965348511944709344e+03 1.962304636325600541e+03 1.619723396092678513e+03 1.459803168226702610e+03
1.921633644631629977e+03 1.964337054811168400e+03 1.972575387332746914e+03 1.628737661115861329e+03 1.453230503250047150e+03
1.922633675151071657e+03 1.962594393484446982e+03 1.974260599130039282e+03 1.646583824925158524e+03 1.454987537738925766e+03
1.923633705670512427e+03 1.956656426546539251e+03 1.974260599130039282e+03 1.647044502224031703e+03 1.463751180192230549e+03
1.924633736189953197e+03 1.951148056993307591e+03 1.970115096034219505e+03 1.630120545855388627e+03 1.472514822645536015e+03
1.925633766709393967e+03 1.933764284095145058e+03 1.955245530627243170e+03 1.629660437118437358e+03 1.477329249593435179e+03
1.926633797228834737e+03 1.925653660547680147e+03 1.962307163300974480e+03 1.629660437118437358e+03 1.470756584616785176e+03
1.927633827748275507e+03 1.908116564223560999e+03 1.967813863796537589e+03 1.630283723127561416e+03 1.471929233633677541e+03
1.928633858267716278e+03 1.888713458141796082e+03 1.950029432299331120e+03 1.633694383968831971e+03 1.476311054860328113e+03
1.929633888787157048e+03 1.881612567502495267e+03 1.939597516418545638e+03 1.630907577698608293e+03 1.475137870936828904e+03
1.930633919306597818e+03 1.865819724097748349e+03 1.921813225308856090e+03 1.638975187118438953e+03 1.476311322313632218e+03
1.931633949826039498e+03 1.851772990470462219e+03 1.904480701240447161e+03 1.637270354189488899e+03 1.478502299790287225e+03
1.932633980345480268e+03 1.849755912043134003e+03 1.890845422914597975e+03 1.642551868041502303e+03 1.487265808516940751e+03
1.933634010864921038e+03 1.852354850219327091e+03 1.879179641115246341e+03 1.650618624618438162e+03 1.489456785993593030e+03
1.934634041384361808e+03 1.845835951961606952e+03 1.862628935149079553e+03 1.648289937118437138e+03 1.491060436011902993e+03
1.935634071903802578e+03 1.839742008943313067e+03 1.841762014862047863e+03 1.652322888985463351e+03 1.492235358381889682e+03
1.936634102423243348e+03 1.827444966176987919e+03 1.827062599130035778e+03 1.643007996844985655e+03 1.505380688335196510e+03
1.937634132942684118e+03 1.827869258252811278e+03 1.823528624073962192e+03 1.644257269532370856e+03 1.504633156347012800e+03
1.938634163462125798e+03 1.810909379532288767e+03 1.811411356008351504e+03 1.646586099172854347e+03 1.492663417396950535e+03
1.939634193981566568e+03 1.791352419493681055e+03 1.803445627701954436e+03 1.648289937118437138e+03 1.491060436011902993e+03
1.940634224501007338e+03 1.774128734290277862e+03 1.794693308117627794e+03 1.650618624618438162e+03 1.494427539398419867e+03
1.941634255020448109e+03 1.771955679782557809e+03 1.776910561270669632e+03 1.647664661142577188e+03 1.499823811011907537e+03
1.942634285539888879e+03 1.770366209249077656e+03 1.762045769039395964e+03 1.653120297083795322e+03 1.500412208283468772e+03
1.943634316059329649e+03 1.760345143982302943e+03 1.759127814423712607e+03 1.658056693847974884e+03 1.501426123763691976e+03
1.944634346578770419e+03 1.738193755280027517e+03 1.742855777685940666e+03 1.657778809207640279e+03 1.493676129337306747e+03
1.945634377098211189e+03 1.725155826131864387e+03 1.718964067880036055e+03 1.666118901929527965e+03 1.485076703213423343e+03
1.946634407617651959e+03 1.711113204118950762e+03 1.724454343035700049e+03 1.654549803901055611e+03 1.488869592261904927e+03
1.947634438137093639e+03 1.713285993361229430e+03 1.688446067101790504e+03 1.698894933299693321e+03 1.487102394547425320e+03
1.948634468656534409e+03 1.700083732271222516e+03 1.707194118540407999e+03 1.671850290403849158e+03 1.481873816156339444e+03
1.949634499175975179e+03 1.692141021749077936e+03 1.720026661023463021e+03 1.669425089517266542e+03 1.493251279761904016e+03
1.950634529695415949e+03 1.681695399141038024e+03 1.731258083834074569e+03 1.661457973417496305e+03 1.487690658092339390e+03
1.951634560214856720e+03 1.676930568624076159e+03 1.729050068910071559e+03 1.666200348425119273e+03 1.482886661823340091e+03
1.952634590734297490e+03 1.677515478925530488e+03 1.719759643959272580e+03 1.688773962491543671e+03 1.488869592261904927e+03
1.953634621253738260e+03 1.675175439821550299e+03 1.739221565940138817e+03 1.661008098795176011e+03 1.492830040806123861e+03
1.954634651773179939e+03 1.660967159539575960e+03 1.746563692880037252e+03 1.668173684722664120e+03 1.500413813003302266e+03
1.955634682292620710e+03 1.639822585825591887e+03 1.752402690636860825e+03 1.669875390561029235e+03 1.504205498511903443e+03
1.956634712812061480e+03 1.623609561959392977e+03 1.763902815161902708e+03 1.671576812118435782e+03 1.502604924206605347e+03
1.957634743331502250e+03 1.619263452943951279e+03 1.766643600726585419e+03 1.678116837789104011e+03 1.508587186011905715e+03
1.958634773850943020e+03 1.608398578303507520e+03 1.756203682757119850e+03 1.690206312118438746e+03 1.505805805363900390e+03
1.959634804370383790e+03 1.594189104327057748e+03 1.753643997094005726e+03 1.686621955609405404e+03 1.502014654761905376e+03
1.960634834889824560e+03 1.576805198796172135e+03 1.764343210814024133e+03 1.676234187118438058e+03 1.506987146613213099e+03
1.961634865409265331e+03 1.563352527128129850e+03 1.761422729222970929e+03 1.686988962331301309e+03 1.511368967839863444e+03
1.962634895928706101e+03 1.555661155613073333e+03 1.750543117538983324e+03 1.702293654340566491e+03 1.516932932675740176e+03
1.963634926448147780e+03 1.540450304589897087e+03 1.744701733194306826e+03 1.694863687118437610e+03 1.522740681199367373e+03
1.964634956967588550e+03 1.527998877335847737e+03 1.730901499531745912e+03 1.687249079411514458e+03 1.516759221753982956e+03
1.965634987487029321e+03 1.524826037374075668e+03 1.712501328369186922e+03 1.690834999465842202e+03 1.512377400527329428e+03
1.966635018006470091e+03 1.520892814020411151e+03 1.706222075347765440e+03 1.687248795130553390e+03 1.508587186011905715e+03
1.967635048525910861e+03 1.508441784664524448e+03 1.696400704794063813e+03 1.690835283746803043e+03 1.512553251075534945e+03
1.968635079045351631e+03 1.508029694799076651e+03 1.668615206716795683e+03 1.698450602156127616e+03 1.519541404761905142e+03
1.969635109564792401e+03 1.500748158393206495e+03 1.652264974130037899e+03 1.695304606890463901e+03 1.525107108044266624e+03
1.970635140084234081e+03 1.486124472427748742e+03 1.652264974130037899e+03 1.684290141018817167e+03 1.530495623511904569e+03
1.971635170603674851e+03 1.474261403925913555e+03 1.646856123736328982e+03 1.686997490760179517e+03 1.531087898856394304e+03
1.972635201123115621e+03 1.475436397204960031e+03 1.618199661481252861e+03 1.708206129787667351e+03 1.537660563833045899e+03
1.973635231642556391e+03 1.478606982410470664e+03 1.608999365318691162e+03 1.704808261589690574e+03 1.543227470655285288e+03
1.974635262161997161e+03 1.477021756124075864e+03 1.601043464138736226e+03 1.706507124618440457e+03 1.551811384487457872e+03
1.975635292681437932e+03 1.479782638853125036e+03 1.590598772993570947e+03 1.708835812118438298e+03 1.553589681514102267e+03
1.976635323200878702e+03 1.476433662637306952e+03 1.592655730945403775e+03 1.687055057654975826e+03 1.556192804534154902e+03
1.977635353720319472e+03 1.477609982243565810e+03 1.586430105956866555e+03 1.699276438350648505e+03 1.550213217261905129e+03
1.978635384239760242e+03 1.480779241121867244e+03 1.574688795671419712e+03 1.708011823750172880e+03 1.555188116192959114e+03
1.979635414759201922e+03 1.474848834249074798e+03 1.580965942880037346e+03 1.687246947304299056e+03 1.562947471485036431e+03
1.980635445278642692e+03 1.476433132106420089e+03 1.579912053762892128e+03 1.688944673209201937e+03 1.569337332127543050e+03
1.981635475798083462e+03 1.473853425674830987e+03 1.583696339768196822e+03 1.683415408498832676e+03 1.560983829317843629e+03
1.982635506317524232e+03 1.480778710590979699e+03 1.564672848014169858e+03 1.708400435825175464e+03 1.545831529761906040e+03
1.983635536836965002e+03 1.475437856164894129e+03 1.565683497774968600e+03 1.695733586862077573e+03 1.548022373511907290e+03
1.984635567356405772e+03 1.479194677999076930e+03 1.570948029797502613e+03 1.688705877201138492e+03 1.551401244843847280e+03
1.985635597875846543e+03 1.482546174236599882e+03 1.548142638626007738e+03 1.711164499618439550e+03 1.562355731047151039e+03
1.986635628395288222e+03 1.487886365499075282e+03 1.562761752696240592e+03 1.695731028333407039e+03 1.562763998517622895e+03
1.987635658914728992e+03 1.492417497160903849e+03 1.564670040263752753e+03 1.679826503494411099e+03 1.562356265953765387e+03
1.988635689434169763e+03 1.509211717612362236e+03 1.544593922880262198e+03 1.698023470010769643e+03 1.571119908407073126e+03
1.989635719953610533e+03 1.522249646760522410e+03 1.546860900562927782e+03 1.700385844804754470e+03 1.579695664913433802e+03
1.990635750473051303e+03 1.532524703688817908e+03 1.566968324363512011e+03 1.683852490477862830e+03 1.569335994861017525e+03
1.991635780992492073e+03 1.540626573476668000e+03 1.551492565642581667e+03 1.695064531618068031e+03 1.568929867016984872e+03
1.992635811511932843e+03 1.551089040440323743e+03 1.533717118946693745e+03 1.715390762539601155e+03 1.576503342261903072e+03
1.993635842031373613e+03 1.559592787374077943e+03 1.535591432734228874e+03 1.716885227556699419e+03 1.574907715842746711e+03
1.994635872550814383e+03 1.567882995626334832e+03 1.533091552154901592e+03 1.711797309039785432e+03 1.578098834954407494e+03
1.995635903070256063e+03 1.578748002899512130e+03 1.519491932259274563e+03 1.718150562118436483e+03 1.571526169977751806e+03
1.996635933589696833e+03 1.591785932047675260e+03 1.530991916396793158e+03 1.693823218797607979e+03 1.567144348751099642e+03
1.997635964109137603e+03 1.613706141916518163e+03 1.510736243374445394e+03 1.705628696445948663e+03 1.574504663711731837e+03
1.998635994628578374e+03 1.632881119717435240e+03 1.470769741297223163e+03 1.742089719785686839e+03 1.583075873511906366e+03
1.999636025148019144e+03 1.633072641367163214e+03 1.504018419738669763e+03 1.697192374618438862e+03 1.589245620084189113e+03
