# time[us], force_in1[N], force_in2[N], force_out1[N], force_out2[N]
-9.994555026551913670e+02 1.001984825225499920e+00 -1.281467058601842401e+00 2.030545341957647665e+01 3.211792860279625295e+00
-9.984554721357503695e+02 6.360081505090809273e+00 -3.014691387932670441e+00 9.587208310310732173e+00 8.614082173133390086e+00
-9.974554416163095993e+02 -3.730350674987382043e+00 1.941656704114846477e+01 -1.824318716441371535e+01 -1.950055931149588861e+00
-9.964554110968688292e+02 2.207218364755092477e+00 -6.132838608000201752e+00 6.172141114143046892e+00 -6.136502518315298360e+00
-9.954553805774278317e+02 -3.536176370833667537e+00 5.820316446022173018e+00 -9.964641270802738759e+00 -8.522854634458205680e+00
-9.944553500579868341e+02 4.767693051740035770e+00 -1.385316952838835114e+01 7.625811813186662569e+00 -7.740419989931955236e+00
-9.934553195385460640e+02 -2.139421181573541997e+00 -4.036712537909095566e+00 2.235619848584296521e-01 5.013492051131121841e+00
-9.924552890191052938e+02 -6.096916323259347514e+00 -3.175996649103235203e+00 1.472692531764159929e+00 4.425897139486011156e+00
-9.914552584996642963e+02 -6.096916323259347514e+00 -1.114158456798632457e+01 1.186643092293382296e+01 -4.337745313818774484e+00
-9.904552279802232988e+02 -8.464410400582012883e+00 -4.653294528390182094e+00 6.397493131863972726e-01 -8.131169268910992898e+00
-9.894551974607825287e+02 -1.261568194826268297e+01 -2.147236898147232509e+00 2.968436813187588452e+00 -5.940191792257743408e+00
-9.884551669413417585e+02 -7.880163262733655749e+00 -2.353325778389005141e+00 5.088319946617232858e+00 -1.754815018313056418e+00
-9.874551364219007610e+02 -1.556102472775174439e+00 -2.146956123106031455e+00 -4.435518700912776779e+00 -1.754815018313056418e+00
-9.864551059024597635e+02 2.984976643153378184e+00 6.433529136004238147e+00 -8.256823391751925811e+00 -1.361391206281464150e+00
-9.854550753830189933e+02 9.308772167670133157e+00 -5.273245819362413656e+00 -3.808394898800950834e+00 1.198078437968824517e+01
-9.844550448635782232e+02 1.345938055173830605e+01 -1.553276582485706392e+01 2.340318027710445836e+00 1.776579937236438411e+01
-9.834550143441372256e+02 8.918036170368459636e+00 -4.653294528390182094e+00 -8.465485617841064681e+00 1.298975197376576673e+01
-9.824549838246962281e+02 3.985159995368707353e+00 -4.860366121276387119e+00 1.478378151007848862e+00 2.232378856430344616e+00
-9.814549533052554580e+02 -1.281144784507342038e+01 -9.253232028385998120e+00 1.440207496324794612e+01 -3.945658768314177056e+00
-9.804549227858146878e+02 -1.478860382326070599e+01 -2.994475584974552795e+00 1.078963399440652005e+00 -8.327346268316418332e+00
-9.794548922663736903e+02 -1.222361962374935729e+01 2.901626569982030190e+01 -2.520366437783643931e+01 -6.136502518315298360e+00
-9.784548617469326928e+02 -1.751072573260211929e+00 -3.183858350264026082e+00 2.392662431318507288e+01 -3.747877049077219080e+00
-9.774548312274919226e+02 -6.489509178658348532e+00 1.193284154545168452e+00 -3.161513569833299009e+00 6.339441775737572060e-01
-9.764548007080511525e+02 -1.063918913368171637e+01 1.061483104957587464e+01 -2.544055320430973044e+00 4.817716231684078920e+00
-9.754547701886101549e+02 -1.952757095954423860e+01 3.078828943733483925e+00 1.283219270610078455e+00 2.378458324908894750e-01
-9.744547396691691574e+02 -2.545651887239302980e+01 1.312187139245610012e+01 -1.439629718699550409e+01 -3.945658768314177056e+00
-9.734547091497283873e+02 -1.893762061467466751e+01 -2.561660858957119924e+00 4.664314891834189680e+00 -3.548758063315261779e+00
-9.724546786302876171e+02 -1.459164423195488780e+01 7.471975625886518202e+00 -1.587214180107934069e+01 9.199403731686320640e+00
-9.714546481108466196e+02 -7.875653750204436143e+00 8.729286260388736451e+00 -5.290209413081993439e+00 4.420280620074652944e+00
-9.704546175914056221e+02 -3.923994448258235845e+00 2.037855478479639437e+00 7.203086022732264837e+00 -4.144510300772156874e+00
-9.694545870719648519e+02 -6.294273812730196482e+00 4.755477102265041722e+00 -6.980828293933675432e+00 -3.746673509204067276e+00
-9.684545565525240818e+02 -3.529014203878057643e+00 1.828537685265620771e+00 -1.015709948206049162e+01 -4.343896739838656096e+00
-9.674545260330830843e+02 2.594771176738923657e+00 -6.953263278388090107e+00 5.085334996515992856e+00 -8.128093555901054756e+00
-9.664544955136420867e+02 2.240939141024942127e-01 -6.743945485171979115e+00 2.756505356036293986e+00 -3.746272329245686095e+00
-9.654544649942013166e+02 -6.096916323259347514e+00 4.965496833083334671e+00 -9.099147882074952065e+00 3.225432978847650123e+00
-9.644544344747605464e+02 -1.553051920183045276e+00 4.127383335099021444e+00 -1.057925671058882600e+01 1.119059358931469106e+01
-9.634544039553195489e+02 2.792924462538284303e+00 -4.443555572609523274e+00 -4.229983565406400636e+00 4.617928612658202425e+00
-9.624543734358785514e+02 -2.345930328823749633e+00 4.336701128316010845e+00 -1.142868822496311942e+01 2.626872481682958504e+00
-9.614543429164377812e+02 -7.873001095776345437e+00 1.566627024307623017e-01 -1.523577886770092249e+01 2.626872481682958504e+00
-9.604543123969970111e+02 6.204004857009342011e-01 -6.838373834035365029e-01 -3.804841386776522061e+00 6.362175306682122944e-01
-9.594542818775560136e+02 -1.742021483139221949e-01 1.418746512629821543e+00 -1.715154827043510011e+01 9.399726257322708278e+00
-9.584542513581150160e+02 -5.301650525631840694e+00 9.131636894422637596e+00 -2.517381487682370889e+01 8.998947479396807836e+00
-9.574542208386742459e+02 6.343767680357814243e+00 -2.890004437388567737e+01 6.133336762829766364e+00 4.416536273801078494e+00
-9.564541903192334757e+02 -7.871674768563148739e+00 1.041084798213617013e+01 -2.666444210093466793e+01 1.038199848465982900e+00
-9.554541597997924782e+02 7.339043621882282764e+00 1.583556216566840469e+01 8.532443156280132834e-01 1.338023379943855140e+01
-9.544541292803514807e+02 1.108711169644794481e+01 2.566830410853540911e+01 -8.888637829734880924e+00 9.400394890586344587e+00
-9.534540987609107106e+02 1.168541790276709058e+01 2.231290197866097458e+01 -8.338210532007426234e-01 8.797153960582013710e+00
-9.524540682414699404e+02 1.740599981027187226e+01 1.898024262712189980e+01 -6.437792301172692300e-01 2.224355257274677200e+00
-9.514540377220289429e+02 8.913791923285875995e+00 2.503487561558743835e+01 -1.756162355808238829e+01 -8.125953929459010183e+00
-9.504540072025879454e+02 2.195016154382615436e+00 1.268863550388468653e+01 -1.260526777120638986e+00 8.390808627057351199e-01
-9.494539766831471752e+02 -1.751072573260211929e+00 3.700517337434683918e-01 -2.117633877466553738e+00 2.223552897361028347e+00
-9.484539461637064051e+02 -3.923994448258235845e+00 1.102279718444006384e+01 -9.103980658430737449e+00 -1.956608537127851211e+00
-9.474539156442654075e+02 -3.923994448258235845e+00 -2.565310934496005668e+00 -1.268847930794591505e+01 -3.743731522846256432e+00
-9.464538851248244100e+02 8.226653858685559761e-01 -4.865420072018004305e+00 1.284072113499161949e+00 4.360287316849509320e-01
-9.454538546053836399e+02 6.940614926741146995e+00 -3.804230803794709903e+00 4.652375091434644006e+00 -1.957009717086232170e+00
-9.444538240859428697e+02 6.739941619235327863e+00 9.358924290278620717e+00 -4.017625686812675845e+00 -6.136502518315298360e+00
-9.434537935665018722e+02 2.594771176738923657e+00 8.721424559235105178e+00 -1.473737498598031603e+00 -6.136502518315298360e+00
-9.424537630470608747e+02 2.795709749688568557e+00 5.184641752745499765e+00 -5.309682658981878411e+00 -8.732538025779245316e+00
-9.414537325276201045e+02 -2.555357395942203347e+00 2.064636172160968641e+01 -2.156970084093576290e+01 -1.510260712369723990e+01
-9.404537020081793344e+02 -1.478860382326070599e+01 1.246864825910624219e+01 -1.257683967500025313e+00 -1.648213127220751062e+01
-9.394536714887383368e+02 -7.867165256033646692e+00 -1.070076775330055696e+01 9.738730063047452035e+00 -6.136502518315298360e+00
-9.384536409692973393e+02 -3.923994448258235845e+00 2.673903972816193786e+01 -1.717244292114380499e+01 -6.339633303657366881e+00
-9.374536104498565692e+02 -3.722392711702278589e+00 2.519898862717135302e+01 -1.030762625142446431e+01 -1.011166099432914400e+01
-9.364535799304157990e+02 -4.529197556092540822e+00 -6.312675021889139870e+00 2.176466759738801571e+01 -6.746697234253991482e+00
-9.354535494109748015e+02 -1.438486981926254415e+01 8.932848165259400730e+00 -1.436303631444487117e+01 -9.907594122416355731e+00
-9.344535188915338040e+02 8.258485711825995779e-01 -6.953263278388090107e+00 1.331299459792737672e+01 -1.754815018313056418e+00
-9.334534883720930338e+02 2.796903444180841802e+00 9.788369715796266135e+00 -1.268250940774117907e+01 6.398281502893703454e-01
-9.324534578526522637e+02 6.940614926741146995e+00 5.990185345950787443e+00 3.401965280194829244e+00 2.320955864284020287e-01
-9.314534273332112662e+02 8.911139268857503737e+00 -1.710631709079476925e+00 -3.207282804707900503e+00 -1.754815018313056418e+00
-9.304533968137702686e+02 2.797301342345591468e+00 1.123211497765408673e+01 -1.690450811447948354e+01 -1.550614419750256268e+00
-9.294533662943294985e+02 8.910874003414667399e+00 1.817587458657723198e+00 6.397493131897065144e-01 2.831206806898178385e+00
-9.284533357748887283e+02 2.391975745690406718e+00 -1.709368221395640486e+00 -2.123603777666924763e+00 4.817716231684078920e+00
-9.274533052554477308e+02 6.247773655082413669e-01 9.146517971610339970e+00 -8.240050814996587647e+00 4.408512674643419338e+00
-9.264532747360067333e+02 7.143675623233489702e+00 3.686847295451317841e+00 5.732358465969975114e+00 6.407642368582615600e-01
-9.254532442165659631e+02 8.707150143315725899e+00 -9.038158346826088874e+00 7.190293379444554489e+00 4.360287316849509320e-01
-9.244532136971251930e+02 4.971019013674227160e+00 -1.707683571148433055e+00 -1.906839544163150491e+00 -1.959817976793739369e+00
-9.234531831776841955e+02 6.940614926741146995e+00 6.631194765011322545e+00 -6.346313186813867802e+00 8.463021019466328010e-01
-9.224531526582431979e+02 6.940614926741146995e+00 1.815622033368268218e+00 4.059365004760456586e+00 4.407175408116145832e+00
-9.214531221388024278e+02 4.563969191641094270e+00 3.109152648180243173e+00 1.140987569800573809e+01 1.052241146993385668e+00
-9.204530916193616576e+02 6.257057945576773861e-01 1.561487298328551709e+01 -1.688938186811484776e+00 1.118470961659907026e+01
-9.194530610999206601e+02 4.767693051740035770e+00 1.598863701562197814e+00 6.390184611973795725e+00 6.802888389943702485e+00
-9.184530305804796626e+02 3.951206018685562871e+00 -7.956893663157264207e+00 1.453426561056428667e+01 5.023521550078703157e+00
-9.174530000610388925e+02 -1.417584065030715301e+01 2.459770887643432502e+01 -2.445884825746460578e+01 7.008559981685199780e+00
-9.164529695415981223e+02 4.767693051740035770e+00 -1.285122379385714630e+01 4.466577333198630839e+01 9.199403731686320640e+00
-9.154529390221571248e+02 -6.710475292544502146e+00 -7.304934017491234499e+00 5.214824974696103510e+00 2.626872481686071570e+00
-9.144529085027161273e+02 -5.278307166665266337e+00 4.896987723024288641e+00 5.042894348101610857e-01 9.199403731686320640e+00
-9.134528779832753571e+02 -1.925054638696777898e-01 -7.519165373927538809e+00 3.321940189402301957e+00 4.611242280026814910e+00
-9.124528474638345870e+02 -7.655085534487108490e+00 1.057889184430182183e+01 -1.223434047119724255e+01 4.611108553374978491e+00
-9.114528169443935894e+02 2.389720989425796915e+00 -3.785138100995993238e+00 4.418127578766020136e+00 -1.754815018313056418e+00
-9.104527864249525919e+02 -1.751072573260211929e+00 1.834639297161177751e+01 -1.588095451089854748e+01 2.833747613301423218e+00
-9.094527559055118218e+02 8.324802072497397010e-01 2.808021416493577949e+00 -6.914732970276753932e+00 5.024725089951854962e+00
-9.084527253860710516e+02 8.908088716265371687e+00 -1.988323470074961463e+01 2.137776120813974146e+01 4.196288476924658006e+00
-9.074526948666300541e+02 2.389190458540122908e+00 2.899413692402850629e+00 4.415853331070239030e+00 -3.531106145168409594e+00
-9.064526643471890566e+02 -2.162499275101346985e+00 8.711035882706347877e+00 -1.027558528780356806e+00 2.286186934590888897e-01
-9.054526338277482864e+02 -1.064860605690321016e+01 -2.571207210361233120e+00 6.964005733714163426e+00 6.435724965629424643e-01
-9.044526033083075163e+02 -1.282166056462495263e+01 3.336720819070988941e+00 -6.787801520756342910e+00 5.025393723214495623e+00
-9.034525727888665187e+02 -1.934055882234431678e+01 1.287380664355632831e+01 -7.791455457000736828e+00 9.407214949869862508e+00
-9.024525422694255212e+02 -1.396362829603544675e+01 -2.571628372923558281e+00 5.297124313185470612e+00 1.097435759201410654e+01
-9.014525117499847511e+02 3.007524205796343164e+00 -4.653294528390182094e+00 2.083754459528684766e+00 1.987138870765171872e-02
-9.004524812305439809e+02 4.561183904491798558e+00 2.683778460759496109e+00 -2.053975091570642775e+01 -6.136502518315298360e+00
-8.994524507111029834e+02 -2.164356133200217691e+00 1.809164207421683601e+00 -1.033932357868268781e+01 -1.338122768728360112e+00
-8.984524201916619859e+02 -6.096916323259347514e+00 -7.609855712238645431e+00 -3.574431667096247711e+00 7.633999536026439436e+00
-8.974523896722212157e+02 -6.096916323259347514e+00 -1.232013780342973952e+01 -3.241112239185650612e+00 1.316386407548712789e+01
-8.964523591527804456e+02 -2.888796057592355027e+00 1.243158595367065011e+01 -1.554905648780232497e+01 4.608968926932641708e+00
-8.954523286333394481e+02 1.563230242673941817e+01 -1.845310702838743566e+01 2.813995245058585226e+01 1.826666887611972517e-02
-8.944522981138984505e+02 8.698926914583990921e+00 -1.036771610193478299e+00 -3.244097189290069849e+00 -6.345517276372987681e+00
-8.934522675944576804e+02 7.355490079338174780e+00 -1.590319603923257663e+00 2.195903299024871469e+00 -1.030904153360772035e+01
-8.924522370750169102e+02 6.317904299679597990e+00 -1.067437489943269924e+01 4.407324902213177076e+00 -3.527094345590576552e+00
-8.914522065555759127e+02 -1.751072573260211929e+00 -4.930507429087913063e-01 -3.349849707138750077e+00 4.360287316849509320e-01
-8.904521760361349152e+02 2.802606651202334653e+00 -8.813257538822789172e+00 9.063562778363117189e+00 2.207773152346854229e+00
-8.894521455166941450e+02 5.913087372524441880e-03 4.766708103913094519e+00 -1.078081191262622163e+01 -8.327346268316418332e+00
-8.884521149972533749e+02 -3.923994448258235845e+00 -4.938930680316617750e-01 1.308804557187611906e+00 -1.754815018316169928e+00
-8.874520844778123774e+02 -6.305149695886520078e+00 -6.953263278388090107e+00 9.731338758039161263e+00 -6.136502518315298360e+00
-8.864520539583713798e+02 -7.644740182213499935e+00 -1.912228188660677786e+00 4.850518921925369931e+00 -5.926417947036585865e+00
-8.854520234389306097e+02 2.133506636708900339e-01 4.325891289230282766e+00 -1.018603678479804486e+00 -4.155877066245018625e+00
-8.844519929194898396e+02 2.803402447529857788e+00 -5.094953668195238095e+00 7.625811813186662569e+00 -1.334110969150526405e+00
-8.834519624000488420e+02 4.976456955252882786e+00 -9.253232028385998120e+00 6.954624461969063809e+00 2.416386730447160236e+00
-8.824519318806078445e+02 8.904640265507499208e+00 -8.811011338493178968e+00 -6.570184444368022625e+00 8.572676874630977828e-01
-8.814519013611670744e+02 6.940614926741146995e+00 -4.958584933208025625e-01 4.088503803356701383e+00 8.988650527144967484e+00
-8.804518708417263042e+02 2.176447573386003587e+00 -1.155320077838717374e+01 1.694056181318481080e+01 5.028603162877561594e+00
-8.794518403222853067e+02 -1.541778138861988001e+00 -4.210231513371537559e+00 1.183459145519288569e+01 7.008559981685199780e+00
-8.784518098028443092e+02 7.778323195219497777e+00 -2.750289234167977992e-01 1.040337895214042518e+01 7.008559981685199780e+00
-8.774517792834035390e+02 1.955902677705922343e+01 -4.875106810938913071e+00 2.016757715301990928e+01 7.008559981685199780e+00
-8.764517487639627689e+02 6.521230261616580925e+00 -1.243562428040745349e+00 2.280300381099064211e+01 4.394872556076392378e+00
-8.754517182445217713e+02 2.804596142023119132e+00 8.036052683662999740e+00 2.106817924054928426e+01 3.261539175057128759e+00
-8.744516877250807738e+02 9.533451997751090090e+00 -1.088650044305337516e+01 3.797735299916761420e+01 1.117855819057719557e+01
-8.734516572056400037e+02 1.366947078246534097e+01 8.701770306350709916e+00 -5.631855773996091719e-01 4.605893213921704366e+00
-8.724516266861992335e+02 1.500163383639584325e+01 -9.030717808237740840e+00 2.535414116373474513e+01 2.414915737268755080e+00
-8.714515961667582360e+02 4.767693051740035770e+00 9.814481794627976541e+00 -4.243060489656832246e+00 2.838962952753400604e+00
-8.704515656473172385e+02 4.767693051740035770e+00 5.955369240837652178e+00 8.076965699838325463e+00 2.626872481682958504e+00
-8.694515351278764683e+02 -2.100129830969221789e-01 6.154491197534104341e-01 -1.166003357264231211e+00 2.626872481682958504e+00
-8.684515046084356982e+02 -7.426824620926232079e+00 1.077725941091004458e+01 -2.640105578966437250e+01 2.839364132707973720e+00
-8.674514740889947007e+02 1.149734470379552675e+01 -9.030015870634212405e+00 -5.894306457277024514e+00 9.412029109364462798e+00
-8.664514435695537031e+02 8.480480822407100661e+00 5.216650107439469330e+00 -3.868720255978486816e-02 1.379385033601641375e+01
-8.654514130501129330e+02 6.330005942361934812e-01 1.626992115440653919e+01 -1.310608804108074921e+01 1.577193498168345620e+01
-8.644513825306721628e+02 7.363182777179459571e+00 1.834639297160850901e+01 -3.303594695503286882e-01 1.315503811641469767e+01
-8.634513520112311653e+02 1.345938055173830605e+01 1.604642422161060011e+01 1.858953353310922196e+01 4.178235378818424550e+00
-8.624513214917901678e+02 1.107490948607745196e+01 1.879422916232566720e+01 2.515008678840144007e+00 -8.327346268316418332e+00
-8.614512909723493976e+02 6.728933103357091383e+00 2.962217823873246658e+01 -3.790769479158335731e+00 -6.349930255909206345e+00
-8.604512604529086275e+02 4.979507507845015724e+00 1.470123099921882925e+01 5.978119357592526661e+00 -7.900223339824343327e+00
-8.594512299334676300e+02 1.107451158791339019e+01 -6.728924020468231681e+00 6.490109370105742848e+00 -4.159353959213340168e+00
-8.584511994140266324e+02 9.749775966385286097e+00 2.471091367054329968e+00 -5.437182670422874509e+00 -3.945658768314177056e+00
-8.574511688945858623e+02 1.759301194747079933e+01 1.797371655691227810e+00 1.552157339149942494e+01 -6.136502518315298360e+00
-8.564511383751450921e+02 1.303469057775729922e+01 6.209242330552648959e-01 2.488991035283477515e+01 -8.755539010029211866e+00
-8.554511078557040946e+02 -2.176027812685044527e+00 1.879619458761598239e+01 -1.054827008573274760e+01 -1.468564742080418384e+01
-8.544510773362630971e+02 3.019991681610669332e+00 3.196333298471905948e+00 2.506588026829660976e+01 -8.327346268316418332e+00
-8.534510468168223269e+02 1.956542521273012980e+00 -3.302205030127097540e+00 1.164796100365953535e+01 -1.030369246750260892e+01
-8.524510162973815568e+02 -8.995705017551987037e-01 1.537045830992062001e+01 -1.337970846698642546e+01 -1.540183740849110139e+00
-8.514509857779405593e+02 8.900528651144016479e+00 5.448429903952539455e+00 1.045696591347307347e+01 8.655587399250168623e-01
-8.504509552584995618e+02 7.580037276701308002e+00 2.226952223479381843e+01 -9.633169669139267199e+00 7.008559981685199780e+00
-8.494509247390587916e+02 2.019141959278272225e+01 4.320837338485711498e+00 9.268813632909646216e+00 4.387651316833502513e+00
-8.484508942196180215e+02 1.737841220421652366e+01 9.598285012905174440e+00 -1.146109625462588433e+01 -1.969981202390627351e+00
-8.474508637001770239e+02 1.303230318877077920e+01 3.416460930776564986e+00 -5.202082314870456692e+00 -3.730358857583480958e+00
-8.464508331807360264e+02 -5.493326670453571765e-03 -6.500934687012030366e+00 1.228318681318573624e+01 6.514623690684673285e-01
-8.454508026612952563e+02 -3.496386554405033653e+00 -5.335702838782878377e-02 7.396681357836539128e+00 7.439694709757104008e+00
-8.444507721418544861e+02 4.767693051740035770e+00 1.730880423405168622e-01 5.297124313185470612e+00 8.768001550310156489e+00
-8.434507416224134886e+02 2.380701964369333457e+00 2.020026263363878360e+00 5.067709576873701494e+00 4.359097002842392266e-03
-8.424507111029724911e+02 -3.923994448261323598e+00 -2.353325778389005141e+00 4.101924363960946507e-01 -8.975251900299113572e+00
-8.414506805835317209e+02 -1.965407051072334710e+00 -2.807058244970023875e+00 -6.346313186813867802e+00 -1.687461899766821460e+01
-8.404506500640909508e+02 -3.709527337725188278e+00 -9.707245270007494042e+00 -1.229255871302759928e+00 -1.468364152101526798e+01
-8.394506195446499532e+02 2.809370919994188309e+00 -2.007163475339331882e+01 1.041446590965630037e+01 -1.008545057041410331e+01
-8.384505890252089557e+02 4.982425427717211974e+00 6.285051591708347152e-01 6.935435497034643682e+00 -1.971318468917901079e+00
-8.374505585057681856e+02 8.898671793044158562e+00 1.190134228835733943e+01 -2.379740924405201241e+00 -5.919865341058323516e+00
-8.364505279863274154e+02 5.412685975996808452e+00 1.996365720893087925e+01 -1.473942430809878346e+01 -1.754815018313056418e+00
-8.354504974668864179e+02 1.976301590260070284e+01 -4.197877411558687655e+00 6.011948792067733471e+00 -4.162563398876407028e+00
-8.344504669474454204e+02 1.128645867674028302e+01 2.294633047161086381e+01 -2.778763618168149918e+01 -1.103699946670411380e+00
-8.334504364280046502e+02 1.802061984132430439e+01 -3.949251112576688705e+00 2.159793681318719294e+01 4.383372063949416919e+00
-8.324504059085638801e+02 1.281279603482759910e+01 4.527908931364642342e+00 -1.773986772123278399e+01 -1.320203397274135604e+00
-8.314503753891228826e+02 6.940614926741146995e+00 9.392055745142394940e+00 -1.102117146597611352e+01 9.199403731686320640e+00
-8.304503448696818850e+02 -9.737573755845196563e-03 -5.582800302281934357e+00 3.909548937793762224e+00 4.817716231684078920e+00
-8.294503143502411149e+02 -1.319220432321618119e+00 1.351790458807481521e+01 -7.749381874628783251e+00 9.417110722164316883e+00
-8.284502838308003447e+02 6.940614926741146995e+00 6.617857950554800972e+00 7.162718126134265617e+00 1.117240676455731574e+01
-8.274502533113593472e+02 4.551501715827747319e+00 4.546580471614523944e+00 -6.346313186813867802e+00 6.790585537901947966e+00
-8.264502227919183497e+02 2.594771176738923657e+00 -7.402731666881138262e-01 -1.457107062322090085e+00 2.408764311246890610e+00
-8.254501922724775795e+02 2.053927003829948694e-01 -6.724150844768134405e+00 -1.456964921841962690e+00 8.725125258616556190e-01
-8.244501617530368094e+02 -1.317894105108421421e+00 -4.194788886109463988e+00 -5.659690316419882516e-02 2.190121234205108181e+00
-8.234501312335958119e+02 4.984414918537997785e+00 4.546580471614523944e+00 -8.442743140883235853e+00 -1.317796317525841143e+00
-8.224501007141548143e+02 6.723760427221272984e+00 4.317046875431918451e+00 -3.785226000399335877e+00 7.445846135778666941e+00
-8.214500701947140442e+02 2.594771176738923657e+00 -5.335702838782878377e-02 6.397493131897065144e-01 1.577193498168345620e+01
-8.204500396752732740e+02 4.218493017408999068e-01 -2.583140149611766745e+00 1.743813784411978041e-01 1.292435964063231602e+01
-8.194500091558322765e+02 2.377518779055287190e+00 -2.353325778389005141e+00 -7.743696255392308991e+00 6.550729886892248111e-01
-8.184499786363912790e+02 4.218493017378119880e-01 -7.413453570917781121e+00 1.717353006152507078e+01 9.856937682658207578e+00
-8.174499481169505088e+02 -4.141512111387488204e+00 -1.339269846081850446e+01 6.926480646734095359e+00 1.511399985075829200e+01
-8.164499175975097387e+02 -3.706344152411147341e+00 2.937739485525244110e+00 1.106254371785775126e+00 6.789114544723541478e+00
-8.154498870780687412e+02 -1.968855501829212873e+00 1.555062795131543441e+00 1.950264398296538459e+01 2.187714154453700210e+00
-8.144498565586277437e+02 -3.923994448258235845e+00 5.930520649695068869e+00 -9.950083586412302727e-01 -8.766772048851928290e+00
-8.134498260391869735e+02 3.248915758778144536e+00 1.396925046680418347e+01 1.115209222084143637e+00 -1.665102803447490487e+01
-8.124497955197462034e+02 8.895355975009186622e+00 -1.776029461422833222e+01 3.090316340096606851e+01 -8.327346268316418332e+00
-8.114497650003052058e+02 4.986006511195020252e+00 4.777658330519946261e+00 -1.192859629659282739e+01 -1.094472807640594514e+00
-8.104497344808642083e+02 8.895090709565362630e+00 -4.190858035527614156e+00 1.553592958007440750e+01 7.008559981685199780e+00
-8.094497039614234382e+02 1.939035002045768286e+00 1.397781410555931636e+01 -1.053519316148167206e+01 6.788178458154647821e+00
-8.084496734419826680e+02 -5.659493608022165390e+00 2.926087321322127455e+00 8.328980772624271722e+00 2.406357231500590554e+00
-8.074496429225416705e+02 -2.188760553941219378e+00 -1.016336432444454196e+01 1.561246051419634906e+00 -1.975463995148863505e+00
-8.064496124031006730e+02 -3.267064579073919450e+00 1.144648672161151737e+01 -4.938269582156818771e+00 -3.283310657847692049e+00
-8.054495818836599028e+02 7.159724182524643155e+00 3.850819919514701706e+00 2.253720111154186867e+01 4.817716231684078920e+00
-8.044495513642191327e+02 6.282889261228196354e+00 8.748852578213299758e-01 2.461060430769700602e+01 7.008559981685199780e+00
-8.034495208447781351e+02 -3.923994448258235845e+00 1.074988384439135913e+01 1.109950024292478687e+00 7.229743865131518454e+00
-8.024494903253371376e+02 -1.092551111415785536e+00 2.478953068207967014e+00 1.251842930921847064e+01 8.978086121586875024e+00
-8.014494598058963675e+02 1.150609846340914189e+01 4.314098737499826974e+00 9.248345403644636420e+00 7.230011318436774026e+00
-8.004494292864555973e+02 1.106668625735050071e+01 5.244446836515249899e+00 -2.159991740799450444e+00 1.116866241828373774e+01
-7.994493987670145998e+02 4.327882947516019208e+00 1.328093045330122735e+01 -2.749246819624709404e-01 4.595997441627249991e+00
-7.984493682475736023e+02 -1.751072573260211929e+00 4.080774678260480570e+00 2.416243537114208806e+01 3.070577515102868471e+00
-7.974493377281328321e+02 -1.751072573260211929e+00 -1.887239209994805877e+00 1.319615512256276801e+01 8.311458758238298827e+00
-7.964493072086920620e+02 -1.751072573260211929e+00 4.313396799897346590e+00 -1.452842847893556222e+00 -8.771586208344531954e+00
-7.954492766892510645e+02 3.256077925731656997e+00 -2.819973896865275886e+00 3.677149251385250839e+00 -1.226452637498118214e+01
-7.944492461698100669e+02 1.084532224530140709e+01 -6.019405491351054849e+00 1.086490909390098025e+01 -3.945658768314177056e+00
-7.934492156503692968e+02 -2.192474270140936987e+00 1.581281938733143022e+01 -2.170103864536728366e+01 -1.096323231825930122e+01
-7.924491851309285266e+02 -1.530239092099082043e+00 -1.342316255278315040e+01 2.068923271823657473e+01 -1.248637889169113890e+01
-7.914491546114875291e+02 -1.972038687143254254e+00 -1.818033407586220207e+01 1.433569535863217226e+01 -1.074097862159507422e+01
-7.904491240920465316e+02 -1.087776333444718802e+00 1.210827349371763262e+01 -6.542467050568603781e+00 -1.467695518838289281e+01
-7.894490935726057614e+02 8.671074043089872063e+00 -1.061653524093988743e+01 1.271515173490503159e+01 -1.029513396173443240e+01
-7.884490630531649913e+02 -2.193800597354133686e+00 2.246611721613347878e+00 -7.726070835749144550e+00 -1.531625235080933400e+00
-7.874490325337239938e+02 -5.875419678490316322e+00 4.546580471614523944e+00 2.018938400198919236e+00 3.296843011350841124e+00
-7.864490020142829962e+02 -3.923994448258235845e+00 9.381105518537504295e+00 -1.542354644308350053e+01 1.380454846822661885e+01
-7.854489714948422261e+02 6.436112119524527442e-01 6.377093352724150677e+00 -2.354013497348189876e+00 1.313390930529853051e+01
-7.844489409754014559e+02 7.384404012603644318e+00 4.163796155406082611e-01 2.088453373911823263e+01 9.199403731686320640e+00
-7.834489104559604584e+02 8.447455274778459255e+00 1.144648672161151737e+01 4.583294817675273691e+00 8.975545315187448026e+00
-7.824488799365194609e+02 -3.701834639881933953e+00 6.376251027599501242e+00 -5.870142575508610072e+00 2.626872481682958504e+00
-7.814488494170786907e+02 1.995568606405856149e-01 -2.588615262915715753e+00 7.864039259319916653e+00 -2.363488777271171848e-01
-7.804488188976379206e+02 -1.528647499442061131e+00 -4.417864656343393648e+00 7.387442226572949799e+00 -1.029393042186127971e+01
-7.794487883781969231e+02 3.039886589819682516e+00 2.482181981181259545e+00 2.968436813187588452e+00 -6.136502518315298360e+00
-7.784487578587559256e+02 1.195452969452684222e+01 1.775190427435277218e+00 8.103119548339810407e+00 -1.096724411783912778e+01
-7.774487273393151554e+02 1.953250023277520953e+01 -4.653294528390182094e+00 1.670176580512794828e+01 -9.844207689070826106e+00
-7.764486968198743853e+02 1.106350307203645933e+01 -1.881342934130624034e+00 -5.549414295012097265e-01 -1.979609521379825932e+00
-7.754486663004333877e+02 8.890448564316205449e+00 4.546580471614523944e+00 -1.076460789779410732e+01 -3.495802308874705666e+00
-7.744486357809923902e+02 4.990913921888002314e+00 1.537795130099369745e+00 4.642993819688422619e+00 4.817716231684078920e+00
-7.734486052615516201e+02 6.717261423872256998e+00 -6.984376855461353895e-01 4.753436973414270739e+00 -2.205206384366151795e+00
-7.724485747421108499e+02 7.611073333510275596e+00 1.391744747170726981e+01 -1.744435766127652343e+01 -5.685843698961057235e+00
-7.714485442226698524e+02 1.518506489011627991e+01 -2.027968905892317508e+01 2.272838005847346921e+01 2.626872481682958504e+00
-7.704485137032288549e+02 7.388117728808110130e+00 3.193946710628037255e+00 -1.357216667823545819e+01 -1.516499428179328944e-02
-7.694484831837880847e+02 1.825299236924934121e+01 1.772663452062579470e+00 8.585544340806347208e+00 -6.362233107950959976e+00
-7.684484526643473146e+02 2.170303471878900581e+01 8.269236355375735315e+00 1.768060451257218446e+00 -1.074405433460501058e+01
-7.674484221449063170e+02 1.758107500254312683e+01 1.692286351272173661e+01 -4.878511224801540536e-01 -1.489987751831355389e+01
-7.664483916254653195e+02 1.540802049482042335e+01 3.433588208293889110e+00 1.108138904644351719e+01 -1.754298480750276212e+01
-7.654483611060245494e+02 8.664707672461780419e+00 2.270879478675454166e+01 -5.624808105327097074e+00 -2.343698702207186457e+01
-7.644483305865837792e+02 2.819318374100087787e+00 1.049578243210659778e+01 1.533380581611506877e+01 -1.905516579541749422e+01
-7.634483000671427817e+02 4.767693051740035770e+00 1.844594315096934889e-01 1.132004291402237861e+01 -1.006512411921189099e+01
-7.624482695477017842e+02 7.615052315155796059e+00 7.084506069030739539e+00 -1.929866302084010998e+00 -6.363169194519852745e+00
-7.614482390282610140e+02 1.997814617674164239e+01 6.608451986674046985e+00 -6.105242931060884004e+00 -1.051819001831754008e+01
-7.604482085088202439e+02 1.975306844849480470e+01 2.246611721613347878e+00 2.968436813187588452e+00 -1.074512414782603109e+01
-7.594481779893792464e+02 1.083603795480310161e+01 7.084927231592018870e+00 3.983947764747505227e-01 -1.467280966215193772e+01
-7.584481474699382488e+02 4.091664070668364239e+00 1.470052906161327932e+01 -1.196967489559848552e+01 -1.558148226676154202e+01
-7.574481169504974787e+02 -3.698518821849735350e+00 1.365983637140362461e+01 -3.929925010045609568e+00 -2.124507345884972054e+01
-7.564480864310567085e+02 -4.149602707390748435e+00 -1.543674076076625568e+01 1.476453318977267770e+01 -1.663578319607634981e+01
-7.554480559116157110e+02 -8.044097306406033709e+00 5.263399151797899300e+00 -2.657873139089830161e+01 -1.006298449277263707e+01
-7.544480253921747135e+02 1.325343400045610132e+00 1.529371878860065426e+00 3.694632530548497495e+00 -1.527078528887803488e+00
-7.534479948727339433e+02 1.803123045903779342e+01 -6.714042943284561638e+00 9.470084553986449549e+00 2.081585156075685394e-01
-7.524479643532931732e+02 1.563230242673941817e+01 7.325270666859306168e+00 -6.103963666729571358e+00 -1.982818961042892347e+00
-7.514479338338521757e+02 2.043068902222151806e+01 -1.490363689255529200e+00 2.048170761599955014e+01 1.348579409216473790e+00
-7.504479033144111781e+02 2.409758587127908669e+01 -4.796489799396426612e+00 1.475685760378691924e+01 1.116197608565135369e+01
-7.494478727949704080e+02 1.757868761355759446e+01 2.126785727531036585e+01 -6.490017213089747550e+00 4.589311108995861588e+00
-7.484478422755296378e+02 1.540563310583555534e+01 -1.035358941485781159e+01 2.664065465714296721e+01 -2.495878163357649615e-01
-7.474478117560886403e+02 8.886734848113718499e+00 1.810633031138464588e+01 -1.027450751935290718e+01 -1.270903376831554610e+01
-7.464477812366476428e+02 1.151339326308764655e+01 1.045596482869479704e+00 1.509827903912319869e+01 -8.327346268316418332e+00
-7.454477507172068727e+02 6.032346050464259868e+00 -8.532201722584604298e+00 4.080401795942332654e+00 -1.051819001831754008e+01
-7.444477201977661025e+02 -1.523872721470999059e+00 -2.938408511762406472e-01 -5.615853255026544311e+00 -8.098272512365561226e+00
-7.434476896783251050e+02 3.049436145761820427e+00 -9.734480449007996583e+00 1.558638945082953775e+01 -6.136502518315298360e+00
-7.424476591588841075e+02 1.174138891120668227e+01 -1.337164033272737385e+01 1.523416533894302738e+01 -6.365843727572407573e+00
-7.414476286394433373e+02 1.277658730187886249e+01 1.875479569629080745e-01 -1.566106318681532450e+01 -1.051819001831754008e+01
-7.404475981200025672e+02 4.767693051740035770e+00 -5.135385274128199562e+00 1.371914930745556482e+00 -5.218067868070148663e+00
-7.394475676005615696e+02 6.940614926741146995e+00 -4.170923007603380306e+00 7.137417120517640434e+00 4.587973842469584618e+00
-7.384475370811205721e+02 4.539697403621000049e+00 5.511885063262816686e+00 -1.222538562089324898e+01 2.856748597550579305e+00
-7.374475065616798020e+02 5.223949613419955007e+00 1.532202461531186799e+01 -2.118023592303303104e+01 7.238569824204950542e+00
-7.364474760422390318e+02 1.631708516742483539e+01 -7.781777972471370930e-01 5.541748080965546386e+00 8.508973024171007538e+00
-7.354474455227980343e+02 1.929296553789357560e+01 -8.527990096963319999e+00 -3.647065452882792602e+00 -3.945658768314177056e+00
-7.344474150033570368e+02 1.151498485574466812e+01 9.630293367604194188e+00 -3.122715154059364551e+01 -1.754815018313056418e+00
-7.334473844839162666e+02 1.345938055173830605e+01 1.096243055058077687e+01 -6.714599173047969494e+00 -2.215904516573579563e+00
-7.324473539644754965e+02 8.427162468399821194e+00 8.541728532860739520e+00 7.012191356776526163e+00 -1.340106919566239263e+01
-7.314473234450344989e+02 3.052619331075866249e+00 3.734994969771639006e+01 -3.208255295517279393e+01 -2.077997216101069355e+01
-7.304472929255935014e+02 1.197362880641111005e+01 -5.623091520698037193e+00 2.000567914517792900e+01 -8.096400339227775689e+00
-7.294472624061527313e+02 1.494473439890890454e+01 -5.255135829203510411e+00 -1.816438198257695147e+00 -3.714579112573404451e+00
-7.284472318867119611e+02 6.252649000744773922e+00 4.904709036666018207e+00 -9.037601053813942187e+00 -1.986028400705958763e+00
-7.274472013672709636e+02 -8.040383590206639397e+00 -1.033884872519505826e+01 -9.795978313281838989e-02 -8.327346268316418332e+00
-7.264471708478299661e+02 7.399789408290176063e+00 3.817548077134060858e+00 4.198662676127077553e+00 -3.714177932615023270e+00
-7.254471403283891959e+02 6.710895053244164465e+00 -1.082374722134647804e+01 1.779212543477573405e+01 6.676432940359053880e-01
-7.244471098089484258e+02 2.824623682956830972e+00 1.423303861801319847e+01 -1.333237568681413343e+01 3.090369059689784592e+00
-7.234470792895074283e+02 1.151644381567977504e+01 6.116253339448132209e+00 -9.495234047237420816e-01 1.115836546603090262e+01
-7.224470487700664307e+02 1.082622313341714460e+01 4.790152819853927824e+00 4.557283109649870489e+00 4.817716231684078920e+00
-7.214470182506256606e+02 -2.689019114067443539e-01 4.790293207376928208e+00 -1.382588743679866283e+01 1.930424074801017742e+00
-7.204469877311848904e+02 -8.269838198260458739e+00 1.515052351761942528e+00 -4.124231047558844843e+00 -8.559629463930342297e+00
-7.194469572117438929e+02 -8.269838198260458739e+00 -4.409301017586230387e+00 2.343254400127955606e+01 -5.671668673781197434e+00
-7.184469266923028954e+02 -8.039189895713052536e+00 5.278982166586134284e+00 1.485343034569758913e+00 3.324524428446269386e+00
-7.174468961728621252e+02 -1.520291637992208233e+00 1.120221243576636283e+01 -1.308505124989478929e+01 1.162293185725941669e+01
-7.164468656534213551e+02 1.909357337488840900e-01 3.568921778151028512e+00 -3.027759377225656134e+00 1.553911687945934972e+01
-7.154468351339803576e+02 3.056863578164020545e+00 -8.519566845727283066e+00 6.387768223795571743e+00 8.733500073931198315e+00
-7.144468046145393600e+02 6.940614926741146995e+00 4.791275920021654144e+00 -1.848525240353295729e+01 2.626872481682958504e+00
-7.134467740950985899e+02 7.171926392895152880e+00 6.112041713830114631e+00 -1.442159819261401843e+01 4.360287316849509320e-01
-7.124467435756578197e+02 8.650648603992397767e+00 -6.953263278388090107e+00 5.545159452509216713e+00 2.160166464013397292e+00
-7.114467130562168222e+02 -4.155571179857838082e+00 6.262396748391856782e+00 -1.066041892523243817e+01 -8.327346268316418332e+00
-7.104466825367758247e+02 8.852680303780819937e-01 1.868430573369495917e+01 -1.268123014340758026e+01 -3.712038306172979141e+00
-7.094466520173350546e+02 4.304009057661004611e+00 -5.726276348338997124e+00 1.445594620554640208e+01 -4.179412957107505378e+00
-7.084466214978942844e+02 -5.864941693499072350e+00 1.859193074514146460e+01 -2.423000208307962211e+01 -3.010107106532680099e+00
-7.074465909784532869e+02 2.594771176738923657e+00 8.409483488457560441e+00 -9.427006616363967639e-01 8.731360447489153742e+00
-7.064465604590122894e+02 2.362531281534823613e+00 7.584004867328582478e+00 -2.684490115645151054e+00 2.018733629335745239e-01
-7.054465299395715192e+02 -6.329288851184701414e+00 1.021669204115041296e+01 -1.947574506832076557e-01 -1.286236827505711666e+00
-7.044464994201307491e+02 -1.502110898390698601e+01 1.927422952246095889e-01 9.456154786847537963e+00 1.209351594785190009e+01
-7.034464689006897515e+02 -9.512208899789136751e+00 -2.995967395213908202e-01 8.124440620486700126e+00 1.968450938426784091e+01
-7.024464383812487540e+02 7.406155778921025501e+00 -4.899674627044516839e+00 1.694056181318481080e+01 1.381578150704733510e+01
-7.014464078618079839e+02 1.105355561792958419e+01 -6.213701819864150266e+00 8.956104574736578172e+00 1.287661922564273276e+01
-7.004463773423672137e+02 4.068585977144506316e+00 6.846549221612431957e+00 -4.017625686812675845e+00 2.626872481682958504e+00
-6.994463468229262162e+02 -3.690826124004701114e+00 7.340151744044011828e+00 3.468202744335517007e+00 -2.692456342735310426e-01
-6.984463163034852187e+02 4.218493017378119880e-01 1.374645547161269299e+01 5.047099207130168352e+00 -8.092121086343686542e+00
-6.974462857840444485e+02 -1.751072573260211929e+00 1.095232264909753539e+01 -5.268461919492893664e+00 -3.710299859689316193e+00
-6.964462552646036784e+02 2.828337399156551246e+00 4.299358047837280594e+00 -2.214650691278244565e+01 -1.990307653590047021e+00
-6.954462247451626808e+02 4.767693051740035770e+00 2.741337344209731075e+00 -1.000188207682130326e+01 -5.900876156385181481e+00
-6.944461942257216833e+02 5.001524539601488684e+00 9.394021170429830647e+00 -3.192500194691701765e+00 -4.417178945480661589e+00
-6.934461637062809132e+02 1.128645867674028302e+01 1.629406780794981913e+01 -1.981696656989427652e+01 -5.428821072609517628e+00
-6.924461331868401430e+02 1.392757405834766615e+01 1.760304105003027431e+01 -7.420610942109875374e+00 7.480615065460202828e+00
-6.914461026673991455e+02 1.733676552969043527e+01 5.538277917136899653e+00 5.617651097811467764e+00 4.109232426065645427e+00
-6.904460721479581480e+02 8.879174782995132631e+00 3.009430147051301674e+01 -3.353707649710132443e+01 -4.181953763507930688e+00
-6.894460416285173778e+02 8.879042150271120093e+00 1.430898826666077639e+01 4.224958665106904654e+00 -3.472801324622746932e+00
-6.884460111090766077e+02 -4.393249016638942628e+00 1.436716115263759308e+00 -8.860778295457425457e+00 2.626872481682958504e+00
-6.874459805896356102e+02 -5.627396489437903604e+00 1.660699159137062964e+01 -1.962806187066527386e+01 2.390176306532155959e+00
-6.864459500701946126e+02 -1.985965122892679791e+00 -8.507353131433463389e+00 8.192383770396462594e+00 9.096885352931430857e-01
-6.854459195507538425e+02 -3.923994448258235845e+00 1.500311662100579646e+00 -7.667508957580658979e+00 9.673330988598772606e+00
-6.844458890313130723e+02 8.921649318898667858e-01 -6.206542056315088374e+00 7.373796740398611327e+00 1.529774027146674520e+01
-6.834458585118720748e+02 2.594771176738923657e+00 1.219362910624753482e+01 -9.431472326621165081e+00 7.008559981685199780e+00
-6.824458279924310773e+02 7.176038007259624152e+00 1.324807977347638221e+01 -3.260727625558713427e+00 7.008559981685199780e+00
-6.814457974729903071e+02 6.705059213501746385e+00 1.069850201185154148e+01 3.978202790114460541e+00 4.817716231684078920e+00
-6.804457669535495370e+02 -2.693825957101176449e+00 -1.180266940249694230e+01 2.342145704376072501e+01 1.139024748168432843e+01
-6.794457364341085395e+02 -1.502442480194260810e+01 -1.854107755130135926e+00 -3.711537875887247484e-01 2.151340504942088394e+00
-6.784457059146675419e+02 -1.167186750264366424e+01 -5.402542725833863635e+00 3.340051385872175316e-01 4.360287316849509320e-01
-6.774456753952267718e+02 -1.751072573260211929e+00 -8.253672881712903475e+00 1.516949142009498530e+01 -4.183692209991593636e+00
-6.764456448757860016e+02 -1.751072573260211929e+00 7.096579395801334122e+00 -3.764473490176375670e+00 -8.803680604975172130e+00
-6.754456143563450041e+02 2.594771176738923657e+00 6.596378659902407016e+00 8.132400487421934443e+00 -1.513817841329622560e+01
-6.744455838369040066e+02 -5.111898284150101501e-02 6.846549221612431957e+00 4.536814880391144555e+00 -1.904313039667999874e+01
-6.734455533174632365e+02 -5.623682773238185106e+00 4.296129134862942678e+00 -1.435359568731696012e+00 -9.802484973450983574e+00
-6.724455227980224663e+02 5.477941274934719829e+00 -5.335702838782878377e-02 5.804565830308911600e+00 -1.516112943373338906e+00
-6.714454922785814688e+02 1.345938055173830605e+01 2.748075945198558134e+00 7.625811813186662569e+00 4.360287316849509320e-01
-6.704454617591404713e+02 1.057541465721412166e+01 1.270084921818033763e+01 1.190401536525367066e+00 4.360287316849509320e-01
-6.694454312396997011e+02 3.069065788531770256e+00 2.323819612693796444e+01 -7.953922026769570941e+00 5.056819486582517342e+00
-6.684454007202589310e+02 1.128645867674028302e+01 -6.953263278388090107e+00 2.887837224931289271e+01 4.578479250133511869e+00
-6.674453702008179334e+02 9.113536801742258220e+00 2.749199045360450899e+00 -1.591549464777772194e+01 2.866243189886652054e+00
-6.664453396813769359e+02 1.104891347267911073e+01 -1.281037102536836514e+01 1.330148121897426883e+01 7.008559981685199780e+00
-6.654453091619361658e+02 1.881737666392968356e+00 -5.443816656890482442e+00 -6.338293964512802248e-01 7.008559981685199780e+00
-6.644452786424953956e+02 -3.448373509255617364e+00 8.894803147174233260e+00 -4.817165892362821999e+00 4.338172455362261815e+00
-6.634452481230543981e+02 1.839061995132152405e-01 1.984981835694017982e-01 8.679499198737003596e+00 -1.994720633127261333e+00
-6.624452176036134006e+02 -6.096916323259347514e+00 8.642526772653273071e+00 -1.100368818681294059e+01 -6.136502518315298360e+00
-6.614451870841726304e+02 -1.512864205592778344e+00 -5.913974463380146318e+00 -1.100368818681294059e+01 -6.136502518315298360e+00
-6.604451565647318603e+02 1.835083013494541171e-01 -1.974397028031386014e+01 -1.435408146414173913e+01 -1.033894634001741641e+00
-6.594451260452908627e+02 -1.512598940149941562e+00 9.563100197717772089e-01 -2.472024460200023555e+01 6.768119460260484388e+00
-6.584450955258498652e+02 -1.989678839092394735e+00 1.324134117249082188e+01 -1.230953278563403686e+01 -2.856940125482323456e-01
-6.574450650064090951e+02 -3.923994448258235845e+00 -3.616813463791340055e+00 -3.250067089486324612e+00 -1.051819001831754008e+01
-6.564450344869683249e+02 -6.096916323259347514e+00 -1.744175532998598399e+01 9.954499313187852749e+00 -8.327346268316418332e+00
-6.554450039675273274e+02 -3.445986120266008257e+00 2.499590033735741290e+00 1.253932395992291760e+01 -8.327346268316418332e+00
-6.544449734480863299e+02 5.245966645176087795e+00 1.740374322326312839e+00 1.745312038762292772e+01 -1.051819001831754008e+01
-6.534449429286455597e+02 1.828376316061877205e+01 -4.146776354062991388e+00 2.057225110238948673e+01 -1.003570425563657587e+01
-6.524449124092047896e+02 1.732642017742043805e+01 7.353348170979417731e+00 -2.458628891354352586e+00 9.187819476698318999e-01
-6.514448818897637921e+02 8.874002106857552974e+00 8.132358522794783440e+00 -5.832901769490887567e+00 4.576205897038341242e+00
-6.504448513703227945e+02 8.634202146534518008e+00 -9.506912278114825199e+00 7.368963964043656389e+00 2.868516542981822237e+00
-6.494448208508820244e+02 -7.056116164560934934e+00 3.515714907842615311e+00 -1.850373066605976646e+01 2.385094693735078319e+00
-6.484447903314412542e+02 -1.454867123021532649e+01 2.768853298249449146e+00 4.768361723913932870e+00 5.543450775493104388e+00
-6.474447598120002567e+02 -1.309581239979760525e+01 -1.002859230466797058e+01 8.153579419090897673e+00 1.066411175791592569e+01
-6.464447292925592592e+02 -1.382781238930287060e+01 1.017527772257062502e+01 -6.615669398277231217e+00 4.817716231684078920e+00
-6.454446987731184890e+02 6.621797929510278014e-01 -1.513560952907628732e+01 1.462253484926253577e+01 2.626872481682958504e+00
-6.444446682536777189e+02 5.489082423533875321e+00 3.783012747069451454e+00 -1.127077015059230369e+01 2.626872481682958504e+00
-6.434446377342367214e+02 1.080526716343401183e+01 -1.155320077838717374e+01 2.599746898067688505e+01 -2.917117119149844617e-01
-6.424446072147957238e+02 6.699886537365927985e+00 3.775431820956614004e+00 3.749214475241184452e+00 -1.003276226927776804e+01
-6.414445766953549537e+02 5.249415095932322473e+00 1.451676179714687009e+01 -1.952608779042939835e+00 -1.754815018313056418e+00
-6.404445461759141836e+02 9.113536801742258220e+00 -1.180828490331805547e+01 2.366835505923657124e+01 -4.188640096138322555e+00
-6.394445156564731860e+02 1.152758496427892076e+01 -8.232333978581612755e+00 1.073271844658650664e+01 -6.136502518315298360e+00
-6.384444851370321885e+02 8.631018961217726826e+00 6.591184321639304677e+00 -3.961705122413122782e-01 -6.136502518315298360e+00
-6.374444546175914184e+02 7.423398032704440652e+00 2.021482591053769540e-01 1.694056181318481080e+01 -8.570728776098945900e+00
-6.364444240981506482e+02 8.630488430334029459e+00 7.613486246651556044e+00 9.177985865558008882e+00 -7.596797565012795239e+00
-6.354443935787096507e+02 -3.031211535327221762e-01 1.809060690907446656e+01 3.486396725901767191e+00 1.923787705975150697e-01
-6.344443630592686532e+02 -7.786259295967667526e+00 8.122812171391849745e+00 1.047274350686506317e+01 -1.511031330572494946e+00
-6.334443325398278830e+02 2.836693260606415912e+00 -6.953263278388090107e+00 1.875072083854787763e+01 5.061633646077116744e+00
-6.324443020203871129e+02 4.218493017408999068e-01 4.590574218035433640e-01 6.847592679787922521e+00 7.252611122730366233e+00
-6.314442715009461153e+02 7.182802276051476476e+00 6.846549221612431957e+00 -2.979431613688538594e+00 1.406946096708168881e+01
-6.304442409815051178e+02 1.177109864080442314e+01 4.290092471476591562e+00 1.952893997194873421e+01 2.210014763733540022e+01
-6.294442104620643477e+02 1.248957009272907293e+01 1.229784909901497025e+00 5.027483820756222244e+00 1.065689051867402881e+01
-6.284441799426235775e+02 -1.751072573260211929e+00 2.396245534572232572e+01 -1.771868878957607762e+01 2.871458529338636989e+00
-6.274441494231825800e+02 5.253128812132042746e+00 -9.767050353787325889e+00 2.340639015277511703e+01 4.328276683066818009e+00
-6.264441189037415825e+02 4.524842538822118954e+00 1.488940272933091169e+00 -1.023655601093109269e+01 -1.265108016389544288e+00
-6.254440883843008123e+02 7.183598072379989041e+00 2.489060969689043112e+00 5.312049063690715833e+00 4.327741776456307754e+00
-6.244440578648600422e+02 6.454383370021616884e+00 -1.052387947734884399e+01 5.541463800007017326e+00 -9.307830085377714724e+00
-6.234440273454190447e+02 -6.464752042519858466e-02 -4.910765241168528306e+00 -7.632258118296049609e+00 -2.147240876831691736e+01
-6.224439968259780471e+02 -5.853535279455757134e+00 -4.138072327784704463e+00 2.446781247966706818e+00 -1.684533286074223213e+01
-6.214439663065372770e+02 -1.751072573260211929e+00 6.846549221612431957e+00 -3.495685840630880836e+00 -1.197246736564218317e+01
-6.204439357870965068e+02 -1.020133645524238686e+00 -5.942753905101016976e+00 1.539521050390117729e+01 5.800339675193296074e+00
-6.194439052676555093e+02 1.394693843567575264e+01 -2.023701125266057588e+01 1.874674090508026225e+01 1.333530164415597241e+01
-6.184438747482145118e+02 1.514447927736123489e+01 -3.362431276461940843e+00 2.445644124118816709e+00 8.707557103320414882e+00
-6.174438442287737416e+02 9.113536801742258220e+00 1.604642422161060011e+01 3.229975298202246048e+00 -2.000872059150902160e+00
-6.164438137093329715e+02 8.869359961611145593e+00 1.092957987076129101e+01 5.035443687690356995e+00 -1.262433483338983420e+00
-6.154437831898919740e+02 4.767693051740035770e+00 7.622330660450958639e+00 -1.950760952788486380e+00 9.199403731686320640e+00
-6.144437526704509764e+02 2.594771176738923657e+00 1.552895582067588265e+01 -3.493695873896013104e+00 6.762101760891736646e+00
-6.134437221510102063e+02 7.185189665037011508e+00 1.211113369660328676e+00 1.100292750094006955e+01 2.626872481682958504e+00
-6.124436916315694361e+02 9.113536801742258220e+00 -8.994217052878667573e+00 1.795800337608958586e+01 -5.742261651014342327e-02
-6.114436611121284386e+02 3.788333036785578756e+00 -4.653294528390182094e+00 -2.213720842613379425e+00 -3.451939966812830995e+00
-6.104436305926874411e+02 -1.044276007326157085e+01 -4.912590278939759969e+00 -6.388043132853138406e-01 1.890356042813276238e-01
-6.094436000732466709e+02 -1.044276007326157085e+01 -8.993795890316343744e+00 1.461187431318692731e+01 -4.439912476426385091e+00
-6.084435695538059008e+02 -1.019752217135910755e+01 1.352309892633122601e+01 -7.923219682873384961e+00 -1.270903376831554610e+01
-6.074435390343649033e+02 1.403331440237704175e+00 1.882834332983221515e+01 -4.768553847865256046e+00 -5.889108210953938993e+00
-6.064435085149239058e+02 8.622530467046944480e+00 2.065002722445204719e-01 9.691397282881444752e+00 -5.888974484300812051e+00
-6.054434779954831356e+02 2.840406976806136186e+00 4.026585095309671125e+00 5.823612654758828278e+00 -4.440982289647406489e+00
-6.044434474760423655e+02 6.694846493953010125e+00 -3.872880301373037515e+00 6.308880256850796009e+00 -1.051819001831754008e+01
-6.034434169566013679e+02 4.275890920720285315e+00 9.452194056426778124e-01 -8.983528315686519772e-01 -7.831487840372677312e+00
-6.024433864371603704e+02 -3.923994448258235845e+00 -6.432425576958956448e+00 2.704766220957608436e+00 5.809967994186473028e+00
-6.014433559177196003e+02 -3.923994448258235845e+00 -4.392735290155352246e+00 -9.202626152233372991e+00 1.308469789713154796e+01
-6.004433253982788301e+02 -4.170293411932046723e+00 -5.335702838782878377e-02 -8.938955560005952705e+00 4.321055443825920328e+00
-5.994432948788378326e+02 -6.096916323259347514e+00 -7.996623331491842457e+00 -7.882709645793770648e+00 -4.442587009478940807e+00
-5.984432643593968351e+02 -3.184301760908763601e+00 -1.510921667520128153e+01 3.232675967341513967e+00 -1.295763161555070120e+01
-5.974432338399560649e+02 4.520996189901474338e+00 5.329942836562581832e+00 2.439674223918449680e+00 -1.246030219442826237e+01
-5.964432033205152948e+02 1.750198071786769616e-01 1.400771664744963196e+01 1.433319618531664563e+00 -7.829615667236884846e+00
-5.954431728010742972e+02 -8.516800325541856509e+00 1.322365234489292973e+01 1.307718353997555027e+01 9.340267860703823644e-01
-5.944431422816332997e+02 -1.256883053253941007e+00 1.170802867249107493e+01 2.027389823279671077e+01 7.506825489376883098e+00
-5.934431117621925296e+02 -1.998299965984096316e+00 1.348477313321305893e+01 -1.688938186811484776e+00 1.333182475118765531e+01
-5.924430812427517594e+02 -3.676634422813426895e+00 6.061081043853667083e+00 1.101486730134374170e+01 7.008559981685199780e+00
-5.914430507233107619e+02 -1.751072573260211929e+00 -6.953263278388090107e+00 1.355093776310497589e+01 9.199403731686320640e+00
-5.904430202038697644e+02 1.742240108491784623e-01 -2.353325778389005141e+00 -6.611689464812750217e+00 1.114057982123091151e+01
-5.894429896844289942e+02 -6.096916323259347514e+00 -9.777719805352967697e+00 -3.221070431365106845e+00 4.068312070358456545e+00
-5.884429591649882241e+02 -1.503182016929729858e+00 -9.454126570371371940e+00 8.094875400446866820e+00 -1.126799535959643705e+01
-5.874429286455472266e+02 -3.923994448261323598e+00 2.445872523104269547e+01 -2.052070409125974848e+01 -1.389960215666136278e+01
-5.864428981261062290e+02 1.736934799635049265e-01 -8.413521815205429188e-01 2.392662431318507288e+01 6.862312987516360208e-01
-5.854428676066654589e+02 -1.044276007325848354e+01 6.123413102997149693e+00 -3.551547049659821820e+00 5.568725112841233837e+00
-5.844428370872246887e+02 1.663954737822737506e+00 1.190583468902218911e+01 -2.686480082378175371e+00 1.552146496131251396e+01
-5.834428065677836912e+02 1.513519498686292941e+01 -4.127122101176004421e+00 -1.340102953912891159e+01 8.447592490613399008e+00
-5.824427760483426937e+02 9.113536801742258220e+00 -3.406232182895692073e+00 -1.738679076646499411e+01 -1.754815018313056418e+00
-5.814427455289019235e+02 4.270055080977518180e+00 -1.562640430109584244e+01 1.614059518619394851e+01 6.868999320142755716e-01
-5.804427150094611534e+02 2.594771176738923657e+00 -4.126279776053446646e+00 -4.017625686812675845e+00 4.817716231684078920e+00
-5.794426844900201559e+02 2.843855427563019678e+00 -3.407916833140807622e+00 1.361788592965085165e+01 7.259698635320136262e+00
-5.784426539705791583e+02 7.189831810287156344e+00 -1.279801692355205489e+01 2.339246038564032304e+01 7.008559981685199780e+00
-5.774426234511383882e+02 6.691265410474214193e+00 2.246611721613347878e+00 6.824139500423963334e+00 2.375466374745879516e+00
-5.764425929316976180e+02 6.940614926741146995e+00 -5.814948808860999074e-01 3.503169302657094697e+00 2.375332648090993981e+00
-5.754425624122566205e+02 7.190229708450917911e+00 -8.989022714615925835e+00 9.419482542755316601e+00 6.877022919300411763e-01
-5.744425318928156230e+02 1.128645867674028302e+01 -1.824626375805864287e+00 -4.552926738208626034e+00 2.375065194784742317e+00
-5.734425013733748528e+02 1.128645867674028302e+01 4.811070560425796394e+00 -1.333237568681413343e+01 -1.754815018313056418e+00
-5.724424708539340827e+02 8.863524121868726624e+00 8.617257018947265479e+00 -5.274573960178694065e+00 1.192252952293091806e+00
-5.714424403344930852e+02 2.094480551548390412e+00 -1.823784050683682434e+00 4.224816524627542869e+00 1.113803901483148096e+01
-5.704424098150520877e+02 -3.673716502941234197e+00 1.427627797435699364e+01 -5.809875011570026615e+00 7.008559981685199780e+00
-5.694423792956113175e+02 3.095592332815486625e+00 4.991187749351937875e+00 6.102207997495149527e+00 1.869444721202787152e+00
-5.684423487761705474e+02 9.113536801742258220e+00 -1.075762469914516473e+01 1.640355507601952212e+01 -6.389112165128641330e+00
-5.674423182567295498e+02 4.015665521297036022e+00 1.047318004128584690e+01 -1.575018526839214061e+01 -8.074602894849949308e+00
-5.664422877372885523e+02 3.848813557756455506e+00 6.491789957048092141e+00 -6.703085794084300275e+00 -6.136502518315298360e+00
-5.654422572178477822e+02 2.022908728566559944e+01 -2.429056052248263597e+01 3.341862349297828416e+01 -8.833367921859510474e+00
-5.644422266984070120e+02 1.538122868509762498e+01 1.980858145113925772e+00 -3.479481825799498385e+00 -1.220274466146819670e+01
-5.634421961789660145e+02 1.755401792737373867e+01 -1.588724431436898143e+01 8.877643029235052552e+00 -6.389780798392279415e+00
-5.624421656595250170e+02 6.437936912561005975e+00 2.512646073148857351e+00 -1.019561955240388862e+01 -1.001136600485732586e+01
-5.614421351400842468e+02 4.218493017408999068e-01 -5.451818745563103974e+00 1.255268516513600474e+01 -3.945658768314177056e+00
-5.604421046206434767e+02 2.343166904208369150e+00 -5.621687645494177765e+00 -3.306781141395073398e+00 -2.008494478347422341e+00
-5.594420741012024791e+02 -1.751072573260211929e+00 6.313638193412696609e+00 -1.144389725642959021e+01 -8.327346268316418332e+00
-5.584420435817614816e+02 3.350379790661706103e+00 -2.619921680010186105e+00 1.667063703979143696e+01 -3.437764941633302485e+00
-5.574420130623207115e+02 1.371138272243361200e+01 7.468518390355683989e-01 6.815611071564402046e+00 1.819480916925644565e-01
-5.564419825428799413e+02 1.997814617674164239e+01 1.198024007493381049e+01 -3.747416632458004493e+00 -2.009029384957933484e+00
-5.554419520234389438e+02 2.023041361287978290e+01 1.807937590742642797e+01 3.509139202859579587e+00 -3.436962581718532306e+00
-5.544419215039979463e+02 2.649691180174188787e+01 8.612203068206820689e+00 1.228318681318573624e+01 5.326679871586336823e+00
-5.534418909845571761e+02 1.972561347516066022e+01 4.279282632390863483e+00 2.156530385793492322e+00 8.690172638479804590e+00
-5.524418604651164060e+02 1.270138454883604417e+01 -2.620764005132744323e+00 -1.418160570532867482e+00 4.360287316849509320e-01
-5.514418299456754085e+02 4.262097117692762893e+00 -2.085747164124142738e+00 6.397493131897065144e-01 5.072599231592593405e+00
-5.504417994262344109e+02 4.218493017408999068e-01 2.143619733981575182e-01 -7.430560775776768878e+00 4.562699505122439270e+00
-5.494417689067936408e+02 -1.751072573260211929e+00 6.846549221612431957e+00 -1.484745107364608252e+01 2.882022934896728117e+00
-5.484417383873528706e+02 -3.670798583071017696e+00 4.278580694788383099e+00 1.725134025995878062e+00 9.199403731686320640e+00
-5.474417078679118731e+02 -2.004401071169342075e+00 3.855452707696177761e+00 7.782592763713070738e+00 9.454821638205345380e+00
-5.464416773484708756e+02 -1.497611442629169121e+00 2.647314576414004250e+01 -2.280276951348987069e+01 1.164579911485922814e+01
-5.454416468290301054e+02 4.218493017378119880e-01 -5.901989071643807261e-01 2.159793681318388181e+01 1.036750604238793194e+01
-5.444416163095893353e+02 6.755756978110639688e-01 1.589494608687990507e+01 -6.464858347953017947e+00 -3.689839681838130936e+00
-5.434415857901483378e+02 1.255575382071538471e+01 2.823402643503387921e+01 -1.321255126134133917e+01 5.073669044813615692e+00
-5.424415552707073402e+02 1.921617119218768366e+01 1.198417092551271779e+01 3.119532144470307244e+00 9.455490271468983465e+00
-5.414415247512665701e+02 1.128645867674028302e+01 1.497049426372788972e+01 -1.402701621739611326e+01 8.686963198816735954e+00
-5.404414942318257999e+02 1.077794482282279276e+01 -1.815080024407493609e+00 1.878503604986545339e+00 5.074070224771000781e+00
-5.394414637123848024e+02 1.674597420600609232e-01 1.117722345709982967e+01 -1.593368862934398500e+01 4.304740792204349020e+00
-5.384414331929438049e+02 -1.496550380857460283e+00 -3.969747690584137345e+00 -1.251407293777406160e+01 -1.754815018313056418e+00
-5.374414026735030347e+02 7.449924576988137481e+00 -2.251395644928036077e+01 -1.961847910305428044e+00 -2.011570191358359239e+00
-5.364413721540622646e+02 8.349174428205730081e+00 -3.304872393020931387e+00 -1.415153127873694494e+01 -3.431880968919677422e+00
-5.354413416346212671e+02 -1.496152482693698493e+00 8.337043527827304956e+00 -1.402189916008060422e+01 2.626872481682958504e+00
-5.344413111151802696e+02 7.195667650029572648e+00 1.026503780074175420e+00 6.805803378374754686e+00 2.626872481682958504e+00
-5.334412805957394994e+02 1.154164403274926975e+01 1.577631863197492734e+01 -5.252400045142700868e+00 2.626872481682958504e+00
-5.324412500762987293e+02 1.563230242673941817e+01 7.116795198768184783e+00 9.407258461391551307e+00 5.847411456915486916e+00
-5.314412195568577317e+02 1.103100805528845818e+01 2.145752081564319980e+01 -4.017625686812675845e+00 1.963850741576392522e+01
-5.304411890374167342e+02 1.371496380591513287e+01 1.929372796062372331e+01 1.831008534749422978e+01 8.941712472072126161e+00
-5.294411585179759641e+02 1.320366466484364665e+01 1.225848814076497995e+01 1.351568692381997749e+01 4.817716231684078920e+00
-5.284411279985351939e+02 1.128645867674028302e+01 1.266322536265757570e+01 8.448378776653147071e+00 7.008559981685199780e+00
-5.274410974790941964e+02 1.128645867674028302e+01 -7.224211193147367815e+00 2.050061229997274381e+01 2.368780042114491113e+00
-5.264410669596531989e+02 4.255465481620485768e+00 9.015255639851226022e+00 -1.758237606830849842e+01 2.885098647907665015e+00
-5.254410364402124287e+02 5.536432305081769201e+00 1.793407482360643002e+01 -4.281154138564915890e+00 4.559356338807242892e+00
-5.244410059207716586e+02 1.000456342423289335e+01 -1.222495506446577629e+01 2.994428371623363461e+01 -8.095850737261281460e-02
-5.234409754013306610e+02 -8.269838198260458739e+00 2.037485225677127332e+01 -2.209732630635716433e+01 -8.068718922134326732e+00
-5.224409448818896635e+02 1.448426565522330955e+00 1.431662164522050862e+00 8.175895474604809365e+00 9.535508773550179784e-01
-5.214409143624488934e+02 6.683837978074773645e+00 -5.335702838782878377e-02 -1.688938186814794129e+00 2.109082882711745821e+00
-5.204408838430081232e+02 7.454434089515378226e+00 -4.653294528390182094e+00 1.050515153652451872e+01 -1.495786492173948101e+00
-5.194408533235671257e+02 6.169488284410793000e+00 2.790753751458247223e+00 8.852626304578532057e+00 8.045208992855240382e+00
-5.184408228041261282e+02 -3.923994448261323598e+00 4.546580471614523944e+00 -1.137717401545446982e+00 1.499404704334975236e+01
-5.174407922846853580e+02 2.852078656290971459e+00 2.189947615770694300e-01 5.297124313185470612e+00 1.190910689387967381e+01
-5.164407617652445879e+02 4.767693051740035770e+00 1.456393200406512634e+01 -1.879347075955967450e-01 1.577193498168345620e+01
-5.154407312458035904e+02 3.109916666728327783e+00 2.267369790660437801e+01 -8.398963872739415137e+00 1.822247589108769006e+01
-5.144407007263625928e+02 1.371708592945510219e+01 1.320090956655459280e+01 9.159282677435578446e-01 2.234446623168681967e+01
-5.134406702069218227e+02 1.537446441630169680e+01 8.873604631563040357e+00 1.192391503264548680e+00 1.796277873168457617e+01
-5.124406396874810525e+02 1.345938055173830605e+01 6.846549221612431957e+00 7.072885342150906141e+00 2.505550666040545238e+01
-5.114406091680400550e+02 1.345938055173830605e+01 4.273386356525635144e+00 -4.294231062812266408e+00 2.646592166567269189e+01
-5.104405786485990575e+02 1.345938055173830605e+01 1.973277219003334748e+00 -1.688938186811484776e+00 1.640058397568792614e+01
-5.094405481291582873e+02 8.596799719092745207e+00 4.935927518723522978e-01 -6.900092500736600520e+00 -1.494315498994546632e+00
-5.084405176097175172e+02 9.372037975783491959e+00 9.420133249263388464e+00 -1.277831209192717665e+01 2.626872481682958504e+00
-5.074404870902765197e+02 9.113536801742258220e+00 3.725313476097769083e+00 -1.134590310964806781e+00 2.626872481682958504e+00
-5.064404565708355221e+02 8.078471043790040440e+00 -6.405471173003258301e+00 6.239231421162190649e+00 4.360287316849509320e-01
-5.054404260513947520e+02 -8.010939126051388470e+00 8.872481531401115618e+00 -2.125983459238552342e+01 3.148941333541740661e+00
-5.044403955319539818e+02 6.808810066705270891e-01 -1.264990808931706745e+01 1.749576253191634834e+01 1.384225938426659752e+01
-5.034403650125129843e+02 -4.701487461216679264e+00 -4.758725556359703290e+00 1.024239314253091226e+00 1.551063310244918014e+01
-5.024403344930719868e+02 -2.368212626019137623e+00 9.525283502188960583e+00 1.089908216473602698e+00 9.199403731686320640e+00
-5.014403039736312166e+02 1.294052134554918609e+01 -7.331046096326165440e+00 1.443832078590129697e+01 8.937834399146419528e+00
-5.004402734541904465e+02 2.075646705107953238e+00 1.237276358253533814e+01 -4.955468580361791275e+00 7.008559981685199780e+00
-4.994402429347494490e+02 -1.491377704722998798e+00 -6.953263278388090107e+00 1.666225075141668910e+01 9.199403731686320640e+00
-4.984402124153084515e+02 4.218493017378119880e-01 8.771683291608926680e+00 -1.500309490033099991e+01 7.008559981685199780e+00
-4.974401818958676813e+02 3.374651578679812580e+00 1.329482881784205794e+01 -5.331856574015838568e+00 1.191445595998478169e+01
-4.964401513764269112e+02 1.102636591003930810e+01 -1.247666988890186168e+01 2.924026191390298735e+01 1.550969701588128480e+01
-4.954401208569859136e+02 6.940614926741146995e+00 1.199736735244812458e+01 -6.904072434204217679e+00 8.937032039230651037e+00
-4.944400903375449161e+02 1.154681670888508194e+01 3.719838362792777353e+00 6.397493131863972726e-01 7.008559981685199780e+00
-4.934400598181041460e+02 1.154694934160637665e+01 5.373743742989967487e+00 -3.738461782155330759e+00 1.191552577320580397e+01
-4.924400292986633758e+02 1.971752287915462531e+01 8.870656493633829243e+00 7.346505768048858798e+00 1.305554548685971383e+01
-4.914399987792223783e+02 8.331269010812748732e+00 1.687442981811291531e+01 -1.649940774366957541e+01 7.271466580751380526e+00
-4.904399682597813808e+02 6.827378647686553892e-01 2.211790371254517495e+01 -8.766965578007454241e+00 1.577193498168657015e+01
-4.894399377403406106e+02 7.201636122492915071e+00 6.846549221612431957e+00 2.103847188002500701e+01 8.673055626943449781e+00
-4.884399072208998405e+02 3.984231566322328888e+00 1.485214758385775724e+01 -1.319372936245048145e+00 5.081024010707643868e+00
-4.874398767014588429e+02 -1.489786112065977886e+00 1.871041781253060421e+01 -1.891835444909847297e+01 9.199403731686320640e+00
-4.864398461820178454e+02 7.724872208487241210e+00 -1.266001599080737172e+01 1.107513486528618074e+01 4.554140999354261865e+00
-4.854398156625770753e+02 1.076335522346576923e+01 -6.484790122142507052e+00 -2.723863028874859094e+00 2.099454563719440170e+00
-4.844397851431363051e+02 2.333086817380557232e+00 1.355356301831052512e+01 -1.900136449000315864e+01 -3.681816082680100966e+00
-4.834397546236953076e+02 -1.017846824223749558e-01 -1.992170088139188167e+01 1.963383964691751871e+01 -4.473611592888580901e+00
-4.824397241042543101e+02 -1.044276007326157085e+01 5.378376531171356056e+00 -1.509960828691787071e+01 -1.051819001831754008e+01
-4.814396935848135399e+02 -5.834834065736230535e+00 -6.081685098012528101e-01 1.172144763233067799e+01 -5.608014787130382928e+00
-4.804396630653727698e+02 -3.399564667770525794e+00 4.269034343384269015e+00 -1.016065299408442080e+01 -1.754815018313056418e+00
-4.794396325459317723e+02 6.940614926741146995e+00 -9.253232028389266617e+00 1.079796092735761270e+01 4.360287316849509320e-01
-4.784396020264907747e+02 2.332291021051057456e+00 6.769195697763943365e+00 7.141539194462732887e+00 -2.019460063863895094e+00
-4.774395715070500046e+02 5.292918628557617744e+00 2.873436755845466450e+01 -1.983274416328259093e+01 -1.225257473910609018e+00
-4.764395409876092344e+02 1.128645867674028302e+01 5.734118508375269485e+00 2.653689210601984882e+01 3.156697479393154371e+00
-4.754395104681682369e+02 8.850658747890632227e+00 -1.796829646727979179e+00 2.103449194655699017e+01 8.669311280669871778e+00
-4.744394799487272394e+02 5.293714424886743153e+00 1.228165208166563538e+01 9.954499313184545173e+00 2.361692529521985495e+00
-4.734394494292864692e+02 1.615858906532834993e+01 1.318939778986639233e+01 1.983326274174014969e+01 -2.020128697126536199e+00
-4.724394189098456991e+02 1.945159427271086372e+01 1.200382517839470609e+01 2.279802889415865863e+01 -3.414763957383335935e+00
-4.714393883904047016e+02 8.586719632264939506e+00 2.294633047161086381e+01 -2.071236725303439163e-01 5.083297363802814495e+00
-4.704393578709637040e+02 7.731238579118418386e+00 1.576747421817695738e+01 -6.063880051093304857e+00 1.165596234045619006e+01
-4.694393273515229339e+02 1.806889815192066706e+01 8.309246798751654950e+00 1.204899865588036301e+00 8.933555146262330382e+00
-4.684392968320821637e+02 1.648619188723558437e+01 5.384272807033443797e+00 -2.084029368576327534e-01 4.285751607532216845e+00
-4.674392663126411662e+02 -2.015011688882813790e+00 1.604642422161060011e+01 -8.392141129652065601e+00 -1.754815018313056418e+00
-4.664392357932001687e+02 -1.487000824915697628e+00 1.262840925754732346e+01 1.488754406119522367e+00 -4.211908533696549384e+00
-4.654392052737593986e+02 -2.015276954325650127e+00 -3.255034823208378114e+00 5.926948784437670703e+00 -6.402886010349799761e+00
-4.644391747543186284e+02 -9.580615319003719099e-01 2.580588387872196776e+01 -2.151398177239099141e+01 -5.070433643569152160e+00
-4.634391442348776309e+02 1.642571136626808226e+01 9.207024992990941570e+00 1.864113052770854040e+01 9.199403731686320640e+00
-4.624391137154366334e+02 1.918433933905032518e+01 4.767269654001357715e+00 8.880343698366292671e+00 4.284146887698691231e+00
-4.614390831959958632e+02 1.208066341259437060e+01 2.272437780154006504e+01 -1.543633908637461438e+01 -3.678740369669543320e+00
-4.604390526765550931e+02 1.674575412305125610e+01 -5.551493885193886868e+00 3.593997070010468420e+00 -9.807551890895413460e-02
-4.594390221571140955e+02 4.237692696951761206e+00 1.088549818929166690e+01 -1.071969150580246044e+01 -8.327346268316418332e+00
-4.584389916376730980e+02 -2.281338193492687960e+00 -6.146263357503233271e-01 -4.017625686812675845e+00 -6.403822096918692530e+00
-4.574389611182323279e+02 -1.235041650542551928e+01 3.369711886414980206e+00 -1.304809472484127575e+01 -7.792439657805370956e+00
-4.564389305987915577e+02 -2.597004070471641946e+00 1.116557129289011385e+01 -5.512457769990355416e-01 -1.487227986405783353e+00
-4.554389000793505602e+02 1.780522430174053028e+01 4.265524655369128837e+00 1.404274382731436255e+01 3.162313998804517023e+00
-4.544388695599095627e+02 1.319371721073677151e+01 7.408941629139331297e+00 -2.143728370622368373e-01 1.085453851125963176e+01
-4.534388390404687925e+02 1.425676847290952765e+01 1.604642422161060011e+01 -7.820452115125053894e+00 2.894860693548993336e+00
-4.524388085210280224e+02 1.944628896385411920e+01 1.116500974280771175e+01 7.910803477563922215e+00 4.281472354648132139e+00
-4.514387780015870248e+02 1.319331931257300994e+01 7.128166587937361243e+00 1.228318681318573624e+01 9.725400620271503760e-01
-4.504387474821460273e+02 4.235305307964861932e+00 8.583002463921904024e+00 1.023977525852773951e+01 2.358483089861655557e+00
-4.494387169627052572e+02 3.393750690564079076e+00 6.846549221612431957e+00 1.518271048482511354e+01 -2.023338136792334208e+00
-4.484386864432644870e+02 1.589876156406885244e+01 2.528650250499155039e+00 2.045569590798277204e+01 3.701499862200010149e+00
-4.474386559238234895e+02 1.780522430174053028e+01 1.201084455442577870e+01 2.397032079622551048e+00 1.331230065990402878e+01
-4.464386254043824920e+02 1.589902682951267998e+01 1.519946630982603963e+01 -3.445936672284607205e+00 8.661555134816465440e+00
-4.454385948849417218e+02 2.241792508723656141e+01 -6.182764112848946336e-01 5.011137665441182776e+00 5.086774256771136038e+00
-4.444385643655009517e+02 2.081611971066487499e+01 3.942212195420940368e+00 -1.443723364551313360e+01 4.548524479944892285e+00
-4.434385338460599542e+02 5.301937653613701507e+00 1.406724095618366555e+01 -3.988379111362843332e+01 5.087041710076391610e+00
-4.424385033266189566e+02 1.048469387576385614e+01 -1.328740782036703827e+01 6.193746467246559639e+00 4.009338616548146383e+00
-4.414384728071781865e+02 6.892368681176719303e-01 1.544458292079750095e+01 -2.730450068681466291e+01 -6.406095450012865733e+00
-4.404384422877374163e+02 7.475655324942335866e+00 1.463061607635960826e+01 -2.554514360701225506e-01 -8.866799585015430196e+00
-4.394384117682964188e+02 1.860818279720824009e+01 1.201309075475538890e+01 -2.549456658706226175e+00 -1.928156501831579561e+01
-4.384383812488554213e+02 2.378841899765193801e+01 5.429337201146934966e+00 4.977308230968366942e+00 -1.682072715665872309e+01
-4.374383507294146511e+02 1.509646623220873174e+01 -2.951797778708093123e+00 1.231488414044746449e+01 -1.243890593000785216e+01
-4.364383202099738810e+02 1.155450940672636051e+01 1.777894661334208237e+01 -1.275784386266514581e+01 -7.516561573436176147e+00
-4.354382896905328835e+02 2.078269626486328647e+01 6.562685654958296588e+00 3.830660970850857439e+00 4.360287316849509320e-01
-4.344382591710918859e+02 2.351904194045030749e+01 7.698561084138614952e+00 9.666949120151778985e+00 5.088245249950539950e+00
-4.334382286516511158e+02 1.101801004858945632e+01 1.289402244652300844e+01 6.436464615374264120e-02 9.470066476604909411e+00
-4.324381981322103456e+02 9.113536801742258220e+00 1.678042263181710680e+00 4.407609183171714129e+00 8.657810788544880509e+00
-4.314381676127693481e+02 6.403187139553056184e+00 5.154932050860556725e-01 2.188591342766569525e+01 -2.567605612987321706e+00
-4.304381370933283506e+02 6.906958280537702777e-01 5.400276984387912371e+00 1.434749301854916226e+01 -1.024712609344056702e+01
-4.294381065738875805e+02 7.209594085778030070e+00 2.524629922160876916e+01 -1.830061191873228665e+01 -3.674461116785075809e+00
-4.284380760544468103e+02 1.209379405201332247e+01 5.422317825118867063e+00 2.450343038502694171e+01 -1.483483640132211345e+00
-4.274380455350058128e+02 1.726673545278108790e+01 6.541487139345860236e+00 7.069047549164580779e+00 -3.783665828177330548e-01
-4.264380150155648153e+02 1.155583573394191532e+01 1.922072644991142099e+01 -8.694189651742442848e+00 -8.055747436828935903e+00
-4.254379844961240451e+02 1.536279273681686064e+01 7.417084105333119126e+00 7.048152898458226900e+00 -3.673926210174565110e+00
-4.244379539766832750e+02 1.128645867674028302e+01 1.059026323347005238e+01 1.518981750887627769e+01 -2.026681303104798104e+00
-4.234379234572422774e+02 8.304211935643371234e+00 5.688773339217434000e+00 -8.058193784447612584e-01 -8.055346256871551702e+00
-4.224378929378012799e+02 1.231572065999349430e+00 9.732355095075508444e+00 7.900427222455444820e+00 3.171139957881671911e+00
-4.214378624183605098e+02 1.074637823512420276e+01 -5.238289326731615958e+00 2.278253558172748328e+01 4.817716231684078920e+00
-4.204378318989197396e+02 5.037865905269191202e+00 1.691654607429418888e+01 -2.352811238796975246e+01 4.272913848879960952e+00
-4.194378013794787421e+02 8.843231315491189903e+00 4.821599624466211154e+00 -8.663771588812469560e+00 7.085636497399423472e-01
-4.184377708600377446e+02 2.053894938793345393e+00 3.301492344908465526e+01 -2.673494377949851497e+01 2.899541126391462775e+00
-4.174377403405969744e+02 -4.194565199952141832e+00 1.173287726363646222e+01 1.461187431318692731e+01 4.272111488963198589e+00
-4.164377098211562043e+02 -5.826212938844517630e+00 2.093289265115511455e+01 1.808001926416914706e+00 -1.754815018313056418e+00
-4.154376793017152067e+02 9.635213360140011396e-01 1.432639631921209933e+01 -1.985869651593488827e+00 7.090985563504527134e-01
-4.144376487822742092e+02 1.182839597645721064e+01 -1.212682418756538816e+01 3.178386582115564707e+01 2.353668930364331224e+00
-4.134376182628334391e+02 1.047315482900192762e+01 -1.040539240995656556e+01 2.334996038182489997e+01 -3.945658768314177056e+00
-4.124375877433926689e+02 2.594771176738923657e+00 1.202067168086677285e+01 -7.802968835965320871e+00 -1.754815018313056418e+00
-4.114375572239516714e+02 2.866137724761340877e+00 6.272083487314929151e+00 1.344646450957825401e+01 7.096334629609628575e-01
-4.104375267045106739e+02 4.767693051740035770e+00 7.708668985621852876e+00 2.014312899028927362e+01 7.097671896144776005e-01
-4.094374961850699037e+02 6.940614926741146995e+00 2.380887139818092635e+01 -1.980041891871691107e+00 9.473275916267976271e+00
-4.084374656656291336e+02 1.210175201529843392e+01 2.840796657306076867e+01 4.424666040890075536e+00 1.166425339292083940e+01
-4.074374351461883634e+02 1.726143014392670949e+01 6.846549221612431957e+00 1.606639785512186336e+01 1.330695159379992276e+01
-4.064374046267471385e+02 1.155848838836990033e+01 1.432232508111397884e+01 -2.855058692828744693e+00 8.376583638066597004e+00
-4.054373741073063684e+02 9.113536801739170912e+00 1.805831777933635962e+01 -1.333237568681082408e+01 -1.754815018313056418e+00
-4.044373435878655982e+02 1.345938055173830605e+01 7.705440072651241756e+00 -4.887241149488343872e+00 9.851103673731546051e-01
-4.034373130684243733e+02 1.074160345715116094e+01 -4.647803986851288538e-02 -1.987859618337010081e+00 4.817716231684078920e+00
-4.024372825489836032e+02 1.020377777180149792e+01 2.869225130227199472e+01 -2.176272761411108547e+01 1.413070777398615618e+01
-4.014372520295428330e+02 2.459668280197699275e+01 -3.219236005453481653e+00 2.246542016864541580e+01 1.029047949047439658e+01
-4.004372215101020629e+02 2.160541703582499906e+01 8.867989130733620939e+00 -2.498618944191946767e+01 9.861801805941761145e-01
-3.994371909906612927e+02 1.563230242673941817e+01 1.891285661724306877e+01 -2.001439969799242746e+01 6.458141079471715784e+00
-3.984371604712200678e+02 1.563230242673941817e+01 8.002780841280758395e+00 -1.188168993786728400e+01 7.113719094456194547e-01
-3.974371299517792977e+02 1.535907902061713948e+01 1.488963105186196323e+01 -5.175075623483217591e+00 5.093193136097268869e+00
-3.964370994323385275e+02 1.101310263789746990e+01 1.103997691441118700e+00 4.711221250560886809e+00 7.008559981685199780e+00
-3.954370689128973027e+02 1.699974578457224439e+01 2.006740358665087243e+01 -2.552157327838134204e+00 9.475148089405761809e+00
-3.944370383934565325e+02 3.301567742673904604e+01 6.846549221612431957e+00 2.684178343773691111e+01 1.385696931605662741e+01
-3.934370078740157624e+02 2.839607973973196309e+01 6.846549221612431957e+00 2.275311250216195447e+01 1.302906760963844057e+01
-3.924369773545749922e+02 2.377621678728341692e+01 8.856617741570907754e+00 7.332291719950217335e+00 4.541570694008249198e+00
-3.914369468351342221e+02 2.514604753408978866e+01 4.546580471614523944e+00 1.024816154690144820e+01 2.903151746010918188e+00
-3.904369163156929972e+02 3.084275555174102479e+01 1.956430716531255332e+00 9.954499313187852749e+00 4.264890249720307835e+00
-3.894368857962522270e+02 3.001990214806053814e+01 -2.063004385786835204e+00 9.366606283828401658e+00 7.125754493187694827e-01
-3.884368552768114569e+02 1.780522430174053028e+01 2.246611721613347878e+00 3.262525468347562185e+00 2.350192037397010214e+00
-3.874368247573702320e+02 1.807977403507798186e+01 1.665407386324513128e+00 5.297124313185470612e+00 4.360287316849509320e-01
-3.864367942379294618e+02 2.432398992674077931e+01 1.109613192269737869e+00 -2.433694951834545483e-01 -4.222606665906770473e+00
-3.854367637184886917e+02 2.160143805418415042e+01 1.374645547161269299e+01 -1.070917311020905949e+01 -3.668577144069454565e+00
-3.844367331990479215e+02 1.373432818323853155e+01 1.575540089140595157e+01 -5.103093184749731837e-01 2.904087832582530115e+00
-3.834367026796071514e+02 2.242614831596081615e+01 1.002000912478411010e+01 1.664576245562043511e+01 -6.733675785101881361e-01
-3.824366721601659265e+02 1.753001140479647901e+01 2.842018028735022739e+01 -2.868704179000542531e+00 -1.517736032251665890e+01
-3.814366416407251563e+02 1.780522430174053028e+01 2.262329878671050309e+01 1.116681547551889864e+01 -1.653548820660460095e+01
-3.804366111212843862e+02 1.508134610196801084e+01 -6.038164966675158007e-01 3.232257824409828828e+01 -5.581002003300572056e+00
-3.794365806018431613e+02 6.940614926741146995e+00 2.667109216818269601e+01 3.786372496232608964e-01 -4.223542752475662354e+00
-3.784365500824023911e+02 9.113536801742258220e+00 2.246611721610079382e+00 2.884411639338739519e+01 -8.049328557502803960e+00
-3.774365195629616210e+02 7.216490987291404480e+00 1.633843026445997992e+01 -8.675000686811749517e+00 3.739478231548259757e+00
-3.764364890435208508e+02 1.128645867674028302e+01 8.562225110875113288e+00 -1.097349504947447763e+00 1.302452090345009594e+01
-3.754364585240800807e+02 1.101031735074817774e+01 8.015696493169736314e+00 -8.399330938761899734e-01 7.008559981685199780e+00
-3.744364280046388558e+02 9.666084719172664208e+00 1.947665289996370674e+01 -8.931137833547380112e+00 1.003506158395830283e+01
-3.734363974851980856e+02 1.808163089317685390e+01 3.961445285750962775e+00 1.461187431318361796e+01 1.959624979353358398e+01
-3.724363669657573155e+02 2.159798960342825680e+01 -1.475201837033846219e+00 8.472684798904513315e+00 1.139024748168744061e+01
-3.714363364463160906e+02 1.590897428361956578e+01 9.146517971610339970e+00 -8.675000686815058870e+00 6.450652386920184611e+00
-3.704363059268753204e+02 1.507869344753766505e+01 9.146517971610339970e+00 -5.753018819175454546e+00 7.566735029754473985e+00
-3.694362754074345503e+02 6.386740682097151733e+00 6.260290935584482241e+00 3.265226137486830105e+00 1.083180498031390826e+01
-3.684362448879937801e+02 -4.478133958346774079e+00 5.133119532679360830e+00 3.428178484066990994e-01 4.360287316849509320e-01
-3.674362143685530100e+02 -3.646792060497476839e+00 6.553139303558510598e+00 2.968436813187588452e+00 7.288048685676225880e+00
-3.664361838491117851e+02 3.704111258688213670e+00 4.546580471614523944e+00 6.188771550417391687e+00 7.008559981685199780e+00
-3.654361533296710149e+02 1.780522430174053028e+01 1.002759005090253197e+01 8.765067768290954575e+00 6.728803824387922461e+00
-3.644361228102302448e+02 1.290417997988150844e+01 2.094019280222634904e+01 -3.720125660108610344e+00 2.906762365632365785e+00
-3.634360922907890199e+02 7.218347845392644402e+00 1.428259541277843958e+01 9.114022649119020159e+00 6.448512760478537942e+00
-3.624360617713482497e+02 1.100859312536785950e+01 -8.076784605754040669e+00 2.094878123651867696e+01 -1.754815018313056418e+00
-3.614360312519074796e+02 5.323689419926333599e+00 2.784052021479178407e+01 -2.957846410163456952e+01 -3.945658768314177056e+00
-3.604360007324667095e+02 2.326359131899635457e+01 -1.085293239811959826e-01 3.443364866769815080e+01 -1.754815018313056418e+00
-3.594359702130259393e+02 2.293267267906558970e+01 8.865374220199045974e-01 6.375970563887926268e+00 -6.697619552739394244e+00
-3.584359396935847144e+02 1.240004300577187557e+01 1.481031210271810750e+01 7.443729857047810761e+00 -7.765961780584079044e+00
-3.574359091741439443e+02 2.131548190680300081e+01 -1.178947297555986928e+01 2.500205919233114926e+01 5.941020113759593713e+00
-3.564358786547031741e+02 1.373804189943825271e+01 5.961686679268444422e+00 8.283495818703771718e+00 1.521001558734299763e+01
-3.554358481352619492e+02 1.479592048547127625e+01 -6.067979573477593647e+00 3.317982748491274236e+01 -4.072515397883047505e-01
-3.544358176158211791e+02 2.315844563595153005e+00 1.864162792743549346e+01 -5.748470323781004865e+00 -8.608573418793099563e+00
-3.534357870963804089e+02 3.152889668468314088e+00 4.743596615514238946e-01 1.783775252917403265e+01 -1.079955089544595026e+01
-3.524357565769396388e+02 1.156565055532550446e+01 -1.096216931665985150e+01 2.272980146328519879e+01 -9.392211603191462643e+00
-3.514357260574988686e+02 1.345938055173830605e+01 3.429236195145456190e+00 -2.586981745683448519e+00 7.571816642551339349e+00
-3.504356955380576437e+02 1.128645867674028302e+01 1.604642422161060011e+01 3.035669260696598926e+00 1.633545909586055345e+01
-3.494356650186168736e+02 1.128645867674028302e+01 1.634236111503637545e+01 2.768510291142639801e+01 1.273540388046788330e+01
-3.484356344991761034e+02 1.345938055173830605e+01 2.383456231444926487e+01 1.198341253878631285e+01 4.535686721292627510e+00
-3.474356039797348785e+02 1.212602380332246987e+01 2.836514837926974764e+01 1.025441572806984958e+01 2.626872481682958504e+00
-3.464355734602941084e+02 2.621692412682408246e+01 1.115012866562341820e+01 1.754067892391056915e+01 2.626872481682958504e+00
-3.454355429408533382e+02 2.404386961910473275e+01 2.839608608630124653e+00 2.242562083397254824e+01 -1.288326490143137937e-01
-3.444355124214125681e+02 1.724471842102699171e+01 1.864303180264003146e+01 -3.717282850489309176e+00 -6.136502518315298360e+00
-3.434354819019717979e+02 6.660229353663254415e+00 1.255933859741525005e+01 1.055546926679262043e+01 -3.097564337352301855e+00
-3.424354513825305730e+02 6.940614926741146995e+00 -5.335702838782878377e-02 1.370999296132399436e+01 4.534884361375864259e+00
-3.414354208630898029e+02 3.925740536175279960e+00 1.671705540752102337e+01 -1.573852974894823475e+01 2.626872481682958504e+00
-3.404353903436490327e+02 -5.535349380774460926e+00 3.087976964827936399e+01 -1.317516831485150064e+01 2.909971805295431757e+00
-3.394353598242078078e+02 2.875687280704466886e+00 -3.166590685221513102e+00 3.053189246461498030e+01 7.291793031951796067e+00
-3.384353293047670377e+02 4.767693051740035770e+00 2.383877394007042128e+01 -1.798975068681320622e+01 1.358109123168544841e+01
-3.374352987853262675e+02 6.940614926741146995e+00 1.426069495957428934e+01 1.085851277226111122e+01 1.329759072811459397e+01
-3.364352682658854974e+02 5.049007053868352024e+00 2.246611721613347878e+00 4.995644353017094197e+00 1.775969791017520505e+00
-3.354352377464447272e+02 9.113536801742258220e+00 -5.249099165813610135e+00 5.598746413837613289e+00 -3.661890811439062698e+00
-3.344352072270035023e+02 9.113536801742258220e+00 -3.759166409680148480e+00 4.995360072054062073e+00 -6.704305885373771368e+00
-3.334351767075627322e+02 7.222326827033813679e+00 -1.246089403410633567e+00 8.833437339646931008e+00 -1.051819001831754008e+01
-3.324351461881219620e+02 1.100461414372669289e+01 -1.355484604711246632e+01 3.121473533528385502e+01 -1.270903376831554610e+01
-3.314351156686807371e+02 4.203738720266251505e+00 -8.954768159588368803e+00 2.474435850029609085e+01 -9.949584291342302933e+00
-3.304350851492399670e+02 9.860688986534449363e-01 -1.756117265752741297e+00 6.397493131863972726e-01 -6.989812288734137624e+00
-3.294350546297991968e+02 9.395779232920597579e+00 -9.495909599020336822e-01 1.025697425672366414e+01 -1.270903376831554610e+01
-3.284350241103584267e+02 1.128645867674028302e+01 -2.054440747027874270e+00 9.954499313187852749e+00 -1.242432972487194398e+01
-3.274349935909176565e+02 1.345938055173830605e+01 -1.755274940632274960e+00 7.928571037686266365e+00 -7.472832958028414296e+00
-3.264349630714764317e+02 1.374202088108179609e+01 4.845746278014633646e+00 1.957215067816860810e+01 5.102687728434338155e+00
-3.254349325520356615e+02 1.780522430174053028e+01 5.649324445930832717e+00 2.159793681318719294e+01 2.056662034881699963e+00
-3.244349020325948914e+02 2.026105177152698289e+01 -6.054923534066444901e+00 1.633419052129819349e+01 -3.945658768314177056e+00
-3.234348715131536665e+02 2.215106805174275451e+01 4.246993502651664087e+00 9.954499313187852749e+00 -4.231031445022817472e+00
-3.224348409937128963e+02 2.432398992674077931e+01 2.246611721613347878e+00 1.552228409390615838e+01 -5.850996114954527982e+00
-3.214348104742721262e+02 2.404068643379068604e+01 1.146113947623379259e+00 2.038348854363957585e+01 1.503886016720515917e-01
-3.204347799548313560e+02 1.043615029972764319e+01 2.754626797160994656e+01 -4.017625686812675845e+00 -3.659884911649148531e+00
-3.194347494353905859e+02 1.242073371030763518e+01 -4.547249497767488768e-01 2.342131490327388477e+01 4.360287316849509320e-01
-3.184347189159493610e+02 2.158366526951307662e+01 -1.435140483899507302e+01 1.531674895839165451e+01 -4.231700078285457245e+00
-3.174346883965085908e+02 1.591613645057518411e+01 3.344863295273280190e+00 -1.697245126439228713e+01 -3.373308695067763097e+00
-3.164346578770678207e+02 1.752125764518384443e+01 -9.148643325544492555e+00 1.653034438506456638e+01 4.817716231684078920e+00
-3.154346273576265958e+02 1.374347984101789422e+01 2.174349019510105663e+01 -1.444320354571649112e+01 1.495862417556958202e-01
-3.144345968381858256e+02 1.997814617674164239e+01 -6.550579416833141044e-01 1.086832046545032604e+01 -4.232234984895969276e+00
-3.134345663187450555e+02 1.506357331729694593e+01 3.751565942448325863e+00 6.711564239482818550e+00 -5.849792575081377066e+00
-3.124345357993042853e+02 9.113536801742258220e+00 1.254193054485868863e+01 9.150268471762595723e+00 1.009716071456645325e+00
-3.114345052798635152e+02 1.214034813722973993e+01 -4.653294528386913598e+00 2.362159084099256745e+01 4.243761438608125935e+00
-3.104344747604222903e+02 2.186630559885656666e+01 6.053640505261125959e+00 1.541468374979371525e+01 -3.371436521929979335e+00
-3.094344442409815201e+02 1.563230242673941817e+01 2.004325693310966727e+01 -3.101672427336563231e+00 1.006113828121920939e+01
-3.084344137215407500e+02 2.026317389506968070e+01 8.241439626303135313e+00 1.552825399410441065e+01 1.710064300219529798e+01
-3.074343832020995251e+02 2.272138875384422363e+01 -2.353325778389005141e+00 1.835244321082079111e+01 4.242691625383119280e+00
-3.064343526826587549e+02 2.592632583419856829e+01 2.548585278425895773e+00 4.685635963984538854e+00 7.236747614873560996e-01
-3.054343221632179848e+02 2.026357179323402491e+01 7.450777110277254422e+00 1.557408258437221082e+00 2.914652238137901641e+00
-3.044342916437772146e+02 2.346731517910004783e+01 1.374645547161269299e+01 2.220999372431038665e+01 7.008559981685199780e+00
-3.034342611243364445e+02 1.128645867674028302e+01 1.344406075223991337e+01 1.308102133296925373e+01 2.050778062168075344e+00
-3.024342306048952196e+02 1.809104781639806703e+01 1.641541507820607926e+00 6.397493131897065144e-01 -1.754815018313056418e+00
-3.014342000854544494e+02 1.809118044911899048e+01 -5.258645517216539389e+00 5.910034067201825003e+00 -4.233973431379632224e+00
-3.004341695660136793e+02 1.911987983644388933e+01 6.920127709382049852e-02 -2.119623844197071172e+00 -3.368761988879418467e+00
-2.994341390465724544e+02 1.185890150238444818e+01 2.833145537432560701e+01 -2.160168244914772018e+01 5.394880464427491695e+00
-2.984341085271316842e+02 2.186471400619645422e+01 2.549708378590270552e+00 2.625531181318626395e+01 8.621972045638647941e+00
-2.974340780076909141e+02 1.591878910500355460e+01 2.016581523859550273e+01 -3.838102259328287413e+00 5.395415371036010654e+00
-2.964340474882501439e+02 1.780522430174053028e+01 2.082268844748959680e+01 7.754448948476615477e+00 1.139024748168744061e+01
-2.954340169688093738e+02 1.317262860803541002e+01 1.235704018022341444e+01 1.105395593362308126e+01 1.139024748168744061e+01
-2.944339864493681489e+02 1.317249597530982896e+01 1.834639297160850901e+01 2.660986952813850781e+00 9.199403731686320640e+00
-2.934339559299273787e+02 9.113536801742258220e+00 8.235122187871702693e+00 6.219900315751800690e+00 8.620634779113368396e+00
-2.924339254104866086e+02 1.128645867674028302e+01 1.296618163211021013e+01 6.087141106512093280e+00 2.626872481682958504e+00
-2.914338948910453837e+02 1.128645867674028302e+01 2.632995049312532743e+01 -1.862491714089905992e+00 2.916524411275686735e+00
-2.904338643716046136e+02 1.099904356942572292e+01 4.546580471611255447e+00 2.765994404629353198e+01 9.778975044175624021e+00
-2.894338338521638434e+02 4.218493017408999068e-01 1.435517576093346470e+01 -2.847323751488973764e-01 1.358109123168544841e+01
-2.884338033327230733e+02 8.091336417766374467e+00 9.619483528518932403e+00 4.509950329481884346e+00 1.329103812213674196e+01
-2.874337728132823031e+02 2.186325504626541871e+01 -6.039340519281347852e+00 1.074096259448915447e+01 1.080987380928494623e+01
-2.864337422938410782e+02 1.563230242673941817e+01 7.151330528836560063e+00 -1.688938186811484776e+00 7.879521670250894338e+00
-2.854337117744003081e+02 1.780522430174053028e+01 9.146517971610339970e+00 -3.400167437408068594e+00 1.577193498168345620e+01
-2.844336812549595379e+02 2.084277888766748177e+01 5.931362974818715550e+00 1.057224184355006535e+01 1.548134696552424217e+01
-2.834336507355183130e+02 3.084275555174102479e+01 1.167452850759282068e+00 8.718445690523202174e+00 1.080880399605993958e+01
-2.824336202160775429e+02 2.866983367673991268e+01 1.834639297161177751e+01 1.258060405477981814e+00 1.451732622194840949e-01
-2.814335896966367727e+02 3.359289503035230240e+01 1.083552023195786695e+01 1.057309468643704342e+01 1.018007123920557033e+00
-2.804335591771960026e+02 3.157197025410108182e+01 6.846549221612431957e+00 1.368355483186372012e+01 4.235470386144213784e+00
-2.794335286577552324e+02 2.026702024399032354e+01 1.297530682094663312e+01 -1.255159802474941522e+01 4.360287316849509320e-01
-2.784334981383140075e+02 2.982586047662542228e+01 1.589915771249815180e+01 -3.249072106115610925e+00 -6.719283270468080715e+00
-2.774334676188732374e+02 3.374290263827845138e+01 -2.510980964022108353e+00 1.120334557913412610e+01 -1.022666591558902027e+01
-2.764334370994324672e+02 1.780522430174053028e+01 2.892768117432299135e+01 -3.010182535262939041e+01 -3.070685280172640308e+00
-2.754334065799912423e+02 1.693701050733194435e+01 4.546580471611255447e+00 6.385209695133316821e+00 8.907612175651546949e+00
-2.744333760605504722e+02 1.215507036931164286e+01 1.175295267908328611e+01 -1.705887267683193542e+01 2.626872481682958504e+00
-2.734333455411097020e+02 2.026781604031982198e+01 9.913454996653154438e+00 -3.396756065864396490e+00 2.918931491021990343e+00
-2.724333150216689319e+02 2.157146305914454132e+01 -3.119560865828162388e+00 -2.919815396776133110e-01 4.233330759702170987e+00
-2.714332845022281617e+02 1.345938055173830605e+01 1.666019846167417029e+01 -3.085468412507294644e+00 -3.945658768314177056e+00
-2.704332539827869368e+02 1.592237018848234875e+01 2.294633047161086381e+01 7.314950581269255458e+00 3.504253049577895851e+00
-2.694332234633461667e+02 2.461419032120463513e+01 1.803922507653753016e+01 -4.950635804007152529e+00 1.358109123168544841e+01
-2.684331929439053965e+02 2.461432295392514646e+01 2.356094703679951508e+01 -1.302123017393250137e+01 1.139024748168744061e+01
-2.674331624244641716e+02 2.620644614183153109e+01 2.723881930149671859e+01 -1.131497584017383673e+01 8.906542362430526438e+00
-2.664331319050234015e+02 1.968754788411303736e+01 2.233115235633815132e+01 -1.038082859912979394e+01 9.199403731686320640e+00
-2.654331013855826313e+02 1.838668615243917870e+01 1.113875727645486435e+01 -3.394481818168615384e+00 7.301688804245254794e+00
-2.644330708661418612e+02 2.432398992674077931e+01 1.405432530428615578e+01 2.968436813187588452e+00 1.109698493247525697e+01
-2.634330403467010910e+02 2.925182605832225491e+01 1.083046628121833876e+01 1.057821174375043327e+01 6.715163705820886619e+00
-2.624330098272598661e+02 3.026049790470979417e+01 7.154699829330970928e+00 1.165919010165469771e+01 1.424987291669326528e-01
-2.614329793078190960e+02 2.432398992674077931e+01 1.206306871208918885e+01 -2.966721755517515713e-01 3.214199940026784219e+00
-2.604329487883783258e+02 2.432398992674077931e+01 1.282116132333290537e+01 -1.275250031824094188e-01 4.523918775861384134e+00
-2.594329182689371009e+02 2.620538508006018574e+01 -6.705005689504329736e-01 1.569086270434878116e+01 2.626872481682958504e+00
-2.584328877494963308e+02 1.751356494734057634e+01 5.781429102816336041e+00 -1.364494260450381979e+01 5.111781140813025814e+00
-2.574328572300555606e+02 1.780522430174053028e+01 3.934964496854806981e-01 7.173378662205441181e+00 7.302758617466276192e+00
-2.564328267106147905e+02 1.534037780689761554e+01 1.186176843419587401e-01 1.040607962128302511e+01 1.139024748168744061e+01
-2.554327961911740204e+02 1.868139605942830173e+01 1.680072636980459322e+01 3.456689365364577160e+00 1.109578139260210605e+01
-2.544327656717327955e+02 2.649691180173880056e+01 3.792980261031380973e+00 2.204781143550417255e+01 4.817716231684078920e+00
-2.534327351522920253e+02 2.649691180173880056e+01 2.263691637620700448e+01 1.353629729356164546e+01 4.228249146901323030e+00
-2.524327046328512552e+02 3.055030040101087252e+01 1.834639297160850901e+01 2.531505253146307410e+01 -3.945658768314177056e+00
-2.514326741134100303e+02 2.156589248484199572e+01 2.878504745339393622e+01 2.968436813187588452e+00 -2.049816014010895415e+00
-2.504326435939692601e+02 1.404482138408091174e+01 3.351666844771209952e+01 1.618039452087392505e+01 -3.650524045964208764e+00
-2.494326130745284900e+02 2.896268672563172686e+01 1.480652163966643009e+01 3.198598958511484014e+01 7.312971806866295221e-01
-2.484325825550877198e+02 2.315204720028900098e+01 1.069709813664442954e+01 3.727182700693905115e+00 2.626872481682958504e+00
-2.474325520356469497e+02 1.433873549474320797e+01 2.462578638055920166e+01 -5.089791334898519537e+00 2.626872481682958504e+00
-2.464325215162057248e+02 2.649691180174188787e+01 1.542563060551386656e+01 1.461187431318692731e+01 -1.553105262355881089e-01
-2.454324909967649546e+02 2.403060634696287678e+01 6.846549221612431957e+00 2.025192581362094568e+00 -6.136502518315298360e+00
-2.444324604773241845e+02 1.809874051423935626e+01 1.206784188778856226e+01 -7.452675335446200533e-01 -3.353784603785120222e+00
-2.434324299578829596e+02 2.708420949218492524e+01 1.480315233916783413e+01 1.089859638790244212e+01 2.626872481682958504e+00
-2.424323994384421894e+02 2.808227072085502840e+01 -2.353325778389005141e+00 1.832472581703004266e+01 5.113920767255069499e+00
-2.414323689190014193e+02 1.968423206607806719e+01 5.479876708564018095e+00 4.037191089725523874e+00 6.712221719462079683e+00
-2.404323383995606491e+02 2.056623966351022403e+01 1.082400845526966826e+01 -3.072249347773975181e+00 4.817716231684078920e+00
-2.394323078801198790e+02 2.649691180173880056e+01 4.857959992305305619e+00 5.612391900012311474e+00 5.707533378265796209e+00
-2.384322773606786541e+02 2.126813202525510604e+01 1.008107769625007677e+01 3.404665949333187669e+00 1.328435178950436857e+01
-2.374322468412378839e+02 1.898300286793711322e+01 2.399965803867904057e+01 -1.546533574449557591e+01 1.139024748168744061e+01
-2.364322163217971138e+02 2.866983367673991268e+01 -4.341493845133808094e+00 2.625531181318626395e+01 1.139024748168744061e+01
-2.354321858023558889e+02 2.866983367673991268e+01 1.530616082548712775e+01 1.259114744128025376e-01 9.199403731686320640e+00
-2.344321552829151187e+02 2.837499113702591558e+01 2.337381047183532701e+01 -6.147174372949521626e+00 1.168752183047903159e+01
-2.334321247634743486e+02 2.708686214660823310e+01 9.770961663244911222e+00 4.348763024044917103e+00 1.358109123168544841e+01
-2.324320942440335784e+02 3.765662898189403052e+01 8.521793504942150932e+00 8.890862093962862645e+00 1.298600762749332738e+01
-2.314320637245928083e+02 3.677104030098505660e+01 1.008402583418080667e+01 1.271344604913943677e+01 3.924689645439296992e+00
-2.304320332051515834e+02 2.561079258994328711e+01 1.740846394647480366e+01 -8.358453835657751796e+00 -5.838693262912774351e+00
-2.294320026857108132e+02 2.274207945838044509e+01 4.233797075716248415e+00 -4.221822202613320085e-01 -1.158929054204173026e+00
-2.284319721662700431e+02 2.896547201278143646e+01 2.595667550305249538e-01 9.004005916830784884e+00 7.604713399098343096e+00
-2.274319416468288182e+02 3.054698458297659869e+01 1.363793591819384510e+01 -9.942893777214479201e+00 1.577193498168345620e+01
-2.264319111273880480e+02 3.202636995767891648e+01 3.518012017930927016e+01 -2.122407298394546615e-01 1.298440290765980265e+01
-2.254318806079472779e+02 4.022718375570988059e+01 1.405980041759292831e+01 3.070331388469421086e+01 7.307037870350365338e+00
-2.244318500885065077e+02 2.215106805174275451e+01 2.357330113861237564e+01 -8.992400380853915465e+00 1.387970284700231716e+01
-2.234318195690657376e+02 2.926243667603574039e+01 1.740551580854972258e+01 2.650894978664966040e+00 1.268485520577760184e+01
-2.224317890496245127e+02 3.360854569148067839e+01 1.866015908015433666e+01 -2.429205811787590541e+00 4.360287316849509320e-01
-2.214317585301837426e+02 3.923787628664734939e+01 1.343254897554678884e+01 1.164753458221487747e+01 2.327859686407707684e+00
-2.204317280107429724e+02 3.024935675611261487e+01 2.744462740669281331e+01 -7.936154466643521310e+00 -1.455668496385676525e+00
-2.194316974913017475e+02 2.679374383227457557e+01 4.238930013719122059e+01 -1.174182370457160474e+01 5.416276728847933875e+00
-2.184316669718609774e+02 2.866983367673991268e+01 2.493197156298663586e+01 1.090925692397152247e+01 6.409732031217085790e+00
-2.174316364524202072e+02 2.837273638076229076e+01 2.587523531390256082e+01 5.397049071320816793e+00 2.626872481682958504e+00
-2.164316059329794371e+02 2.649691180173880056e+01 3.183159703794391504e+01 -9.729540915253616973e+00 1.363473031470606445e-01
-2.154315754135386669e+02 2.649691180173880056e+01 2.200208400805438913e+01 1.355790264666734046e+01 -2.054630173503502188e+00
-2.144315448940974420e+02 2.155607766345534415e+01 1.469112309773567127e+01 1.968501022006956447e+01 -3.345761004625467550e+00
-2.134315143746566719e+02 1.592993025360271453e+01 2.953120712538323644e+01 -8.675000686811749517e+00 7.308642590181897880e+00
-2.124314838552159017e+02 2.274658897091077492e+01 1.771605300411629713e+01 4.563963712256696503e+00 4.517499896535252191e+00
-2.114314533357746768e+02 3.054486245943390443e+01 1.144648672161151737e+01 2.328812927259237142e+01 -1.646713919205210763e-01
-2.104314228163339067e+02 2.402596420171315472e+01 1.834639297161177751e+01 6.667642830856011393e+00 -5.836018729860219523e+00
-2.094313922968931365e+02 2.244922640949129899e+01 7.252971093752770493e+00 2.237408319472947937e+00 3.528725027007270310e+00
-2.084313617774523664e+02 2.619862081126932907e+01 -9.658811575405868766e+00 2.127826287144924322e+01 8.597901248167644894e+00
-2.074313312580115962e+02 2.185264442855193323e+01 2.484156199971263135e+01 6.026731402095542478e+00 2.626872481682958504e+00
-2.064313007385703713e+02 2.087381494448237973e+01 3.548209373612137085e+01 -3.377709241410715268e+00 1.350100366197886093e-01
-2.054312702191296012e+02 3.084275555174102479e+01 1.509796613243297436e+01 3.608637539550008988e+00 -4.547963611749616497e+00
-2.044312396996888310e+02 3.054393403038545429e+01 1.207907288943660618e+01 4.336396802203551282e+00 -1.240774761994569886e+01
-2.034312091802476061e+02 2.837087952266186619e+01 2.357919741448073836e+01 -6.346313186813867802e+00 -8.505553932446836551e-01
-2.024311786608068360e+02 2.432398992674077931e+01 1.739667139474718027e+01 -1.368411402186558767e+00 6.707006380009098656e+00
-2.014311481413660658e+02 2.679613122126178126e+01 1.929653571103661136e+01 -4.338294611918059651e+00 4.817716231684078920e+00
-2.004311176219252957e+02 2.679626385398004373e+01 3.214620547161229780e+01 -9.316622817982974425e+00 5.421358341644800127e+00
-1.994310871024845255e+02 3.548808398670190201e+01 1.676141786403642797e+01 -9.719875362548664910e+00 1.108829270005495182e+01
-1.984310565830433006e+02 3.488898198405242823e+01 7.797955448723789651e+00 7.946907159735533632e+00 4.213539215111284264e+00
-1.974310260636025305e+02 3.054300560133502884e+01 1.898094456472350089e+01 6.983336839128460483e+00 -4.247881003252919285e+00
-1.964309955441617603e+02 2.155130288548625828e+01 2.786368415569033985e+01 -4.660384941832248273e+00 -6.438858479906169663e+00
-1.954309650247205354e+02 2.027816139259146055e+01 1.842346572041282826e+01 1.116255126110080376e+01 -1.021570033007254530e+01
-1.944309345052797653e+02 1.660463290745798304e+01 6.452762226329285866e+00 3.299675054540323771e+01 -6.439125933212420883e+00
-1.934309039858389951e+02 3.195332139321833242e+00 3.151053077833250171e+01 4.255661009000229811e+00 -1.082094715986636224e+01
-1.924308734663982250e+02 1.623312865476460232e+01 8.828540237450814843e+00 2.962489405545417753e+01 -1.429409578191121888e+01
-1.914308429469574548e+02 2.462453567347386851e+01 1.898262921497143552e+01 6.397493131863972726e-01 -3.642634173460665536e+00
-1.904308124275162299e+02 2.957186881510873988e+01 1.707335893480378175e+01 1.092119672437437750e+01 2.930030803193275357e+00
-1.894307819080754598e+02 3.398535525303164917e+01 4.864979368336374677e+00 1.629581259143082761e+01 1.327366835256180433e-01
-1.884307513886346896e+02 2.335484263133496796e+01 6.209470653128124518e+00 1.092204956726042830e+01 -2.058240793124950230e+00
-1.874307208691934648e+02 4.200844120436157425e+01 -5.335702838782878377e-02 2.392662431318838401e+01 -1.147696015384569668e+00
-1.864306903497526946e+02 4.140615601639831311e+01 9.031031494656006631e-01 2.127513578086648494e+01 3.234258937919249011e+00
-1.854306598303119245e+02 3.706017963367516899e+01 1.898431386522073794e+01 1.661761864038364322e+01 1.358109123168544841e+01
-1.844306293108711543e+02 3.241272907517159751e+01 2.000816005296057298e+01 1.790981775302921974e+01 8.895443050263915907e+00
-1.834305987914303842e+02 2.897144048524477711e+01 8.188794306079481444e+00 2.560885690566256656e+01 9.503498139760854002e+00
-1.824305682719891593e+02 3.084275555174102479e+01 2.660245809792013416e-01 1.661719221894015419e+01 8.895175596957663799e+00
-1.814305377525483891e+02 3.331754950068730636e+01 7.485593215386193933e+00 1.493538604790873059e+01 7.312921843065985250e+00
-1.804305072331076190e+02 3.983644775840890873e+01 8.507193202799692600e+00 1.926924931318600187e+01 1.169474306971992483e+01
-1.794304767136663941e+02 4.110309024795580513e+01 1.010592628740076471e+01 1.894545329749785623e+01 1.139024748168432843e+01
-1.784304461942256239e+02 3.084275555174102479e+01 2.326627363106029733e+01 1.758843812552201058e+01 1.327632819034671385e+01
-1.774304156747848538e+02 2.866983367673991268e+01 1.936602753373255226e+01 2.890807960983605440e+01 1.139024748168744061e+01
-1.764303851553440836e+02 3.301567742673904604e+01 4.866804406103657499e+00 2.560686693892769483e+01 9.199403731686320640e+00
-1.754303546359033135e+02 2.806449793618791588e+01 6.846549221612431957e+00 1.661619723557483752e+01 1.668742764557280722e+01
-1.744303241164620886e+02 1.967534567374252674e+01 9.467022681142175600e+00 1.726506853127735752e+01 2.423001203373825874e+01
-1.734302935970213184e+02 1.841109057318017861e+01 1.406710056866415037e+01 2.257188338890573931e+01 1.765734705708277019e+01
-1.724302630775805483e+02 2.462705569518174187e+01 1.604642422161060011e+01 2.993831381602541697e+01 1.546636958042995325e+01
-1.714302325581393234e+02 3.084275555174102479e+01 1.572549834951689718e+01 1.926924931318600187e+01 8.282306347962574478e+00
-1.704302020386985532e+02 3.362233949450819637e+01 1.636749048122438310e+01 1.926924931318600187e+01 -1.448982163753301577e+00
-1.694301715192577831e+02 4.170736492674041074e+01 1.866759961874282325e+01 2.159793681318719294e+01 5.429649394108717608e+00
-1.684301409998170129e+02 3.427781040376067523e+01 2.588899329092037149e+01 1.694056181318481080e+01 1.108414717382299131e+01
-1.674301104803762428e+02 2.462771885878833800e+01 3.214620547160902930e+01 2.192343851464505278e+01 7.008559981685199780e+00
-1.664300799609350179e+02 3.331953899150908427e+01 2.920298110221829901e+01 1.861796162930512466e+01 7.314927742855900306e+00
-1.654300494414942477e+02 4.044642564421302922e+01 2.326809866882758016e+01 1.163161484834440884e+01 1.108374599386461057e+01
-1.644300189220534776e+02 4.357615997152655041e+01 3.016814530634746205e+01 3.294364936088939988e+00 4.511081017209119359e+00
-1.634299884026122527e+02 4.418454626467630675e+01 2.593602311031603591e+01 1.260925707656920025e+01 4.510947290555432865e+00
-1.624299578831714825e+02 4.822613055173756891e+01 6.846549221612431957e+00 1.228318681318573624e+01 -3.638756100533401927e+00
-1.614299273637307124e+02 4.792160582336094166e+01 1.176881646891063760e+01 1.195683226884135841e+01 5.124752626117420995e+00
-1.604298968442899422e+02 4.140270756564241594e+01 1.636889435642934387e+01 2.968436813187588452e+00 4.203375989513573607e+00
-1.594298663248491721e+02 4.170736492674041074e+01 1.245601338225323573e+01 2.225121446379823809e+01 4.360287316849509320e-01
-1.584298358054079472e+02 4.140244230019859373e+01 8.783054680780191248e+00 3.009657552668559610e+00 -1.447377443921770590e+00
-1.574298052859671770e+02 3.766657643600092342e+01 2.133187398470416341e+01 -3.730928336661663458e+00 4.817716231684078920e+00
-1.564297747665264069e+02 4.170736492674041074e+01 5.838707211220012461e+00 1.497817033269358866e+01 7.623970037077164363e+00
-1.554297442470851820e+02 4.170736492674041074e+01 1.935367343191552081e+01 4.931681136577566349e+00 1.200592499038721250e+01
-1.544297137276444118e+02 4.418573995916592168e+01 7.816486601443059179e+00 2.858399931318745857e+01 1.953767751968166877e+01
-1.534296832082036417e+02 4.326911522144469302e+01 3.243385950132161355e+01 3.004682635840588034e+00 6.084241358722548121e+00
-1.524296526887628715e+02 4.075731674321620090e+01 3.253943091682116773e+01 1.854348001726332740e+01 7.442686659910058289e-01
-1.514296221693221014e+02 4.700272632938004591e+01 -3.034626415870692817e+00 4.259038016911127755e+01 7.933680964560629434e+00
-1.504295916498808765e+02 3.518859930173707085e+01 3.049398474166362760e+01 8.609566082094858075e+00 1.108174009407202121e+01
-1.494295611304401064e+02 3.518859930173707085e+01 2.819429676670541340e+01 2.727175839271837177e+01 8.890762617421446024e+00
-1.484295306109993362e+02 3.610734616300166522e+01 3.282540029627909917e+01 1.592468379557453240e+01 9.508178572603323886e+00
-1.474295000915581113e+02 4.791974896526009076e+01 9.146517971613608466e+00 2.195655724670821840e+01 9.199403731686320640e+00
-1.464294695721173412e+02 3.644197851914520214e+01 2.654404146204573323e+01 -9.988947293051946730e+00 8.890361437463065286e+00
-1.454294390526765710e+02 2.897648052865923418e+01 2.197260262872513081e+01 -1.168923172661195053e+01 9.199403731686320640e+00
-1.444294085332358009e+02 3.518859930173707085e+01 1.342173913646107586e+01 1.195441588066512217e+01 7.008559981685199780e+00
-1.434293780137950307e+02 3.022893131701515657e+01 1.932096313961797662e+01 -9.990652978817431418e+00 2.317429007506427219e+00
-1.424293474943538058e+02 2.432398992674077931e+01 2.689627375123110298e+01 -6.700669405908013410e+00 2.626872481682958504e+00
-1.414293169749130357e+02 2.680408918454423528e+01 1.572128672389993120e+01 1.228318681318573624e+01 5.127427159169975823e+00
-1.404292864554722655e+02 3.115006556726694598e+01 1.932222662730495344e+01 1.651078835407953083e+00 6.698715327547174248e+00
-1.394292559360310406e+02 3.518859930173707085e+01 2.787168624436613484e+01 -5.687349916958666540e+00 -1.839280298989051099e-01
-1.384292254165902705e+02 3.766909645770837045e+01 2.886956074079120782e+01 6.615619414820073985e+00 -6.446614625759576001e+00
-1.374291948971495003e+02 3.953444305173929507e+01 2.622339636498891835e+01 1.428210839729841197e+01 -4.895519181930108488e+00
-1.364291643777087302e+02 4.449596789456205670e+01 3.739782184223861350e+01 1.195327875681723384e+01 6.698180420936663104e+00
-1.354291338582679600e+02 5.009107924760615305e+01 3.576820350311076879e+01 1.261323701003469466e+01 8.561126418688091988e+00
-1.344291033388267351e+02 4.636131448859496373e+01 2.787238818196861345e+01 1.628017713852127102e+01 2.172317220357724210e+01
-1.334290728193859650e+02 5.318845119089336038e+01 3.707240356948732085e+01 3.298771291000049288e+00 1.295952975027205234e+01
-1.324290422999451948e+02 5.660944697444431029e+01 3.379337225081863494e+01 1.593378078635765682e+01 6.697645514326151961e+00
-1.314290117805039699e+02 5.257197430173979313e+01 1.966673760285885919e+01 3.058206805441031761e+01 1.249805376722225719e-01
-1.304289812610631998e+02 5.195470161625716798e+01 1.571974246117233776e+01 1.794620571616267313e+01 -1.443633097648198582e+00
-1.294289507416224296e+02 4.139859595127795444e+01 8.492873675694120550e+00 -3.529598060223508305e-01 4.817716231684078920e+00
-1.284289202221816595e+02 4.170736492674041074e+01 5.200505542567630535e+00 -1.100368818681294059e+01 -2.377713766254845762e+00
-1.274288897027408893e+02 4.480738952445091172e+01 6.846549221612431957e+00 -6.953762247233048477e-01 -6.136502518315298360e+00
-1.264288591832996644e+02 5.226280742811258762e+01 1.242821665317305246e+01 4.965794852006046867e+00 -1.443098191040358858e+00
-1.254288286638588943e+02 4.605320867673954410e+01 2.820103536769097019e+01 3.299908414847469107e+00 -1.442964464385558809e+00
-1.244287981444181241e+02 4.543434439860187268e+01 3.214620547160902930e+01 1.094934053960649933e+01 7.480130122650212599e-01
-1.234287676249768992e+02 3.984400782353125692e+01 2.656327455236143464e+01 1.328485078269433473e+01 6.696441974451007084e+00
-1.224287371055361291e+02 4.636290608125198531e+01 2.130197144281582666e+01 6.292818382499358876e+00 2.626872481682958504e+00
-1.214287065860953589e+02 4.388028680173842844e+01 2.721832272349006843e+01 1.826872246752152762e+01 2.314487021144950418e+00
-1.204286760666545888e+02 4.791616788178328079e+01 2.327441610725408694e+01 3.523787950912296907e+01 1.061067106065669563e+00
-1.194286455472138186e+02 4.915641645976717911e+01 2.721804194844991187e+01 2.858399931318414744e+01 9.512056645529030519e+00
-1.184286150277725937e+02 5.940096786213815960e+01 2.031799531092421418e+01 3.091268681318533851e+01 1.107746084119060903e+01
-1.174285845083318236e+02 5.878037935862099772e+01 1.834639297160850901e+01 2.292879813666082001e+01 4.504795864535116046e+00
-1.164285539888910535e+02 5.505538937758085893e+01 2.064636172160968641e+01 1.427912344719539028e+01 2.626872481682958504e+00
-1.154285234694498286e+02 5.598594055104945255e+01 1.801760539836118014e+01 1.261607981965653735e+01 5.444091872594507997e+00
-1.144284929500090584e+02 5.070981089302290457e+01 1.637535218237800905e+01 1.195015166623447733e+01 1.139024748168744061e+01
-1.134284624305682883e+02 5.505578727574605580e+01 1.801732462332102358e+01 9.621322025755665308e+00 1.420800177920395235e+01
-1.124284319111275181e+02 5.940176365846567563e+01 1.177569545741907930e+01 1.294982566901055421e+01 1.483116798045220364e+01
-1.114284013916867480e+02 6.312542731229261506e+01 2.097571084493779381e+01 1.794094651836364207e+01 7.008559981685199780e+00
-1.104283708722455231e+02 5.629524005740221071e+01 2.919371552586039797e+01 1.926271085105556224e+01 9.199403731686320640e+00
-1.094283403528047529e+02 5.071047405662950780e+01 4.429786847975871211e+01 3.309716108034051807e+00 4.189735870944555352e+00
-1.084283098333639828e+02 5.474489617674090169e+01 1.505711336393977007e+01 3.190582235384063736e+01 -1.754815018313056418e+00
-1.074282793139227579e+02 4.760275676107178811e+01 2.229591508867176231e+01 1.966346422227728929e+00 1.064543999036977828e+00
-1.064282487944819877e+02 4.884976960785137123e+01 2.162612622788107686e+01 1.628273566718409526e+01 9.828186452342606572e+00
-1.054282182750412176e+02 5.039905242673867747e+01 1.900677586851682577e+01 8.282927256788401138e+00 1.295204105772490344e+01
-1.044281877556004474e+02 5.319614388873420552e+01 2.261599863563802870e+01 9.632551123748461563e+00 1.997554854421267789e+00
-1.034281572361596773e+02 6.374880110295752900e+01 1.604642422161060011e+01 1.659245977525947424e+01 1.065613812254013970e+00
-1.024281267167184524e+02 6.592185561068153277e+01 1.801578036059389731e+01 -4.672609023196973688e+00 1.997019947808764462e+00
-1.014280961972776822e+02 7.026783199340424346e+01 1.111573372307635665e+01 1.727544478638883518e+01 -3.945658768314177056e+00
-1.004280656778369121e+02 7.430119305173855082e+01 9.808304743720347219e+00 1.826417397213302962e+01 3.572453642415033492e+00
-9.942803515839568718e+01 6.653143559831518417e+01 2.920143683949651603e+01 -2.024105440981375903e+00 1.421174612547951810e+01
-9.842800463895491703e+01 5.723069864156850173e+01 4.101490631051625257e+01 6.303052497130371634e+00 1.482555146103885413e+01
-9.742797411951414688e+01 5.597877838409581130e+01 3.674614297161138410e+01 1.694056181318481080e+01 1.364492880880448178e+00
-9.642794360007337673e+01 5.102534413727622820e+01 3.641468803547373767e+01 1.660496813757685430e+01 -1.020246139146389197e+01
-9.542791308063260658e+01 5.474489617674090169e+01 2.885145075063844189e+01 7.961547629275070648e+00 -2.998071707797294483e+00
-9.442788256119138168e+01 5.474489617674090169e+01 2.394153760515005658e+01 6.618177943473234848e+00 9.515399811846219080e+00
-9.342785204175061153e+01 6.251783681547436089e+01 2.358691872810988244e+01 1.197061989549792749e+01 8.883273924874291794e+00
-9.242782152230984138e+01 7.398751666558455042e+01 1.803852313892992143e+01 1.958096338799106917e+01 9.515667265150479892e+00
-9.142779100286861649e+01 7.026915832061941103e+01 3.278538985290008867e+01 8.660168093336361395e+00 9.515800991804152176e+00
-9.042776048342784634e+01 7.335936809694418059e+01 9.146517971613608466e+00 4.586771323920591215e+01 1.764624774491461423e+01
-8.942772996398707619e+01 6.375065796105837990e+01 2.460851871552176107e+01 2.092475949523263523e+01 1.107358276826490240e+01
-8.842769944454630604e+01 7.026955621877954172e+01 3.081589332640298551e+01 1.960598011264232099e+01 7.642156861834088488e+00
-8.742766892510553589e+01 7.275695027626218803e+01 1.834639297160850901e+01 2.092419093331363911e+01 1.827971089841137342e+01
-8.642763840566431099e+01 7.864703680174078215e+01 1.801353416026428889e+01 1.761459197402351506e+01 1.199576176478174183e+01
-8.542760788622354085e+01 7.770322235612660222e+01 1.637942342047490030e+01 2.126077959228738479e+01 -4.580058008380278878e+00
-8.442757736678277070e+01 6.498003065588913785e+01 2.097950130799453561e+01 1.626596309042475852e+01 -7.692679574946057031e+00
-8.342754684734154580e+01 6.157853188238940589e+01 2.524629922161203766e+01 1.295806981691093718e+01 -1.754815018313056418e+00
-8.242751632790077565e+01 6.406658910347842095e+01 2.294633047161086381e+01 2.126035317084389575e+01 1.388831131658797347e+00
-8.142748580846000550e+01 6.466409951346908258e+01 2.754626797160994656e+01 1.427414853036034259e+01 1.139024748168744061e+01
-8.042745528901923535e+01 5.723308603055303934e+01 2.294633047161086381e+01 1.063023515979579692e+01 9.199403731686320640e+00
-7.942742476957846520e+01 6.312118306520722655e+01 2.261248894762353245e+01 2.227395694075605093e+01 1.640793894158176158e+01
-7.842739425013724031e+01 5.723335129599686866e+01 1.901435679462750628e+01 2.824584710891738482e+01 1.951735106848225954e+01
-7.742736373069647016e+01 6.189499355569050465e+01 3.281445006967097555e+01 1.859266062369059824e+01 1.139024748168744061e+01
-7.642733321125570001e+01 6.995534930174251542e+01 3.181194278506264794e+01 1.427343782795594151e+01 1.609033814159232278e+01
-7.542730269181447511e+01 6.497764326690018777e+01 3.214620547160902930e+01 9.954499313187852749e+00 1.577193498168345620e+01
-7.442727217237370496e+01 6.375264745188014359e+01 3.411163076001878380e+01 9.615778546996663678e+00 1.577193498168345620e+01
-7.342724165293293481e+01 6.624189836746363369e+01 2.491161537250005864e+01 5.635987219857116592e+00 1.828158307154916074e+01
-7.242721113349216466e+01 6.963902026115704302e+01 2.558112345824409672e+01 9.615494266035751636e+00 2.485424804820154066e+01
-7.142718061405139451e+01 7.027181097504580976e+01 3.315109934406822845e+01 7.964959000819222368e+00 2.170632264534912892e+01
-7.042715009461016962e+01 6.900556638365992512e+01 4.168118548328756390e+01 1.228318681318573624e+01 1.577193498168345620e+01
-6.942711957516939947e+01 5.628436417424423155e+01 4.000509887483389093e+01 9.954499313187852749e+00 1.294241273873571174e+01
-6.842708905572862932e+01 5.569547489114594185e+01 3.051700829503956314e+01 6.607090985958998353e+00 4.817716231684078920e+00
-6.742705853628740442e+01 7.027234150593082518e+01 3.641061679737475032e+01 -2.998478438137288205e+00 6.688953281903852854e+00
-6.642702801684663427e+01 7.710836460056694364e+01 2.721060140985371945e+01 1.762027759326579712e+01 4.360287316849509320e-01
-6.542699749740586412e+01 8.145447361600793101e+01 3.775356381944126127e+01 4.617124252146878938e+00 5.137590384769684881e+00
-6.442696697796509397e+01 9.200195815409236388e+01 2.586653128762938181e+01 3.096499451018596716e+01 9.199403731686320640e+00
-6.342693645852432383e+01 8.855907797151532179e+01 2.429068136887814688e+01 3.119966844430478758e+01 3.857291412514937345e+00
-6.242690593908309893e+01 8.331053591953791226e+01 3.310126177425424743e+01 2.398092197692409755e+01 -3.305108102226656630e+00
-6.142687541964232878e+01 7.986659467518558131e+01 2.496454146776503080e+01 3.483363198119570825e+01 5.138125291380196913e+00
-6.042684490020155863e+01 7.774579745970123668e+01 4.757296894785267938e+01 1.699684944365354156e+01 7.329102768033447290e+00
-5.942681438076033373e+01 8.951164617674015744e+01 3.741944152041377691e+01 3.420665031956214364e+01 8.878727218683950539e+00
-5.842678386131956358e+01 8.951164617674015744e+01 4.959314536929630179e+01 1.160119678541227550e+01 7.329370221339699398e+00
-5.742675334187879344e+01 9.014828323954890266e+01 5.806118022440635684e+01 1.631756008502310351e+01 6.687616015378571532e+00
-5.642672282243802329e+01 9.634886296586284971e+01 3.837197084768922650e+01 3.290009501833864647e+01 1.203240286760138744e+01
-5.542669230299725314e+01 9.820333367673843838e+01 3.444617422161020670e+01 1.954940820121528233e+01 1.577193498168345620e+01
-5.442666178355602824e+01 9.788461724716908918e+01 3.214620547160902930e+01 -1.688938186811484776e+00 1.261705579289087531e+01
-5.342663126411525809e+01 9.852218273902870749e+01 2.687128477256244352e+01 8.992634678351189237e+00 7.651517727519478562e+00
-5.242660074467448794e+01 9.507346671670727289e+01 2.625919518274377040e+01 1.625686609964163054e+01 1.609354758125538254e+01
-5.142657022523326305e+01 8.829606728494087520e+01 4.168385284617670550e+01 1.029648931044177296e+01 1.545018865546052211e+01
-5.042653970579249290e+01 1.031876713476502374e+02 3.539449192326659244e+01 1.796695822638891471e+01 1.139024748168744061e+01
-4.942650918635172275e+01 1.068950211767397889e+02 2.030830857200329120e+01 2.755717647853867192e+01 1.390310501121264153e+01
-4.842647866691095260e+01 1.065755089508433855e+02 1.604642422161060011e+01 8.927250057098184755e+00 2.047576998786547620e+01
-4.742644814747018245e+01 1.044024544431239860e+02 1.604642422161060011e+01 6.667358549892743902e+00 2.015362248168569792e+01
-4.642641762802895755e+01 9.820333367673843838e+01 1.604642422161060011e+01 1.995465071250313116e+01 2.266688119117285183e+01
-4.542638710858818740e+01 1.003762555517395469e+02 2.132359112098728104e+01 3.056984397304656298e+01 2.169936885941049454e+01
-4.442635658914741725e+01 1.028692201835231970e+02 2.788502305882160925e+01 1.961223429380523342e+01 8.554038906103082596e+00
-4.342632606970619236e+01 1.068950211767397889e+02 2.984623672161112395e+01 3.022643257098122760e+01 9.522219871130733537e+00
-4.242629555026542221e+01 1.044017912795154075e+02 3.478521008386132962e+01 2.159793681318719294e+01 1.171319734778352561e+01
-4.142626503082465206e+01 1.056834212665800976e+02 3.938528797138376092e+01 1.426846291112371468e+01 1.828586232443324988e+01
-4.042623451138388191e+01 1.159072819644093784e+02 3.572819305973803239e+01 2.029990994081651934e+01 2.234446623168681967e+01
-3.942620399194311176e+01 1.230675920629083606e+02 2.524629922161203766e+01 2.022315408108835655e+01 2.047697352773862889e+01
-3.842617347250188686e+01 1.307971618017427602e+02 3.282540029627887179e+01 6.938136166173749508e+00 2.956396702710071622e+01
-3.742614295306111671e+01 1.283032687409086918e+02 3.640640517175778257e+01 6.329064205149275146e+00 3.078422273232589035e+01
-3.642611243362034656e+01 1.292664475638489705e+02 2.950635853423792554e+01 1.193906470871861103e+01 2.356405330365134532e+01
-3.542608191417912167e+01 1.270180576703555033e+02 3.248622404650766526e+01 4.952860068238591040e+00 1.512416307635304591e+01
-3.442605139473835152e+01 1.165508159287338543e+02 2.916591879677974930e+01 1.064331208404534657e+01 9.523423411003886230e+00
-3.342602087529758137e+01 1.292672433601784689e+02 1.766579427174024985e+01 1.762965886500701629e+01 1.106609407571774639e+01
-3.242599035585681122e+01 1.376375617761794672e+02 2.004859165889122607e+01 2.392662431318838401e+01 6.684272849063375155e+00
-3.142595983641604107e+01 1.404541502482220494e+02 3.938669184658871814e+01 2.625531181318626395e+01 2.951293340956912203e+00
-3.042592931697481617e+01 1.503534586767404164e+02 3.802395018411805694e+01 2.194291176054129622e+01 9.199403731686320640e+00
-2.942589879753404603e+01 1.556653991695520460e+02 2.788712887163113763e+01 2.987733554968068006e+01 1.977495856526121587e+00
-2.842586827809327588e+01 1.637131548070656777e+02 3.742814554668836280e+01 -3.960283717591390751e-01 -3.620836729082303584e+00
-2.742583775865205098e+01 1.755447893539324014e+02 3.274046584631068413e+01 1.401019365717846732e+01 4.817716231684078920e+00
-2.642580723921128083e+01 1.901109127182795646e+02 2.499402284709429267e+01 1.685044474823721927e+01 4.817716231684078920e+00
-2.542577671977051068e+01 1.994479910406996623e+02 4.526317307140841706e+01 -1.252140488742192748e+00 2.952095700873675010e+00
-2.442574620032974053e+01 2.193275138577945995e+02 3.742926864685267674e+01 2.754651594246628576e+01 7.659273873370430863e+00
-2.342571568088897038e+01 2.413802238153297992e+02 4.492090829618714309e+01 1.297512667462555314e+01 1.796277873168457617e+01
-2.242568516144774549e+01 2.668101607583586770e+02 2.686258074628415926e+01 2.625531181318626395e+01 1.577193498168345620e+01
-2.142565464200697534e+01 2.841940662892424712e+02 2.363029847197680411e+01 2.021291996645592448e+01 1.544617685588269218e+01
-2.042562412256620519e+01 3.078631712227031585e+02 4.203032924701705042e+01 2.371731074002399353e+00 8.873511879232962585e+00
-1.942559360312498029e+01 3.584884178245719681e+02 2.745038329503386976e+01 4.428881677641404480e+01 6.682534402577720023e+00
-1.842556308368421014e+01 4.028274039620636131e+02 2.142803943632016939e+01 3.408526234880016403e+01 1.098694259258051059e-01
-1.742553256424343999e+01 4.432355541348742349e+02 5.216083312108234082e+01 8.418529275648783283e+00 -4.598244833137655085e+00
-1.642550204480266984e+01 5.032010622444556134e+02 4.007416953496915824e+01 3.546999491457567899e+01 -5.157222241124156170e+00
-1.542547152536189969e+01 5.683908406179867825e+02 5.411741399569743294e+01 1.565319547688983448e+01 1.050564567454673615e+01
-1.442544100592067480e+01 6.475902154568308333e+02 3.640317625878344643e+01 2.625531181318626395e+01 2.267116044405694097e+01
-1.342541048647990465e+01 7.251696142362347928e+02 4.237540177265403685e+01 1.857446664212433518e+01 1.949996660364119805e+01
-1.242537996703913450e+01 8.131586921561686268e+02 5.020270798374381371e+01 2.031184974121937259e+01 1.325412956601153347e+01
-1.142534944759790960e+01 9.255053714665074267e+02 4.364604922161164779e+01 2.858399931318414744e+01 1.106315208935893857e+01
-1.042531892815713945e+01 1.036976807448154887e+03 4.594601797160955670e+01 2.823618155621031889e+01 4.490487112703448247e+00
-9.425288408716369304e+00 1.157789831264749409e+03 4.824598672161073409e+01 2.427458421064266503e+01 2.954235327315719584e+00
-8.425257889275599155e+00 1.305328613712618790e+03 4.364604922161164779e+01 2.788779523731417243e+01 6.681063409400309183e+00
-7.425227369834829005e+00 1.464281768165765698e+03 4.295815037067097819e+01 1.926924931318600187e+01 -2.410075616189744974e+00
-6.425196850393604109e+00 1.631926875384435334e+03 3.973429134759756920e+01 1.589540285649050588e+01 -5.808738492724155655e+00
-5.425166330952833960e+00 1.802395600609306030e+03 4.859021692212355248e+01 6.342709691321145371e+00 -1.426917266070250268e+00
-4.425135811512063810e+00 1.987099530558583410e+03 3.927985694341403189e+01 2.764999421262248802e+01 2.626872481682958504e+00
-3.425105292070838914e+00 2.175278305176390859e+03 2.559081019716711225e+01 3.254374883250302020e+01 4.360287316849509320e-01
-2.425074772630068765e+00 2.374867605450473548e+03 3.548012831083843821e+01 2.625531181318626395e+01 5.474314096087385728e+00
-1.425044253189298615e+00 2.574238194366933840e+03 3.904611172161256150e+01 2.858399931318414744e+01 8.542538413978753908e+00
-4.250137337485284661e-01 2.793384056781455911e+03 4.698081438595824721e+01 2.555683348962051227e+01 1.074623461795051055e-01
5.750167856922416831e-01 3.006988921993271106e+03 4.951073789470625286e+01 1.926924931318600187e+01 7.647288438425261514e-01
1.575047305133466580e+00 3.232979561262140123e+03 3.870089880845500829e+01 1.961877275593215941e+01 4.360287316849509320e-01
2.575077824574236729e+00 3.454624356780906510e+03 3.674614297161138410e+01 2.660497739641238368e+01 2.297904916219131621e+00
3.575108344015006878e+00 3.675942743172265182e+03 3.743713034800630624e+01 2.858399931318414744e+01 4.360287316849509320e-01
4.575138863456231775e+00 3.888895718558408134e+03 5.089158954733178319e+01 2.357667444899592724e+01 3.614577537997242018e+00
5.575169382897001924e+00 4.115539573980164278e+03 4.525446904513340485e+01 2.893409131785706379e+01 8.870034986263645393e+00
6.575199902337772073e+00 4.331204623253776845e+03 4.203791017313331224e+01 2.287592187773389085e+01 4.488213759609274156e+00
7.575230421778542222e+00 4.534811633925067326e+03 5.284592422161308178e+01 1.193281052755521721e+01 4.360287316849509320e-01
8.575260941219312372e+00 4.725707655106491075e+03 3.961510234261051266e+01 1.566342959152085079e+01 4.817716231684078920e+00
9.575291460660537268e+00 4.919103537821298232e+03 3.053890874825534851e+01 2.089661567999909408e+01 2.626872481682958504e+00
1.057532198010130742e+01 5.115654355080399910e+03 3.743909577329576166e+01 6.222600984889634645e+00 -2.240460256852126464e-01
1.157535249954207757e+01 5.311759128497376878e+03 4.594601797160955670e+01 4.723161050961406815e+00 -2.955145452302308851e+00
1.257538301898330246e+01 5.489616689999832488e+03 4.329929204572745505e+01 2.159793681318719294e+01 7.008559981685199780e+00
1.357541353842407261e+01 5.669974643566392842e+03 4.169297803501800814e+01 1.658933268466681454e+01 6.678121423041502247e+00
1.457544405786484276e+01 5.840001569196216224e+03 4.490490411883553179e+01 1.496324558218206846e+01 -2.251158389062339338e-01
1.557547457730561291e+01 5.996784719694237538e+03 2.949905838316670170e+01 2.265247704162341691e+01 -5.805796506367340903e+00
1.657550509674638306e+01 6.154100390568758485e+03 3.388279910143628371e+01 2.950606461334837505e+01 -1.754815018313056418e+00
1.757553561618760796e+01 6.295016423338103777e+03 5.284592422161308178e+01 1.263498450362767578e+01 1.097975662192898216e+00
1.857556613562837811e+01 6.439747105808101878e+03 5.054595547161190439e+01 2.463050397502937017e+01 6.677452789778861586e+00
1.957559665506914826e+01 6.591527880585099410e+03 4.824598672161073409e+01 2.787983537037893811e+01 5.148957150242546632e+00
2.057562717451037315e+01 6.736990563044672854e+03 5.019807519556241715e+01 1.658833770129938046e+01 1.632748546048772065e+00
2.157565769395114330e+01 6.859993087826446754e+03 4.629403863517912043e+01 1.531660681791539069e+01 -3.282642024585209040e+00
2.257568821339191345e+01 7.003410175823511963e+03 4.720150356834229655e+01 2.964152449172598480e+01 1.043866331685727872e-01
2.357571873283268360e+01 7.142810481852423436e+03 3.709444441022110084e+01 2.682074664655395679e+01 -1.091263367975569887e+00
2.457574925227345375e+01 7.283067197363533523e+03 4.399449104774095076e+01 1.729335448699206523e+01 6.344740878043453769e+00
2.557577977171467865e+01 7.410285585828371950e+03 4.064891604430702898e+01 1.962218412747583329e+01 -3.945658768314177056e+00
2.657581029115544879e+01 7.527956407841839791e+03 3.974355692395615591e+01 1.856309540364542343e+01 7.682057368118393459e-01
2.757584081059621894e+01 7.644638718182578486e+03 4.894371269899497179e+01 1.461187431318361796e+01 4.485405499905060545e+00
2.857587133003744384e+01 7.762309672828822841e+03 5.479688959539996773e+01 1.997597178465264278e+01 7.684731901180907876e-01
2.957590184947821399e+01 7.876488540552779341e+03 4.594601797161282519e+01 2.089093006075963643e+01 2.626872481682958504e+00
3.057593236891898414e+01 7.980791973738083470e+03 5.619374542537384087e+01 1.531916534657208651e+01 -2.293950917903193054e-01
3.157596288835975429e+01 8.080089317486165783e+03 6.169637468283672632e+01 2.392662431318838401e+01 -3.612813129924176359e+00
3.257599340780052444e+01 8.180046641656023894e+03 6.169623429531714009e+01 2.357269451553323591e+01 -1.754815018313056418e+00
3.357602392724174933e+01 8.273815588309984378e+03 4.984654484397835716e+01 1.157504293691079233e+01 7.691418233807305604e-01
3.457605444668251948e+01 8.379440971829666523e+03 5.194533827695881456e+01 9.954499313187852749e+00 2.626872481682958504e+00
3.557608496612328963e+01 8.493948105539137032e+03 6.204579922161125438e+01 1.835798668958166147e+01 2.293491936682919619e+00
3.657611548556451453e+01 8.602597515107208892e+03 6.964595842436921203e+01 2.752050423444101312e+01 -2.088329289967690627e+00
3.757614600500528468e+01 8.706901080925232236e+03 7.514507799381392772e+01 8.689733313371165835e+00 -5.802854520008533967e+00
3.857617652444605483e+01 8.814888387947934461e+03 5.569382546451689819e+01 4.665872501589599608e+01 -1.754815018313056418e+00
3.957620704388682498e+01 8.914845844750518154e+03 4.239772338843123123e+01 3.738803856500714318e+01 -1.086984115091484515e+00
4.057623756332759513e+01 9.017970173042403985e+03 5.444451691869544163e+01 1.532200815618969614e+01 1.205834583821015826e+01
4.157626808276882002e+01 9.130634109822374739e+03 5.725086345549946998e+01 2.159793681318719294e+01 1.577193498168345620e+01
4.257629860220959017e+01 9.234606093836850050e+03 6.754183026560588132e+01 2.428197551565395074e+01 1.257814133697771020e+01
4.357632912165036032e+01 9.335409747402083667e+03 5.249481503259134740e+01 2.518883178434718673e+01 1.015783734638919522e-01
4.457635964109158522e+01 9.422329275056543338e+03 5.214342506852577230e+01 1.532314528004182641e+01 1.105196901435788526e+00
4.557639016053235537e+01 9.516431527739385274e+03 3.834333179348460163e+01 2.965133218491563127e+01 7.008559981685199780e+00
4.657642067997312552e+01 9.598853612443217571e+03 3.320079652636071188e+01 3.718690978440887562e+01 4.482864693504163611e+00
4.757645119941389567e+01 9.669718081802644519e+03 5.160096768892381647e+01 2.625531181318626395e+01 5.487686761348169462e+00
4.857648171885466581e+01 9.754464554949341618e+03 5.814948397486010379e+01 2.483049563178355257e+01 1.610705397317027021e+01
4.957651223829589071e+01 9.832359752238480723e+03 6.718594790087732349e+01 1.781898998568696513e+01 1.762752601354675619e+01
5.057654275773666086e+01 9.919944300358090914e+03 3.904611172160929300e+01 4.471808102899033344e+01 1.105486103689701416e+01
5.157657327717743101e+01 9.997506589516433451e+03 5.620258983917010909e+01 9.597868846393433628e+00 1.206128782456896431e+01
5.257660379661865591e+01 1.008726459004197022e+04 4.347940923465009178e+01 3.538200995684749017e+01 1.762712483358837545e+01
5.357663431605942606e+01 1.016198734526746011e+04 4.416618498544252702e+01 2.912811307439908859e+01 6.336984732187582736e+00
5.457666483550019620e+01 1.023469540945460540e+04 5.833521666461838606e+01 2.804059625437479397e+01 2.626872481682958504e+00
5.557669535494096635e+01 1.031910857657237466e+04 4.700439948941588142e+01 3.951303875575057134e+01 2.962927559736025618e+00
5.657672587438173650e+01 1.039482979092470669e+04 7.035744237876708951e+01 2.715463463639267516e+01 3.809149817568965535e+00
5.757675639382296140e+01 1.046369840309226129e+04 7.478638787867870974e+01 1.532684093254641233e+01 -8.327346268316418332e+00
5.857678691326373155e+01 1.053106097070807482e+04 6.469898297344319360e+01 2.356899886302652902e+01 -5.800046260303848733e+00
5.957681743270450170e+01 1.059625061644889138e+04 6.965241625031093520e+01 1.658279422254249980e+01 1.109208701011629605e+00
6.057684795214572659e+01 1.065425355817966556e+04 8.044554922161086097e+01 1.801429100655895965e+01 7.008559981685199780e+00
6.157687847158649674e+01 1.071325827485529044e+04 7.779194430721935305e+01 2.858399931318414744e+01 7.008559981685199780e+00
6.257690899102726689e+01 1.077627486608838444e+04 7.124567422160941987e+01 2.822580530109885544e+01 9.199403731686320640e+00
6.357693951046803704e+01 1.083678416835578355e+04 7.619952866104551958e+01 2.428496046575413203e+01 7.008559981685199780e+00
6.457697002990880719e+01 1.088074475333907321e+04 6.982944491379790009e+01 3.431680919232616134e+01 4.817716231684078920e+00
6.557700054935003209e+01 1.092336985945041306e+04 6.045422590056155343e+01 4.452619137965709228e+01 9.199403731686320640e+00
6.657703106879080224e+01 1.097234435920148098e+04 7.124567422160941987e+01 3.252384916516704294e+01 7.346086052917670806e+00
6.757706158823157239e+01 1.101463576138571261e+04 6.027340677403151403e+01 2.894290402767435211e+01 1.037726808803411949e+01
6.857709210767279728e+01 1.106862536959908721e+04 4.630063684864787632e+01 3.557006181318772065e+01 -1.417021493774813790e+00
6.957712262711356743e+01 1.111459335082104189e+04 5.585541150072728556e+01 2.517774482682706960e+01 1.021318548525528414e+01
7.057715314655433758e+01 1.117176150220318414e+04 5.709096206953419284e+01 2.267593022098775890e+01 1.290496927599996546e+01
7.157718366599510773e+01 1.122691761520140972e+04 5.514589297161425918e+01 3.897716914242753461e+01 7.346754686180312355e+00
7.257721418543587788e+01 1.126686221401286821e+04 5.585625382585101306e+01 3.806974431182018748e+01 8.861075300539079436e+00
7.357724470487710278e+01 1.129110084385211667e+04 6.505640960089351665e+01 2.231745192794104327e+01 1.172870963948569134e+01
7.457727522431787293e+01 1.133122184418305733e+04 7.549015051945089283e+01 3.664976090675681064e+01 1.611053086613958030e+01
7.557730574375864308e+01 1.136397416841015183e+04 6.434576797160916328e+01 4.219608247484709551e+01 1.577193498168345620e+01
7.657733626319986797e+01 1.137985733469819388e+04 7.160141619881254371e+01 3.216082237672503652e+01 1.864050540720406701e+01
7.757736678264063812e+01 1.140776989092072290e+04 7.017802712744031624e+01 2.733629017108913217e+01 2.419631291727606381e+01
7.857739730208140827e+01 1.143485468632887932e+04 5.974583047161007698e+01 3.789874931318891527e+01 1.441541181743103550e+01
7.957742782152217842e+01 1.146711308630140775e+04 6.505809425113537259e+01 3.448823061240211985e+01 -2.094079536031821398e+00
8.057745834096294857e+01 1.149502537725849652e+04 6.593312966704397127e+01 2.697681689467074762e+01 -1.754815018313056418e+00
8.157748886040417347e+01 1.152042772659546972e+04 6.311513096602755724e+01 3.825964399441068053e+01 3.305936423730360119e+00
8.257751937984494361e+01 1.154032144111375419e+04 7.885874907626055119e+01 3.520902499148219533e+01 7.008559981685199780e+00
8.357754989928571376e+01 1.155703143978711523e+04 8.381569204114555305e+01 3.825992827537158547e+01 9.199403731686320640e+00
8.457758041872693866e+01 1.157291659556597369e+04 9.051793266213950062e+01 3.789874931318891527e+01 1.241004693462614483e+01
8.557761093816770881e+01 1.158677857181230866e+04 7.548860625672377012e+01 3.753728607003989737e+01 1.475173434878836254e+01
8.657764145760847896e+01 1.159966781967976021e+04 7.283135126679492544e+01 3.055108142955586459e+01 6.668359377400173926e+00
8.757767197704924911e+01 1.162473115978077840e+04 6.434576797161243178e+01 2.661705933729619744e+01 5.158050562621235180e+00
8.857770249649001926e+01 1.164462567009539453e+04 6.506062122650840251e+01 3.287948464859614006e+01 6.668091924095914891e+00
8.957773301593124415e+01 1.167456339534127619e+04 7.196080825154973581e+01 3.360340611825949253e+01 4.360287316849509320e-01
9.057776353537201430e+01 1.171266347089596093e+04 7.937242701413990176e+01 3.360354825873994855e+01 9.529322078989793665e-02
9.157779405481278445e+01 1.173555229752931882e+04 6.470361576161973005e+01 3.789874931318891527e+01 -4.286528005861844015e+00
9.257782457425400935e+01 1.176046960900406702e+04 7.318765479407787211e+01 3.484514536015481667e+01 -3.263652839911083792e+00
9.357785509369477950e+01 1.178953805939375525e+04 7.390377153666341314e+01 3.200048791417555094e+01 5.158852922537997543e+00
9.457788561313554965e+01 1.180895270452228033e+04 7.620388067418465994e+01 4.561029682814059782e+01 7.349830399191248809e+00
9.557791613257631980e+01 1.184202759152786348e+04 7.584561172161177467e+01 5.150798966523161937e+01 1.426389952000131878e+01
9.657794665201708995e+01 1.184868734573573602e+04 8.719678508729047905e+01 3.499453500568090902e+01 1.762124086087426633e+01
9.757797717145831484e+01 1.184854741821463904e+04 9.633446841566824048e+01 2.595596396023487173e+01 1.358109123168544841e+01
9.857800769089908499e+01 1.186674820867674134e+04 7.835742524019781285e+01 5.827913575797533952e+01 1.323928590756937496e+01
9.957803821033985514e+01 1.186308064866407403e+04 1.156630222519624027e+02 2.196139002306565402e+01 1.207412558322433327e+01
1.005780687297810800e+02 1.187679699418229757e+04 1.046678716385186050e+02 5.332525571464299219e+01 2.268653900910963017e+01
1.015780992492218502e+02 1.189200797783818234e+04 1.084044258868295287e+02 4.488481181318918090e+01 2.385089697353805605e+01
1.025781297686626203e+02 1.191407726688589719e+04 1.007858759188739413e+02 5.274404328788681084e+01 1.289641077023179427e+01
1.035781602881033905e+02 1.193180097744905652e+04 1.004262030910966104e+02 3.396941785679744186e+01 3.790294359546965808e+00
1.045781908075441606e+02 1.196256248452765249e+04 8.432614106605750237e+01 4.757766322547323767e+01 -2.917835716220675391e+00
1.055782213269853855e+02 1.198979158433672455e+04 9.144449029810861873e+01 3.986313076041805203e+01 7.351301392370650944e+00
1.065782518464261557e+02 1.200934841174260691e+04 9.740548481033384576e+01 4.917773861993625673e+01 1.358109123168544841e+01
1.075782823658669258e+02 1.201199377137130250e+04 9.302567494263023207e+01 2.283285331199992285e+01 1.139024748168744061e+01
1.085783128853081507e+02 1.201770082474122319e+04 1.007850335937493043e+02 3.542976915845890318e+01 1.104710489104360782e+01
1.095783434047489209e+02 1.202319858367673987e+04 9.726608000237413876e+01 4.575400085441680886e+01 7.008559981685199780e+00
1.105783739241896910e+02 1.202353918450534366e+04 1.084056893745138979e+02 3.164272032353111541e+01 4.817716231684078920e+00
1.115784044436304612e+02 1.203005808276306379e+04 1.069632076003446741e+02 5.442698658276033541e+01 9.542947502286542871e+00
1.125784349630712313e+02 1.203440405914578878e+04 9.194539297161020386e+01 7.712113577705193279e+01 8.512048737181617142e+00
1.135784654825124562e+02 1.203269919814466994e+04 1.048889819834683408e+02 6.168709593010331815e+01 5.161527455590553259e+00
1.145784960019532264e+02 1.201885273992674229e+04 1.115618816126567907e+02 5.333321558157346942e+01 7.008559981685199780e+00
1.155785265213939965e+02 1.202388111166115959e+04 1.011452679716116450e+02 6.241712944045385569e+01 6.664481304474466405e+00
1.165785570408352214e+02 1.202686163417687567e+04 1.045293091556937668e+02 4.538415132288695020e+01 9.181632782058475606e-02
1.175785875602759916e+02 1.202422317144969929e+04 1.149450804716121723e+02 2.968203452880537796e+01 3.659910873236537299e+00
1.185786180797167617e+02 1.203406319305174293e+04 1.039370142062752223e+02 4.525096569220691123e+01 1.139024748168744061e+01
1.195786485991575319e+02 1.203406319305174293e+04 9.799244503396106154e+01 4.880959477418578274e+01 1.207947464932943937e+01
1.205786791185983020e+02 1.203943481826919015e+04 1.107070619997172827e+02 2.981337233324330782e+01 1.508244036074031236e+01
1.215787096380395269e+02 1.205247274741735600e+04 1.176071086372429590e+02 2.772163301504334143e+01 8.854522694558825791e+00
1.225787401574802971e+02 1.206048044797299735e+04 1.172450492216133426e+02 5.064235413601937807e+01 6.663545217905574525e+00
1.235787706769210672e+02 1.206951459315970169e+04 1.202696983529535828e+02 5.419956181318732291e+01 5.162864722115834581e+00
1.245788011963622921e+02 1.208106438317355241e+04 1.260824436434195519e+02 6.191963775699979777e+01 7.699124415856464232e+00
1.255788317158030623e+02 1.209627536682943719e+04 1.222076076873244546e+02 6.547585045079540578e+01 1.254484340047191893e+01
1.265788622352438324e+02 1.211263110350388524e+04 1.321331457813064105e+02 5.579366730745118019e+01 -2.550706090948313132e-01
1.275788927546846026e+02 1.211731993547147249e+04 1.452075759623627960e+02 5.530186124323444830e+01 -8.673029665358685136e+00
1.285789232741253727e+02 1.212383896636191457e+04 1.448446742216111147e+02 6.621057459701320624e+01 -5.444868270926505716e+00
1.295789537935665976e+02 1.213001487640205232e+04 1.505341592689930224e+02 6.706853454024781058e+01 -2.100765868661574665e+00
1.305789843130073677e+02 1.213150142394370960e+04 1.605811325682955442e+02 5.726396844277044096e+01 -7.165612873147184647e-01
1.315790148324481379e+02 1.212967175555174254e+04 1.593714133032802920e+02 6.853968851845787924e+01 7.008559981685199780e+00
1.325790453518893628e+02 1.213253171492369074e+04 1.666352040066816755e+02 6.400228008440815586e+01 9.545755761993220290e+00
1.335790758713301329e+02 1.213401759930174194e+04 1.820079182874866319e+02 4.991047279942461756e+01 9.199403731686320640e+00
1.345791063907709031e+02 1.213401759930174194e+04 1.953273246919901567e+02 5.493641806662044758e+01 1.139024748168744061e+01
1.355791369102116732e+02 1.213584660453010110e+04 2.229277920171116705e+02 6.155419458038435465e+01 9.199403731686320640e+00
1.365791674296524434e+02 1.213218872670609926e+04 2.448358261569200920e+02 6.314559940550825701e+01 1.139024748168744061e+01
1.375791979490936683e+02 1.213870762496382304e+04 2.593646710514050824e+02 6.081676976502727427e+01 1.139024748168744061e+01
1.385792284685344384e+02 1.213801912850693770e+04 2.846650292390053778e+02 5.652824931318520640e+01 1.104309309146577256e+01
1.395792589879752086e+02 1.213870789022926328e+04 3.133591153496050197e+02 5.689738814230643271e+01 7.703136215432304645e+00
1.405792895074164335e+02 1.214236470699149504e+04 3.489539500353473045e+02 6.891024875239493497e+01 1.542451313815602809e+01
1.415793200268572036e+02 1.214088107736970960e+04 3.999196739641090517e+02 6.976152809301774482e+01 1.392864680186500514e+01
1.425793505462979738e+02 1.214270928680174256e+04 4.623855224179112611e+02 5.811780631205749614e+01 1.323340193485376126e+01
1.435793810657387439e+02 1.214557216409355897e+04 5.252167995878372722e+02 5.297999648632391256e+01 1.139024748168744061e+01
1.445794115851795141e+02 1.215426411685899984e+04 5.949485445578382041e+02 6.473345071860751432e+01 8.851446981549878856e+00
1.455794421046207390e+02 1.216043790477559378e+04 6.838114585102129013e+02 4.636477850122093969e+01 7.008559981685199780e+00
1.465794726240615091e+02 1.216661142742674019e+04 7.598199295262711530e+02 7.748643681318600329e+01 9.895852138571209267e+00
1.475795031435022793e+02 1.216878434930174080e+04 8.592406869653682406e+02 6.129265609537181803e+01 1.288437537149630074e+01
1.485795336629435042e+02 1.216912999017375842e+04 9.828162404240205205e+02 4.673690228044327455e+01 4.469224574935135585e+00
1.495795641823842743e+02 1.216913012280647672e+04 1.097975562022624899e+03 6.081506407925266444e+01 4.817716231684078920e+00
1.505795947018250445e+02 1.217564902106420050e+04 1.243347681929675446e+03 7.198318381083511497e+01 4.120198011578168895e+00
1.515796252212658146e+02 1.217495707615656102e+04 1.394578734621465628e+03 7.097483923871935474e+01 1.831600078505785545e+00
1.525796557407065848e+02 1.217130344257964134e+04 1.572149855478439576e+03 5.457054846856084396e+01 1.716804123511542812e+01
1.535796862601478097e+02 1.217999526271236391e+04 1.734252236990579377e+03 7.272714708832124586e+01 3.145700152169665742e+01
1.545797167795885798e+02 1.218720703430677531e+04 1.921188609346814019e+03 8.764479056784297484e+01 3.583882274834741821e+01
1.555797472990293500e+02 1.219303305922780601e+04 2.140792596196722116e+03 6.044279815955410129e+01 3.479067324505301428e+01
1.565797778184705749e+02 1.220276498516189713e+04 2.365829439706461017e+03 6.462897746508369323e+01 2.637659226171647830e+01
1.575798083379113450e+02 1.221693546511824752e+04 2.584700322923793919e+03 8.055851902874674408e+01 2.129538064182102985e+01
1.585798388573521152e+02 1.222380133057520288e+04 2.809736885658386655e+03 7.907144531666672549e+01 1.174007640496116878e+01
1.595798693767928853e+02 1.222780033975869264e+04 3.027138473085114583e+03 8.130305086814995263e+01 1.831274138161093390e+01
1.605798998962336555e+02 1.223683939235608705e+04 3.220436927099932291e+03 9.881674809240820423e+01 1.980352610510721334e+01
1.615799304156748804e+02 1.224335842324652913e+04 3.411245889212016209e+03 9.267045155407629409e+01 1.577193498168345620e+01
1.625799609351156505e+02 1.225709121522220812e+04 3.617145948238500296e+03 8.177140375300062658e+01 1.033915599203061753e+01
1.635799914545564206e+02 1.226873875555173981e+04 3.801977490498369207e+03 8.559014991518043303e+01 -2.649663813882824348e-01
1.645800219739976455e+02 1.227160720341785964e+04 3.979080418974210716e+03 9.341455697203745956e+01 -3.244396201932699508e+00
1.655800524934384157e+02 1.227960336492673923e+04 4.157656293316116717e+03 8.372683034993040962e+01 2.977637491526075930e+00
1.665800830128791858e+02 1.228429723693774031e+04 4.347454465279792203e+03 8.671035904583553133e+01 9.550302468181566695e+00
1.675801135323199560e+02 1.228360104778301684e+04 4.531368575092532410e+03 1.066400180254189394e+02 1.174127994483431792e+01
1.685801440517607261e+02 1.227456093412385235e+04 4.743340675160033243e+03 8.568140410397676021e+01 1.831394492148408304e+01
1.695801745712019510e+02 1.226621740751757170e+04 4.952644289236053737e+03 7.785983985673787799e+01 1.980232256523206757e+01
1.705802050906427212e+02 1.227195735380240149e+04 5.161210026503697009e+03 8.987696468124948979e+01 1.577193498168345620e+01
1.715802356100834913e+02 1.227925467350212966e+04 5.369320627429557135e+03 9.341356198867215710e+01 1.577193498168345620e+01
1.725802661295247162e+02 1.227308459930174104e+04 5.577970597209655352e+03 9.258005020817209640e+01 1.287768903886192895e+01
1.735802966489654864e+02 1.227630439124689656e+04 5.743288274106031167e+03 1.058046584186623562e+02 1.428476087781322867e+01
1.745803271684062565e+02 1.229116615294728945e+04 5.887821297802454865e+03 1.104621755591424090e+02 8.495466632251169159e+00
1.755803576878470267e+02 1.230055654962371773e+04 6.036132570840799417e+03 1.097138059267494015e+02 9.199403731686320640e+00
1.765803882072877968e+02 1.231976402244138626e+04 6.185716597140916747e+03 1.081337723401021407e+02 4.465480228663550655e+00
1.775804187267290217e+02 1.233132800415643214e+04 6.318298431208668262e+03 1.124167493131873243e+02 4.817716231684078920e+00
1.785804492461697919e+02 1.234766318275906087e+04 6.457120771342100852e+03 1.147454368131885190e+02 7.713566894338760527e+00
1.795804797656105620e+02 1.235600538303812027e+04 6.591263293476308718e+03 1.100880618131861297e+02 1.103761029870853072e+01
1.805805102850517869e+02 1.236000147430174366e+04 6.726224976793283531e+03 1.104630284020293942e+02 7.008559981685199780e+00
1.815805408044925571e+02 1.236070150980539074e+04 6.858068091727574938e+03 1.166990155838660002e+02 1.209605675425414972e+01
1.825805713239333272e+02 1.237226668521491774e+04 6.997999774048791551e+03 1.131672510527951374e+02 1.866885545755916098e+01
1.835806018433740974e+02 1.238320304889220824e+04 7.123760599653062854e+03 1.259371518646087509e+02 2.707932582127486754e+01
1.845806323628148675e+02 1.237233817425176676e+04 7.241137342139552857e+03 1.419386165116566474e+02 2.312208671671962534e+01
1.855806628822560924e+02 1.237156718024215843e+04 7.337738977777516084e+03 1.364549788956807959e+02 1.103680793879176925e+01
1.865806934016968626e+02 1.237668348747088021e+04 7.426698337956503565e+03 1.535077145400963445e+02 7.008559981685199780e+00
1.875807239211376327e+02 1.236904397534989221e+04 7.522113699045349676e+03 1.690571724576027464e+02 9.553110727886252818e+00
1.885807544405788576e+02 1.237338995173261173e+04 7.619901047682304124e+03 1.733387280258763781e+02 1.209792892739504744e+01
1.895807849600196278e+02 1.237990884999033551e+04 7.708045739079245323e+03 1.779962451663586478e+02 1.725482983267271209e+01
1.905808154794603979e+02 1.238390361492673946e+04 7.798560452598967458e+03 1.876875253004898525e+02 9.553511907844130846e+00
1.915808459989011681e+02 1.238208203713077819e+04 7.874089921394737758e+03 1.973790897155842288e+02 1.577193498168345620e+01
1.925808765183419382e+02 1.239435268598552830e+04 7.954963100774651139e+03 2.063175938624140713e+02 1.322671560222337916e+01
1.935809070377831631e+02 1.241285481799070476e+04 8.019431577209850730e+03 2.237491338886637493e+02 1.209926619392032698e+01
1.945809375572239333e+02 1.241720092700614441e+04 8.090227599973532051e+03 2.284741677576118661e+02 1.979897939891687031e+01
1.955809680766647034e+02 1.243241164539658530e+04 8.168932634485292510e+03 2.566631836658642101e+02 1.612671179110440889e+01
1.965809985961059283e+02 1.243570173268409235e+04 8.237804365504138332e+03 2.859365893035707700e+02 1.760786819560950178e+01
1.975810291155466984e+02 1.243311645567820597e+04 8.340624325979537389e+03 2.869395325374168237e+02 1.541689071895675411e+01
1.985810596349874686e+02 1.244656607679364970e+04 8.406144164556484611e+03 3.363482744306858194e+02 1.393626922106427912e+01
1.995810901544282387e+02 1.244509783256754781e+04 8.490872525639608284e+03 3.517685266509708981e+02 1.612724669771492003e+01
2.005811206738690089e+02 1.244439288965321066e+04 8.561427643417939180e+03 4.014899776024127505e+02 1.796277873168457617e+01
2.015811511933102338e+02 1.244398318717675102e+04 8.643421817149883282e+03 4.251557991247328800e+02 1.796277873168457617e+01
2.025811817127510039e+02 1.246101428966865933e+04 8.712542314855192672e+03 4.844482793633888491e+02 2.050933537767554427e+01
2.035812122321917741e+02 1.247622514069182216e+04 8.743937176087105399e+03 5.601626757918436397e+02 2.489115660432941013e+01
2.045812427516329990e+02 1.248603094305173909e+04 8.808653857658726338e+03 6.195754068774406278e+02 3.146382158098117188e+01
2.055812732710737691e+02 1.248638414398887835e+04 8.887286031047287906e+03 6.788721513305293911e+02 3.329868498168619340e+01
2.065813037905145393e+02 1.249396304295617665e+04 8.932595260996009529e+03 7.786298943987923167e+02 2.820450187648685869e+01
2.075813343099553094e+02 1.251064001608189938e+04 8.963188649872812675e+03 8.613289319224364817e+02 2.198808470243433177e+01
2.085813648293960796e+02 1.251897837001204061e+04 9.021492569890891900e+03 9.350363047593554029e+02 2.086665299349442293e+01
2.095813953488373045e+02 1.252115142451976135e+04 9.059844475093705114e+03 1.040155018208547517e+03 3.365533396424181944e+01
2.105814258682780746e+02 1.252696259457599808e+04 9.092794128116272987e+03 1.170186125198245691e+03 3.003749310405297379e+01
2.115814563877188448e+02 1.252115168978520524e+04 9.134194829103955271e+03 1.283157389519483559e+03 2.051053891754869696e+01
2.125814869071600697e+02 1.252837884677530747e+04 9.172920726661648587e+03 1.403010669508694036e+03 2.198741606916969715e+01
2.135815174266008398e+02 1.254576261967347091e+04 9.215071237396858123e+03 1.548963216054637542e+03 2.270165012085606904e+01
2.145815479460416100e+02 1.255445470507163009e+04 9.261447131727101805e+03 1.693725904634248081e+03 1.943898725004293837e+01
2.155815784654823801e+02 1.256931102883044514e+04 9.309372763897259574e+03 1.841197506500493319e+03 1.577193498168345620e+01
2.165816089849231503e+02 1.257259315815466834e+04 9.351947385332208796e+03 2.000693198074819520e+03 2.122637768906210454e+01
2.175816395043643752e+02 1.257042010364694579e+04 9.389874477897679753e+03 2.169124266705470291e+03 2.784384109434517995e+01
2.185816700238051453e+02 1.257183967166428920e+04 9.441226548283137163e+03 2.344541966397965552e+03 1.322323870925406553e+01
2.195817005432459155e+02 1.258558771640292434e+04 9.488024307112787938e+03 2.535880537084783100e+03 1.465504997893699901e+01
2.205817310626871404e+02 1.259902288055174176e+04 9.521397088122455898e+03 2.731876767052654486e+03 2.127010630447290040e+01
2.215817615821279105e+02 1.260190644854810125e+04 9.548201838980816319e+03 2.922073523255704004e+03 6.292052576904655581e+00
2.225817921015686807e+02 1.261277132318854274e+04 9.588473824302867797e+03 3.116884017331098221e+03 2.985259910725360122e+00
2.235818226210094508e+02 1.261352215702449575e+04 9.614903459706178182e+03 3.316776317882714466e+03 9.916446043074873984e+00
2.245818531404502210e+02 1.260301300334289772e+04 9.654798083372859764e+03 3.513577205113362652e+03 1.577193498168345620e+01
2.255818836598914459e+02 1.259937873414330534e+04 9.678551792246013065e+03 3.706823443195582968e+03 1.868035594968614177e+01
2.265819141793322160e+02 1.260589763240102548e+04 9.707321968392780036e+03 3.922634909055753724e+03 2.489423231734034303e+01
2.275819446987729862e+02 1.261277264951575853e+04 9.728399189185669456e+03 4.122908288236890257e+03 2.636709766938141541e+01
2.285819752182142111e+02 1.262110835079147182e+04 9.749099609873281224e+03 4.333641785413916296e+03 2.453530998168793786e+01
2.295820057376549812e+02 1.262798363317164331e+04 9.772099999310885323e+03 4.555255709988909075e+03 2.417598646607664392e+01
2.305820362570957514e+02 1.263667558593708782e+04 9.793177781653856073e+03 4.778052385506186511e+03 1.760332148942115538e+01
2.315820667765365215e+02 1.264283796743963285e+04 9.825378186478979842e+03 4.983401032701429358e+03 1.358109123168544841e+01
2.325820972959772917e+02 1.264429745790612651e+04 9.849923400193269117e+03 5.174741593354981887e+03 1.613165967725113958e+01
2.335821278154185165e+02 1.264789790576175255e+04 9.872512594583040482e+03 5.370739813289583253e+03 2.015362248168569792e+01
2.345821583348592867e+02 1.265804881846279932e+04 9.915457417909807191e+03 5.567536436305797906e+03 2.015362248168569792e+01
2.355821888543000568e+02 1.266022187297052187e+04 9.944979930779471033e+03 5.750360081479130713e+03 2.015362248168569792e+01
2.365822193737412817e+02 1.266674077122824201e+04 9.975636774815602621e+03 5.919976601721205043e+03 2.525582918604468574e+01
2.375822498931820519e+02 1.266784149018329481e+04 1.000670242731170765e+04 6.094986073952311926e+03 2.381452332402070482e+01
2.385822804126228220e+02 1.266168003710979428e+04 1.004728747680469860e+04 6.291397780546017202e+03 2.051414953717014455e+01
2.395823109320635922e+02 1.266346845672540076e+04 1.010443839411608678e+04 6.490463249919732334e+03 2.234446623168681967e+01
2.405823414515043623e+02 1.267507514617674133e+04 1.014275407933856513e+04 6.685395984808792491e+03 2.672615373168594743e+01
2.415823719709455872e+02 1.267037132671163272e+04 1.020103932781642470e+04 6.813067275533214342e+03 2.672615373168594743e+01
2.425824024903863574e+02 1.266819827220391016e+04 1.023705616738906974e+04 6.960982639981104512e+03 2.453530998168793786e+01
2.435824330098271275e+02 1.266709994063784143e+04 1.029263628873245398e+04 7.079340033548353858e+03 2.126087916544607381e+01
2.445824635292683524e+02 1.267903993611810984e+04 1.036125784918957834e+04 7.211670973520479492e+03 1.430375006248735303e+01
2.455824940487091226e+02 1.270041131178571959e+04 1.039080282406253173e+04 7.376651866256065659e+03 2.270592937374015818e+01
2.465825245681498927e+02 1.270587577990816135e+04 1.043180103402865279e+04 7.486510964746105856e+03 2.198286936298135075e+01
2.475825550875906629e+02 1.269317606419961339e+04 1.046058426621483341e+04 7.610275524350551677e+03 2.306792742240149963e+01
2.485825856070314330e+02 1.269861838265757979e+04 1.048928242356351802e+04 7.738420995719502571e+03 2.891699748168395345e+01
2.495826161264726579e+02 1.269463144305174137e+04 1.054720350681294258e+04 7.844328588838166979e+03 3.366068303034693088e+01
2.505826466459134281e+02 1.269138101294793523e+04 1.057210474327947304e+04 7.991059638798472406e+03 3.293655320637022044e+01
2.515826771653541982e+02 1.267471584413441815e+04 1.063304626403459406e+04 8.099741529824980717e+03 2.381077897774912344e+01
2.525827076847954231e+02 1.268013985927683098e+04 1.067982563209907130e+04 8.225091382213933684e+03 1.796277873168457617e+01
2.535827382042361933e+02 1.268087477718620721e+04 1.072696804229179543e+04 8.350861259724142656e+03 2.015362248168569792e+01
2.545827687236769634e+02 1.267000990254576391e+04 1.078753037635377405e+04 8.445585524079711831e+03 1.979095579975920671e+01
2.555827992431177336e+02 1.266674329124994620e+04 1.084274633246872145e+04 8.516605162561661928e+03 1.649753579884069765e+01
2.565828297625585037e+02 1.267218229388988584e+04 1.087456600633797643e+04 8.609755221090312261e+03 2.489824411691817474e+01
2.575828602819997286e+02 1.266131741924943708e+04 1.090944767241906084e+04 8.682732133995483309e+03 2.308303853414637175e+01
2.585828908014404988e+02 1.265769177117674008e+04 1.095543595680492945e+04 8.740565257915850452e+03 7.008559981685199780e+00
2.595829213208812689e+02 1.266058541925992540e+04 1.101064854361938160e+04 8.815459788049975032e+03 1.686194092725344618e+01
2.605829518403224938e+02 1.266927737202537355e+04 1.105013070875055018e+04 8.904349754223014315e+03 2.708962277352868497e+01
2.615829823597632640e+02 1.267507514617674133e+04 1.109765820191228886e+04 8.961023153959014962e+03 2.891699748168395345e+01
2.625830128792040341e+02 1.267543590717899860e+04 1.114865003791987874e+04 9.030094188587125245e+03 2.855326098653695865e+01
2.635830433986448043e+02 1.267978188356171813e+04 1.118851461865714737e+04 9.125968227293398741e+03 2.672615373168594743e+01
2.645830739180855744e+02 1.268087185926634083e+04 1.123221542878234686e+04 9.194670407373358103e+03 2.489931393013919347e+01
2.655831044375267993e+02 1.267217990650089632e+04 1.127668710678318712e+04 9.250560755199629057e+03 2.636201605658057190e+01
2.665831349569675695e+02 1.267181317702617162e+04 1.129968763660830518e+04 9.319256112536493674e+03 2.489958138344544736e+01
2.675831654764083396e+02 1.267760949221760347e+04 1.133265315342070062e+04 9.384853660230744936e+03 3.110784123168507520e+01
2.685831959958495645e+02 1.268195546860032846e+04 1.137175374527087661e+04 9.432203923678394858e+03 3.183691894181310644e+01
2.695832265152903346e+02 1.268630144498305162e+04 1.140050595181500103e+04 9.502841630687942597e+03 3.731569989996632586e+01
2.705832570347311048e+02 1.269282034324076994e+04 1.142657226431499839e+04 9.569600181830888687e+03 3.074303492331653942e+01
2.715832875541718749e+02 1.269318243057024119e+04 1.145532348814648321e+04 9.622386039411909223e+03 2.855205744666380951e+01
2.725833180736126451e+02 1.270911732361962459e+04 1.147640702637780123e+04 9.683321095048835559e+03 2.161431870834123004e+01
2.735833485930538700e+02 1.272613900918832405e+04 1.148637397879037235e+04 9.767155977156078734e+03 1.504152000503014364e+01
2.745833791124946401e+02 1.273120876233182571e+04 1.151052568628441804e+04 9.811401466077515579e+03 5.183057446663124068e+00
2.755834096319354103e+02 1.272468986407410375e+04 1.155882643390962221e+04 9.843617606093073846e+03 1.467751605657845460e+01
2.765834401513766352e+02 1.272541496716209804e+04 1.158757302495293334e+04 9.900673505863433093e+03 2.453530998168793786e+01
2.775834706708174053e+02 1.271853000259325927e+04 1.160406069692235542e+04 9.959277599752669630e+03 2.271020862662372508e+01
2.785835011902581755e+02 1.270151309180253884e+04 1.163740905050342917e+04 1.000546842329689025e+04 2.636027761009691162e+01
2.795835317096989456e+02 1.271056792769378262e+04 1.166040943994102781e+04 1.007960491824590827e+04 2.271047607992798589e+01
2.805835622291397158e+02 1.271672381019298336e+04 1.168149424166003337e+04 1.015799823631952313e+04 2.818471033189684505e+01
2.815835927485809407e+02 1.272070650555174143e+04 1.170909470898516338e+04 1.020690223736482949e+04 2.051989978323363673e+01
2.825836232680217108e+02 1.272106991920842847e+04 1.173822582144739317e+04 1.026473962549962744e+04 2.709256475988549440e+01
2.835836537874624810e+02 1.272903464676233307e+04 1.175471096644143836e+04 1.033420396283863374e+04 3.147438598653726771e+01
2.845836843069037059e+02 1.272360678527100026e+04 1.178001132462905298e+04 1.036563761950638036e+04 3.037448426867295836e+01
2.855837148263444760e+02 1.273737220489614629e+04 1.180032666234764292e+04 1.040601660306403392e+04 2.745977814800232508e+01
2.865837453457852462e+02 1.274424470198916970e+04 1.181335658968466487e+04 1.047859793901058401e+04 3.293173904687561304e+01
2.875837758652260163e+02 1.274279980112203339e+04 1.182869813793590220e+04 1.053175734177564118e+04 3.439992396607068059e+01
2.885838063846667865e+02 1.274714577750475837e+04 1.185629860526102129e+04 1.057989349994263648e+04 4.206205998168444893e+01
2.895838369041080114e+02 1.275873920368395193e+04 1.188965594364342360e+04 1.063656462543096677e+04 3.950386911691436609e+01
2.905838674235487815e+02 1.276380046833328197e+04 1.193028507481788438e+04 1.069594068427244019e+04 3.804785332310329693e+01
2.915838979429895517e+02 1.275691696272438094e+04 1.196018565128052796e+04 1.075065851527103405e+04 4.206205998168444893e+01
2.925839284624307766e+02 1.274858974994284108e+04 1.199698613399317946e+04 1.078171436254032233e+04 4.169431168695710710e+01
2.935839589818715467e+02 1.275222202965160977e+04 1.202267297902499377e+04 1.084343474433471056e+04 3.512164671030524943e+01
2.945839895013123169e+02 1.275728117217739600e+04 1.207559149336531118e+04 1.087756622733155928e+04 2.854898173365547009e+01
2.955840200207530870e+02 1.275837645319086914e+04 1.211349556237739853e+04 1.092883644096382159e+04 2.598985478231900714e+01
2.965840505401938572e+02 1.276199202117673849e+04 1.212849470546587145e+04 1.098662450635172900e+04 2.052190568302155782e+01
2.975840810596350821e+02 1.276779947751677537e+04 1.218634138332937800e+04 1.101461111421507667e+04 2.416689305369795804e+01
2.985841115790758522e+02 1.278118278227151313e+04 1.219786312753258790e+04 1.108482225764117902e+04 1.796277873168457617e+01
2.995841420985166224e+02 1.277829947954059207e+04 1.223386747261590608e+04 1.111163677509828813e+04 2.564136312556702535e+01
3.005841726179578473e+02 1.279568325243875915e+04 1.224270346316251744e+04 1.117993129627879898e+04 3.292986687373782928e+01
3.015842031373986174e+02 1.280400940415853074e+04 1.227030393048763290e+04 1.121018134916135386e+04 3.147679306628556617e+01
3.025842336568393875e+02 1.281560641142120221e+04 1.229327961172161304e+04 1.124864299977097653e+04 3.585861429293630209e+01
3.035842641762801577e+02 1.283225791906441191e+04 1.228906728416598708e+04 1.130296354812520985e+04 3.804959176958696077e+01
3.045842946957209278e+02 1.283513870177362514e+04 1.231095692754059019e+04 1.133321090033863402e+04 4.425290373168557068e+01
3.055843252151621527e+02 1.283479783567958111e+04 1.235310617478813219e+04 1.135458996580284656e+04 3.950172949047232862e+01
3.065843557346029229e+02 1.284492964926874083e+04 1.236956661157855160e+04 1.140503675962875423e+04 3.804999294954534150e+01
3.075843862540436930e+02 1.284636924482701761e+04 1.238300745318837289e+04 1.143452479739274349e+04 4.462265792620083715e+01
3.085844167734849179e+02 1.284202326844429808e+04 1.241060792051350290e+04 1.146558490887645894e+04 4.425290373168557068e+01
3.095844472929256881e+02 1.284095119815707403e+04 1.244089680885812777e+04 1.149740106557852414e+04 4.388288208386406097e+01
3.105844778123664582e+02 1.285001027829539998e+04 1.246503166984969903e+04 1.153272567577277550e+04 4.169190460721080882e+01
3.115845083318072284e+02 1.286485386931295398e+04 1.249496425466703477e+04 1.155443919778873897e+04 3.548952873168420297e+01
3.125845388512479985e+02 1.287174029284172320e+04 1.253134301326780042e+04 1.157697272823950334e+04 4.061206188723913613e+01
3.135845693706892234e+02 1.288367564617673997e+04 1.254514324693036724e+04 1.160685278945006758e+04 4.900514778611620414e+01
3.145845998901299936e+02 1.288695154176305732e+04 1.255395438888581884e+04 1.162895847705307096e+04 4.826390095060107654e+01
3.155846304095707637e+02 1.289925388983823541e+04 1.256545451341086118e+04 1.165070540208205784e+04 4.132041196621187851e+01
3.165846609290119886e+02 1.290179486751517288e+04 1.256927586172160954e+04 1.166894131509021281e+04 3.292772724729319833e+01
3.175846914484527588e+02 1.290540486492674063e+04 1.257196540584127797e+04 1.169262319848687548e+04 3.292759352064366141e+01
3.185847219678935289e+02 1.291048708554605582e+04 1.257886545247879803e+04 1.171125340918927759e+04 2.635492854399180729e+01
3.195847524873342991e+02 1.291663779536911534e+04 1.258385538651102434e+04 1.173765913062307663e+04 3.003107422472640309e+01
3.205847830067750692e+02 1.291626947430174005e+04 1.259227554922161107e+04 1.176090649056936854e+04 3.805186512268113574e+01
3.215848135262162941e+02 1.291807380984391602e+04 1.259652620257036142e+04 1.176323532020984931e+04 4.206205998168444893e+01
3.225848440456570643e+02 1.291081747365510819e+04 1.262143628345069010e+04 1.177373566396175374e+04 3.987121623168333429e+01
3.235848745650978344e+02 1.289995246638194840e+04 1.262946546691640106e+04 1.180014238037892028e+04 3.912742858976924509e+01
3.245849050845390593e+02 1.288474161535877829e+04 1.263866548230392436e+04 1.182457249126749957e+04 3.623358382690653201e+01
3.255849356039798295e+02 1.287461484181303240e+04 1.263749352728194754e+04 1.183349209073035672e+04 4.206205998168444893e+01
3.265849661234205996e+02 1.287498395867674117e+04 1.263098417911425713e+04 1.184825593820944778e+04 4.168976498076876425e+01
3.275849966428613698e+02 1.286989935066843827e+04 1.263137501797161167e+04 1.186728186801091761e+04 3.511710000411691368e+01
3.285850271623021399e+02 1.286194642742674114e+04 1.263024840811878676e+04 1.188744875945326567e+04 3.842549739012468990e+01
3.295850576817433648e+02 1.286338005451255412e+04 1.264248360170169690e+04 1.190181745639522342e+04 4.280745234343206107e+01
3.305850882011841350e+02 1.285649124359479720e+04 1.263866632462904818e+04 1.192005123729615843e+04 5.338910863921002914e+01
3.315851187206249051e+02 1.283873755803659697e+04 1.263788338342665884e+04 1.193402378871759902e+04 5.483415884750661462e+01
3.325851492400661300e+02 1.281881068533794860e+04 1.263788324303913396e+04 1.194799634013904688e+04 4.826149387085277453e+01
3.335851797595069002e+02 1.280327753680174101e+04 1.262638325890161286e+04 1.196196889156048746e+04 4.387967264420098701e+01
3.345852102789476703e+02 1.279962337269393902e+04 1.262638311851409526e+04 1.197673515542775567e+04 4.206205998168444893e+01
3.355852407983884405e+02 1.278223946716305545e+04 1.263025135625672192e+04 1.199065468844979296e+04 4.387940519089673330e+01
3.365852713178292106e+02 1.276194148810988554e+04 1.263059053250649777e+04 1.199417465532093593e+04 3.511589646424376099e+01
3.375853018372704355e+02 1.273660704672628162e+04 1.262099799361137411e+04 1.200036643681318674e+04 3.329868498168619340e+01
3.385853323567112056e+02 1.272213774524856854e+04 1.261645280724440818e+04 1.200428482345253542e+04 3.367258470243288571e+01
3.395853628761519758e+02 1.271015994944270460e+04 1.263294567355208892e+04 1.202564114643978064e+04 4.281012687648316017e+01
3.405853933955932007e+02 1.268625714565409180e+04 1.264556763475425214e+04 1.204307822994478920e+04 4.863459123168470200e+01
3.415854239150339708e+02 1.266161186389098475e+04 1.264977476797161216e+04 1.204926887431318573e+04 5.194833768380210159e+01
3.425854544344747410e+02 1.262535869898204874e+04 1.265246782177929526e+04 1.204926887431318573e+04 5.921437535432945509e+01
3.435854849539155111e+02 1.258630074991327638e+04 1.265398148002641210e+04 1.204773645778767241e+04 5.702339787767621004e+01
3.445855154733562813e+02 1.256674378987467389e+04 1.264478146463889061e+04 1.206324099931318960e+04 4.788518707036124766e+01
3.455855459927975062e+02 1.253520691190664911e+04 1.265364876160258609e+04 1.205279282111780594e+04 3.987121623168333429e+01
3.465855765122382763e+02 1.250844547507331299e+04 1.264892556385950047e+04 1.209869524162609923e+04 4.500284279962152567e+01
3.475856070316790465e+02 1.248193856043237611e+04 1.263643149568860281e+04 1.212645072906735550e+04 5.339138199230420412e+01
3.485856375511202714e+02 1.243524932247132892e+04 1.266278672570599520e+04 1.211806174002002626e+04 5.595759645623341072e+01
3.495856680705610415e+02 1.240445505511053852e+04 1.264747479922161074e+04 1.215366082348305645e+04 6.321975605383048702e+01
3.505856985900018117e+02 1.237154927482476705e+04 1.264668638290591662e+04 1.215725285557806637e+04 5.595813136284191813e+01
3.515857291094425818e+02 1.235851121304388653e+04 1.263367498672161310e+04 1.218666143681318499e+04 6.140401556445485198e+01
3.525857596288833520e+02 1.232765381250770588e+04 1.264826377708738619e+04 1.217967537431318851e+04 5.921303808780417910e+01
3.535857901483245769e+02 1.228823099082229419e+04 1.264011245647874966e+04 1.219684395444961046e+04 5.301627873168382621e+01
3.545858206677653470e+02 1.226215513252596611e+04 1.261218572855575076e+04 1.223017660794332187e+04 5.520712248168494796e+01
3.555858511872061172e+02 1.223278706481859081e+04 1.261455490835340424e+04 1.223749272064017168e+04 5.226393258400157293e+01
3.565858817066473421e+02 1.219733911316137710e+04 1.262249985930675575e+04 1.223636384094018103e+04 4.719636108267719266e+01
3.575859122260881122e+02 1.218032843610856435e+04 1.259568991411014031e+04 1.225226481226716351e+04 5.596000353597970189e+01
3.585859427455288824e+02 1.215822519308416668e+04 1.258997558047161328e+04 1.224094886643535756e+04 6.359392322788395546e+01
3.595859732649696525e+02 1.213612168479432876e+04 1.259227554922161107e+04 1.222897822154812638e+04 5.958880998168719145e+01
3.605860037844104227e+02 1.210787290462300371e+04 1.257840203327330346e+04 1.224415214431486129e+04 6.510102260299788668e+01
3.615860343038516476e+02 1.208142315468498600e+04 1.256047173914218365e+04 1.225379268029728337e+04 6.978907786417025250e+01
3.625860648232924177e+02 1.204845437385653895e+04 1.257197172327970475e+04 1.224407695200042144e+04 6.616134123168433234e+01
3.635860953427331879e+02 1.201698195539113294e+04 1.256848379533038315e+04 1.224062222761004523e+04 6.397049748168320349e+01
3.645861258621744128e+02 1.199233057252283288e+04 1.256007598672161112e+04 1.224447750387584165e+04 6.872956159540198939e+01
3.655861563816151829e+02 1.196190873784378527e+04 1.256507223819226601e+04 1.223476134915753391e+04 7.092053907205523444e+01
3.665861869010559531e+02 1.193403437984502489e+04 1.256118659239707995e+04 1.223050509459487876e+04 6.978774059764496940e+01
3.675862174204967232e+02 1.190578559967369983e+04 1.254698976398882405e+04 1.222665067117197395e+04 6.321494189433788335e+01
3.685862479399374934e+02 1.188480522526882669e+04 1.253517306560482939e+04 1.222737274481538952e+04 5.815378927233565776e+01
3.695862784593787183e+02 1.185685486872068577e+04 1.253937626797161465e+04 1.221733620545293343e+04 6.397049748168320349e+01
3.705863089788194884e+02 1.182576018824588209e+04 1.253588525149683664e+04 1.223058767821433503e+04 6.472685542894582511e+01
3.715863394982602586e+02 1.180073173055060033e+04 1.252018220538005335e+04 1.225034023015460480e+04 7.311218518197058813e+01
3.725863700177014834e+02 1.176633927009043146e+04 1.251597928378830875e+04 1.224913374175199351e+04 7.711555998168370252e+01
3.735864005371422536e+02 1.173771487405204789e+04 1.251447404879243186e+04 1.225540057341820648e+04 7.711555998168370252e+01
3.745864310565830237e+02 1.170549560073233988e+04 1.251328145680492889e+04 1.226310558247103472e+04 7.673684610144242413e+01
3.755864615760237939e+02 1.166742775492895998e+04 1.250638126977988941e+04 1.225338800634791914e+04 7.311272008858111349e+01
3.765864920954645640e+02 1.162906559711674709e+04 1.249488114525484889e+04 1.224720731181318661e+04 7.787352264877532093e+01
3.775865226149057889e+02 1.159542582735062751e+04 1.248607898810070947e+04 1.224953599931318786e+04 8.806977873168308690e+01
3.785865531343465591e+02 1.157001843797025322e+04 1.248497329598845863e+04 1.224872977850503230e+04 8.549968619483016141e+01
3.795865836537873292e+02 1.153383013046209089e+04 1.249917166865943909e+04 1.224922357453597215e+04 7.302780366416446611e+01
3.805866141732285541e+02 1.150888337452319320e+04 1.250598144612121359e+04 1.226704699586830793e+04 6.329771869231846182e+01
3.815866446926693243e+02 1.149149946899230963e+04 1.249027980387964089e+04 1.227474802498766803e+04 7.454506626487551557e+01
3.825866752121100944e+02 1.146939304278259988e+04 1.248068094754609410e+04 1.227595891974519145e+04 7.606406731207314920e+01
3.835867057315508646e+02 1.144803997043054369e+04 1.246807723672161046e+04 1.228487013291966832e+04 8.330817381156951740e+01
3.845867362509916347e+02 1.143320592896893140e+04 1.246997822413806534e+04 1.229226030080711098e+04 8.149724748168594601e+01
3.855867667704328596e+02 1.141941385016677486e+04 1.246577726797160904e+04 1.229651385470063178e+04 8.663930472852698017e+01
3.865867972898736298e+02 1.140098851250731059e+04 1.245997954414584456e+04 1.230076712431318811e+04 9.321210343183149405e+01
3.875868278093143999e+02 1.139267389983430439e+04 1.244967748672160997e+04 1.230937074548681085e+04 9.940444980840793221e+01
3.885868583287556248e+02 1.138247218880094988e+04 1.245117836970434837e+04 1.231980115612207192e+04 1.067382868918241030e+02
3.895868888481963950e+02 1.136074230688734679e+04 1.244357694701391119e+04 1.232324465141444853e+04 1.114076204216231361e+02
3.905869193676371651e+02 1.133646176510814075e+04 1.244927766306293961e+04 1.231828238508273353e+04 1.081682259883702670e+02
3.915869498870779353e+02 1.131662110367841888e+04 1.244777748201780196e+04 1.233144502004351489e+04 1.143599037316840707e+02
3.925869804065187054e+02 1.131189712403965677e+04 1.245387731978789998e+04 1.233650763755480693e+04 1.147410246916721945e+02
3.935870109259599303e+02 1.130282703538544592e+04 1.244427705957914623e+04 1.234349398433577517e+04 1.213136896683265746e+02
3.945870414454007005e+02 1.128685964731931381e+04 1.243817764297160829e+04 1.235787177826850711e+04 1.205510465683930761e+02
3.955870719648414706e+02 1.127174601608094781e+04 1.243507662302906465e+04 1.236911011539769243e+04 1.246493672914709236e+02
3.965871024842826955e+02 1.127533492488981210e+04 1.243518036940678940e+04 1.237487945538045096e+04 1.384591849816870592e+02
3.975871330037234657e+02 1.127684945793569022e+04 1.243957112950108967e+04 1.238946960719178242e+04 1.366501308249381736e+02
3.985871635231642358e+02 1.128875098992673884e+04 1.241218180500695416e+04 1.242215779574469889e+04 1.362683412316859517e+02
3.995871940426050060e+02 1.128402621449164872e+04 1.243938090441067834e+04 1.239432071966736476e+04 1.384591849816839613e+02
4.005872245620457761e+02 1.128988818288018047e+04 1.243237402286998622e+04 1.242348382429181765e+04 1.439874448013099766e+02
4.015872550814870010e+02 1.129526975555174249e+04 1.243357770547160908e+04 1.241831104790776408e+04 1.545597402314115527e+02
4.025872856009277712e+02 1.130292650992651397e+04 1.242547327429485813e+04 1.241801454286442640e+04 1.662791428877459907e+02
4.035873161203685413e+02 1.130792782458576403e+04 1.241678455025736002e+04 1.241283949223267882e+04 1.830412438880190962e+02
4.045873466398097662e+02 1.130689355462414278e+04 1.243777585388765146e+04 1.239938561142635263e+04 1.925703377009688779e+02
4.055873771592505364e+02 1.132324345545884898e+04 1.242127400277864945e+04 1.241882929210144539e+04 2.130541851705282852e+02
4.065874076786913065e+02 1.133769485151916888e+04 1.242207786172161286e+04 1.242337338113809528e+04 2.363882825141891146e+02
4.075874381981320766e+02 1.135545861716419131e+04 1.242828664020769247e+04 1.241760873179121154e+04 2.539155674207946731e+02
4.085874687175728468e+02 1.136849667894507911e+04 1.243237065356948733e+04 1.243047443528720760e+04 2.740169566638367087e+02
4.095874992370140717e+02 1.138843376436327890e+04 1.242397533945005125e+04 1.244951202060812830e+04 2.963094571101903512e+02
4.105875297564548418e+02 1.140799072440188138e+04 1.241707529281252755e+04 1.245789489761477853e+04 3.255582842995744386e+02
4.115875602758956120e+02 1.142640611460723994e+04 1.241788069601821371e+04 1.245061872639308422e+04 3.628036978627918074e+02
4.125875907953368369e+02 1.144096653476457323e+04 1.241126633798511284e+04 1.246226244817405131e+04 3.964350149121108302e+02
4.135876213147776070e+02 1.146666160451770338e+04 1.240137814297160912e+04 1.246802453899227476e+04 4.450188438983235528e+02
4.145876518342183772e+02 1.148659948573222391e+04 1.239786859534411633e+04 1.246459170423597061e+04 4.906439706951523476e+02
4.155876823536591473e+02 1.151446721209491261e+04 1.237946842418155757e+04 1.247390673851692918e+04 5.385740100766689693e+02
4.165877128730999175e+02 1.153875120232487279e+04 1.237147854922161241e+04 1.248473343681318511e+04 6.086830159764500650e+02
4.175877433925411424e+02 1.156227281967213275e+04 1.237918568371506808e+04 1.248240474931318749e+04 6.755637267551766172e+02
4.185877739119819125e+02 1.158362124987893912e+04 1.238176712944387145e+04 1.247815617033650233e+04 7.566273525849154566e+02
4.195878044314226827e+02 1.160432283030338476e+04 1.237228633901514877e+04 1.249212843747698389e+04 8.443810553923101452e+02
4.205878349508639076e+02 1.163729930382968632e+04 1.238378646354018747e+04 1.248898173150890580e+04 9.469690557757426177e+02
4.215878654703046777e+02 1.166951234341149029e+04 1.238757833047160784e+04 1.249020925670270663e+04 1.052902629554573650e+03
4.225878959897454479e+02 1.170504398631590630e+04 1.238446972960295170e+04 1.250185297848366827e+04 1.163218425740012208e+03
4.235879265091862180e+02 1.173828347052877325e+04 1.238378730586530946e+04 1.250336293681318602e+04 1.281912865345841055e+03
4.245879570286269882e+02 1.176256852182050534e+04 1.238365997438413069e+04 1.250569162431318728e+04 1.407180103654971617e+03
4.255879875480682131e+02 1.178608907810599158e+04 1.236336443130593580e+04 1.250336293681318602e+04 1.539791208546520693e+03
4.265880180675089832e+02 1.180232557796388392e+04 1.235808361433102436e+04 1.250487175801885860e+04 1.679623820133210984e+03
4.275880485869497534e+02 1.181689395608449013e+04 1.235416371398081355e+04 1.249445826210083214e+04 1.829886709444901271e+03
4.285880791063909783e+02 1.184769843616484286e+04 1.234658405135606699e+04 1.250377315424131302e+04 1.997429221902611971e+03
4.295881096258317484e+02 1.187006986255194897e+04 1.234536829542766100e+04 1.250760995224458020e+04 2.152858506711922928e+03
4.305881401452725186e+02 1.188566375687456639e+04 1.233927898672160882e+04 1.249870556181318716e+04 2.295780070247658387e+03
4.315881706647132887e+02 1.189576254491609507e+04 1.233576227933056725e+04 1.250062360546361560e+04 2.470407153308204215e+03
4.325882011841540589e+02 1.190445449768153594e+04 1.232737342303707555e+04 1.250308817926343545e+04 2.653670704775407557e+03
4.335882317035952838e+02 1.191531937232198288e+04 1.232629089486572411e+04 1.251966374931318751e+04 2.829716761347066495e+03
4.345882622230360539e+02 1.192477847274811029e+04 1.233237908047161181e+04 1.252514326485521087e+04 3.015944096616454772e+03
4.355882927424768241e+02 1.194510271308011943e+04 1.233007911172161221e+04 1.253760941145915785e+04 3.195598900635845894e+03
4.365883232619180490e+02 1.197373533234724346e+04 1.233197279898699344e+04 1.254719664476121216e+04 3.387368938203436755e+03
4.375883537813588191e+02 1.199865940809076892e+04 1.232777914297161078e+04 1.253747025592827595e+04 3.577204084834064361e+03
4.385883843007995893e+02 1.202115736609410669e+04 1.232696601845229088e+04 1.253363587431318774e+04 3.769616812694095643e+03
4.395884148202403594e+02 1.204582877650333103e+04 1.231357262782443468e+04 1.253363587431318774e+04 3.956231554076148768e+03
4.405884453396811296e+02 1.207727055681009006e+04 1.231397933047160950e+04 1.253404779742708524e+04 4.145424946500816986e+03
4.415884758591223544e+02 1.210078885833931417e+04 1.231127237829939077e+04 1.253555249655880652e+04 4.337062193502348237e+03
4.425885063785631246e+02 1.211778812897807984e+04 1.230978651678135611e+04 1.253870545670804677e+04 4.523677336064356496e+03
4.435885368980038947e+02 1.212826836872641070e+04 1.231898653216887033e+04 1.253513986274250237e+04 4.704747235521855146e+03
4.445885674174451196e+02 1.213951814352441397e+04 1.232440141922596376e+04 1.252856600763736242e+04 4.881434912572819485e+03
4.455885979368858898e+02 1.215588409291840981e+04 1.233508659419391370e+04 1.252473375812949234e+04 5.049746888189674792e+03
4.465886284563266599e+02 1.217901669849373684e+04 1.233968667208143415e+04 1.253213273872675563e+04 5.220637782302454070e+03
4.475886589757674301e+02 1.219384238409390127e+04 1.234510240146364413e+04 1.254062193681318422e+04 5.384179193313471842e+03
4.485886894952082002e+02 1.221161158768050518e+04 1.236702643978079868e+04 1.252773931859994991e+04 5.541924757472948841e+03
4.495887200146494251e+02 1.223411246360372388e+04 1.237051366579251953e+04 1.254201207071723729e+04 5.704829495890873659e+03
4.505887505340901953e+02 1.225429969433451151e+04 1.234469541804142500e+04 1.255910005720093432e+04 5.863210662830289948e+03
4.515887810535309654e+02 1.225864580334995117e+04 1.235916193087675856e+04 1.253487633429074958e+04 6.007032875371474802e+03
4.525888115729721903e+02 1.227974621036771168e+04 1.233657049028666188e+04 1.255883780801351350e+04 6.154991119551850716e+03
4.535888420924129605e+02 1.229379917773288980e+04 1.234617889297160946e+04 1.254843554119349210e+04 6.306164018734677484e+03
4.545888726118537306e+02 1.231528700492990538e+04 1.233534378413165541e+04 1.256515055105508327e+04 6.458748937642595592e+03
4.555889031312945008e+02 1.234454989488919819e+04 1.233212385595915293e+04 1.255676710548651135e+04 6.603738583861219013e+03
4.565889336507352709e+02 1.236294737967716537e+04 1.235200609817670011e+04 1.254610770653637337e+04 6.748970943954367613e+03
4.575889641701764958e+02 1.237202595682554602e+04 1.235374184948140464e+04 1.255459406181318445e+04 6.881205207138810692e+03
4.585889946896172660e+02 1.238467712895805198e+04 1.234592577427196920e+04 1.254237794031529120e+04 7.021813433310744585e+03
4.595890252090580361e+02 1.239336908172349467e+04 1.237229757001679354e+04 1.252090762066229763e+04 7.165633372498835342e+03
4.605890557284992610e+02 1.240244805677003933e+04 1.237336886718650021e+04 1.253912278116022571e+04 7.301860044897482112e+03
4.615890862479400312e+02 1.241036583234056343e+04 1.237229813156688033e+04 1.253663361705718853e+04 7.439106784202308518e+03
4.625891167673808013e+02 1.241471180872328296e+04 1.238461811921222397e+04 1.252390607410870871e+04 7.572752264751869006e+03
4.635891472868215715e+02 1.241944520528526664e+04 1.241073848090765387e+04 1.251076419165814696e+04 7.699434598499107778e+03
4.645891778062623416e+02 1.243799150398666097e+04 1.241501665021045119e+04 1.254435994718215807e+04 7.832061349408952992e+03
4.655892083257035665e+02 1.245126419305174022e+04 1.240614022805790955e+04 1.255235250642802566e+04 7.966334409139357376e+03
4.665892388451443367e+02 1.245242764728402472e+04 1.242815678175114044e+04 1.252614862447722589e+04 8.091998280700186115e+03
4.675892693645851068e+02 1.247532111606263061e+04 1.241599922246712231e+04 1.256266152909253287e+04 8.211951489287203003e+03
4.685892998840263317e+02 1.249588688058035586e+04 1.242396705658633437e+04 1.254336652736055294e+04 8.315706789621424832e+03
4.695893304034671019e+02 1.251187416355470486e+04 1.241829975276720688e+04 1.255226537431318320e+04 8.424860902375487058e+03
4.705893609229078720e+02 1.253026607776836681e+04 1.243711083820256499e+04 1.254993668681318559e+04 8.529633060176243816e+03
4.715893914423486422e+02 1.253895803053380587e+04 1.244277758047161115e+04 1.256133308415722786e+04 8.638945906466973611e+03
4.725894219617894123e+02 1.254764998329925038e+04 1.244861152427768502e+04 1.256881251626674202e+04 8.747939948417846608e+03
4.735894524812306372e+02 1.255556444305174045e+04 1.245928883754449271e+04 1.254635815806387109e+04 8.842149037927585596e+03
4.745894830006714074e+02 1.255160747844094112e+04 1.245575416055080859e+04 1.254145544859368965e+04 8.931584353391774130e+03
4.755895135201121775e+02 1.255812637669865944e+04 1.245238921206953091e+04 1.254677420325172170e+04 9.017029934174817754e+03
4.765895440395534024e+02 1.256029943120638382e+04 1.245887736172161203e+04 1.253596456181318536e+04 9.109832754205521269e+03
4.775895745589941725e+02 1.256503468462646924e+04 1.245115338072568557e+04 1.253638174412488115e+04 9.204041977441866038e+03
4.785896050784349427e+02 1.257512073992674232e+04 1.244778969573209542e+04 1.254802532376535964e+04 9.302240266726099435e+03
4.795896355978757128e+02 1.257333736035454604e+04 1.245280209176761491e+04 1.254444437862787527e+04 9.388698559449490858e+03
4.805896661173164830e+02 1.258024593354779427e+04 1.246076487193608955e+04 1.253596456181318536e+04 9.473131695745487377e+03
4.815896966367577079e+02 1.258893788631323878e+04 1.245073965870247412e+04 1.253912875106042156e+04 9.559196163476930451e+03
4.825897271561984780e+02 1.259545691720367904e+04 1.244089035103217429e+04 1.254402563277088848e+04 9.633293967971290840e+03
4.835897576756392482e+02 1.260158587526043266e+04 1.244737751797161218e+04 1.252730635869486650e+04 9.698234839926968561e+03
4.845897881950804731e+02 1.261105810632598332e+04 1.244967748672160997e+04 1.251817141640331283e+04 9.756602645726063201e+03
4.855898187145212432e+02 1.261445456505606671e+04 1.244779067844474048e+04 1.252664981181318763e+04 9.809578057984574116e+03
4.865898492339620134e+02 1.259684995867674115e+04 1.245156415461096003e+04 1.252432112431319001e+04 9.863957198915715708e+03
4.875898797534027835e+02 1.259684995867674115e+04 1.244425066672527464e+04 1.253023431046270161e+04 9.913166734909578736e+03
4.885899102728435537e+02 1.259645922267944297e+04 1.243233696056454573e+04 1.254336937017017044e+04 9.961145450792646443e+03
4.895899407922847786e+02 1.259684995867674115e+04 1.242437783047161429e+04 1.253619880932584965e+04 1.001653289068462800e+04
4.905899713117255487e+02 1.259389503427625641e+04 1.242479169288234516e+04 1.251882568903729225e+04 1.006670392131088374e+04
4.915900018311663189e+02 1.258303015963581493e+04 1.242814976237510928e+04 1.251351603137004349e+04 1.012984603606206656e+04
4.925900323506075438e+02 1.257433820687037041e+04 1.242332029127893111e+04 1.251649643297536568e+04 1.019119153323522551e+04
4.935900628700483139e+02 1.256564625410492772e+04 1.243357770547161272e+04 1.250527216775379384e+04 1.025472787415835228e+04
4.945900933894890841e+02 1.256286627226399469e+04 1.242814892004998728e+04 1.251202739411267248e+04 1.032084981991003770e+04
4.955901239089298542e+02 1.257373114690443799e+04 1.243022146101661201e+04 1.251798478595177949e+04 1.038101076639419443e+04
4.965901544283706244e+02 1.257433714580860214e+04 1.244089231645746258e+04 1.250019448335152265e+04 1.042802584801843659e+04
4.975901849478118493e+02 1.257412360712711779e+04 1.244590723946836260e+04 1.250229432467713377e+04 1.046785740131683997e+04
4.985902154672526194e+02 1.258124744322722654e+04 1.245552238075429523e+04 1.250675981002780100e+04 1.050908947384819294e+04
4.995902459866933896e+02 1.257512073992674232e+04 1.247350742601843922e+04 1.249404818681318829e+04 1.054852586488806082e+04
5.005902765061346145e+02 1.257690133421178507e+04 1.247893817686536204e+04 1.249003769314215060e+04 1.059054866311642400e+04
5.015903070255753846e+02 1.256781705385638634e+04 1.248941529752778297e+04 1.248851877996233816e+04 1.063138463730269359e+04
5.025903375450161548e+02 1.256425613055174290e+04 1.247935484702649956e+04 1.251438991104714842e+04 1.066643920711590908e+04
5.035903680644569249e+02 1.256208320867674229e+04 1.250653948651560313e+04 1.247373517495638407e+04 1.070666739366598449e+04
5.045903985838976951e+02 1.256721476866842022e+04 1.250551339412753987e+04 1.248683853733658907e+04 1.074451952505217923e+04
5.055904291033389200e+02 1.256742300204105049e+04 1.250884057836577085e+04 1.247923373732286018e+04 1.077756953234252069e+04
5.065904596227796901e+02 1.255734424154045337e+04 1.251052831713842897e+04 1.248874734185576199e+04 1.082159702682040370e+04
5.075904901422204603e+02 1.255517118703273263e+04 1.250654173271593027e+04 1.249109806113031664e+04 1.084968243213193091e+04
5.085905206616616852e+02 1.254647936690001006e+04 1.252014373919940590e+04 1.247202607781300503e+04 1.088632326749863205e+04
5.095905511811024553e+02 1.254904567742674044e+04 1.250906014444798893e+04 1.248917077834862357e+04 1.092755386903680665e+04
5.105905817005432255e+02 1.254726640946890984e+04 1.250759337563275221e+04 1.249934675752291696e+04 1.096221167187167885e+04
5.115906122199839956e+02 1.254608518245195773e+04 1.251679339102027552e+04 1.247923203163708786e+04 1.099726624168489616e+04
5.125906427394247658e+02 1.254331475016696277e+04 1.250739191954069429e+04 1.247901384599877019e+04 1.103152647518150661e+04
5.135906732588659906e+02 1.254825757379607057e+04 1.249024274157420223e+04 1.249087490057516334e+04 1.106339099569630343e+04
5.145907037783067608e+02 1.253877725213451777e+04 1.247519095316548737e+04 1.247880873728471306e+04 1.110322482234778181e+04
5.155907342977475309e+02 1.252178766368441029e+04 1.246305992712286570e+04 1.246885520796315905e+04 1.114485219086430334e+04
5.165907648171887558e+02 1.251427892742674157e+04 1.245574236799907703e+04 1.247393545089409236e+04 1.119046354381592755e+04
5.175907953366295260e+02 1.251645184930174037e+04 1.244779517084540021e+04 1.248155901345131679e+04 1.122472257377266033e+04
5.185908258560702961e+02 1.251348949746885955e+04 1.245511301074422590e+04 1.246758660417035389e+04 1.125798413662744679e+04
5.195908563755110663e+02 1.250045170095341564e+04 1.246075939682278477e+04 1.247330022508456204e+04 1.129383491493040674e+04
5.205908868949518364e+02 1.249175974818797295e+04 1.245385935018526106e+04 1.249087291060843381e+04 1.133606017531083126e+04
5.215909174143930613e+02 1.248642605592884684e+04 1.244925927229774061e+04 1.247414837733461172e+04 1.136016025892075595e+04
5.225909479338338315e+02 1.249768604344639607e+04 1.244382248478744259e+04 1.246292809204650985e+04 1.138605268085583884e+04
5.235909784532746016e+02 1.250598261806928895e+04 1.243044074632379125e+04 1.245911787431318953e+04 1.140616958239057931e+04
5.245910089727158265e+02 1.250005486385092809e+04 1.243023367473090912e+04 1.245361277348458134e+04 1.143544889925678035e+04
5.255910394921565967e+02 1.248820386492674152e+04 1.244131516366951473e+04 1.244980312431318453e+04 1.146831262531999528e+04
5.265910700115973668e+02 1.248780808888602769e+04 1.244465863286013882e+04 1.245255595900844855e+04 1.151073780704609453e+04
5.275911005310381370e+02 1.248939159094704337e+04 1.244863468821858623e+04 1.245721347614893239e+04 1.155196600150452286e+04
5.285911310504789071e+02 1.249986055691404908e+04 1.245699659010812320e+04 1.246504854374186107e+04 1.159439185186388022e+04
5.295911615699201320e+02 1.250519106598786311e+04 1.246305796169757559e+04 1.247033673819647811e+04 1.164558161212987761e+04
5.305911920893609022e+02 1.249827586115854319e+04 1.245385794631005410e+04 1.246715847704162479e+04 1.170852527652856224e+04
5.315912226088016723e+02 1.249472263055173789e+04 1.244925786842253729e+04 1.245213181181318578e+04 1.178181711048753641e+04
5.325912531282428972e+02 1.248998021496469664e+04 1.244737751797161218e+04 1.245488549935133778e+04 1.182781011930575551e+04
5.335912836476836674e+02 1.248484082964244953e+04 1.245051728486984393e+04 1.245954301649181980e+04 1.183537396623168388e+04
5.345913141671244375e+02 1.247476949657425575e+04 1.246599753599143332e+04 1.246420053363229636e+04 1.183059216858702348e+04
5.355913446865652077e+02 1.247082048992674027e+04 1.248417701797161135e+04 1.246610393681318601e+04 1.182960192272431595e+04
5.365913752060059778e+02 1.247299341180173906e+04 1.248459733820829024e+04 1.247479227371347406e+04 1.184095678652558490e+04
5.375914057254472027e+02 1.247002601992544442e+04 1.249505873546841030e+04 1.248345630459152198e+04 1.186147580410478622e+04
5.385914362448879729e+02 1.246904493568511134e+04 1.250759730648333061e+04 1.247223829355111229e+04 1.188119406648804761e+04
5.395914667643287430e+02 1.247121799019283208e+04 1.250779370862465476e+04 1.246144656181318715e+04 1.190430550895508168e+04
5.405914972837699679e+02 1.247299341180173906e+04 1.249421865654513385e+04 1.246377524931318476e+04 1.193855825375915447e+04
5.415915278032107381e+02 1.246922942780060293e+04 1.250740286976729840e+04 1.245698647780079227e+04 1.197641987973768846e+04
5.425915583226515082e+02 1.245857875500525188e+04 1.253435516790980910e+04 1.244855712085685809e+04 1.203418591559993183e+04
5.435915888420922784e+02 1.246984166044266931e+04 1.252055521502228839e+04 1.248663556072974643e+04 1.210389360781517826e+04
5.445916193615330485e+02 1.247951217742673907e+04 1.253458357840581994e+04 1.245973973891750393e+04 1.215147475435999695e+04
5.455916498809742734e+02 1.248248169142658116e+04 1.253853310052288361e+04 1.246420209717758735e+04 1.217575790975736891e+04
5.465916804004150436e+02 1.248088824191145795e+04 1.253707629922161323e+04 1.245997185432295555e+04 1.217294617315922005e+04
5.475917109198558137e+02 1.247733925555174210e+04 1.252618896622399370e+04 1.247161557610391174e+04 1.215403160795824806e+04
5.485917414392970386e+02 1.247516633367673967e+04 1.251764259513238721e+04 1.246862494038395562e+04 1.214388095266388700e+04
5.495917719587378087e+02 1.247436868049012810e+04 1.253205421644716444e+04 1.246443847679747341e+04 1.213990124748168455e+04
5.505918024781785789e+02 1.246944548650379693e+04 1.252515416980964619e+04 1.248663456574637712e+04 1.214030349725278938e+04
5.515918329976193490e+02 1.248031036114423478e+04 1.252768858571904457e+04 1.247370788398403784e+04 1.215206261672495566e+04
5.525918635170601192e+02 1.248860308941820949e+04 1.254439877190861807e+04 1.247204484035648966e+04 1.215662296303287076e+04
5.535918940365013441e+02 1.248820386492674152e+04 1.255045340489707996e+04 1.247627465678968474e+04 1.211374123851468357e+04
5.545919245559421142e+02 1.249334868819056464e+04 1.253538491037341373e+04 1.250317488495683938e+04 1.208933492087025843e+04
5.555919550753828844e+02 1.249015197433893991e+04 1.254360614396730125e+04 1.249442286912107193e+04 1.210945610165788275e+04
5.565919855948241093e+02 1.247676535376616448e+04 1.256946019053615419e+04 1.247185991559073591e+04 1.213315313313679144e+04
5.575920161142648794e+02 1.248780397727166383e+04 1.255026921647005656e+04 1.249104831196196392e+04 1.215684989716237578e+04
5.585920466337056496e+02 1.248345800088894066e+04 1.257472261674587207e+04 1.246929001569449792e+04 1.216578805289736010e+04
5.595920771531464197e+02 1.248168509930173786e+04 1.257072873217230699e+04 1.248007606181318624e+04 1.216180968498168295e+04
5.605921076725871899e+02 1.248128481374849798e+04 1.257242320954595380e+04 1.247180305939833852e+04 1.216561487688220222e+04
5.615921381920284148e+02 1.247733925555174210e+04 1.257617576797161382e+04 1.247014911276157909e+04 1.218452556401025140e+04
5.625921687114691849e+02 1.247991272824542284e+04 1.257659973828382681e+04 1.248602122957092251e+04 1.219109836271355744e+04
5.635921992309099551e+02 1.248683230995455051e+04 1.258119981617134181e+04 1.249361878042012904e+04 1.220245683713444851e+04
5.645922297503511800e+02 1.248997597071761447e+04 1.259354830248337930e+04 1.248896126327964339e+04 1.221341145706441057e+04
5.655922602697919501e+02 1.248345707245989070e+04 1.259959984694638842e+04 1.248620274296513890e+04 1.222915202016526200e+04
5.665922907892327203e+02 1.247871001472759963e+04 1.260062636049702087e+04 1.247731754149868357e+04 1.224148883877677872e+04
5.675923213086734904e+02 1.247476511969444982e+04 1.259270022147142845e+04 1.247308999931318249e+04 1.225244332498008225e+04
5.685923518281142606e+02 1.247041914331172848e+04 1.260147542422161314e+04 1.247627892100411191e+04 1.225561130938083443e+04
5.695923823475554855e+02 1.246687612542447641e+04 1.259960040849647157e+04 1.248516369604913052e+04 1.225463470363669512e+04
5.705924128669962556e+02 1.246269527677991937e+04 1.261237567287112506e+04 1.248430303543676018e+04 1.226818495789415465e+04
5.715924433864370258e+02 1.245166593756491602e+04 1.262532557932140844e+04 1.247412705626246498e+04 1.227613861801249368e+04
5.725924739058782507e+02 1.245818483582263980e+04 1.262822430084677035e+04 1.247162268312796368e+04 1.228571251025407582e+04
5.735925044253190208e+02 1.245778295867674024e+04 1.262072620337149056e+04 1.247817820211105573e+04 1.229244965901345859e+04
5.745925349447597910e+02 1.245955373814039740e+04 1.263410064168407189e+04 1.248007606181318624e+04 1.228749869715321984e+04
5.755925654642005611e+02 1.245641458688986495e+04 1.263554916012162903e+04 1.248516454889201668e+04 1.229545115373168665e+04
5.765925959836413313e+02 1.246253121010352334e+04 1.263180095370911113e+04 1.248852830337456180e+04 1.229106946623168733e+04
5.775926265030825562e+02 1.246905010836124711e+04 1.264185312134668129e+04 1.246627564251421609e+04 1.229885957865386263e+04
5.785926570225233263e+02 1.246784222216728631e+04 1.264934855145906840e+04 1.246041248981401077e+04 1.230039970851217367e+04
5.795926875419640965e+02 1.245874746382689955e+04 1.264244850482154834e+04 1.247205635373545010e+04 1.228668777873168438e+04
5.805927180614053214e+02 1.244868833296906996e+04 1.263784842693402607e+04 1.248154110375071104e+04 1.228847236091100240e+04
5.815927485808460915e+02 1.244732142014212877e+04 1.263597495547161088e+04 1.247671458157833877e+04 1.228189969593434944e+04
5.825927791002868616e+02 1.245384031839985437e+04 1.263870170228423922e+04 1.248939081181318579e+04 1.227492050193370778e+04
5.835928096197276318e+02 1.245561003680174326e+04 1.263870184267175682e+04 1.248706212431318454e+04 1.227094520973104409e+04
5.845928401391684019e+02 1.245263017744963327e+04 1.265608294082227440e+04 1.248473343681318511e+04 1.226396574827710174e+04
5.855928706586096268e+02 1.244868766980546206e+04 1.266357458047161163e+04 1.249025587878046827e+04 1.225382512248168314e+04
5.865929011780503970e+02 1.244732208330573849e+04 1.266630188883431765e+04 1.249913823743730791e+04 1.226340262534288377e+04
5.875929316974911671e+02 1.244651448266501939e+04 1.267678434422252030e+04 1.249740710851937729e+04 1.226518653888893641e+04
5.885929622169323920e+02 1.244691834930174082e+04 1.268069146930835996e+04 1.249621298633861261e+04 1.227573355998168518e+04
5.895929927363731622e+02 1.244434129552457671e+04 1.267004672594633848e+04 1.250758720976762197e+04 1.227777088553447174e+04
5.905930232558139323e+02 1.244039958367674080e+04 1.267635812770998018e+04 1.250292969262713814e+04 1.229285271114447823e+04
5.915930537752547025e+02 1.243822666180174019e+04 1.267881827862098908e+04 1.249507671533360372e+04 1.228587231360396254e+04
5.925930842946954726e+02 1.244338156515239098e+04 1.267004630478377840e+04 1.249578230068121411e+04 1.228011524748168813e+04
5.935931148141366975e+02 1.244909127117673961e+04 1.267218777602302180e+04 1.250525795370569540e+04 1.227970724746451924e+04
5.945931453335774677e+02 1.244651355423596942e+04 1.268571734254586590e+04 1.250103424931318477e+04 1.227914880496314618e+04
5.955931758530182378e+02 1.243837494518429048e+04 1.267191724927082396e+04 1.250466480147853690e+04 1.229106946623168733e+04
5.965932063724594627e+02 1.241351440051431564e+04 1.266501706224577902e+04 1.251733506181318626e+04 1.228847022128456047e+04
5.975932368919002329e+02 1.241554010006854332e+04 1.265940352684704521e+04 1.250948052097435720e+04 1.228408840005790626e+04
5.985932674113410030e+02 1.242817270362005002e+04 1.266774549370865498e+04 1.250932345574287137e+04 1.228312342853254631e+04
5.995932979307817732e+02 1.243686465638549089e+04 1.265581634492066041e+04 1.252199243681318876e+04 1.228928742485876865e+04
6.005933284502225433e+02 1.244257250555174141e+04 1.264474552543361824e+04 1.251646573063147480e+04 1.229066053012795237e+04
6.015933589696637682e+02 1.244080530717156034e+04 1.265063365882264770e+04 1.251354730227586333e+04 1.228887862248168676e+04
6.025933894891045384e+02 1.244433957129920054e+04 1.265164515090857458e+04 1.252286233655682372e+04 1.228887862248168676e+04
6.035934200085453085e+02 1.243958760615621759e+04 1.264201540932049465e+04 1.252723813126399000e+04 1.228887862248168676e+04
6.045934505279865334e+02 1.243130177478375481e+04 1.264100475955969341e+04 1.251121946761875188e+04 1.229188840825238003e+04
6.055934810474273036e+02 1.242912872027603589e+04 1.264919482712401259e+04 1.251835762043340219e+04 1.229723239274468506e+04
6.065935115668680737e+02 1.241745120495145966e+04 1.267133478144785295e+04 1.249594135587944220e+04 1.229326030998168790e+04
6.075935420863088439e+02 1.241731048163403648e+04 1.265682320421840814e+04 1.251762033775852069e+04 1.229367018217199075e+04
6.085935726057496140e+02 1.241962333103013771e+04 1.265882681491241237e+04 1.251937762052496510e+04 1.230106285898255192e+04
6.095936031251908389e+02 1.240644640278992483e+04 1.266875221261887964e+04 1.251470844786504313e+04 1.231379818301890555e+04
6.105936336446316091e+02 1.241568360867311821e+04 1.266155889645082789e+04 1.253480455334785802e+04 1.231352765400063799e+04
6.115936641640723792e+02 1.241337274876784068e+04 1.267565099576871762e+04 1.251718751999392225e+04 1.230161327788477320e+04
6.125936946835136041e+02 1.242220184376723046e+04 1.265854365328336826e+04 1.254149467936644578e+04 1.230147500452595705e+04
6.135937252029543743e+02 1.241215159930173832e+04 1.266486797069890417e+04 1.252825159289341900e+04 1.231735959123168504e+04
6.145937557223951444e+02 1.241473196889693827e+04 1.266961194579503899e+04 1.251951833960113981e+04 1.231557955575855885e+04
6.155937862418359146e+02 1.241948552563257908e+04 1.266357458047161163e+04 1.253640135951125558e+04 1.232174127873168436e+04
6.165938167612766847e+02 1.242301620867674137e+04 1.266357458047161163e+04 1.253188811495897971e+04 1.232215235446185943e+04
6.175938472807179096e+02 1.242559697617010170e+04 1.265897464297161241e+04 1.251878958535511993e+04 1.232091885981802261e+04
6.185938778001586797e+02 1.242518913055174198e+04 1.267133815074834638e+04 1.250612884843269967e+04 1.231818227759864931e+04
6.195939083195994499e+02 1.243252411794434920e+04 1.266414665961806168e+04 1.252330453559316811e+04 1.232954824071208895e+04
6.205939388390406748e+02 1.243306433101868606e+04 1.266473151402888834e+04 1.251339748620889259e+04 1.234228209375526239e+04
6.215939693584814449e+02 1.242736205242674077e+04 1.268901293959196482e+04 1.250439501884563470e+04 1.234542881561824288e+04
6.225939998779222151e+02 1.242953497430174139e+04 1.266127461172161020e+04 1.254585682858743530e+04 1.233926802873168708e+04
6.235940303973629852e+02 1.243076089854581187e+04 1.267320698942258059e+04 1.252344525466934829e+04 1.234104686066494105e+04
6.245940609168037554e+02 1.243999080962933112e+04 1.266687649495614096e+04 1.252708788877558618e+04 1.234050446536188065e+04
6.255940914362449803e+02 1.243904447516200707e+04 1.265984027242363300e+04 1.252388290521030831e+04 1.235323764977179053e+04
6.265941219556857504e+02 1.244732738861459256e+04 1.266774156285807658e+04 1.252330752054327422e+04 1.235857320948498091e+04
6.275941524751265206e+02 1.245126419305174022e+04 1.266084151622055833e+04 1.253596456181318536e+04 1.235761987217839851e+04
6.285941829945677455e+02 1.245384641950504010e+04 1.266170784761018513e+04 1.253319722878886205e+04 1.236638351463170511e+04
6.295942135140085156e+02 1.245696408425470145e+04 1.266400795674770779e+04 1.252985607464279565e+04 1.237213068498168468e+04
6.305942440334492858e+02 1.245126419305174022e+04 1.266860803463522279e+04 1.254062193681318422e+04 1.236952689332836962e+04
6.315942745528900559e+02 1.244773775425466192e+04 1.267320811252274507e+04 1.253596456181318536e+04 1.237117908612158317e+04
6.325943050723308261e+02 1.245819279378592182e+04 1.267464062678295704e+04 1.254106115089943160e+04 1.237787678551844874e+04
6.335943355917720510e+02 1.246294873791055034e+04 1.267047448672160863e+04 1.254571866803991543e+04 1.236692229931514157e+04
6.345943661112128211e+02 1.247205079105061850e+04 1.267277445547161005e+04 1.254760799931318797e+04 1.236940292872138525e+04
6.355943966306535913e+02 1.248045440027969744e+04 1.267507442422161148e+04 1.254527931181318672e+04 1.238172129305483759e+04
6.365944271500948162e+02 1.246823720241167393e+04 1.266917140975539041e+04 1.255358472225770674e+04 1.238746659123168683e+04
6.375944576695355863e+02 1.246905806632453096e+04 1.265350570671909190e+04 1.256667742410183928e+04 1.238965743498168740e+04
6.385944881889763565e+02 1.246905819895725472e+04 1.264517483047161295e+04 1.256114005738405285e+04 1.239226229644821979e+04
6.395945187084171266e+02 1.247258264826350751e+04 1.265437470547161138e+04 1.255969164588280182e+04 1.239362497103849637e+04
6.405945492278578968e+02 1.246606375000578919e+04 1.264703987868279182e+04 1.257089487431318776e+04 1.238403289197216691e+04
6.415945797472991217e+02 1.246130674481938695e+04 1.264604495232429326e+04 1.256667799266376096e+04 1.237870321623168456e+04
6.425946102667398918e+02 1.245343711492674083e+04 1.265393950415775180e+04 1.257819606225953248e+04 1.237171613235853874e+04
6.435946407861806620e+02 1.245343711492674083e+04 1.264977476797161216e+04 1.260349649931318709e+04 1.237473621508148426e+04
6.445946713056218869e+02 1.245302568822489957e+04 1.265251021881051747e+04 1.259008938272510386e+04 1.237994767646104265e+04
6.455947018250626570e+02 1.244609523063261804e+04 1.265667467422161099e+04 1.258065068622568651e+04 1.238924248117858224e+04
6.465947323445034272e+02 1.243523035599217474e+04 1.265163897385766722e+04 1.258807809491914850e+04 1.238444557242217343e+04
6.475947628639441973e+02 1.243211972077674363e+04 1.264977476797161216e+04 1.259052902323279704e+04 1.237692759373809531e+04
6.485947933833849675e+02 1.243822666180174019e+04 1.264747479922161074e+04 1.258297980014712812e+04 1.238130941496474406e+04
6.495948239028261924e+02 1.243646582979218692e+04 1.265021095199811862e+04 1.258852057823646101e+04 1.239090390111082888e+04
6.505948544222669625e+02 1.243698999430723416e+04 1.265711099863563868e+04 1.259285643146846814e+04 1.240404936479078606e+04
6.515948849417077327e+02 1.242953497430174139e+04 1.266171107652315732e+04 1.258165448230241600e+04 1.241239738480772394e+04
6.525949154611489575e+02 1.243212038394035153e+04 1.265996479615440330e+04 1.258751934068839910e+04 1.242335187101103293e+04
6.535949459805897277e+02 1.243305557725907056e+04 1.265064825912478955e+04 1.260261210124048557e+04 1.242950864609800919e+04
6.545949765000304978e+02 1.242694929939768735e+04 1.266214838364983007e+04 1.259185306181318447e+04 1.243566515373168659e+04
6.555950070194712680e+02 1.242342909433851673e+04 1.266500049651835252e+04 1.260293774508242677e+04 1.243347430998168602e+04
6.565950375389120381e+02 1.242777507072123626e+04 1.265897464297161059e+04 1.261048256181318720e+04 1.243347430998168602e+04
6.575950680583532630e+02 1.242736205242674077e+04 1.265897464297161059e+04 1.261369678450973515e+04 1.242742638838994208e+04
6.585950985777940332e+02 1.243129461261679899e+04 1.265623722670742063e+04 1.262678337431318505e+04 1.241636425223127117e+04
6.595951290972348033e+02 1.242001645441641813e+04 1.266028740667674720e+04 1.262156951933012169e+04 1.242335374318416507e+04
6.605951596166760282e+02 1.241908391375212705e+04 1.265317284790773920e+04 1.265971547593148534e+04 1.242648481902879030e+04
6.615951901361167984e+02 1.242001592388553399e+04 1.264134000495888540e+04 1.265262295021121463e+04 1.242512802841123266e+04
6.625952206555575685e+02 1.240997867742674134e+04 1.265547057045742258e+04 1.263820421981995969e+04 1.242909262248168307e+04
6.635952511749983387e+02 1.240915078397964862e+04 1.263126579648058032e+04 1.265395096872508111e+04 1.242648441784883471e+04
6.645952816944391088e+02 1.240904799362054291e+04 1.264615992970366824e+04 1.263975809955810291e+04 1.242773676795068968e+04
6.655953122138803337e+02 1.241649744305174136e+04 1.262688289808743139e+04 1.265661240709106642e+04 1.243691803874015568e+04
6.665953427333211039e+02 1.241691178767345264e+04 1.261757520547161221e+04 1.263798276495058417e+04 1.244881021623168635e+04
6.675953732527618740e+02 1.242167224131060721e+04 1.260892045521410546e+04 1.264441675382243375e+04 1.244359273715276322e+04
6.685954037722030989e+02 1.242435991077743347e+04 1.258865902630341589e+04 1.265938499931318620e+04 1.244088290026391405e+04
6.695954342916438691e+02 1.242167277184149498e+04 1.258439264955236649e+04 1.265106551696105271e+04 1.244661937248168579e+04
6.705954648110846392e+02 1.242653230212154631e+04 1.260005371980048949e+04 1.264441803308676390e+04 1.244401023176226590e+04
6.715954953305254094e+02 1.241825535714142461e+04 1.259697909271181743e+04 1.266304795950820153e+04 1.244526539012382818e+04
6.725955258499661795e+02 1.241432452117674075e+04 1.256981817871369458e+04 1.266780994990221188e+04 1.245402903257713297e+04
6.735955563694074044e+02 1.241691271610250260e+04 1.256467592422161033e+04 1.265061876942931121e+04 1.245715489308230644e+04
6.745955868888481746e+02 1.242167409816870895e+04 1.255689663054256744e+04 1.264531010674543359e+04 1.245538274748168442e+04
6.755956174082889447e+02 1.243253897280914680e+04 1.255317608047160866e+04 1.267191908906704703e+04 1.245235397252632174e+04
6.765956479277301696e+02 1.243605373992673958e+04 1.255865596695073691e+04 1.266736334451094990e+04 1.244881021623168635e+04
6.775956784471709398e+02 1.244081538725838982e+04 1.256149572571744648e+04 1.265938499931318620e+04 1.244661937248168579e+04
6.785957089666117099e+02 1.244516136364110753e+04 1.254725537717779844e+04 1.266537963195830525e+04 1.244661937248168579e+04
6.795957394860524801e+02 1.244608621160756047e+04 1.254025705927586023e+04 1.266691617055777169e+04 1.244922971674097971e+04
6.805957700054932502e+02 1.243822666180174019e+04 1.254901667901125620e+04 1.265239893681318608e+04 1.245403117220357490e+04
6.815958005249344751e+02 1.244340517377680590e+04 1.255273540404444248e+04 1.265472762431318370e+04 1.245976443498168555e+04
6.825958310443752453e+02 1.244950773792199288e+04 1.254813532615692566e+04 1.265338866098229300e+04 1.245934453329243479e+04
6.835958615638160154e+02 1.245168079242971544e+04 1.254715808862602171e+04 1.263887327506396468e+04 1.245193179748397597e+04
6.845958920832572403e+02 1.246037261256243801e+04 1.255503495163188200e+04 1.265096346009570516e+04 1.243962667208912899e+04
6.855959226026980105e+02 1.245912215126490082e+04 1.254353496749436454e+04 1.265428087678144402e+04 1.243827630035089533e+04
6.865959531221387806e+02 1.245427110947901929e+04 1.254990027806591388e+04 1.264729467214096621e+04 1.244265812157754408e+04
6.875959836415795507e+02 1.246254593233560081e+04 1.256051750547389929e+04 1.264585990612588648e+04 1.244358738808665839e+04
6.885960141610203209e+02 1.246730917125990527e+04 1.255963432758180352e+04 1.265562197221955103e+04 1.243827670153085273e+04
6.895960446804615458e+02 1.247257601662743400e+04 1.255777601797160969e+04 1.265804305103219122e+04 1.244527020428332435e+04
6.905960751999023159e+02 1.246906509585876847e+04 1.255361802038646238e+04 1.264442656151562187e+04 1.245100105998168874e+04
6.915961057193430861e+02 1.247341107224148618e+04 1.256193387516924122e+04 1.266538517543706257e+04 1.245057995475256394e+04
6.925961362387843110e+02 1.246956711070933306e+04 1.256272931086096833e+04 1.267434258426786255e+04 1.244965269414324212e+04
6.935961667582250811e+02 1.246254672813193065e+04 1.259634496228126591e+04 1.265195105215759577e+04 1.245580412016411537e+04
6.945961972776658513e+02 1.246605658783883155e+04 1.259926291689694699e+04 1.267228396368173708e+04 1.246195527873168794e+04
6.955962277971066214e+02 1.245953768958110959e+04 1.258714621038142286e+04 1.267308464101114623e+04 1.245673031096021623e+04
6.965962583165473916e+02 1.246296544963344604e+04 1.259598992224166432e+04 1.265043142827536576e+04 1.245277012986929913e+04
6.975962888359886165e+02 1.246781065557959118e+04 1.259316139447660316e+04 1.265669428000811240e+04 1.244704128007072723e+04
6.985963193554293866e+02 1.245778295867674024e+04 1.259643242370659391e+04 1.264720725574516109e+04 1.245057901866599423e+04
6.995963498748701568e+02 1.245953715905022182e+04 1.259316195602668267e+04 1.266681979931166097e+04 1.244881021623168635e+04
7.005963803943113817e+02 1.245301826079249986e+04 1.261474864313184298e+04 1.265203434647944960e+04 1.244923252500068702e+04
7.015964109137521518e+02 1.245385610169370375e+04 1.261668823711645564e+04 1.264300060821036823e+04 1.245100105998168874e+04
7.025964414331929220e+02 1.246037499995142389e+04 1.261111892378670927e+04 1.266314404647335141e+04 1.245184621242629510e+04
7.035964719526336921e+02 1.246212880242673964e+04 1.262625017153207955e+04 1.264962094325279031e+04 1.246018714493064181e+04
7.045965024720744623e+02 1.245351311347611772e+04 1.263871882956175068e+04 1.264308418681318835e+04 1.246633696623168726e+04
7.055965329915156872e+02 1.244341154014743370e+04 1.264376295317693257e+04 1.264173541578910590e+04 1.246330016767716370e+04
7.065965635109564573e+02 1.244993057103787578e+04 1.265251892283679263e+04 1.262543417686766406e+04 1.245411341409494162e+04
7.075965940303972275e+02 1.245602981936503056e+04 1.265163041021891149e+04 1.261881824818014684e+04 1.244266092983724957e+04
7.085966245498384524e+02 1.246296863281876358e+04 1.265296367050205845e+04 1.263466947033879296e+04 1.244881021623168635e+04
7.095966550692792225e+02 1.246220148515807523e+04 1.265756388877709833e+04 1.263662617620005039e+04 1.244619586017281472e+04
7.105966855887199927e+02 1.244607798837883092e+04 1.267729816254792240e+04 1.261889670972565727e+04 1.243877590312511165e+04
7.115967161081607628e+02 1.244124020986509095e+04 1.268753957256326430e+04 1.262204952773441619e+04 1.242690177873168432e+04
7.125967466276015330e+02 1.244348409024605280e+04 1.268419947267312637e+04 1.262039941889065631e+04 1.242951653597051154e+04
7.135967771470427579e+02 1.243472197477097507e+04 1.269124833008248606e+04 1.260342144913922675e+04 1.243128346623168363e+04
7.145968076664835280e+02 1.243696452882472113e+04 1.268420087654833696e+04 1.261288558878474396e+04 1.243262594809741495e+04
7.155968381859242982e+02 1.242778289605179998e+04 1.271046485467734237e+04 1.258298932355935722e+04 1.242167146189411142e+04
7.165968687053655231e+02 1.243128691991895721e+04 1.270541960796199783e+04 1.260259419153988347e+04 1.241813840373168387e+04
7.175968992248062932e+02 1.242778316131724387e+04 1.271877383047161129e+04 1.258531829534031567e+04 1.241552297785958945e+04
7.185969297442470634e+02 1.243388081805173715e+04 1.271142805345618399e+04 1.260297356448363826e+04 1.241418143208042966e+04
7.195969602636878335e+02 1.243128652202079320e+04 1.271825790633339966e+04 1.259710358904034911e+04 1.241594755998168330e+04
7.205969907831286037e+02 1.242651903884940657e+04 1.272433528210020813e+04 1.257225004165890823e+04 1.241813840373168387e+04
7.215970213025698285e+02 1.242301620867674137e+04 1.271142763229362026e+04 1.259042810349129832e+04 1.241248136514557336e+04
7.225970518220105987e+02 1.242084328680174258e+04 1.271321322116814008e+04 1.258493565316550303e+04 1.240584384274239710e+04
7.235970823414513688e+02 1.242084328680174258e+04 1.273116681962766961e+04 1.256856618681318650e+04 1.241071510351767029e+04
7.245971128608925937e+02 1.242561116787129686e+04 1.272982696113105885e+04 1.257969010085518676e+04 1.240499334123168592e+04
7.255971433803333639e+02 1.242476696059946335e+04 1.273206108813389801e+04 1.258583838736024700e+04 1.239933469792574397e+04
7.265971738997741340e+02 1.241782575975674990e+04 1.274956741195279392e+04 1.256998972373026663e+04 1.239184827873168615e+04
7.275972044192149042e+02 1.241215159930173832e+04 1.275512619621850172e+04 1.257270574404095169e+04 1.238661475245444853e+04
7.285972349386556743e+02 1.241390195332630174e+04 1.274458435690908118e+04 1.258441413974076568e+04 1.238089405998168331e+04
7.295972654580968992e+02 1.240261451083541760e+04 1.273621585680607313e+04 1.257005254982285624e+04 1.238004168629783453e+04
7.305972959775376694e+02 1.240128698992673890e+04 1.274637345547160839e+04 1.254573245566656988e+04 1.238040849850599261e+04
7.315973264969784395e+02 1.240732469667115220e+04 1.274592575966841468e+04 1.256106458078864489e+04 1.239051034357214667e+04
7.325973570164196644e+02 1.241951656168939371e+04 1.274177351797161282e+04 1.256953458991014486e+04 1.239799422195980151e+04
7.335973875358604346e+02 1.242778528344078768e+04 1.273582965073689957e+04 1.255737631958801467e+04 1.239361240073314912e+04
7.345974180553012047e+02 1.243213125982350721e+04 1.272707747154009849e+04 1.256203383672849668e+04 1.238746659123168683e+04
7.355974485747419749e+02 1.243388081805173715e+04 1.271557734701505797e+04 1.256902004136897449e+04 1.239227526793352627e+04
7.365974790941827450e+02 1.243128426726453108e+04 1.271277071970320685e+04 1.256487550922437913e+04 1.239665708916017684e+04
7.375975096136239699e+02 1.243213165772167122e+04 1.271832529234329377e+04 1.256061385332344253e+04 1.239799355332653977e+04
7.385975401330647401e+02 1.243647763410439256e+04 1.270867659843993351e+04 1.257464368735872085e+04 1.239622996623168547e+04
7.395975706525055102e+02 1.242783886706024350e+04 1.271826913733504989e+04 1.254811899434233601e+04 1.239142075462323555e+04
7.405976011719467351e+02 1.241824620548364328e+04 1.271148013722632277e+04 1.256055927137875005e+04 1.239051275065189657e+04
7.415976316913875053e+02 1.241649744305174136e+04 1.269987051043521751e+04 1.256356440542775090e+04 1.239580217466992872e+04
7.425976622108282754e+02 1.242036806376089953e+04 1.271972607902384698e+04 1.253772952016559066e+04 1.240146750430850079e+04
7.435976927302690456e+02 1.243388081805173715e+04 1.269532476251817025e+04 1.256674622009463928e+04 1.240018359471662552e+04
7.445977232497098157e+02 1.243473019799969916e+04 1.268707615335776063e+04 1.255550432945341890e+04 1.239537358074825897e+04
7.455977537691510406e+02 1.244474542742674021e+04 1.267552408545009530e+04 1.256669277527378654e+04 1.238746659123168683e+04
7.465977842885918108e+02 1.243912471795846614e+04 1.268792367281962288e+04 1.256021387000994582e+04 1.239227673892670464e+04
7.475978148080325809e+02 1.243473099379603082e+04 1.269027432146456158e+04 1.256198479826254879e+04 1.239403912248168308e+04
7.485978453274738058e+02 1.243997436317187203e+04 1.268242441286265966e+04 1.257418514216705626e+04 1.239751614917666120e+04
7.495978758469145760e+02 1.243043183676397166e+04 1.269437461977874409e+04 1.256021259074561385e+04 1.241023275148164066e+04
7.505979063663553461e+02 1.242863850973767148e+04 1.269947335413943802e+04 1.255965866929121148e+04 1.242204522788820395e+04
7.515979368857961163e+02 1.243647935832977055e+04 1.268202178145357902e+04 1.257975349550969986e+04 1.243347430998168602e+04
7.525979674052368864e+02 1.243520223785523376e+04 1.266862516191273608e+04 1.256906979053732721e+04 1.243128346623168363e+04
7.535979979246781113e+02 1.243213377984521321e+04 1.267552520855026160e+04 1.255783557548208228e+04 1.243609455001327478e+04
7.545980284441188815e+02 1.243345480175054217e+04 1.267922343700544116e+04 1.256947929726304210e+04 1.243566515373168659e+04
7.555980589635596516e+02 1.242693590349282385e+04 1.267047448672160863e+04 1.257463885458237201e+04 1.243961717749679337e+04
7.565980894830008765e+02 1.242216364554346001e+04 1.267827680395403331e+04 1.255833775780140058e+04 1.243390410744323162e+04
7.575981200024416466e+02 1.241909677912610277e+04 1.267877166996414780e+04 1.255737973095955749e+04 1.243480529135528741e+04
7.585981505218824168e+02 1.241824381809465922e+04 1.266452009042285499e+04 1.256715174688689331e+04 1.243171353114653539e+04
7.595981810413231869e+02 1.241607076358693848e+04 1.266768105583669603e+04 1.257043760838585331e+04 1.243609535237318960e+04
7.605982115607639571e+02 1.240435239738416567e+04 1.267967436172161069e+04 1.256390881181318764e+04 1.244133783833615053e+04
7.615982420802051820e+02 1.239954101278198505e+04 1.267371870193516952e+04 1.257180997472977833e+04 1.245143152607649608e+04
7.625982725996459521e+02 1.240345991180174133e+04 1.266172665953794422e+04 1.256906410491808128e+04 1.245757359123168499e+04
7.635983031190867223e+02 1.239825964806036427e+04 1.267047448672160863e+04 1.255180753982393071e+04 1.244927812578923113e+04
7.645983336385279472e+02 1.239302264505515268e+04 1.265671300001472991e+04 1.255226537431318320e+04 1.243742513020692058e+04
7.655983641579687173e+02 1.239348579851834256e+04 1.264106498580602602e+04 1.255551029935362385e+04 1.243609615473310623e+04
7.665983946774094875e+02 1.237741973170747224e+04 1.262492772108802819e+04 1.256253402908108546e+04 1.243828713220975987e+04
7.675984251968502576e+02 1.236217439617674063e+04 1.262681130045192913e+04 1.255314550817145027e+04 1.244223768498168283e+04
7.685984557162910278e+02 1.236694811308603676e+04 1.260607536172161235e+04 1.258162122142986482e+04 1.244266908716305988e+04
7.695984862357322527e+02 1.236783715021770513e+04 1.261433435955854475e+04 1.256161537515246891e+04 1.244661937248168579e+04
7.705985167551730228e+02 1.235740041400200244e+04 1.261116258430561902e+04 1.255551172075843715e+04 1.244661937248168579e+04
7.715985472746137930e+02 1.235565563055174061e+04 1.260332208166759483e+04 1.254947771520008246e+04 1.244661937248168579e+04
7.725985777940550179e+02 1.235262590129637465e+04 1.259781510039698878e+04 1.255505317556677255e+04 1.244705130956967332e+04
7.735986083134957880e+02 1.234610687040593439e+04 1.258719001128785567e+04 1.254672189555471414e+04 1.245143313079632753e+04
7.745986388329365582e+02 1.234044517742673997e+04 1.260286792803845128e+04 1.253035669341683206e+04 1.246062884406427293e+04
7.755986693523773283e+02 1.233741465237504781e+04 1.258816008905520721e+04 1.253783370913815634e+04 1.246720164276757532e+04
7.765986998718180985e+02 1.233132455570567436e+04 1.257983777644647489e+04 1.252759945236666317e+04 1.247290949748168714e+04
7.775987303912593234e+02 1.232523472430173751e+04 1.258952142684246974e+04 1.252058339822516973e+04 1.247204428603918495e+04
7.785987609107000935e+02 1.233043896702476013e+04 1.258262138020494785e+04 1.253455580750612899e+04 1.246676970567958961e+04
7.795987914301408637e+02 1.233132415780751035e+04 1.258443897743415982e+04 1.253691292310232711e+04 1.247115152690624018e+04
7.805988219495820886e+02 1.232697818142478536e+04 1.259457551797160886e+04 1.252199243681318876e+04 1.247334250438289564e+04
7.815988524690228587e+02 1.232220260765738931e+04 1.259687548672161029e+04 1.252757059784901867e+04 1.247555862247023651e+04
7.825988829884636289e+02 1.231394038490934508e+04 1.259366580683811844e+04 1.253317533915479180e+04 1.245976443498168555e+04
7.835989135079043990e+02 1.231262705570185972e+04 1.258537564297161043e+04 1.252339976971543365e+04 1.245757359123168499e+04
7.845989440273451692e+02 1.231697303208457743e+04 1.258537564297161043e+04 1.252895390900997154e+04 1.246238882053950692e+04
7.855989745467863941e+02 1.231568278097062102e+04 1.258307567422161083e+04 1.254806896089302427e+04 1.246195527873168794e+04
7.865990050662271642e+02 1.230656056765689573e+04 1.258628647720526715e+04 1.254389600065222839e+04 1.246414612248168851e+04
7.875990355856679344e+02 1.229698673992674230e+04 1.259963101297596040e+04 1.252943974517398965e+04 1.246677090921946183e+04
7.885990661051091593e+02 1.229872913598801824e+04 1.259550839304599867e+04 1.254341201231446757e+04 1.246896188669611547e+04
7.895990966245499294e+02 1.228960665740884906e+04 1.257986402891283069e+04 1.254156603388789517e+04 1.247028444329060221e+04
7.905991271439906996e+02 1.228915663458507333e+04 1.257341982055469998e+04 1.252339777974870049e+04 1.246852780998168419e+04
7.915991576634314697e+02 1.229264089617673926e+04 1.257524415638490427e+04 1.251362093104501582e+04 1.246546801044291351e+04
7.925991881828722398e+02 1.229481381805173987e+04 1.258125063645380578e+04 1.252149267088202760e+04 1.246195527873168794e+04
7.935992187023134647e+02 1.229438262907440730e+04 1.257064506121002887e+04 1.253553885107262977e+04 1.245407851143860898e+04
7.945992492217542349e+02 1.229089929591179134e+04 1.257940608482062999e+04 1.249868807853402723e+04 1.244705425155603007e+04
7.955992797411950050e+02 1.229655528568396767e+04 1.256007598672160748e+04 1.253176956979783427e+04 1.245406192933368038e+04
7.965993102606362299e+02 1.228786346555124328e+04 1.257845987293178769e+04 1.251641001156292623e+04 1.245713844470403455e+04
7.975993407800770001e+02 1.229176313282639421e+04 1.258400475883294530e+04 1.252338043861001825e+04 1.245976443498168555e+04
7.985993712995177702e+02 1.229612303564486319e+04 1.258076124555698880e+04 1.252200707728272755e+04 1.245800900521264157e+04
7.995994018189585404e+02 1.229046797430173865e+04 1.259826097116242090e+04 1.250987211799947545e+04 1.246019998268929521e+04
8.005994323383993105e+02 1.229090009170811754e+04 1.258354611280314930e+04 1.252990468668729409e+04 1.246720832910020727e+04
8.015994628578405354e+02 1.229481381805173987e+04 1.256560332418269900e+04 1.252805202765811737e+04 1.246678454933803005e+04
8.025994933772813056e+02 1.229741912259856508e+04 1.256099131335592574e+04 1.251548154994112701e+04 1.245232000595655336e+04
8.035995238967220757e+02 1.229872714649719819e+04 1.256606028556225283e+04 1.250894735203017990e+04 1.244924629884590468e+04
8.045995544161633006e+02 1.229394852217720472e+04 1.255501810512940938e+04 1.251547003656216293e+04 1.245187349266343335e+04
8.055995849356040708e+02 1.228394920867674045e+04 1.255041802724188892e+04 1.251687125742372700e+04 1.245976443498168555e+04
8.065996154550448409e+02 1.228655504375445162e+04 1.255087611172161087e+04 1.250895715972336802e+04 1.245670062364333171e+04
8.075996459744856111e+02 1.229133406597260000e+04 1.253892604519304950e+04 1.250708389032444575e+04 1.245056444246085812e+04
8.085996764939263812e+02 1.229872648333359211e+04 1.252189352925617095e+04 1.251128499438048493e+04 1.244399177748420334e+04
8.095997070133676061e+02 1.228742843022499073e+04 1.254029356003121575e+04 1.248939763455627144e+04 1.244048372620582086e+04
8.105997375328083763e+02 1.228655557428533757e+04 1.253615872638696601e+04 1.248054057690505033e+04 1.244618235378089776e+04
8.115997680522491464e+02 1.228786147606042323e+04 1.253339421533129644e+04 1.248194009208084390e+04 1.243654454019936566e+04
8.125997985716903713e+02 1.228655583955078146e+04 1.254305343829870617e+04 1.247541868681318374e+04 1.243128346623168363e+04
8.135998290911311415e+02 1.228829505242673986e+04 1.255639446438137929e+04 1.248379957385310627e+04 1.242865520260093763e+04
8.145998596105719116e+02 1.228786107816225922e+04 1.255915729078679942e+04 1.249917064546697475e+04 1.242208253762428831e+04
8.155998901300126818e+02 1.228612213055174288e+04 1.255317608047160866e+04 1.249358296101891938e+04 1.242602399698383306e+04
8.165999206494534519e+02 1.228351496914681775e+04 1.256375484169894480e+04 1.248380270094369007e+04 1.243347430998168602e+04
8.175999511688946768e+02 1.228134191463909519e+04 1.256145641721167340e+04 1.248892530173795785e+04 1.243347430998168602e+04
8.185999816883354470e+02 1.227960336492673923e+04 1.257111549979156007e+04 1.246470698016605274e+04 1.243391239849569320e+04
8.196000122077762171e+02 1.228264556165791691e+04 1.256697561219657473e+04 1.247495317673795398e+04 1.244092328571300641e+04
8.206000427272174420e+02 1.228786028236592938e+04 1.255961677914173015e+04 1.247169119483979375e+04 1.244661937248168579e+04
8.216000732466582122e+02 1.228742683863233469e+04 1.257295513786151241e+04 1.245073698727326882e+04 1.244661937248168579e+04
8.226001037660989823e+02 1.229394374739923478e+04 1.256421783974189202e+04 1.246516907886974150e+04 1.244398990531106574e+04
8.236001342855397525e+02 1.229133831021968945e+04 1.258031509401651965e+04 1.245260130182188186e+04 1.244574480017349742e+04
8.246001648049805226e+02 1.229959496239343389e+04 1.257387579922161240e+04 1.247728086925458956e+04 1.245538274748168442e+04
8.256001953244217475e+02 1.229350751837848838e+04 1.258768010412227159e+04 1.245911332581779425e+04 1.245538274748168442e+04
8.266002258438625176e+02 1.228655769640888138e+04 1.259227035488335241e+04 1.245027517285054091e+04 1.245275274540445753e+04
8.276002563633032878e+02 1.228785935393688123e+04 1.257387579922161240e+04 1.247495175533314432e+04 1.245363119578556689e+04
8.286002868827445127e+02 1.228046879343399269e+04 1.258123701886430717e+04 1.245864412009005355e+04 1.246064328654275778e+04
8.296003174021852828e+02 1.226655893677522363e+04 1.258353712800182439e+04 1.244468592485719819e+04 1.246414612248168851e+04
8.306003479216260530e+02 1.224613734402569207e+04 1.258491404880387563e+04 1.245911787431318953e+04 1.246414612248168851e+04
8.316003784410668231e+02 1.225049114573897350e+04 1.258077570547160940e+04 1.245538668668729770e+04 1.246984729086316293e+04
8.326004089605075933e+02 1.225004629559134082e+04 1.258998498643548373e+04 1.244514574931318930e+04 1.247246953679454055e+04
8.336004394799488182e+02 1.224266369305173794e+04 1.260377539297161456e+04 1.244328484613611363e+04 1.247334959189548499e+04
8.346004699993895883e+02 1.224266369305173794e+04 1.259825114403597763e+04 1.245446049931318703e+04 1.247817164126258285e+04
8.356005005188303585e+02 1.223439788922021580e+04 1.260562457739296042e+04 1.243861609989763747e+04 1.248868576559878784e+04
8.366005310382715834e+02 1.222571721023609643e+04 1.260882555325017347e+04 1.243490694404629721e+04 1.248561406438792801e+04
8.376005615577123535e+02 1.223006318661881232e+04 1.259135039546085318e+04 1.245400522335259120e+04 1.249131750612250289e+04
8.386005920771531237e+02 1.223875500675153489e+04 1.258630107750741081e+04 1.246516694676252519e+04 1.249218632818462356e+04
8.396006225965938938e+02 1.223744326913670920e+04 1.260608968124870989e+04 1.244420847498156218e+04 1.249350888477911030e+04
8.406006531160346640e+02 1.223440942826697756e+04 1.260237137737809098e+04 1.246799426306981513e+04 1.249656774823132218e+04
8.416006836354758889e+02 1.223004886228489886e+04 1.259414382634576759e+04 1.247119839379221594e+04 1.249700877873168611e+04
8.426007141549166590e+02 1.221658863055173788e+04 1.262215871763170253e+04 1.244655294007495468e+04 1.249745007668535800e+04
8.436007446743574292e+02 1.221615080993833544e+04 1.259550235638261620e+04 1.245164526494677375e+04 1.249964105416201164e+04
8.446007751937986541e+02 1.221529161516898967e+04 1.261021173962858666e+04 1.243770839078605786e+04 1.250402287538866221e+04
8.456008057132394242e+02 1.222093447430173910e+04 1.260746646166324535e+04 1.245399100930448913e+04 1.250752129834805601e+04
8.466008362326801944e+02 1.221527397501704036e+04 1.262586663282580048e+04 1.244328669396236546e+04 1.250665581945224949e+04
8.476008667521209645e+02 1.221399619137888840e+04 1.262814708771044207e+04 1.246146674576148143e+04 1.250971187464475406e+04
8.486008972715617347e+02 1.222701475614973242e+04 1.261571872089919452e+04 1.247168025002276408e+04 1.251411308623602963e+04
8.496009277910029596e+02 1.222093447430173910e+04 1.260423965450224023e+04 1.245631912824256688e+04 1.252504751344144279e+04
8.506009583104437297e+02 1.222266864713428913e+04 1.261067529922161157e+04 1.245725938752429101e+04 1.252329890373168382e+04
8.516009888298844999e+02 1.221092614177621908e+04 1.261160438383294422e+04 1.245958821716477360e+04 1.252110805998168689e+04
8.526010193493257248e+02 1.220093916311884641e+04 1.262403387374436716e+04 1.245443676185285585e+04 1.251847458101148550e+04
8.536010498687664949e+02 1.220225647130797552e+04 1.263367498672160946e+04 1.244702825784337256e+04 1.251980275412538685e+04
8.546010803882072651e+02 1.221050914450007986e+04 1.262675023188046544e+04 1.246191733108621338e+04 1.252197019571117562e+04
8.556011109076480352e+02 1.220745753084568423e+04 1.261897051703885882e+04 1.245490554115915620e+04 1.251015384123168769e+04
8.566011414270888054e+02 1.220833648789051949e+04 1.263507071945142161e+04 1.244001732075919972e+04 1.251542186898530053e+04
8.576011719465300303e+02 1.221224278680174211e+04 1.263411341694844486e+04 1.245215910278553929e+04 1.252066475612822614e+04
8.586012024659708004e+02 1.221441570867673909e+04 1.262540616175823561e+04 1.246283257364328347e+04 1.252243837272202472e+04
8.596012329854115706e+02 1.220701705757785385e+04 1.263460631753327471e+04 1.245260329178861684e+04 1.253031500628845060e+04
8.606012635048527954e+02 1.220311102393207511e+04 1.263687750684155071e+04 1.245584594258135985e+04 1.253206227873168609e+04
8.616012940242935656e+02 1.219964546355413040e+04 1.262400916554073774e+04 1.244980312431318453e+04 1.253425312248168666e+04
8.626013245437343357e+02 1.219832457428152156e+04 1.262587337142679280e+04 1.244420193651943555e+04 1.253117433375823748e+04
8.636013550631751059e+02 1.219136507012324910e+04 1.263644118242752484e+04 1.244423320742525357e+04 1.252723648501830758e+04
8.646013855826158760e+02 1.218355419652618730e+04 1.264104126031504711e+04 1.245631699613535238e+04 1.252374314367171246e+04
8.656014161020571009e+02 1.217309942226036947e+04 1.264700829149065430e+04 1.244325641803991311e+04 1.252460100014831733e+04
8.666014466214978711e+02 1.215747886876074335e+04 1.263457501111618149e+04 1.242931741177198637e+04 1.251145567019501505e+04
8.676014771409386412e+02 1.215051896670431051e+04 1.262447511172161103e+04 1.244143360851174657e+04 1.250488287149171265e+04
8.686015076603798661e+02 1.214488220867674136e+04 1.262354125393457434e+04 1.244747443681318691e+04 1.250183524107832636e+04
8.696015381798206363e+02 1.214009509586258173e+04 1.263327867275095923e+04 1.242320593965149419e+04 1.249875471390839266e+04
8.706015686992614064e+02 1.214403349189238179e+04 1.264510267128602572e+04 1.243732319008257946e+04 1.250094542393174015e+04
8.716015992187021766e+02 1.214790344943793389e+04 1.261714463694592450e+04 1.245671470520115508e+04 1.249526311100828207e+04
8.726016297381429467e+02 1.213836344305174134e+04 1.264104238341520977e+04 1.241767482711487173e+04 1.249656346897843650e+04
8.736016602575841716e+02 1.214315108639678510e+04 1.262030461964712595e+04 1.244329053175535410e+04 1.249745422221159060e+04
8.746016907770249418e+02 1.214315121902950887e+04 1.262494288294024955e+04 1.243070001223053805e+04 1.249875404527513274e+04
8.756017212964657119e+02 1.214922805242674076e+04 1.261433941350928762e+04 1.243117362431318907e+04 1.249437222404847671e+04
8.766017518159069368e+02 1.214182489181532037e+04 1.261991546544002995e+04 1.242694935135874948e+04 1.248735371441196185e+04
8.776017823353477070e+02 1.213619052117673891e+04 1.263273860195920315e+04 1.241629492732545805e+04 1.247859007195865524e+04
8.786018128547884771e+02 1.213619052117673891e+04 1.262907504922161024e+04 1.243259616624689625e+04 1.247335560959485156e+04
8.796018433742292473e+02 1.213007429586124817e+04 1.262447511172161103e+04 1.243207934345803369e+04 1.248301161000113825e+04
8.806018738936700174e+02 1.211574876825355022e+04 1.262583785338408597e+04 1.242466202673871703e+04 1.248779902416521509e+04
8.816019044131112423e+02 1.210705681548810753e+04 1.260833152956518097e+04 1.243397691887919973e+04 1.248297068964543723e+04
8.826019349325520125e+02 1.209486296097905142e+04 1.259410662365280405e+04 1.243583099931318429e+04 1.247112290940257844e+04
8.836019654519927826e+02 1.207357620498770666e+04 1.258720657701528580e+04 1.243488121661923469e+04 1.245712681048525519e+04
8.846019959714340075e+02 1.205836522133181461e+04 1.258814478681546098e+04 1.242931997030064485e+04 1.245448891853551868e+04
8.856020264908747777e+02 1.204492780242673871e+04 1.258579834979613952e+04 1.243773170182493959e+04 1.244751346888115586e+04
8.866020570103155478e+02 1.204098078527004509e+04 1.257204528634049893e+04 1.244371979600793020e+04 1.245582992940806980e+04
8.876020875297563180e+02 1.202315322328602088e+04 1.257847573672161161e+04 1.243535553940428508e+04 1.245976443498168555e+04
8.886021180491970881e+02 1.199836284132568471e+04 1.256739691514589867e+04 1.243397791386256540e+04 1.246195527873168794e+04
8.896021485686383130e+02 1.196927277180238525e+04 1.256378558656596215e+04 1.244096411850304867e+04 1.245757359123168499e+04
8.906021790880790832e+02 1.195929574059912375e+04 1.257016577821469946e+04 1.243255053915250210e+04 1.246195527873168794e+04
8.916022096075198533e+02 1.194843086595868044e+04 1.255777601797160969e+04 1.243493039722565481e+04 1.245623003955273634e+04
8.926022401269610782e+02 1.193973891319323229e+04 1.255500575102759467e+04 1.244186472059057633e+04 1.244617138819538195e+04
8.936022706464018484e+02 1.193015805592884317e+04 1.256195774104774137e+04 1.243397862456497205e+04 1.244487664674464213e+04
8.946023011658426185e+02 1.190753913688356806e+04 1.257063467253350609e+04 1.244329351670545293e+04 1.244353202525246888e+04
8.956023316852833887e+02 1.188452563549207480e+04 1.255406389115189268e+04 1.244609894337868172e+04 1.243830438294794840e+04
8.966023622047241588e+02 1.186669687981355855e+04 1.254627617422161165e+04 1.245350702096673194e+04 1.243651043990294602e+04
8.976023927241653837e+02 1.184630194624102114e+04 1.254580517408999549e+04 1.244890508075431717e+04 1.242645312581211874e+04
8.986024232436061538e+02 1.183410172536133359e+04 1.253796284641420425e+04 1.246192358526737553e+04 1.242162251793924770e+04
8.996024537630469240e+02 1.180930842548113105e+04 1.252693386240829932e+04 1.246610393681318601e+04 1.241684540072742311e+04
9.006024842824881489e+02 1.178195027403411950e+04 1.252421932930996809e+04 1.246001463860772674e+04 1.242515998908121037e+04
9.016025148019289190e+02 1.176590277580425209e+04 1.252923326960821396e+04 1.245123547394008528e+04 1.243173265405786151e+04
9.026025453213696892e+02 1.174322669205604143e+04 1.251773314508317526e+04 1.246610393681318601e+04 1.243083414467885450e+04
9.036025758408104593e+02 1.170762316221661604e+04 1.250853298930813617e+04 1.246377524931318476e+04 1.242864316720220086e+04
9.046026063602512295e+02 1.168806606954529161e+04 1.250210478512734880e+04 1.246425312561026112e+04 1.242426134597555392e+04
9.056026368796924544e+02 1.165413331409756393e+04 1.248966055452627006e+04 1.247123933025074257e+04 1.242122869294725933e+04
9.066026673991332245e+02 1.161981154687792514e+04 1.248187704922160992e+04 1.247356815989122151e+04 1.242954247894112268e+04
9.076026979185739947e+02 1.158810927590630490e+04 1.248140464521478862e+04 1.247446208137614667e+04 1.242993349567340920e+04
9.086027284380152196e+02 1.155679469037937633e+04 1.247680456732726998e+04 1.247452533389019118e+04 1.241987912356893867e+04
9.096027589574559897e+02 1.152464637556562229e+04 1.247125911987602376e+04 1.248288333631266869e+04 1.241768814609228684e+04
9.106027894768967599e+02 1.148809186911362485e+04 1.246536859989914046e+04 1.247953237447341235e+04 1.240673379361563821e+04
9.116028199963375300e+02 1.144686617084599129e+04 1.248093111810780465e+04 1.245870467193495824e+04 1.240982555382438841e+04
9.126028505157783002e+02 1.142162231761112525e+04 1.245651183199949628e+04 1.248802015115503309e+04 1.241375671623168455e+04
9.136028810352195251e+02 1.136940839627210698e+04 1.245941687096328133e+04 1.247206459788334541e+04 1.241465830132370138e+04
9.146029115546602952e+02 1.131731968022213005e+04 1.246848365859375008e+04 1.246336375262072943e+04 1.242342194377700616e+04
9.156029420741010654e+02 1.127162319818092146e+04 1.245982441593558178e+04 1.246843262431318362e+04 1.242954368248099672e+04
9.166029725935422903e+02 1.121122703162486687e+04 1.245603535675456442e+04 1.247637785077888293e+04 1.242992988505378344e+04
9.176030031129830604e+02 1.115734989595928528e+04 1.244514661988174885e+04 1.247254034207321092e+04 1.241723574882644425e+04
9.186030336324238306e+02 1.109733610953910647e+04 1.246022943393251626e+04 1.245309154434080483e+04 1.241111441130241474e+04
9.196030641518646007e+02 1.104000893152398203e+04 1.244040713718627194e+04 1.247124132021747573e+04 1.240763577988760699e+04
9.206030946713053709e+02 1.098568429305633072e+04 1.242572934113243718e+04 1.247405030040272686e+04 1.241156587248168580e+04
9.216031251907465958e+02 1.092739406885096105e+04 1.242952401581427148e+04 1.246322218070166491e+04 1.240892316637245494e+04
9.226031557101873659e+02 1.085875504392421681e+04 1.243945601173420073e+04 1.246906003239625898e+04 1.240982702481756678e+04
9.236031862296281361e+02 1.079791137456612341e+04 1.241612725588590911e+04 1.249205168161725669e+04 1.241111374266915118e+04
9.246032167490693610e+02 1.073399765560532433e+04 1.243175252731628279e+04 1.244651299859979372e+04 1.241027955581006063e+04
9.256032472685101311e+02 1.066094302211711329e+04 1.241970320681064914e+04 1.246714127804342752e+04 1.242123404201336598e+04
9.266032777879509013e+02 1.058233770923753764e+04 1.241660316958074873e+04 1.247541868681318738e+04 1.242116249825420891e+04
9.276033083073916714e+02 1.051625013997271890e+04 1.241375232019991381e+04 1.248288589484132717e+04 1.240801703457425174e+04
9.286033388268324416e+02 1.043929743080202024e+04 1.240645343261636481e+04 1.248377086147594855e+04 1.240106445217748478e+04
9.296033693462736665e+02 1.035672387953028738e+04 1.240732706415706161e+04 1.248055749162228858e+04 1.239925285721433647e+04
9.306033998657144366e+02 1.027587389047342185e+04 1.239535130671222396e+04 1.248240474931318749e+04 1.238791965713078753e+04
9.316034303851552067e+02 1.018985334740477629e+04 1.238805410377892440e+04 1.247863091954300035e+04 1.239713636548319482e+04
9.326034609045964316e+02 1.010810397586393628e+04 1.238845055813709951e+04 1.246843262431318726e+04 1.239970498702686928e+04
9.336034914240372018e+02 1.001946115126012592e+04 1.237607848672161163e+04 1.246465794170011031e+04 1.239494605663980656e+04
9.346035219434779719e+02 9.924673187407553996e+03 1.238393078191136374e+04 1.245823560834770433e+04 1.240234889667597417e+04
9.356035524629187421e+02 9.828611551531201258e+03 1.238250205811421074e+04 1.246795034166120058e+04 1.240197285732878299e+04
9.366035829823595122e+02 9.723035507383883669e+03 1.238297839297161227e+04 1.246474009889811714e+04 1.240892116047266791e+04
9.376036135018007371e+02 9.630947813106629837e+03 1.238250177733917189e+04 1.247638382067908424e+04 1.240453933924601552e+04
9.386036440212415073e+02 9.546572578947183501e+03 1.238440866103148801e+04 1.247862793459289787e+04 1.240280249748168899e+04
9.396036745406822774e+02 9.438294143100967631e+03 1.239543202953657237e+04 1.246939832674100762e+04 1.240234822804271244e+04
9.406037050601235023e+02 9.329274290341976666e+03 1.240090110617660685e+04 1.247871336102197165e+04 1.239751200365042496e+04
9.416037355795642725e+02 9.224069352549189716e+03 1.239677820547161355e+04 1.248095534282856534e+04 1.238746659123168683e+04
9.426037660990050426e+02 9.116772796739636760e+03 1.239582357033152948e+04 1.247357327694853666e+04 1.239230294935062011e+04
9.436037966184458128e+02 9.019808064663140613e+03 1.238805578842917021e+04 1.248007606181318624e+04 1.239449392682727012e+04
9.446038271378865829e+02 8.912061088131647921e+03 1.238336796834128290e+04 1.247260643739687112e+04 1.240106659180392671e+04
9.456038576573278078e+02 8.809930709454021780e+03 1.237933393293682093e+04 1.247823107836998315e+04 1.240061165373168660e+04
9.466038881767685780e+02 8.706897367209026925e+03 1.238250051385148618e+04 1.247726352811590732e+04 1.240544854675723036e+04
9.476039186962093481e+02 8.605669952098862268e+03 1.237790043596396572e+04 1.246698065929991208e+04 1.241466739473607777e+04
9.486039492156505730e+02 8.503087826372080599e+03 1.236496597214094618e+04 1.245678918681318828e+04 1.241549208700283270e+04
9.496039797350913432e+02 8.395707711948032738e+03 1.236189190660235727e+04 1.245630491419446662e+04 1.241156587248168580e+04
9.506040102545321133e+02 8.286693297130665087e+03 1.237655692739181904e+04 1.245397608455398586e+04 1.240627270411737663e+04
9.516040407739728835e+02 8.180945891507282795e+03 1.237464274354843110e+04 1.245591417001223272e+04 1.240544921539049210e+04
9.526040712934136536e+02 8.053644077060729614e+03 1.236783605461210391e+04 1.246610393681318601e+04 1.240764019286714392e+04
9.536041018128548785e+02 7.938112222945522262e+03 1.237933617913715170e+04 1.245484982209060581e+04 1.240891888711957108e+04
9.546041323322956487e+02 7.833808789760220861e+03 1.238345739519190101e+04 1.244611571595544046e+04 1.240362451521538969e+04
9.556041628517364188e+02 7.726879759221717904e+03 1.238757833047160784e+04 1.245727431227479428e+04 1.239403912248168308e+04
9.566041933711776437e+02 7.618230349653646044e+03 1.239035758221694050e+04 1.245678918681318828e+04 1.239403912248168308e+04
9.576042238906184139e+02 7.506049195979688193e+03 1.238939887583875861e+04 1.246193197155575581e+04 1.239622996623168547e+04
9.586042544100591840e+02 7.390519994518962449e+03 1.238479879795123816e+04 1.246047545804708898e+04 1.239714358672243725e+04
9.596042849294999542e+02 7.294094944985922666e+03 1.238297839297161227e+04 1.245164611778965627e+04 1.240015470975965764e+04
9.606043154489407243e+02 7.194497320756552654e+03 1.237741876638078975e+04 1.244980312431318453e+04 1.239796373228300399e+04
9.616043459683819492e+02 7.091100697487540856e+03 1.237377851797161384e+04 1.245261779011767976e+04 1.239358191105634978e+04
9.626043764878227194e+02 6.986797396934961398e+03 1.237329839265115879e+04 1.244737252208832069e+04 1.238965743498168740e+04
9.636044070072634895e+02 6.891639520422352689e+03 1.236965884617958545e+04 1.243117362431318907e+04 1.239276323648896323e+04
9.646044375267047144e+02 6.793401248954753100e+03 1.237099814312611670e+04 1.243680380876505842e+04 1.239887842258697856e+04
9.656044680461454845e+02 6.692989790346753580e+03 1.237570070390367619e+04 1.244281706181318805e+04 1.240590883389557530e+04
9.666044985655862547e+02 6.592675816789000237e+03 1.239265895484214707e+04 1.243534431030628912e+04 1.240845926861448970e+04
9.676045290850270248e+02 6.503129100188724806e+03 1.239265909522966831e+04 1.243913334910794219e+04 1.239750478241118617e+04
9.686045596044677950e+02 6.416663839605165776e+03 1.239447823672161212e+04 1.244698746352532726e+04 1.239139013121978496e+04
9.696045901239090199e+02 6.322316481653102528e+03 1.239677820547161355e+04 1.243718545595650357e+04 1.239138999749313007e+04
9.706046206433497900e+02 6.228877923108243522e+03 1.239025327428913442e+04 1.243398956938200718e+04 1.238792500619689599e+04
9.716046511627905602e+02 6.131093520813382383e+03 1.237233435154719336e+04 1.244000097460388497e+04 1.238792513992354543e+04
9.726046816822317851e+02 6.039019752971874368e+03 1.236506017216727014e+04 1.242602870746340159e+04 1.238919875256317027e+04
9.736047122016725552e+02 5.958619123575178492e+03 1.236736028130479099e+04 1.242456551335212680e+04 1.239230709487685090e+04
9.746047427211133254e+02 5.873417454928571715e+03 1.237789664550091220e+04 1.240702154020542366e+04 1.239668891610350329e+04
9.756047732405540955e+02 5.788670849149154492e+03 1.236687861172161138e+04 1.243214956085563790e+04 1.239485271543627277e+04
9.766048037599948657e+02 5.699578399619736047e+03 1.237800684970457769e+04 1.241329661601953921e+04 1.238527574748168627e+04
9.776048342794360906e+02 5.624995306649861959e+03 1.237403837527223914e+04 1.240897582967850758e+04 1.239057613708523786e+04
9.786048647988768607e+02 5.560506094310859226e+03 1.235367305959631449e+04 1.241096565427183305e+04 1.238873846542482715e+04
9.796048953183176309e+02 5.478844127733468667e+03 1.237511346290500296e+04 1.239354008414578675e+04 1.238262528522660432e+04
9.806049258377588558e+02 5.400616552844458965e+03 1.235719608442578283e+04 1.241254412431318815e+04 1.238135381221341777e+04
9.816049563571996259e+02 5.321932854026521454e+03 1.236880978245499682e+04 1.239331038512851046e+04 1.237732355835652379e+04
9.826049868766403961e+02 5.245073916189866395e+03 1.236386631669208509e+04 1.239696453261371244e+04 1.237570158778680343e+04
9.836050173960811662e+02 5.166281193274925499e+03 1.233067758372192839e+04 1.242309251154767117e+04 1.238527574748168627e+04
9.846050479155219364e+02 5.068496790980067090e+03 1.236276188806751816e+04 1.239023574438429569e+04 1.238573603462002939e+04
9.856050784349631613e+02 4.975971541354851070e+03 1.235211209075475745e+04 1.241205473463715134e+04 1.238700617036668882e+04
9.866051089544039314e+02 4.891681722667997747e+03 1.235356229384255857e+04 1.240139021862970185e+04 1.238308490373168388e+04
9.876051394738447016e+02 4.815281694047444944e+03 1.234932792544620679e+04 1.240690740139919581e+04 1.238792727954998918e+04
9.886051699932859265e+02 4.750092048306602919e+03 1.234581402580557551e+04 1.238447948132578495e+04 1.238919661293673198e+04
9.896052005127266966e+02 4.683186665681516388e+03 1.235247527327054559e+04 1.238570089447891041e+04 1.238527574748168627e+04
9.906052310321674668e+02 4.625430553445327860e+03 1.231942706820852072e+04 1.240972533643474708e+04 1.238308490373168388e+04
9.916052615516082369e+02 4.569276113952989363e+03 1.232838435357291746e+04 1.239379209921857910e+04 1.238573697070659910e+04
9.926052920710490071e+02 4.501113240496131766e+03 1.234521021907947033e+04 1.237908496579139319e+04 1.238608252037699276e+04
9.936053225904902320e+02 4.445415322830886907e+03 1.233467904922161142e+04 1.239857199931318792e+04 1.237651237248168763e+04
9.946053531099310021e+02 4.371533856957351418e+03 1.234024822216383654e+04 1.238729457355172781e+04 1.237651237248168763e+04
9.956053836293717723e+02 4.300283293745874289e+03 1.235356355733024611e+04 1.237013693823234098e+04 1.237339801246864045e+04
9.966054141488129972e+02 4.248706937898714386e+03 1.234193933023698810e+04 1.237957762469849695e+04 1.236821088933985993e+04
9.976054446682537673e+02 4.205128998316718935e+03 1.233843413462263925e+04 1.239109484145137867e+04 1.237213068498168468e+04
9.986054751876945375e+02 4.139481106523401650e+03 1.234993439953519737e+04 1.238128871180860915e+04 1.237478368804316779e+04
9.996055057071353076e+02 4.074291460782591002e+03 1.235622277774546455e+04 1.238092525859872330e+04 1.237120609890541891e+04
1.000605536226576078e+03 4.006928893166777016e+03 1.235174975056408402e+04 1.237049882789693584e+04 1.236151760292254221e+04
1.001605566746017303e+03 3.952724817842867196e+03 1.233999412075154942e+04 1.237357773285557960e+04 1.234803140373168571e+04
1.002605597265458073e+03 3.907092132140656759e+03 1.232839361914927940e+04 1.237833673829948384e+04 1.234929685904550388e+04
1.003605627784898843e+03 3.860541362740791101e+03 1.234472124934521889e+04 1.235727862604134498e+04 1.234145887248168765e+04
1.004605658304340068e+03 3.810103393541563491e+03 1.234086719074217399e+04 1.237134840155177881e+04 1.234364971623168640e+04
1.005605688823780838e+03 3.759329465659010566e+03 1.237050622525393192e+04 1.234698111675581094e+04 1.234457590702778725e+04
1.006605719343221608e+03 3.712777900462812795e+03 1.235161989210753200e+04 1.237210487319159802e+04 1.234929578923228291e+04
1.007605749862662378e+03 3.651349983966877062e+03 1.235551101301601557e+04 1.235970155268024973e+04 1.233568709642762224e+04
1.008605780382103148e+03 3.577593856015077108e+03 1.236214572723961101e+04 1.234563945275577316e+04 1.232785031340368187e+04
1.009605810901544373e+03 3.531627201120312748e+03 1.234060550840376527e+04 1.237725632850350667e+04 1.232439575278634766e+04
1.010605841420985143e+03 3.484154766939305773e+03 1.234025271456449627e+04 1.237416320949675901e+04 1.232473167413774718e+04
1.011605871940425914e+03 3.428117176874535744e+03 1.234520488435368679e+04 1.234966956181318710e+04 1.230985926446575468e+04
1.012605902459867139e+03 3.384325168080152253e+03 1.233370475982864082e+04 1.236145044915830658e+04 1.230859621623168277e+04
1.013605932979307909e+03 3.338563828638166797e+03 1.232499188913760372e+04 1.237429838509417823e+04 1.230594120727041081e+04
1.014605963498748679e+03 3.288253982647855992e+03 1.232875399391466271e+04 1.236265466331321659e+04 1.229671339960584191e+04
1.015605994018189449e+03 3.243873084570395349e+03 1.232910398000352143e+04 1.235482059070365176e+04 1.229233144465253645e+04
1.016606024537630219e+03 3.197779500161256237e+03 1.231481618048191558e+04 1.236364168681318733e+04 1.228310323580800105e+04
1.017606055057071444e+03 3.146549580982439238e+03 1.231544287037387585e+04 1.235750249729889947e+04 1.226338524087803853e+04
1.018606085576512214e+03 3.099994832600929385e+03 1.232499118720000115e+04 1.234600034743700417e+04 1.225196578710354879e+04
1.019606116095952984e+03 3.053572451675393495e+03 1.230923872467597175e+04 1.235898431181318483e+04 1.223662934594693979e+04
1.020606146615394209e+03 3.011824445750793984e+03 1.229836781701826112e+04 1.235333820762744290e+04 1.221956716233816587e+04
1.021606177134834979e+03 2.970537603798585224e+03 1.229739114103744032e+04 1.234501218681318642e+04 1.219845346233473174e+04
1.022606207654275750e+03 2.928000963712448083e+03 1.228755980296978123e+04 1.235065885956085185e+04 1.217794032872825301e+04
1.023606238173716520e+03 2.900675307282196172e+03 1.226714605359924099e+04 1.235284256377024758e+04 1.216652020632049971e+04
1.024606268693157290e+03 2.866233374816955802e+03 1.227669100112488013e+04 1.233985987865839525e+04 1.214367996150499312e+04
1.025606299212598515e+03 2.828505334045829841e+03 1.227076889395586295e+04 1.233421221092735686e+04 1.211692326421396501e+04
1.026606329732039285e+03 2.799007684169630465e+03 1.226636704324743005e+04 1.232984920886348118e+04 1.207781436974638200e+04
1.027606360251480055e+03 2.774966677085311403e+03 1.224184808199948930e+04 1.235467418600823657e+04 1.204024186079083665e+04
1.028606390770921280e+03 2.729333991383080956e+03 1.225599072082479870e+04 1.232821587259646549e+04 1.200206423873213316e+04
1.029606421290362050e+03 2.693317973780045122e+03 1.223563270529993679e+04 1.234699476224198406e+04 1.196528499627997735e+04
1.030606451809802820e+03 2.644124762671354347e+03 1.223675973631532179e+04 1.233272272082710333e+04 1.192351654614493600e+04
1.031606482329243590e+03 2.606398976656512332e+03 1.222085186480598531e+04 1.233302377436583083e+04 1.186655287019845673e+04
1.032606512848684361e+03 2.566359545449243342e+03 1.220407078291850667e+04 1.233787446041998192e+04 1.180599823244897016e+04
1.033606543368125585e+03 2.528171667032958794e+03 1.220392042788394065e+04 1.232038904915143212e+04 1.173369824907250222e+04
1.034606573887566356e+03 2.493403855971191661e+03 1.218371038080580001e+04 1.233436145843239683e+04 1.166046431875411872e+04
1.035606604407007126e+03 2.453826915063511024e+03 1.217647157908106783e+04 1.233470444341301481e+04 1.158690743856963672e+04
1.036606634926448351e+03 2.417349468222642372e+03 1.218337162571859153e+04 1.232306072163205135e+04 1.150257339372319439e+04
1.037606665445889121e+03 2.390491076869947392e+03 1.217254662478011414e+04 1.232455078029423566e+04 1.140351497460926294e+04
1.038606695965329891e+03 2.359605823462266471e+03 1.214362763786151299e+04 1.232122838869165571e+04 1.129256705253685141e+04
1.039606726484770661e+03 2.334311437160537935e+03 1.213047276563115338e+04 1.230992523550313854e+04 1.117738400737572010e+04
1.040606757004211431e+03 2.287750985572009085e+03 1.212522648398630918e+04 1.229145237431318674e+04 1.106783847670941759e+04
1.041606787523652656e+03 2.250957342323275043e+03 1.210403484736412065e+04 1.230042783498507379e+04 1.095469837362043108e+04
1.042606818043093426e+03 2.216970074827054304e+03 1.208168248672161099e+04 1.231374426594628312e+04 1.082622156192158218e+04
1.043606848562534196e+03 2.179564862099882248e+03 1.208529943080236808e+04 1.230259817798925178e+04 1.068944874987366711e+04
1.044606879081975421e+03 2.134861135978469065e+03 1.206263288288874537e+04 1.230126490027760337e+04 1.054218949490657724e+04
1.045606909601416191e+03 2.101801634368573559e+03 1.204061590803295439e+04 1.230209997560339434e+04 1.039242206284287022e+04
1.046606940120856962e+03 2.064396023743234764e+03 1.202878320547161456e+04 1.229045625382243452e+04 1.025471129205342731e+04
1.047606970640297732e+03 2.018763338041026600e+03 1.202221503493279306e+04 1.229294698147075724e+04 1.009821928153568297e+04
1.048607001159738502e+03 1.975303574213814045e+03 1.200430692202993851e+04 1.230076712431318811e+04 9.930303671717219913e+03
1.049607031679179727e+03 1.931843810386587620e+03 1.199182197904787608e+04 1.229411580264590884e+04 9.756437760763350525e+03
1.050607062198620497e+03 1.890556968434378405e+03 1.196471413153254434e+04 1.227731579277668607e+04 9.592433922987547703e+03
1.051607092718061267e+03 1.847562612826626491e+03 1.195321372623246134e+04 1.225951468749986998e+04 9.413717746342950704e+03
1.052607123237502492e+03 1.808448825382121186e+03 1.191854980119582979e+04 1.229710757548971196e+04 9.237506269901994528e+03
1.053607153756943262e+03 1.769335037937631569e+03 1.190097075664126896e+04 1.228147198044072320e+04 9.056912571054503132e+03
1.054607184276384032e+03 1.733325784603386865e+03 1.189324761797046631e+04 1.228380251576697810e+04 8.870685102058461780e+03
1.055607214795824802e+03 1.701972072423657437e+03 1.186877175569135034e+04 1.228645897921614232e+04 8.688057822004462651e+03
1.056607245315265573e+03 1.661617505870293598e+03 1.186104552849510765e+04 1.227116238921429795e+04 8.512784972938376086e+03
1.057607275834706797e+03 1.629797059143874094e+03 1.181373184552722887e+04 1.227814063398784674e+04 8.330469543438228357e+03
1.058607306354147568e+03 1.581058778269649792e+03 1.180009909417674862e+04 1.224155040495089088e+04 8.159268136038042030e+03
1.059607336873588338e+03 1.534652313270684090e+03 1.177035547096214032e+04 1.225253544774295551e+04 7.997611067289208222e+03
1.060607367393029563e+03 1.496005127740128046e+03 1.173241167228171616e+04 1.226899403617685311e+04 7.833131563809931322e+03
1.061607397912470333e+03 1.452851612866672667e+03 1.171680535316663008e+04 1.224187747019763810e+04 7.653947477607790461e+03
1.062607428431911103e+03 1.406446341562200587e+03 1.169593436164150080e+04 1.223673752826468990e+04 7.488071466695202616e+03
1.063607458951351873e+03 1.364225632618484724e+03 1.165173952783130517e+04 1.226400860094673772e+04 7.341280388739030059e+03
1.064607489470792643e+03 1.321700001048223839e+03 1.162759975327650318e+04 1.225917696171705575e+04 7.194489310782857501e+03
1.065607519990233868e+03 1.276838574621043335e+03 1.160853217984100229e+04 1.223972048839867057e+04 7.043787664323827812e+03
1.066607550509674638e+03 1.227794575323949402e+03 1.156154223049564462e+04 1.224971182708816377e+04 6.901378407594304008e+03
1.067607581029115408e+03 1.181694359278741558e+03 1.152771052268114363e+04 1.226716340892223343e+04 6.751453846713761777e+03
1.068607611548556633e+03 1.130780371242343563e+03 1.151062016708577721e+04 1.224670612447722669e+04 6.603886351812367138e+03
1.069607642067997404e+03 1.081435295667633682e+03 1.147265376601454591e+04 1.225336867524250556e+04 6.463668072559496977e+03
1.070607672587438174e+03 1.051782598140095388e+03 1.141532918934017835e+04 1.225584191961166653e+04 6.323921580937101680e+03
1.071607703106878944e+03 1.006617973311772516e+03 1.138033310742982030e+04 1.222657135678358463e+04 6.193410653125129102e+03
1.072607733626319714e+03 9.696771077422806684e+02 1.133235019715126509e+04 1.222177184130259047e+04 6.061012039884668411e+03
1.073607764145760939e+03 9.269854200047880113e+02 1.127403630961919771e+04 1.224437672627482243e+04 5.928782992039677993e+03
1.074607794665201709e+03 8.700194008900875815e+02 1.123263546824399782e+04 1.222940037877665600e+04 5.807810518906337165e+03
1.075607825184642479e+03 8.219148391587995093e+02 1.119091861455991966e+04 1.221593000967453918e+04 5.683873459610890677e+03
1.076607855704083704e+03 7.859114216642815336e+02 1.114586474951114542e+04 1.223360105641125483e+04 5.568227720231615422e+03
1.077607886223524474e+03 7.540830169745901230e+02 1.107542222252434658e+04 1.224633755421002570e+04 5.451636800871620835e+03
1.078607916742965244e+03 7.041044875223824420e+02 1.104583597372033000e+04 1.220497268427625750e+04 5.328000225364629841e+03
1.079607947262406014e+03 6.702746550664847973e+02 1.097484916431615238e+04 1.223556387431318763e+04 5.205782088462061438e+03
1.080607977781846785e+03 6.258766473679615956e+02 1.092623451019489039e+04 1.221542569524800092e+04 5.081846500159796051e+03
1.081608008301288010e+03 5.934555070462355388e+02 1.085885285231970920e+04 1.222077216729982320e+04 4.970109992016789874e+03
1.082608038820728780e+03 5.623897405047001712e+02 1.079662411838820299e+04 1.221240577858896359e+04 4.853518404023529001e+03
1.083608069340169550e+03 5.186355320359415373e+02 1.074894669135447293e+04 1.218200406181318613e+04 4.733018387153922049e+03
1.084608099859610775e+03 4.886834824561460664e+02 1.067074550765411914e+04 1.218817182156415038e+04 4.619564561337869236e+03
1.085608130379051545e+03 4.537392698748910789e+02 1.060833370839575036e+04 1.219031160436491700e+04 4.511440277535695714e+03
1.086608160898492315e+03 4.165054186237885574e+02 1.054194276525347595e+04 1.219182255767780043e+04 4.411132316579608414e+03
1.087608191417933085e+03 3.839106620697432390e+02 1.046784384529262570e+04 1.219131881181318386e+04 4.316923093343262735e+03
1.088608221937373855e+03 3.556617492656953345e+02 1.038914470705673375e+04 1.219081478166760826e+04 4.218332182606915012e+03
1.089608252456815080e+03 3.230669927116362032e+02 1.031144119711690655e+04 1.218514891995501057e+04 4.124122959370526587e+03
1.090608282976255850e+03 2.943474990119951826e+02 1.023473415779833886e+04 1.217300074160703116e+04 4.020675898970656363e+03
1.091608313495696621e+03 2.588189066601688637e+02 1.016554192207000051e+04 1.216155033088020718e+04 3.924750294147829663e+03
1.092608344015137845e+03 2.383202542994828264e+02 1.007913719360334835e+04 1.215386550577567141e+04 3.831015800528271029e+03
1.093608374534578616e+03 2.052545189516779089e+02 9.997638868594198357e+03 1.212875397342125143e+04 3.742138125205538927e+03
1.094608405054019386e+03 1.793610306473041760e+02 9.905637451231319574e+03 1.211912949931318690e+04 3.650885999438748513e+03
1.095608435573460156e+03 1.636789355649407298e+02 9.820037143257743082e+03 1.212145818681318451e+04 3.561243273936327114e+03
1.096608466092900926e+03 1.453522766502161119e+02 9.725735616757341631e+03 1.211295662250491478e+04 3.491134000583242141e+03
1.097608496612342151e+03 1.180465151281661207e+02 9.629936857349690399e+03 1.210232337740327785e+04 3.414452195980123179e+03
1.098608527131782921e+03 1.081246591370089050e+02 9.533031844279752477e+03 1.210049999931318416e+04 3.344342922627035477e+03
1.099608557651223691e+03 9.272798967114400170e+01 9.449428408399196996e+03 1.208744681252276860e+04 3.267185452320553850e+03
1.100608588170664916e+03 6.466569110612304883e+01 9.375130138159058333e+03 1.204248280346993852e+04 3.187073425350879916e+03
1.101608618690105686e+03 5.720258050462384602e+01 9.260128612133616116e+03 1.207336680289769538e+04 3.116012419411039446e+03
1.102608649209546456e+03 3.500065873549123552e+01 9.172925640224864765e+03 1.203307125580238244e+04 3.040758681731368597e+03
1.103608679728987227e+03 2.215106805174212568e+01 9.079225112700158206e+03 1.202284311107156282e+04 2.979413050831583405e+03
1.104608710248427997e+03 1.544303553328058243e+01 8.983523641844316444e+03 1.200745313477373566e+04 2.911494888681801513e+03
1.105608740767869222e+03 -8.459768255336214793e+00 8.898820129352299773e+03 1.199024233891445147e+04 2.846720506408616075e+03
1.106608771287309992e+03 -2.707132225566751416e+01 8.779920041879779092e+03 1.199266952976777429e+04 2.789756830462139533e+03
1.107608801806750762e+03 -3.434490069826207304e+01 8.696319694524681836e+03 1.195875182605432201e+04 2.734507262749042184e+03
1.108608832326191987e+03 -3.509891771952182182e+01 8.592412292314655133e+03 1.195328581385798680e+04 2.665635495839344912e+03
1.109608862845632757e+03 -1.601532386366197258e+01 8.470713860394005678e+03 1.193677847123911306e+04 2.606674746062527447e+03
1.110608893365073527e+03 -1.790799279830476820e+01 8.371515617175056832e+03 1.190265452168775118e+04 2.558474712569354324e+03
1.111608923884514297e+03 -2.036063708277740858e+01 8.287711988690129147e+03 1.187360271305990864e+04 2.510274679076181201e+03
1.112608954403955067e+03 -1.431510500779798889e+01 8.180908111155121333e+03 1.186276535422758570e+04 2.460361205982886986e+03
1.113608984923396292e+03 -8.269838198261085793e+00 8.080708904914239611e+03 1.183714908102517256e+04 2.418256299589811078e+03
1.114609015442837062e+03 -1.139028823507586985e+01 7.987410166473489880e+03 1.181153280782277034e+04 2.364719235390264657e+03
1.115609045962277833e+03 -1.648762898463193594e+01 7.886795974721764651e+03 1.179209751343605785e+04 2.310902013853463359e+03
1.116609076481719057e+03 -9.494701380560202963e+00 7.774009482996315455e+03 1.177973441868081500e+04 2.264892824110268975e+03
1.117609107001159828e+03 -3.449832469187614770e+00 7.692504278998658265e+03 1.173934136321555161e+04 2.214023874083949977e+03
1.118609137520600598e+03 4.017655012116162716e+00 7.595400757974590306e+03 1.172405642873316356e+04 2.162398432383719410e+03
1.119609168040041368e+03 2.235028239930543492e+01 7.493697018675479740e+03 1.170288431980928362e+04 2.120771063867198791e+03
1.120609198559482138e+03 4.360560443567479894e+01 7.400399824497454574e+03 1.166249254360834493e+04 2.077909799526877578e+03
1.121609229078923363e+03 5.739251056169590015e+01 7.307393372874549641e+03 1.163717007478013147e+04 2.043610250394379136e+03
1.122609259598364133e+03 6.893328155048727979e+01 7.203891690599107278e+03 1.160994903554739176e+04 1.997325182566834656e+03
1.123609290117804903e+03 8.951164617673953217e+01 7.123025249820178942e+03 1.157356761087701307e+04 1.957685527014972422e+03
1.124609320637246128e+03 9.623294196734904915e+01 7.068690225396969254e+03 1.152349464651608105e+04 1.908252533784549769e+03
1.125609351156686898e+03 1.295058496260120648e+02 6.951676805813801366e+03 1.152924451325293740e+04 1.866146022671666060e+03
1.126609381676127668e+03 1.595205018503022529e+02 6.868012301361789469e+03 1.147728463400692453e+04 1.816234421751508989e+03
1.127609412195568439e+03 1.648174548455949662e+02 6.787078614960501909e+03 1.145647270906185986e+04 1.779468150784658064e+03
1.128609442715009209e+03 1.867522543137873470e+02 6.696804104488519442e+03 1.142633992207613119e+04 1.729829753415822779e+03
1.129609473234450434e+03 2.210443118038415662e+02 6.612778102170925195e+03 1.138275439140788876e+04 1.683068618704901610e+03
1.130609503753891204e+03 2.488173384034365085e+02 6.523798526188970754e+03 1.136033343621805943e+04 1.643152416435403211e+03
1.131609534273331974e+03 2.722442559875924530e+02 6.449693429177216785e+03 1.129279965089181496e+04 1.607826515244005350e+03
1.132609564792773199e+03 2.918012160262070438e+02 6.365884185191424876e+03 1.125030632767947463e+04 1.570851898152340937e+03
1.133609595312213969e+03 3.157040198148115451e+02 6.288407401097405454e+03 1.121645969420651454e+04 1.526553473476235467e+03
1.134609625831654739e+03 3.347845631180820192e+02 6.230402085335650554e+03 1.115540154491304747e+04 1.481024629869298678e+03
1.135609656351095509e+03 3.490424480378543990e+02 6.157587851575815876e+03 1.110541485982408631e+04 1.437206417602777265e+03
1.136609686870536279e+03 3.661598944314036430e+02 6.084491017737011134e+03 1.107724418003788014e+04 1.390716747996714275e+03
1.137609717389977504e+03 3.900628308527409445e+02 6.018013174719455492e+03 1.101232407387598687e+04 1.340806618069714659e+03
1.138609747909418275e+03 4.183116110240648027e+02 5.963597848634497495e+03 1.094632341577766420e+04 1.307675304974587789e+03
1.139609778428859045e+03 4.422145474453909628e+02 5.889267008489617183e+03 1.089662442302222007e+04 1.280903362845176389e+03
1.140609808948300270e+03 4.699861150850623517e+02 5.801585876685661788e+03 1.085317250440610587e+04 1.248039770508596348e+03
1.141609839467741040e+03 4.948436092024387563e+02 5.728489885171980859e+03 1.079160179653820160e+04 1.221001712340457516e+03
1.142609869987181810e+03 5.216600886151666145e+02 5.659488716859180386e+03 1.073258904876612542e+04 1.205183855234388375e+03
1.143609900506622580e+03 5.378262931307044710e+02 5.593293052758060185e+03 1.067800397697677909e+04 1.180120805998903506e+03
1.144609931026063350e+03 5.646418441143835025e+02 5.529397638181981165e+03 1.061307960660048593e+04 1.149929740815099649e+03
1.145609961545504575e+03 5.750289756922799143e+02 5.468079176934021234e+03 1.053646247597725232e+04 1.117811674566921283e+03
1.146609992064945345e+03 5.895007971917000305e+02 5.394477930733698486e+03 1.048341323208496397e+04 1.081048078133124591e+03
1.147610022584386115e+03 6.059285534338803245e+02 5.330031495139259277e+03 1.041336327596430601e+04 1.046475592902630069e+03
1.148610053103827340e+03 6.235307724242312588e+02 5.282049988735873740e+03 1.032450244858987389e+04 1.017993688066049913e+03
1.149610083623268110e+03 6.563849585813693466e+02 5.195893044243121039e+03 1.029482792251481987e+04 9.851300957294860154e+02
1.150610114142708881e+03 6.694230203622511226e+02 5.151917916902670186e+03 1.018821829756061197e+04 9.576131624182809219e+02
1.151610144662149651e+03 6.921101126263342849e+02 5.090364166170209501e+03 1.011989392687912004e+04 9.437244460030204891e+02
1.152610175181590421e+03 7.097519888003809001e+02 5.030017046177305929e+03 1.002702033158599443e+04 9.264572594357775870e+02
1.153610205701031646e+03 7.268784542189965805e+02 4.977388712842051973e+03 9.951434998714235917e+03 8.979754883258507334e+02
1.154610236220472416e+03 7.428254168460306346e+02 4.921408908227516804e+03 9.870240802462794818e+03 8.770322898045212696e+02
1.155610266739913186e+03 7.655134375391643289e+02 4.871586500266528674e+03 9.763082088830533394e+03 8.568310067519660151e+02
1.156610297259354411e+03 7.788072152069477170e+02 4.813578095979291902e+03 9.684417993140616090e+03 8.371127443686978040e+02
1.157610327778795181e+03 7.831531915896700866e+02 4.754521979625837048e+03 9.602671154699095496e+03 8.098551070369371701e+02
1.158610358298235951e+03 7.817145244604406571e+02 4.713898463952202292e+03 9.499691939769760211e+03 7.840476015262756846e+02
1.159610388817676721e+03 7.788076131051104767e+02 4.661774262203445687e+03 9.408597801158097354e+03 7.528912973638086896e+02
1.160610419337117492e+03 7.826737243017421406e+02 4.598896937926760984e+03 9.315719373088622888e+03 7.307263721440681365e+02
1.161610449856558716e+03 7.853266439955538090e+02 4.553912143538124838e+03 9.213253995998005848e+03 7.180648652199656681e+02
1.162610480375999487e+03 7.896726203782745870e+02 4.506386896576723302e+03 9.108459931407434851e+03 7.056581075691251499e+02
1.163610510895440257e+03 7.918456748859960044e+02 4.443269369252291654e+03 9.014524688861814866e+03 6.832647772267011987e+02
1.164610541414881482e+03 7.952308598347581210e+02 4.393419024174679180e+03 8.911814261581976098e+03 6.525921623667732092e+02
1.165610571934322252e+03 7.913654118017404926e+02 4.351775312388838756e+03 8.803392487635677753e+03 6.289765704193314377e+02
1.166610602453763022e+03 7.944996556415796931e+02 4.287883126725733746e+03 8.711272094751295299e+03 6.075520896751944520e+02
1.167610632973203792e+03 8.027108147918816030e+02 4.241617717374197127e+03 8.611918599210959655e+03 5.917308894028097939e+02
1.168610663492644562e+03 8.039220168038781367e+02 4.200989990074949674e+03 8.493419349443687679e+03 5.698217832695503375e+02
1.169610694012085787e+03 7.983652363073233573e+02 4.149879947774987158e+03 8.375932566322426283e+03 5.457218333862799682e+02
1.170610724531526557e+03 8.007864466368206422e+02 4.087779106874743775e+03 8.291331547022704399e+03 5.291647353444859618e+02
1.171610755050967327e+03 7.940196578227653390e+02 4.050206352411280477e+03 8.150309569481213657e+03 5.106669961197594034e+02
1.172610785570408552e+03 8.000570993017387309e+02 3.977900321475988676e+03 8.076290482569444066e+03 4.936250052355282492e+02
1.173610816089849322e+03 7.872661322808552313e+02 3.914244688785106064e+03 7.978244110892248500e+03 4.739068765789195936e+02
1.174610846609290093e+03 7.792913246401238894e+02 3.881035599624468887e+03 7.863859685909049404e+03 4.558938964699667622e+02
1.175610877128730863e+03 7.865377133748256711e+02 3.812024604185219687e+03 7.776419836923078037e+03 4.371472919446976562e+02
1.176610907648171633e+03 7.826737243017421406e+02 3.776763049473413503e+03 7.651428320686732150e+03 4.196201407647385508e+02
1.177610938167612858e+03 7.809829223690974231e+02 3.712872408073008046e+03 7.571479275048696763e+03 4.086655208347775101e+02
1.178610968687053628e+03 7.848466461767401370e+02 3.663802757997478693e+03 7.463839700169261960e+03 3.933292134048249977e+02
1.179610999206494398e+03 7.875019532595370038e+02 3.620870288772524873e+03 7.366804658014289998e+03 3.840790733892605999e+02
1.180611029725935623e+03 7.945033693577813665e+02 3.564901574772097774e+03 7.285558438346767616e+03 3.621701009826429072e+02
1.181611060245376393e+03 7.969188764802528340e+02 3.538065938659213771e+03 7.182575954186370836e+03 3.478069224038603693e+02
1.182611090764817163e+03 7.891924899267393130e+02 3.516599704046737315e+03 7.079334063648168922e+03 3.429382024349895346e+02
1.183611121284257933e+03 7.891924899267393130e+02 3.464976826134044586e+03 7.003002208970312495e+03 3.285756924894689632e+02
1.184611151803698704e+03 7.882263931839290763e+02 3.422298458321372891e+03 6.912956498546410330e+03 3.210289625750779692e+02
1.185611182323139928e+03 7.853298271808678237e+02 3.379109220321222892e+03 6.810491263596273711e+03 3.137266849816869581e+02
1.186611212842580699e+03 7.865362544148895267e+02 3.341285452970926144e+03 6.726141832947899275e+03 3.122647852151609982e+02
1.187611243362021469e+03 7.821902780321719320e+02 3.296819811633490190e+03 6.658346224855682522e+03 2.947376340352049624e+02
1.188611273881462694e+03 7.783278805517398951e+02 3.275354700121169117e+03 6.564933632858605961e+03 2.874365599816860026e+02
1.189611304400903464e+03 7.778441690167259139e+02 3.245958536020041265e+03 6.474638039469134128e+03 2.815917691752857195e+02
1.190611334920344234e+03 7.730143484662684159e+02 3.184881962470100461e+03 6.406840299269696516e+03 2.738036626528994475e+02
1.191611365439785004e+03 7.594925751503733409e+02 3.150130154845587640e+03 6.323004990741049369e+03 2.657670920099337764e+02
1.192611395959225774e+03 7.539416304935632525e+02 3.129942008220657499e+03 6.242535995223601276e+03 2.497041139495952393e+02
1.193611426478666999e+03 7.469384901699379498e+02 3.084441430081338240e+03 6.167496766079799272e+03 2.484896084904289353e+02
1.194611456998107769e+03 7.302746476836363172e+02 3.046379846271145652e+03 6.073041857935695589e+03 2.545739037316847373e+02
1.195611487517548539e+03 7.170015607203981745e+02 3.020038655005816508e+03 5.994413865927973347e+03 2.460473586334934453e+02
1.196611518036989764e+03 7.179707080158041208e+02 2.956150680968303732e+03 5.966971229685356775e+03 2.275427993494692203e+02
1.197611548556430535e+03 7.143436009831684714e+02 2.920641342282632195e+03 5.880539014569084429e+03 2.022294138202653642e+02
1.198611579075871305e+03 7.087943805517413693e+02 2.880761599693137669e+03 5.820260221532866126e+03 1.900616256976729801e+02
1.199611609595312075e+03 7.051663450900591670e+02 2.849854304320269875e+03 5.737964152272818865e+03 1.764272573757089901e+02
1.200611640114752845e+03 6.952716788067926927e+02 2.816872923718052334e+03 5.677957700398163979e+03 1.596234336598207335e+02
1.201611670634194070e+03 6.918963086794097990e+02 2.776499438218588239e+03 5.616867000934522366e+03 1.306523567279284066e+02
1.202611701153634840e+03 6.957568493017408855e+02 2.738157360142233756e+03 5.478134053698832759e+03 1.153387828289198183e+02
1.203611731673075610e+03 6.989009079629640837e+02 2.680142638416594309e+03 5.390757741507844912e+03 1.155716009311462500e+02
1.204611762192516835e+03 7.034771347500682168e+02 2.628783969817648995e+03 5.343114810809844130e+03 1.138701967297614459e+02
1.205611792711957605e+03 6.935839274267398196e+02 2.599668580757727796e+03 5.251772921339822460e+03 1.072975317531114854e+02
1.206611823231398375e+03 6.909250392604610624e+02 2.566410355964883820e+03 5.183992948700508350e+03 1.034056849816852406e+02
1.207611853750839146e+03 6.860929639537430376e+02 2.505338274815601835e+03 5.107910124145339978e+03 9.974451668604406507e+01
1.208611884270279916e+03 6.715964727681428030e+02 2.460639870969009735e+03 5.011878025224224984e+03 7.806555412196192378e+01
1.209611914789721141e+03 6.520395127295298607e+02 2.426621166977054600e+03 4.905309478868967744e+03 5.958880998168772436e+01
1.210611945309161911e+03 6.356284682102500483e+02 2.370664947465982095e+03 4.831831805049317154e+03 5.592643814617141373e+01
1.211611975828602681e+03 6.221039096072048551e+02 2.331839515156197194e+03 4.741217248420510259e+03 4.376226064319534714e+01
1.212612006348043906e+03 6.003741603263114257e+02 2.307293459116770009e+03 4.613415046313102721e+03 3.839888578624991311e+01
1.213612036867484676e+03 5.909697045814095873e+02 2.256931541914106674e+03 4.505770354376349133e+03 2.574433264809315602e+01
1.214612067386925446e+03 5.834767516175934361e+02 2.213507997142094155e+03 4.391902183620092728e+03 1.698069019478752750e+01
1.215612097906366216e+03 5.677787406086622468e+02 2.179760521839957619e+03 4.267997047079939875e+03 1.089906948658670593e+01
1.216612128425806986e+03 5.578881859397577045e+02 2.127612454212699959e+03 4.197414206296044540e+03 1.703138729209990876e-01
1.217612158945248211e+03 5.412151917956728084e+02 2.072691031115947681e+03 4.140435915228305021e+03 -2.392963601034948695e+01
1.218612189464688981e+03 5.257813851678058654e+02 2.024345921034237563e+03 4.081783919996974873e+03 -3.729989419337142209e+01
1.219612219984129752e+03 5.119905000601508505e+02 1.955906583578876507e+03 4.051702303584392666e+03 -4.704682872344779554e+01
1.220612250503570976e+03 4.893292711767402920e+02 1.930840532163142370e+03 3.984215993178773715e+03 -6.287498278177767475e+01
1.221612281023011747e+03 4.953600810196411430e+02 1.863106922773840097e+03 3.976183208176792050e+03 -7.284577572835262060e+01
1.222612311542452517e+03 4.755361313128169058e+02 1.820955569713509476e+03 3.915872575672828589e+03 -8.330814784998297284e+01
1.223612342061893287e+03 4.596166236591149641e+02 1.759604678948317542e+03 3.879945716260634981e+03 -8.768996907663493801e+01
1.224612372581334057e+03 4.412561434004287548e+02 1.710554261963106910e+03 3.831748295546342433e+03 -9.573977865820988598e+01
1.225612403100775282e+03 4.130074958618153005e+02 1.663002341372767660e+03 3.760368899506980142e+03 -1.095986740299423730e+02
1.226612433620216052e+03 4.036080801603287682e+02 1.591701485085006198e+03 3.716645918993649957e+03 -1.181419349597174460e+02
1.227612464139656822e+03 3.847581851596063416e+02 1.545469628350896983e+03 3.667742060088845847e+03 -1.363818491981804186e+02
1.228612494659098047e+03 3.710137215044398999e+02 1.509703801665068340e+03 3.606903802119433749e+03 -1.424617314599019835e+02
1.229612525178538817e+03 3.596598300201278562e+02 1.456744996106334156e+03 3.557534433139406246e+03 -1.490343964365519582e+02
1.230612555697979587e+03 3.492839722235573845e+02 1.395450119961860310e+03 3.509618876998897122e+03 -1.561002453080948271e+02
1.231612586217420358e+03 3.352676114894897523e+02 1.356120836840640777e+03 3.447497943329094596e+03 -1.594955650183122771e+02
1.232612616736861128e+03 3.246766234187727491e+02 1.315176254907400107e+03 3.373040637314476953e+03 -1.546204261701183782e+02
1.233612647256302353e+03 3.280435050519818105e+02 1.251811505159163971e+03 3.342766562690614592e+03 -1.614699053177122323e+02
1.234612677775743123e+03 3.200555667718298309e+02 1.205583719663150987e+03 3.285761691352952766e+03 -1.811880339743190973e+02
1.235612708295183893e+03 3.026716612409488789e+02 1.164927774472257624e+03 3.194186265072672995e+03 -1.955367700746215860e+02
1.236612738814625118e+03 2.937663024267390597e+02 1.110989765957313693e+03 3.134163182761717962e+03 -1.962459225135046950e+02
1.237612769334065888e+03 2.901231468348121894e+02 1.056082381612654444e+03 3.052359630268281308e+03 -1.972340287497727047e+02
1.238612799853506658e+03 2.785558493017374531e+02 1.021062854986352477e+03 2.963114028611849790e+03 -2.038066937264250953e+02
1.239612830372947428e+03 2.833920362228236627e+02 9.673482030167135690e+02 2.890922299723683864e+03 -2.069864460726063271e+02
1.240612860892388198e+03 2.756129944789124124e+02 9.140001028633543001e+02 2.778018267849965923e+03 -2.201319097525632174e+02
1.241612891411829423e+03 2.558454136786837125e+02 8.689646285797831524e+02 2.683438702503990044e+03 -2.269170663802452736e+02
1.242612921931270193e+03 2.466627198439948643e+02 8.156189150142794233e+02 2.595320843423698989e+03 -2.293908757272060370e+02
1.243612952450710964e+03 2.355882855037095851e+02 7.843814281929624030e+02 2.464762821670977246e+03 -2.454333936096896309e+02
1.244612982970152188e+03 2.379702365476650812e+02 7.236184803640245491e+02 2.373560798434194567e+03 -2.422525714502860978e+02
1.245613013489592959e+03 2.285786461767396531e+02 7.046980330501204435e+02 2.239098604090232584e+03 -2.432428173129979143e+02
1.246613044009033729e+03 2.232502592264716839e+02 6.612176313322630676e+02 2.140986989932275264e+03 -2.481199620609792760e+02
1.247613074528474499e+03 2.092296542453169650e+02 6.342178822077884206e+02 1.999904318405405775e+03 -2.558926900183117539e+02
1.248613105047915269e+03 1.976662030611632588e+02 6.111355064581632632e+02 1.856352951004758097e+03 -2.590747157175878783e+02
1.249613135567356494e+03 1.969681570483360815e+02 5.610552066218115215e+02 1.727965414396642700e+03 -2.678383581708967540e+02
1.250613166086797264e+03 2.010281772836797813e+02 5.281160826632906264e+02 1.572686320190779043e+03 -2.770978590521461342e+02
1.251613196606238034e+03 1.831524696217787493e+02 4.976949492742605798e+02 1.413056305861916599e+03 -2.860685103637190991e+02
1.252613227125679259e+03 1.737635319052757552e+02 4.616319222073170181e+02 1.262214268910450983e+03 -2.804880971495647373e+02
1.253613257645120029e+03 1.640873117141844659e+02 4.323407679716111147e+02 1.097310416315552402e+03 -2.897478654841196430e+02
1.254613288164560799e+03 1.563798916398318681e+02 4.240930011363266203e+02 9.110097306963314168e+02 -3.007023516874201619e+02
1.255613318684001570e+03 1.476880715071119710e+02 3.941924246736863893e+02 7.286210353948179090e+02 -3.050843066407242645e+02
1.256613349203442340e+03 1.518312524587819610e+02 3.527920044610449963e+02 5.547091719578945685e+02 -3.096704621925978813e+02
1.257613379722883565e+03 1.527283801864575423e+02 3.329205720825808044e+02 3.593102162911329742e+02 -3.004100252247770300e+02
1.258613410242324335e+03 1.433418298589457152e+02 3.223687652591982555e+02 1.588209257193725819e+02 -2.946278184918081138e+02
1.259613440761765105e+03 1.411687753512260315e+02 2.848336346512529644e+02 -2.155036973549605861e+01 -3.072762202039464228e+02
1.260613471281206330e+03 1.329700836767401597e+02 2.664331827136417132e+02 -2.303949620606886413e+02 -3.128546275183160219e+02
1.261613501800647100e+03 1.351430055517381845e+02 2.411328245260389735e+02 -4.355400640871520181e+02 -3.101664543471917455e+02
1.262613532320087870e+03 1.389954555780608985e+02 2.191769182417080799e+02 -6.307283675610088949e+02 -3.099653294616388735e+02
1.263613562839528640e+03 1.307971618017421349e+02 2.156213235074578449e+02 -8.559863476470534351e+02 -3.211204056438868406e+02
1.264613593358969410e+03 1.351430055517412541e+02 1.923088526115646175e+02 -1.033288687976941901e+03 -3.177340456193915088e+02
1.265613623878410635e+03 1.319825004330564298e+02 1.837348251783959938e+02 -1.254096391743875074e+03 -3.221158668460479362e+02
1.266613654397851406e+03 1.252662446858644074e+02 1.894843960845938398e+02 -1.475433853083348822e+03 -3.201240083551575708e+02
1.267613684917292176e+03 1.281301830394573074e+02 1.694131922643231860e+02 -1.688835469228864440e+03 -3.160417348303890890e+02
1.268613715436733401e+03 1.269455075717465320e+02 1.742211840698542176e+02 -1.931447238498159550e+03 -3.216180025183142561e+02
1.269613745956174171e+03 1.339587279821945458e+02 1.657514645644945404e+02 -2.126953225947010651e+03 -3.243072455026595549e+02
1.270613776475614941e+03 1.314867193203954514e+02 1.625145495020098849e+02 -2.328927173842670982e+03 -3.233103133073190634e+02
1.271613806995055711e+03 1.296134147630791063e+02 1.780912468502491777e+02 -2.558092737891510751e+03 -3.216180025183142561e+02
1.272613837514496481e+03 1.351430055517381845e+02 1.729679446734508588e+02 -2.740266658926245782e+03 -3.221168029326148030e+02
1.273613868033937706e+03 1.378107801103525105e+02 1.895916521503337719e+02 -2.965948217645725890e+03 -3.291884020502231465e+02
1.274613898553378476e+03 1.383058980594068714e+02 1.854005231103220410e+02 -3.175950544188457116e+03 -3.352621328859215737e+02
1.275613929072819246e+03 1.455124969776825026e+02 1.732887301580199733e+02 -3.375810863131848237e+03 -3.391447525183169773e+02
1.276613959592260471e+03 1.421570217585164073e+02 1.977439554716120256e+02 -3.578294100370974775e+03 -3.418349315892273808e+02
1.277613990111701241e+03 1.496666864452346601e+02 1.931440179716129535e+02 -3.762265956349714543e+03 -3.467162218634445026e+02
1.278614020631142012e+03 1.643820216211792342e+02 1.964929622755382752e+02 -3.943909124828452150e+03 -3.544806587683154930e+02
1.279614051150582782e+03 1.725783259066792823e+02 2.033931493005786706e+02 -4.126083472284635718e+03 -3.527895515191862046e+02
1.280614081670023552e+03 1.805845675023847718e+02 2.166684740236158575e+02 -4.313650203167999280e+03 -3.598620867233570948e+02
1.281614112189464777e+03 1.899619661721251305e+02 2.166686144111380372e+02 -4.485447016247927422e+03 -3.649348735641367512e+02
1.282614142708905547e+03 1.981577399267395379e+02 2.307938451838908520e+02 -4.660103837945704072e+03 -3.637441714491408788e+02
1.283614173228346317e+03 1.959848180517384435e+02 2.591187121153088810e+02 -4.826711102064745319e+03 -3.627437623608345234e+02
1.284614203747787542e+03 2.023159083759341286e+02 2.587924515174344151e+02 -4.989724201981633087e+03 -3.637444389024470865e+02
1.285614234267228312e+03 2.133681930517411445e+02 2.635214051488712244e+02 -5.163116115539115526e+03 -3.637445726290999914e+02
1.286614264786669082e+03 2.218732663127046862e+02 2.794916087173541541e+02 -5.307567800746323883e+03 -3.666243760934369220e+02
1.287614295306109852e+03 2.307515680517376779e+02 2.870488093387992308e+02 -5.444166082238550189e+03 -3.578607336401344128e+02
1.288614325825550623e+03 2.360910961506059493e+02 3.229940512759482658e+02 -5.621748581456480679e+03 -3.576733825998010730e+02
1.289614356344991847e+03 2.474529455982056447e+02 3.212203953406851156e+02 -5.748368601183532519e+03 -3.615542637857117256e+02
1.290614386864432618e+03 2.556479235564912358e+02 3.385682216488224299e+02 -5.898337611300708886e+03 -3.617404112861686372e+02
1.291614417383873388e+03 2.643398763219337866e+02 3.470472067305368569e+02 -6.030879487746550694e+03 -3.603663699304161128e+02
1.292614447903314613e+03 2.698641618017391579e+02 3.739267841373844590e+02 -6.176525152994110613e+03 -3.627425588209593457e+02
1.293614478422755383e+03 2.766975322419448275e+02 3.875881745420651896e+02 -6.290493817070420846e+03 -3.620564073663294948e+02
1.294614508942196153e+03 2.920910185225004625e+02 3.760880500170256937e+02 -6.396692087472656567e+03 -3.778943234702916243e+02
1.295614539461636923e+03 2.964369949052236279e+02 3.797758897956795749e+02 -6.527102425265627971e+03 -3.856543473956271555e+02
1.296614569981077693e+03 3.066225247465575308e+02 3.916602549646099192e+02 -6.638010378364869212e+03 -3.883473347262432753e+02
1.297614600500518918e+03 3.218335084024483876e+02 3.778600213020429237e+02 -6.738680663321109023e+03 -3.982975337683161001e+02
1.298614631019959688e+03 3.360481550550373413e+02 3.645870831668582355e+02 -6.845076366851433704e+03 -3.961066900183150210e+02
1.299614661539400458e+03 3.415705836767388064e+02 3.559143633067153019e+02 -6.954720833215184939e+03 -3.966091010522370084e+02
1.300614692058841683e+03 3.500830843701057233e+02 3.446040427095198879e+02 -7.046268826382674888e+03 -4.058751545394678715e+02
1.301614722578282453e+03 3.621240133513623505e+02 3.233759053319835743e+02 -7.129035522775269783e+03 -4.033620295566323080e+02
1.302614753097723224e+03 3.708159661168079424e+02 2.901197863519467433e+02 -7.203021348814445446e+03 -4.014940019460742064e+02
1.303614783617163994e+03 3.811820090919950417e+02 2.460792384268932267e+02 -7.259292633129737624e+03 -4.117664822209735007e+02
1.304614814136604764e+03 3.828560993017413807e+02 1.850345328441296715e+02 -7.295828138081511497e+03 -4.294724259354977676e+02
1.305614844656045989e+03 3.913712526495346538e+02 1.423901388114271924e+02 -7.342938184116285811e+03 -4.338542471621541381e+02
1.306614875175486759e+03 4.070814658688364602e+02 9.216215130342095563e+01 -7.388097067768545458e+03 -4.392427626297864549e+02
1.307614905694927529e+03 4.251403393190187217e+02 4.046660510761673990e+00 -7.414407412939597634e+03 -4.459926154211728999e+02
1.308614936214368754e+03 4.406756099787828020e+02 -6.617012334296049403e+01 -7.459404398584024420e+03 -4.432980233707211823e+02
1.309614966733809524e+03 4.637538361383235497e+02 -1.756990630403434466e+02 -7.462429858721823621e+03 -4.328472854678660724e+02
1.310614997253250294e+03 4.695990928039578876e+02 -2.608005741532259663e+02 -7.507747229010378760e+03 -4.304809923496166562e+02
1.311615027772691064e+03 4.908289493578149632e+02 -3.600475318418239681e+02 -7.543750417860860580e+03 -4.523898310295749070e+02
1.312615058292131835e+03 4.953480114419911615e+02 -4.630202339396421962e+02 -7.627935534113212270e+03 -4.584586139791258574e+02
1.313615088811573060e+03 4.898294291692095612e+02 -5.834982771437630618e+02 -7.685267754978615812e+03 -4.689088169753744069e+02
1.314615119331013830e+03 4.958480368017374644e+02 -7.006348165824964553e+02 -7.752969266072426763e+03 -4.737950551357368454e+02
1.315615149850454600e+03 4.936751149267394112e+02 -8.066033883699298030e+02 -7.837708161638708589e+03 -4.815495962683150992e+02
1.316615180369895825e+03 5.026966600049124736e+02 -9.513248121190615620e+02 -7.895390758789735628e+03 -4.852544931793669889e+02
1.317615210889336595e+03 5.185786325984529412e+02 -1.086327909754546681e+03 -7.974020740764191032e+03 -4.983999568593238223e+02
1.318615241408777365e+03 5.294435072388911294e+02 -1.190889938973084554e+03 -8.086874597048131363e+03 -5.152511198102483831e+02
1.319615271928218135e+03 5.364634919181306714e+02 -1.318273223152932360e+03 -8.190957959233774091e+03 -5.405318760362130206e+02
1.320615302447658905e+03 5.484992482232578368e+02 -1.450793427099087467e+03 -8.276223343141618898e+03 -5.531722541491930087e+02
1.321615332967100130e+03 5.533464436602235992e+02 -1.564556454417843952e+03 -8.383883386250365220e+03 -5.631161680385937416e+02
1.322615363486540900e+03 5.630410997995874141e+02 -1.697250458114495132e+03 -8.493514633549382779e+03 -5.739016237529776845e+02
1.323615394005981670e+03 5.820964428857863595e+02 -1.839145179136269007e+03 -8.578604047541773980e+03 -5.990128145834083853e+02
1.324615424525422895e+03 5.951343720339556285e+02 -1.976969363998288145e+03 -8.677308245365009498e+03 -6.254717026190324987e+02
1.325615455044863666e+03 6.054976297219914159e+02 -2.094626600750933449e+03 -8.779951724478252800e+03 -6.396289421527695822e+02
1.326615485564304436e+03 6.136877002695891861e+02 -2.233160023366970108e+03 -8.868621941467650686e+03 -6.610320266324879412e+02
1.327615516083745206e+03 6.202065985273079605e+02 -2.364968322196154077e+03 -8.941889531656404870e+03 -6.785593115390969388e+02
1.328615546603185976e+03 6.245525749100311259e+02 -2.484570487659194896e+03 -9.023572264741000254e+03 -6.950740182320096210e+02
1.329615577122627201e+03 6.273917109447151006e+02 -2.608945969210233216e+03 -9.094335908216731696e+03 -7.021532397688198444e+02
1.330615607642067971e+03 6.185364872992050778e+02 -2.721833820725509668e+03 -9.167766391396697145e+03 -7.238974609393914079e+02
1.331615638161508741e+03 6.320768291961036311e+02 -2.869208568613929856e+03 -9.195362539358753565e+03 -7.577744338495666625e+02
1.332615668680949966e+03 6.339096807733834567e+02 -2.981550593449164808e+03 -9.270421099607965516e+03 -7.870905255452356641e+02
1.333615699200390736e+03 6.412721231393325070e+02 -3.103813242815115245e+03 -9.309645191757590510e+03 -8.000728427089865136e+02
1.334615729719831506e+03 6.511313764859769435e+02 -3.225183167937560029e+03 -9.373599026929718093e+03 -8.290617052856634928e+02
1.335615760239272277e+03 6.593202533390807503e+02 -3.360715105363151906e+03 -9.407624757408717414e+03 -8.565291597353973430e+02
1.336615790758713047e+03 6.631630211767396759e+02 -3.497821769607328861e+03 -9.442751934474870723e+03 -8.848493890489301066e+02
1.337615821278154272e+03 6.599834169461736337e+02 -3.613720371889460694e+03 -9.500773678813533479e+03 -9.205724583986497009e+02
1.338615851797595042e+03 6.549748074872433108e+02 -3.758622755152583068e+03 -9.506851747920993148e+03 -9.505771086286881655e+02
1.339615882317035812e+03 6.588171774267404999e+02 -3.897859098084267771e+03 -9.511339122905728800e+03 -9.846162919685006045e+02
1.340615912836477037e+03 6.524563773729439617e+02 -4.031961750162683529e+03 -9.538945220701472863e+03 -1.019670728055081213e+03
1.341615943355917807e+03 6.370879586767387082e+02 -4.162563699027350594e+03 -9.559499871375941439e+03 -1.048660660444978248e+03
1.342615973875358577e+03 6.365839543353488352e+02 -4.334699295861702012e+03 -9.533547009514562887e+03 -1.083715230258195334e+03
1.343616004394799347e+03 6.295609191035191543e+02 -4.473033087423447796e+03 -9.561156234400870744e+03 -1.119278095078050910e+03
1.344616034914240117e+03 6.315777322654057571e+02 -4.605406165247994977e+03 -9.572221160143268207e+03 -1.158714486117919250e+03
1.345616065433681342e+03 6.322377126871841710e+02 -4.767641212967104366e+03 -9.562739252937622950e+03 -1.199324595987918883e+03
1.346616095953122112e+03 6.327421149267395322e+02 -4.922441758757692696e+03 -9.548766985797143207e+03 -1.228315197011080954e+03
1.347616126472562883e+03 6.278916036717439511e+02 -5.057610092504929526e+03 -9.560244971777272440e+03 -1.264896256564041096e+03
1.348616156992004107e+03 6.235456272890212404e+02 -5.211921107011257845e+03 -9.547473223139193578e+03 -1.317477977557238546e+03
1.349616187511444878e+03 6.165217962608596736e+02 -5.385282988838052916e+03 -9.502192809375699653e+03 -1.366187108416965202e+03
1.350616218030885648e+03 6.014637381327702315e+02 -5.517778063418012607e+03 -9.508473855090007419e+03 -1.416068888293583541e+03
1.351616248550326418e+03 5.861003594799751681e+02 -5.644118970257401998e+03 -9.518330302463042244e+03 -1.465287651426475577e+03
1.352616279069767188e+03 5.789243987203402639e+02 -5.784260812696952598e+03 -9.510748955628689146e+03 -1.529333357169462261e+03
1.353616309589208413e+03 5.844323703754131429e+02 -5.939753328576651256e+03 -9.473544395432892998e+03 -1.583087058546290336e+03
1.354616340108649183e+03 5.720508405655482420e+02 -6.049779942034566375e+03 -9.496831554713855439e+03 -1.643770742515565871e+03
1.355616370628089953e+03 5.627028863599724673e+02 -6.182705023590122437e+03 -9.472240540800810777e+03 -1.700885930759471194e+03
1.356616401147531178e+03 5.556781269027554799e+02 -6.321718150364109533e+03 -9.464772622070264333e+03 -1.752296874908913196e+03
1.357616431666971948e+03 5.486531021801041561e+02 -6.446833333761142057e+03 -9.463146250686813801e+03 -1.818383918004265752e+03
1.358616462186412718e+03 5.329361246920071835e+02 -6.577021420215073704e+03 -9.478044136639478893e+03 -1.896746399177579406e+03
1.359616492705853489e+03 5.112063754111239859e+02 -6.681059242431688290e+03 -9.499161663618664534e+03 -1.969046516280664946e+03
1.360616523225294259e+03 4.996874888213645249e+02 -6.806869063280645605e+03 -9.509019390256029510e+03 -2.046238889243481026e+03
1.361616553744735484e+03 4.926620662005440749e+02 -6.931071306631264633e+03 -9.521206088674362036e+03 -2.125622373409641114e+03
1.362616584264176254e+03 4.754247198268253669e+02 -7.048683338602272670e+03 -9.561723517060492668e+03 -2.201941110150842633e+03
1.363616614783617024e+03 4.589083649267401483e+02 -7.158239653866175104e+03 -9.600300870021628725e+03 -2.264819515943042461e+03
1.364616645303058249e+03 4.615882090630009884e+02 -7.272168759621800746e+03 -9.707890411451793625e+03 -2.344203267562506880e+03
1.365616675822499019e+03 4.622400988887725930e+02 -7.379350560362263423e+03 -9.721630563186814470e+03 -2.428991448121234953e+03
1.366616706341939789e+03 4.486951148466286554e+02 -7.467288882103921424e+03 -9.727918573784691034e+03 -2.518307479411281292e+03
1.367616736861380559e+03 4.383374277328882727e+02 -7.563201355403212801e+03 -9.740803750526589283e+03 -2.605943903944321846e+03
1.368616767380821329e+03 4.296454749674457503e+02 -7.664017564797092746e+03 -9.743132580167066408e+03 -2.690877846554414646e+03
1.369616797900262554e+03 4.204459367771323173e+02 -7.740069977107134946e+03 -9.751750699669753885e+03 -2.780049453059661573e+03
1.370616828419703324e+03 4.047273676963782805e+02 -7.808920649997850887e+03 -9.771077114448029533e+03 -2.875937614419748570e+03
1.371616858939144095e+03 3.927050072961182536e+02 -7.881059339008560528e+03 -9.770533000686813466e+03 -2.965765016429443222e+03
1.372616889458585320e+03 3.840130545306718659e+02 -7.936110901336908682e+03 -9.772166194813349648e+03 -3.060486279018746245e+03
1.373616919978026090e+03 3.667698723172088080e+02 -8.000122977942602120e+03 -9.801593965013405978e+03 -3.162804953923743142e+03
1.374616950497466860e+03 3.497540225882648883e+02 -8.056103344107217708e+03 -9.831773516217393990e+03 -3.269134759774310169e+03
1.375616981016907630e+03 3.438829025419540244e+02 -8.147176238408850622e+03 -9.826667545859396341e+03 -3.370429222246828886e+03
1.376617011536348400e+03 3.243260751360696190e+02 -8.195086287564221493e+03 -9.884886012623719580e+03 -3.471863963977959429e+03
1.377617042055789625e+03 3.144782282034570358e+02 -8.260808986108462705e+03 -9.897372343175980859e+03 -3.564395051450526807e+03
1.378617072575230395e+03 2.982499515742940162e+02 -8.331864023847652788e+03 -9.928043131882261150e+03 -3.666715732255311650e+03
1.379617103094671165e+03 2.835478796704936713e+02 -8.400574028442722920e+03 -9.943946661737902105e+03 -3.772531091673217816e+03
1.380617133614112390e+03 2.758738830419339365e+02 -8.476765143623115364e+03 -9.964612039847081178e+03 -3.874852574837968405e+03
1.381617164133553160e+03 2.688458077666870167e+02 -8.533977550668525510e+03 -1.000161874049332073e+04 -3.976798821015394424e+03
1.382617194652993931e+03 2.633453961767389160e+02 -8.626518056110513498e+03 -1.000845953542175266e+04 -4.080285063324481598e+03
1.383617225172434701e+03 2.596441474528367621e+02 -8.713523502777783506e+03 -1.004255491473643087e+04 -4.179012508973163676e+03
1.384617255691875471e+03 2.464715960924277738e+02 -8.773324796090584641e+03 -1.010324676801040187e+04 -4.268704044703786167e+03
1.385617286211316696e+03 2.546537086767375797e+02 -8.853144367128423255e+03 -1.013297459676583094e+04 -4.379277264695582744e+03
1.386617316730757466e+03 2.497980247456061420e+02 -8.941085356232972117e+03 -1.015571607874028268e+04 -4.495395460338538214e+03
1.387617347250198236e+03 2.444321027351781765e+02 -9.013748252245601179e+03 -1.019927289703134375e+04 -4.606103610522785857e+03
1.388617377769639461e+03 2.329244899267388007e+02 -9.071789226437620528e+03 -1.023886186379568608e+04 -4.705342694344464689e+03
1.389617408289080231e+03 2.313937756888462047e+02 -9.151470656155159304e+03 -1.026530837954752496e+04 -4.800066230286817699e+03
1.390617438808521001e+03 2.161829246656849079e+02 -9.237390907288183371e+03 -1.028667294668266368e+04 -4.897495457591786362e+03
1.391617469327961771e+03 2.041660022070001617e+02 -9.311934013364210841e+03 -1.032324555029997282e+04 -5.004335296895473221e+03
1.392617499847402541e+03 1.987987538693573697e+02 -9.397714157751679522e+03 -1.036009845494579531e+04 -5.101381798520626035e+03
1.393617530366843766e+03 1.862715933313732535e+02 -9.473074880747721181e+03 -1.039146686913276790e+04 -5.190563167071519274e+03
1.394617560886284537e+03 1.829472868017379312e+02 -9.550735291718690860e+03 -1.040735973845233457e+04 -5.289669326600439490e+03
1.395617591405725307e+03 1.780904091761142354e+02 -9.604991137580249415e+03 -1.043790459069245117e+04 -5.398699474747517343e+03
1.396617621925166532e+03 1.807743649267399064e+02 -9.667225346625094971e+03 -1.045831852229075594e+04 -5.490847301633650204e+03
1.397617652444607302e+03 1.759172220356716423e+02 -9.748809308021798643e+03 -1.044900320372884380e+04 -5.577323781181798950e+03
1.398617682964048072e+03 1.683754602303710897e+02 -9.780875221602183956e+03 -1.049064553188149694e+04 -5.665604233273896170e+03
1.399617713483488842e+03 1.633909899267402750e+02 -9.846900314865772089e+03 -1.048818124236263429e+04 -5.742801955302820716e+03
1.400617744002929612e+03 1.553371331840450580e+02 -9.889110349909720753e+03 -1.052776964056503675e+04 -5.836367685886721119e+03
1.401617774522370837e+03 1.557229617706477995e+02 -9.936603026966364268e+03 -1.052913660557068761e+04 -5.923614965860657321e+03
1.402617805041811607e+03 1.531634155127124757e+02 -9.987469075755498125e+03 -1.055311854752271029e+04 -6.004552353730315190e+03
1.403617835561252377e+03 1.406375813019458576e+02 -1.001669565173173214e+04 -1.060174096827516587e+04 -6.096054280884214677e+03
1.404617866080693602e+03 1.346307779816193602e+02 -1.007406487163767451e+04 -1.061050734029952582e+04 -6.185240062414643035e+03
1.405617896600134372e+03 1.324577234738996765e+02 -1.012141210722295182e+04 -1.063421139761122322e+04 -6.286021950627644401e+03
1.406617927119575143e+03 1.247908890123001839e+02 -1.014617028880599173e+04 -1.067215252977947057e+04 -6.382546115947629914e+03
1.407617957639015913e+03 1.334827091450217438e+02 -1.018338365121671632e+04 -1.069256205502286139e+04 -6.465283865741613226e+03
1.408617988158456683e+03 1.336047312487291663e+02 -1.023289903167015655e+04 -1.070763377878376741e+04 -6.541448816832293232e+03
1.409618018677897908e+03 1.167338490842869732e+02 -1.026915691661569326e+04 -1.074654260334658829e+04 -6.611040969219703584e+03
1.410618049197338678e+03 1.107278415602912389e+02 -1.031164351507521860e+04 -1.078160368508909232e+04 -6.691982502615595877e+03
1.411618079716779448e+03 1.063818651775718962e+02 -1.036048742201762434e+04 -1.079735526677055714e+04 -6.768785998472571009e+03
1.412618110236220673e+03 1.015226001629582271e+02 -1.040038527459729085e+04 -1.083490821328525271e+04 -6.845346914181717693e+03
1.413618140755661443e+03 9.488433245596232268e+01 -1.043111989331982477e+04 -1.087090173658301683e+04 -6.928721871475469925e+03
1.414618171275102213e+03 1.079221289714039358e+02 -1.048318527269745209e+04 -1.086488890995633119e+04 -6.999348800700881839e+03
1.415618201794542983e+03 1.058676481166325516e+02 -1.049577311973210271e+04 -1.089981979101825345e+04 -7.076548528629590692e+03
1.416618232313983754e+03 1.042082801389665434e+02 -1.054679261208125172e+04 -1.090490230819687531e+04 -7.156457424813889702e+03
1.417618262833424978e+03 9.768938188124030830e+01 -1.056882980274002875e+04 -1.096790366000592985e+04 -7.245248311539105089e+03
1.418618293352865749e+03 9.923150253317464831e+01 -1.062202712669625907e+04 -1.095994137668251096e+04 -7.313284420596502969e+03
1.419618323872306519e+03 9.831938730798226800e+01 -1.066040851327838755e+04 -1.099424968243770127e+04 -7.380566979966342842e+03
1.420618354391747744e+03 9.105469525772554107e+01 -1.067831915315662991e+04 -1.104800380097521702e+04 -7.451829913151683286e+03
1.421618384911188514e+03 1.042076169753548811e+02 -1.076124199033731202e+04 -1.102544909159278723e+04 -7.515366387801466772e+03
1.422618415430629284e+03 9.282826000853120263e+01 -1.079193028117803988e+04 -1.107845853615040323e+04 -7.583284549951245936e+03
1.423618445950070054e+03 9.054114136038883487e+01 -1.082400995273544140e+04 -1.109145046039352201e+04 -7.649011868351027260e+03
1.424618476469510824e+03 9.385748992673866553e+01 -1.086486566936815325e+04 -1.110818167426994114e+04 -7.710990962404310267e+03
1.425618506988952049e+03 1.019212941235447119e+02 -1.090112116772583613e+04 -1.114023222062516652e+04 -7.766802182058468134e+03
1.426618537508392819e+03 1.085527975617481644e+02 -1.093955744582851548e+04 -1.115886243132757045e+04 -7.834606944006820413e+03
1.427618568027833589e+03 1.063797430540284807e+02 -1.097986747616865068e+04 -1.118037354529860204e+04 -7.907539454450184166e+03
1.428618598547274814e+03 9.986084479630531519e+01 -1.101382258461377387e+04 -1.121585706855061289e+04 -7.972227449305773916e+03
1.429618629066715584e+03 9.551486841358291713e+01 -1.104547744353383860e+04 -1.123926362583559785e+04 -8.035132199248543657e+03
1.430618659586156355e+03 9.385748992673866553e+01 -1.107876950171914905e+04 -1.125146013194711486e+04 -8.097628949174145419e+03
1.431618690105597125e+03 9.488910723393067315e+01 -1.111502415775169538e+04 -1.127695871283125780e+04 -8.160645227145208082e+03
1.432618720625037895e+03 1.030651187130573163e+02 -1.113977868925919938e+04 -1.132065198598406641e+04 -8.215418059341684057e+03
1.433618751144479120e+03 1.020331035076998347e+02 -1.117931027079762134e+04 -1.134393985596744460e+04 -8.271861404882813076e+03
1.434618781663919890e+03 1.030653839785011456e+02 -1.121349378973874445e+04 -1.138463495995480480e+04 -8.327154567484665677e+03
1.435618812183360660e+03 1.015164990577759454e+02 -1.123232649485227012e+04 -1.142256386804169051e+04 -8.384638841289823176e+03
1.436618842702801885e+03 9.385748992673866553e+01 -1.126901368483580518e+04 -1.144186242328570188e+04 -8.445984338462980304e+03
1.437618873222242655e+03 9.013475470196142680e+01 -1.131797411342030682e+04 -1.146104598688058468e+04 -8.507850700948096346e+03
1.438618903741683425e+03 7.337369243086284598e+01 -1.134174621305864821e+04 -1.148643497745388959e+04 -8.569824178481963827e+03
1.439618934261124195e+03 4.936531299600570577e+01 -1.135871709887396901e+04 -1.152991290777800714e+04 -8.622406033201788887e+03
1.440618964780564966e+03 5.143305712291533638e+01 -1.140888177161018939e+04 -1.152092707085099937e+04 -8.675509154413555734e+03
1.441618995300006191e+03 5.691781805174138498e+01 -1.142454550922121052e+04 -1.157603863098194415e+04 -8.737897318297253150e+03
1.442619025819446961e+03 5.588328282467644925e+01 -1.144152060666215402e+04 -1.160620439455927408e+04 -8.798199881306538373e+03
1.443619056338887731e+03 3.963776394172459305e+01 -1.147569275421411476e+04 -1.162328157836641549e+04 -8.854120221909215616e+03
1.444619086858328956e+03 3.405074318469026906e+01 -1.150701840439838816e+04 -1.164690049353000541e+04 -8.903885659598072380e+03
1.445619117377769726e+03 3.580852464164664184e+01 -1.155674015450710067e+04 -1.166054370545700658e+04 -8.967422000521204609e+03
1.446619147897210496e+03 2.163326990732163324e+01 -1.155509635702838750e+04 -1.171022066643789731e+04 -9.030436272592474779e+03
1.447619178416651266e+03 2.432398992674015048e+01 -1.157667827095783650e+04 -1.171554212176506553e+04 -9.078114370960442102e+03
1.448619208936092036e+03 1.842395594716177953e+01 -1.160909234558931894e+04 -1.173572948143666872e+04 -9.141026609595755872e+03
1.449619239455533261e+03 4.349634713826800336e+00 -1.162453792099332350e+04 -1.176955024534209952e+04 -9.201327300431934418e+03
1.450619269974974031e+03 -1.738024719977893895e+01 -1.165203281690295444e+04 -1.179238923568650898e+04 -9.259959216369941714e+03
1.451619300494414802e+03 -4.449289547943329381e+01 -1.168389460702838733e+04 -1.180503789066803984e+04 -9.313063808574888753e+03
1.452619331013856026e+03 -6.849451064550240176e+01 -1.167929466952838811e+04 -1.184219227527404837e+04 -9.372741199483169112e+03
1.453619361533296797e+03 -8.422408824213226808e+01 -1.167754375637145858e+04 -1.188143569852909059e+04 -9.425945150591016500e+03
1.454619392052737567e+03 -1.053374932665867902e+02 -1.168784216372015726e+04 -1.188498125068681657e+04 -9.480619426244507849e+03
1.455619422572178337e+03 -1.411431553734502700e+02 -1.169714508316027786e+04 -1.189186340849521184e+04 -9.545300199860825160e+03
1.456619453091619107e+03 -1.802569428179400575e+02 -1.169254500527275923e+04 -1.191337850239971340e+04 -9.601740469688920712e+03
1.457619483611060332e+03 -2.171978083874458036e+02 -1.168509534149208594e+04 -1.192623837813600039e+04 -9.650464176753808715e+03
1.458619514130501102e+03 -2.579651279698599637e+02 -1.167984442705905894e+04 -1.195640954305161176e+04 -9.708571349306905176e+03
1.459619544649941872e+03 -2.948110285108118092e+02 -1.168334470911019707e+04 -1.198379802377095257e+04 -9.754056731751736152e+03
1.460619575169383097e+03 -3.518282438560044056e+02 -1.167929466952838811e+04 -1.201174312661384829e+04 -9.792445374468285081e+03
1.461619605688823867e+03 -4.045936520506566580e+02 -1.169684647890396627e+04 -1.201381709837191192e+04 -9.833453856036447178e+03
1.462619636208264637e+03 -4.533458593606281397e+02 -1.172649337511687918e+04 -1.201397359504147971e+04 -9.887083993986221685e+03
1.463619666727705408e+03 -5.294002471091647521e+02 -1.172629683258803379e+04 -1.204687471003492101e+04 -9.940808141772793533e+03
1.464619697247146178e+03 -5.924171036076985501e+02 -1.176309717491315496e+04 -1.204136321288466206e+04 -9.987341807447572137e+03
1.465619727766587403e+03 -6.754189259368916964e+02 -1.177009493126502093e+04 -1.209790882832827447e+04 -1.003992366216742084e+04
1.466619758286028173e+03 -7.628590370228788515e+02 -1.180155100145591859e+04 -1.209866274143942428e+04 -1.009907804813724761e+04
1.467619788805468943e+03 -8.643781114874394689e+02 -1.182594164851003006e+04 -1.211644295206552306e+04 -1.014079701941082021e+04
1.468619819324910168e+03 -9.719860889269319841e+02 -1.182924847655778467e+04 -1.215156771274352286e+04 -1.017637660006227088e+04
1.469619849844350938e+03 -1.072985243123536748e+03 -1.185684880349538253e+04 -1.214933525434914736e+04 -1.020933072534266284e+04
1.470619880363791708e+03 -1.187543440430754799e+03 -1.186559213827838721e+04 -1.215324326473338624e+04 -1.023500651010048750e+04
1.471619910883232478e+03 -1.306015629347034746e+03 -1.187635312250746210e+04 -1.217718412808640460e+04 -1.027549359145005292e+04
1.472619941402673248e+03 -1.419532261892954239e+03 -1.191655701988202236e+04 -1.217262127650626462e+04 -1.031606986847692133e+04
1.473619971922114473e+03 -1.543304984888057106e+03 -1.194544666580883313e+04 -1.218230715530212001e+04 -1.035217579723311246e+04
1.474620002441555243e+03 -1.678551764613023806e+03 -1.195639492699039147e+04 -1.220857571117176849e+04 -1.039984988380150389e+04
1.475620032960996014e+03 -1.812841864518400143e+03 -1.197580785372656101e+04 -1.221630644765165744e+04 -1.043332674656702147e+04
1.476620063480437238e+03 -1.932877925852979388e+03 -1.201435616107069472e+04 -1.220922799383901656e+04 -1.046119591588125877e+04
1.477620093999878009e+03 -2.061520657113076140e+03 -1.204655670628333610e+04 -1.222078017715022361e+04 -1.050501399442112961e+04
1.478620124519318779e+03 -2.200676786301855373e+03 -1.207139448759055631e+04 -1.224238936805314006e+04 -1.054006869796099636e+04
1.479620155038759549e+03 -2.327232276424985685e+03 -1.207774196894699162e+04 -1.223549384903952887e+04 -1.057573479975668488e+04
1.480620185558200319e+03 -2.455438646031614098e+03 -1.207829495539063646e+04 -1.223717281240093871e+04 -1.060255234267464039e+04
1.481620216077641544e+03 -2.587990859388301942e+03 -1.208813612058474064e+04 -1.224928716131445071e+04 -1.063646943358062344e+04
1.482620246597082314e+03 -2.712979161275153729e+03 -1.208970789926538600e+04 -1.226520590020155760e+04 -1.068081439513184705e+04
1.483620277116523084e+03 -2.840580460406668408e+03 -1.211343549605970293e+04 -1.225860361700021349e+04 -1.072410559066036149e+04
1.484620307635964309e+03 -2.974782890083244638e+03 -1.211104904859701492e+04 -1.229129351123891320e+04 -1.074942486016229304e+04
1.485620338155405079e+03 -3.102989259689872142e+03 -1.213230273650330309e+04 -1.228262635327028511e+04 -1.076309760803356039e+04
1.486620368674845849e+03 -3.241456627156323066e+03 -1.212732010262214499e+04 -1.230919041919990559e+04 -1.078553399835813252e+04
1.487620399194286620e+03 -3.373565979856136892e+03 -1.213166537715977029e+04 -1.231121677389685283e+04 -1.080472470909677759e+04
1.488620429713727390e+03 -3.492033659259888736e+03 -1.214848829452838982e+04 -1.232316510272855339e+04 -1.082330736474592049e+04
1.489620460233168615e+03 -3.611992395717879845e+03 -1.214959651361601027e+04 -1.235762023960063016e+04 -1.085073349766000138e+04
1.490620490752609385e+03 -3.748366951473069548e+03 -1.215649670064104976e+04 -1.237456679630574945e+04 -1.086659789164118592e+04
1.491620521272050155e+03 -3.871703710712815791e+03 -1.217259676266609131e+04 -1.237625087672447262e+04 -1.089069784152444663e+04
1.492620551791491380e+03 -3.997213126562175148e+03 -1.217553338882201570e+04 -1.240355137248609390e+04 -1.091479779140771461e+04
1.493620582310932150e+03 -4.119424497160686769e+03 -1.216577870234060174e+04 -1.243735948588870269e+04 -1.093179685603644430e+04
1.494620612830372920e+03 -4.248154898649639108e+03 -1.216855247897262961e+04 -1.244796188650595468e+04 -1.094660480946186908e+04
1.495620643349813690e+03 -4.378009892983502141e+03 -1.217894284014732330e+04 -1.244675681950815124e+04 -1.095975027314182444e+04
1.496620673869254460e+03 -4.504567637862893207e+03 -1.217957767251548103e+04 -1.245141433664863325e+04 -1.097667284612524782e+04
1.497620704388695685e+03 -4.638693538459213414e+03 -1.217370891260429198e+04 -1.244571279767530541e+04 -1.099540875251831312e+04
1.498620734908136455e+03 -4.781586064043073748e+03 -1.220130909915437041e+04 -1.243101874117237821e+04 -1.099759959626831551e+04
1.499620765427577226e+03 -4.923355057843794384e+03 -1.220543199985937281e+04 -1.245013208736965316e+04 -1.099812875263276328e+04
1.500620795947018451e+03 -5.069995120971401775e+03 -1.220138757577838805e+04 -1.247759305973430310e+04 -1.100303986395051834e+04
1.501620826466459221e+03 -5.219406279547539270e+03 -1.221336642174867848e+04 -1.247879656318681373e+04 -1.100689239508606806e+04
1.502620856985899991e+03 -5.367169476560049588e+03 -1.222898720077838880e+04 -1.248104806840563833e+04 -1.101671501890153195e+04
1.503620887505340761e+03 -5.521451439197559921e+03 -1.221526305715199487e+04 -1.251421328041274683e+04 -1.103046225251831493e+04
1.504620918024781531e+03 -5.659997457867812045e+03 -1.222082464916810022e+04 -1.250047000158714582e+04 -1.102388972126831504e+04
1.505620948544222756e+03 -5.812035938022598202e+03 -1.222850539080768613e+04 -1.250538777794831003e+04 -1.102933132621704135e+04
1.506620979063663526e+03 -5.968035361769758310e+03 -1.220995697042337088e+04 -1.253998079108692400e+04 -1.103756487621933229e+04
1.507621009583104296e+03 -6.108158383497673640e+03 -1.223414377479756877e+04 -1.252184011220103639e+04 -1.104466776737365217e+04
1.508621040102545521e+03 -6.264544431627840822e+03 -1.223010075459179461e+04 -1.253355760489163004e+04 -1.105343140982695877e+04
1.509621070621986291e+03 -6.420015844511028263e+03 -1.224564389932261111e+04 -1.251725650811066589e+04 -1.105675237751831446e+04
1.510621101141427062e+03 -6.561786297271686635e+03 -1.223484472968792943e+04 -1.252007629097247627e+04 -1.105350027905306160e+04
1.511621131660867832e+03 -6.697105494462547540e+03 -1.222375888873617805e+04 -1.252078500341067775e+04 -1.104148427068119963e+04
1.512621162180308602e+03 -6.827484785944177020e+03 -1.224097376806230568e+04 -1.250271923255827096e+04 -1.102720961914645159e+04
1.513621192699749827e+03 -6.960036999300863499e+03 -1.225714430462269411e+04 -1.250377675773680676e+04 -1.102116784898072910e+04
1.514621223219190597e+03 -7.082843890818541695e+03 -1.225658682577838954e+04 -1.250561164920585907e+04 -1.101625486548984190e+04
1.515621253738631367e+03 -7.208285000816312277e+03 -1.226460225126708065e+04 -1.249453265155585541e+04 -1.099985609980475601e+04
1.516621284258072592e+03 -7.341429021375968659e+03 -1.227547610706272826e+04 -1.249220382191537465e+04 -1.098505108836568252e+04
1.517621314777513362e+03 -7.455015949264236951e+03 -1.229108635702838910e+04 -1.249566238409873586e+04 -1.096865165404733489e+04
1.518621345296954132e+03 -7.569065897982979550e+03 -1.230705164703365335e+04 -1.248528556042480341e+04 -1.094946508883492425e+04
1.519621375816394902e+03 -7.680478975567201815e+03 -1.233471907920610101e+04 -1.246835122780105121e+04 -1.092323794908831587e+04
1.520621406335835673e+03 -7.782081873911703042e+03 -1.234454409983533697e+04 -1.246828399535354038e+04 -1.089688376902170603e+04
1.521621436855276897e+03 -7.884739998187855235e+03 -1.236169566438968104e+04 -1.246375966384374260e+04 -1.088261152456670243e+04
1.522621467374717668e+03 -7.990688475016912889e+03 -1.238936127152435984e+04 -1.244386625068681315e+04 -1.086733726630356614e+04
1.523621497894158438e+03 -8.079842200863626203e+03 -1.239800268496741046e+04 -1.244739190317720204e+04 -1.084211107055187131e+04
1.524621528413599663e+03 -8.172103378740498556e+03 -1.241068473202838868e+04 -1.243914420176797103e+04 -1.082730712892602060e+04
1.525621558933040433e+03 -8.277054855402648172e+03 -1.241459887649025768e+04 -1.244399446140066175e+04 -1.081795040876831445e+04
1.526621589452481203e+03 -8.350408177779494508e+03 -1.243946571801424216e+04 -1.241183091336306461e+04 -1.081741764178424637e+04
1.527621619971921973e+03 -8.426991239555602078e+03 -1.241478741693042502e+04 -1.243046055550354504e+04 -1.081954911090047790e+04
1.528621650491362743e+03 -8.497642700764432448e+03 -1.242094214622106665e+04 -1.240899833785797091e+04 -1.083488541833043382e+04
1.529621681010803968e+03 -8.574225895173296522e+03 -1.242510533814448354e+04 -1.242165097277297355e+04 -1.085016355466650384e+04
1.530621711530244738e+03 -8.639472970882483423e+03 -1.242672400625700902e+04 -1.242649298825777441e+04 -1.088302714700306751e+04
1.531621742049685508e+03 -8.699730801510067977e+03 -1.243946431413903701e+04 -1.241466661595874029e+04 -1.092347304054362212e+04
1.532621772569126733e+03 -8.773612267383636208e+03 -1.242908448202838917e+04 -1.243341721964854150e+04 -1.097338718227019672e+04
1.533621803088567503e+03 -8.831809516051262108e+03 -1.243760642569141055e+04 -1.241541427488872978e+04 -1.101063259583341642e+04
1.534621833608008274e+03 -8.875269412511190239e+03 -1.246930480474286378e+04 -1.240541341278700929e+04 -1.104296248509934230e+04
1.535621864127449044e+03 -8.939819901167486023e+03 -1.246818395077838795e+04 -1.241762470150855006e+04 -1.106599476138802311e+04
1.536621894646889814e+03 -9.007236848199085216e+03 -1.247104462728566614e+04 -1.241830853936258063e+04 -1.109773545102247226e+04
1.537621925166331039e+03 -9.070253439432204686e+03 -1.248366630771278869e+04 -1.240194987568681427e+04 -1.112349227413180415e+04
1.538621955685771809e+03 -9.131097108790298080e+03 -1.249286660387534903e+04 -1.240774323741085755e+04 -1.114598924263001572e+04
1.539621986205212579e+03 -9.184361746548373048e+03 -1.250380573986806849e+04 -1.241592200068681632e+04 -1.116186005549052243e+04
1.540622016724653804e+03 -9.240859306891048618e+03 -1.251816710245047580e+04 -1.241592200068681632e+04 -1.117500565289714177e+04
1.541622047244094574e+03 -9.300539256751419089e+03 -1.252624457922327019e+04 -1.241705884025374507e+04 -1.119798417107146633e+04
1.542622077763535344e+03 -9.377705769869045980e+03 -1.252798313827838865e+04 -1.242813400011076010e+04 -1.122374019182086704e+04
1.543622108282976114e+03 -9.444537806599184478e+03 -1.254055315609792342e+04 -1.242989412568681291e+04 -1.123367568093115187e+04
1.544622138802416885e+03 -9.512961966517232213e+03 -1.256360633124327251e+04 -1.242585889957209474e+04 -1.123148470345449823e+04
1.545622169321858109e+03 -9.584139714364680913e+03 -1.257280648701831706e+04 -1.242109562991375969e+04 -1.122218588693737729e+04
1.546622199841298880e+03 -9.658552241654775571e+03 -1.258307934383826614e+04 -1.244045146777159789e+04 -1.121887481501831644e+04
1.547622230360739650e+03 -9.726494414263192084e+03 -1.263597974818842522e+04 -1.239501541018141506e+04 -1.121887481501831644e+04
1.548622260880180875e+03 -9.796513482656329870e+03 -1.264016961374075254e+04 -1.241406067108830575e+04 -1.121507684435703231e+04
1.549622291399621645e+03 -9.871552434289678786e+03 -1.264456949902390625e+04 -1.240329082898443630e+04 -1.120626559521539457e+04
1.550622321919062415e+03 -9.932349416929831932e+03 -1.267063047679811825e+04 -1.237975250747357677e+04 -1.120957546359458320e+04
1.551622352438503185e+03 -9.999226548785256455e+03 -1.266649536237882421e+04 -1.238978591974544543e+04 -1.119486834006524441e+04
1.552622382957943955e+03 -1.005567861610445834e+04 -1.269010685869360168e+04 -1.237804426317307662e+04 -1.116307710175609827e+04
1.553622413477385180e+03 -1.012791914994863509e+04 -1.268841785643325966e+04 -1.238740762521757824e+04 -1.113459533064617426e+04
1.554622443996825950e+03 -1.018938420360657074e+04 -1.270212346890693516e+04 -1.237871061774794543e+04 -1.110504053687557644e+04
1.555622474516266720e+03 -1.023772206629483480e+04 -1.271831716940822116e+04 -1.236930120218760567e+04 -1.106725847825536403e+04
1.556622505035707945e+03 -1.028606019424856095e+04 -1.271085360726300314e+04 -1.239201809385885645e+04 -1.103001293096547670e+04
1.557622535555148716e+03 -1.033009558408672274e+04 -1.270620804381881317e+04 -1.239035234956217209e+04 -1.099111345243590949e+04
1.558622566074589486e+03 -1.037462052129964650e+04 -1.271770816834385369e+04 -1.238099168818681574e+04 -1.095552183638574024e+04
1.559622596594030256e+03 -1.041972055399263809e+04 -1.272634438744864019e+04 -1.238384657974742368e+04 -1.091443178155947498e+04
1.560622627113471026e+03 -1.046047447767019003e+04 -1.273150854239393084e+04 -1.240427856318681552e+04 -1.088156805549625824e+04
1.561622657632912251e+03 -1.049852216329993098e+04 -1.273840872941897760e+04 -1.240023608790756043e+04 -1.084597603826611339e+04
1.562622688152353021e+03 -1.053324965401438749e+04 -1.275164446486120323e+04 -1.238679187265394648e+04 -1.080162037858268013e+04
1.563622718671793791e+03 -1.056916380968737758e+04 -1.275051560880805664e+04 -1.239667845380895051e+04 -1.076545012730658891e+04
1.564622749191235016e+03 -1.059306661347599220e+04 -1.274817408535195682e+04 -1.240897786962870123e+04 -1.073366209843709657e+04
1.565622779710675786e+03 -1.061372933251306131e+04 -1.276370950876914139e+04 -1.239030643818681529e+04 -1.070026065750366070e+04
1.566622810230116556e+03 -1.062836840387419034e+04 -1.277520963329418191e+04 -1.239610775977779304e+04 -1.067723667226744510e+04
1.567622840749557326e+03 -1.065608333734180633e+04 -1.277407979452838845e+04 -1.241473754405875297e+04 -1.065206022283053244e+04
1.568622871268998097e+03 -1.067670825605327082e+04 -1.279930111454188409e+04 -1.238572837757521484e+04 -1.061919663049396877e+04
1.569622901788439322e+03 -1.070713009073233115e+04 -1.279945666391471605e+04 -1.239717523479000556e+04 -1.060324772126831340e+04
1.570622932307880092e+03 -1.074136352455950509e+04 -1.278780351699222228e+04 -1.242584781261457465e+04 -1.059559788810474492e+04
1.571622962827320862e+03 -1.076526646098082892e+04 -1.281721357945788986e+04 -1.242111410817628348e+04 -1.059229350251831238e+04
1.572622993346762087e+03 -1.079351524115216671e+04 -1.280914508748640947e+04 -1.243458888363331062e+04 -1.059175458410822284e+04
1.573623023866202857e+03 -1.081688353507345528e+04 -1.282464274666055280e+04 -1.241939662474452962e+04 -1.058518191913157170e+04
1.574623054385643627e+03 -1.084402881100257764e+04 -1.282471490584614185e+04 -1.244845113404151016e+04 -1.058406931338170943e+04
1.575623084905084397e+03 -1.086579224899470319e+04 -1.282177771814013249e+04 -1.246253142794754422e+04 -1.059391146128845503e+04
1.576623115424525167e+03 -1.088478114308746990e+04 -1.283157901327838954e+04 -1.244443964538711225e+04 -1.059778712713491586e+04
1.577623145943966392e+03 -1.091410026932065557e+04 -1.282697907577838851e+04 -1.246303474739071862e+04 -1.059010265876831363e+04
1.578623176463407162e+03 -1.094291631964148837e+04 -1.283041225259467683e+04 -1.248169892966807492e+04 -1.059556378780832529e+04
1.579623206982847933e+03 -1.096735456172645718e+04 -1.283791217510772549e+04 -1.248460158043029696e+04 -1.060159673201497208e+04
1.580623237502289157e+03 -1.099343042002279435e+04 -1.282814527491201625e+04 -1.249334265144903839e+04 -1.061090022896493792e+04
1.581623268021729928e+03 -1.102221490375593203e+04 -1.281894511913697534e+04 -1.250262527770033739e+04 -1.061420194001831442e+04
1.582623298541170698e+03 -1.104558213661544687e+04 -1.281547923202838683e+04 -1.251490706810044321e+04 -1.061474219569493107e+04
1.583623329060611468e+03 -1.107436688561402298e+04 -1.282178108744062774e+04 -1.250731520287048079e+04 -1.062239563947811803e+04
1.584623359580052238e+03 -1.110261579841806997e+04 -1.282414184398705584e+04 -1.252416012913168743e+04 -1.063226921314823448e+04
1.585623390099493463e+03 -1.112871977485134630e+04 -1.280684694377417691e+04 -1.254457448715144164e+04 -1.063884187812488926e+04
1.586623420618934233e+03 -1.114500335932534472e+04 -1.281201474879500529e+04 -1.254109630958170601e+04 -1.063830122126831520e+04
1.587623451138375003e+03 -1.116619674188081081e+04 -1.281721133325755909e+04 -1.254572468792358086e+04 -1.064322383307819291e+04
1.588623481657816228e+03 -1.118519054338428396e+04 -1.280287130957828049e+04 -1.256492971473110265e+04 -1.064868777037791369e+04
1.589623512177256998e+03 -1.120911947581900313e+04 -1.280392463714535734e+04 -1.255512344294784270e+04 -1.065856000678150122e+04
1.590623542696697768e+03 -1.123407047600497935e+04 -1.280922805651108683e+04 -1.255671257352527209e+04 -1.067113833572766271e+04
1.591623573216138539e+03 -1.126344331849033188e+04 -1.277175357331203304e+04 -1.258251618788162887e+04 -1.068374247391778226e+04
1.592623603735579309e+03 -1.127862989772547007e+04 -1.279023095761093646e+04 -1.254159309056273923e+04 -1.070181121804087888e+04
1.593623634255020534e+03 -1.131449590772059673e+04 -1.274361149093243512e+04 -1.258596707447900553e+04 -1.071059906501831392e+04
1.594623664774461304e+03 -1.132645924655982526e+04 -1.275568004452838977e+04 -1.254690445391577123e+04 -1.071387362956120887e+04
1.595623695293902074e+03 -1.134926398404780412e+04 -1.274420420704441494e+04 -1.256145281642568807e+04 -1.072044642826451491e+04
1.596623725813343299e+03 -1.136015140625089225e+04 -1.273381861904541802e+04 -1.255509075063721502e+04 -1.073686685766732808e+04
1.597623756332784069e+03 -1.137099452912502602e+04 -1.273557248034027907e+04 -1.255444415358921651e+04 -1.075493640415034315e+04
1.598623786852224839e+03 -1.139489733291362973e+04 -1.273208862362905529e+04 -1.256147626960505295e+04 -1.077738790558666187e+04
1.599623817371665609e+03 -1.141608912387643795e+04 -1.273958026327838888e+04 -1.255914729782409268e+04 -1.079712702932773391e+04
1.600623847891106379e+03 -1.143835709674083773e+04 -1.273557121685259881e+04 -1.255098587568681614e+04 -1.080970950380012619e+04
1.601623878410547604e+03 -1.145520277868821540e+04 -1.272578045077838760e+04 -1.254750329176216655e+04 -1.083326665720038000e+04
1.602623908929988374e+03 -1.147908648336493388e+04 -1.272234053536111242e+04 -1.254457690353961880e+04 -1.084532639418765211e+04
1.603623939449429145e+03 -1.150518104287498136e+04 -1.271544034833607111e+04 -1.254981165317338491e+04 -1.085354697270463475e+04
1.604623969968870369e+03 -1.151877576418766512e+04 -1.271542111524575012e+04 -1.255273718855304833e+04 -1.086502646974616255e+04
1.605624000488311140e+03 -1.152419951406463224e+04 -1.271199902904358532e+04 -1.255156339246106472e+04 -1.088202820890794101e+04
1.606624031007751910e+03 -1.154320034510232836e+04 -1.269875136066210871e+04 -1.255854959710154435e+04 -1.088532309990203430e+04
1.607624061527192680e+03 -1.156440752146082741e+04 -1.269876876871466629e+04 -1.256553580174202216e+04 -1.088148487751831453e+04
1.608624092046633450e+03 -1.156658057596854815e+04 -1.269185173518714873e+04 -1.255681605179543658e+04 -1.087929403376831578e+04
1.609624122566074675e+03 -1.157200538690729081e+04 -1.268384234636184010e+04 -1.257248945621236271e+04 -1.088804203020326349e+04
1.610624153085515445e+03 -1.158179129435899267e+04 -1.265963687044740618e+04 -1.258361905587359433e+04 -1.089901162751831362e+04
1.611624183604956215e+03 -1.159372120975242069e+04 -1.268380977645706480e+04 -1.255970704703821320e+04 -1.090009989501739801e+04
1.612624214124397440e+03 -1.162523633595413412e+04 -1.265852443973416121e+04 -1.258824487568681434e+04 -1.091105438122070700e+04
1.613624244643838210e+03 -1.163882760881605100e+04 -1.265735290587475356e+04 -1.255914331789062089e+04 -1.091161228881546594e+04
1.614624275163278980e+03 -1.165565856853134392e+04 -1.264586653932673289e+04 -1.257427275068681411e+04 -1.091434753376831395e+04
1.615624305682719751e+03 -1.167196218054627207e+04 -1.265791220975682154e+04 -1.254867012297058682e+04 -1.091543687108061931e+04
1.616624336202160521e+03 -1.168825372298355251e+04 -1.265507778571590825e+04 -1.256260458074311282e+04 -1.092365571115111743e+04
1.617624366721601746e+03 -1.170293536944825973e+04 -1.263378170077838877e+04 -1.258533696572679582e+04 -1.092530175251831497e+04
1.618624397241042516e+03 -1.171269780090827226e+04 -1.264928708126616584e+04 -1.256671855268431136e+04 -1.092639189219053515e+04
1.619624427760483286e+03 -1.173605999372437691e+04 -1.266196421476392243e+04 -1.256319815939171895e+04 -1.094008242570660150e+04
1.620624458279924511e+03 -1.176213571938799032e+04 -1.264930898171937770e+04 -1.258183846206827911e+04 -1.095377322667598128e+04
1.621624488799365281e+03 -1.177789673093959391e+04 -1.265504465426104071e+04 -1.257661096159904082e+04 -1.097184598259865925e+04
1.622624519318806051e+03 -1.179092617159358633e+04 -1.267518113827838897e+04 -1.256902648767408755e+04 -1.099922798571736166e+04
1.623624549838246821e+03 -1.181320528560658749e+04 -1.266138960864210640e+04 -1.258474765129262414e+04 -1.102497330833455271e+04
1.624624580357687591e+03 -1.183167187204240872e+04 -1.265850057385565924e+04 -1.258650422335665826e+04 -1.105838263914049094e+04
1.625624610877128816e+03 -1.185502637216067887e+04 -1.267402757402161296e+04 -1.257543346985455173e+04 -1.108029883278635316e+04
1.626624641396569587e+03 -1.188545457321035428e+04 -1.268035441841252032e+04 -1.258474850413551212e+04 -1.109781969881363511e+04
1.627624671916010357e+03 -1.190446389274222201e+04 -1.267690762400673520e+04 -1.260046895705164388e+04 -1.112411651014626659e+04
1.628624702435451582e+03 -1.193217086824656326e+04 -1.268667550691508950e+04 -1.259174067867619124e+04 -1.113397831587095243e+04
1.629624732954892352e+03 -1.195987757848545152e+04 -1.269588085702838725e+04 -1.258591618818681491e+04 -1.113671583417689362e+04
1.630624763474333122e+03 -1.197997674108921456e+04 -1.269185917572574181e+04 -1.260220818797699212e+04 -1.115095451324208261e+04
1.631624793993773892e+03 -1.200171033671902114e+04 -1.268782528070879926e+04 -1.260979578899253465e+04 -1.116793498986609666e+04
1.632624824513214662e+03 -1.201365709646806681e+04 -1.271198063827838814e+04 -1.257543219059021430e+04 -1.117888960979605508e+04
1.633624855032655887e+03 -1.206037471783149704e+04 -1.269186057960094513e+04 -1.261735211910224461e+04 -1.119477299296191632e+04
1.634624885552096657e+03 -1.208917074061139465e+04 -1.269012777643417394e+04 -1.259989044529402963e+04 -1.121230027786852406e+04
1.635624916071537427e+03 -1.210818311069585434e+04 -1.269645700741293513e+04 -1.260687281214152063e+04 -1.122654203264672469e+04
1.636624946590978652e+03 -1.212339528804623842e+04 -1.269875458957508636e+04 -1.260221799567017661e+04 -1.123585315201589037e+04
1.637624977110419422e+03 -1.214077853041351773e+04 -1.271198105944094823e+04 -1.260046995203501319e+04 -1.125447552448086935e+04
1.638625007629860193e+03 -1.216794078333098332e+04 -1.269760593888152835e+04 -1.261851781318681606e+04 -1.127364604249496733e+04
1.639625038149300963e+03 -1.218260837072721370e+04 -1.271543094237218975e+04 -1.261153175068681594e+04 -1.129172120549739157e+04
1.640625068668741733e+03 -1.219618982876774862e+04 -1.271945585258780920e+04 -1.261094925899573536e+04 -1.130979543241324791e+04
1.641625099188182503e+03 -1.221411739582372502e+04 -1.272175596172533005e+04 -1.262259440218149757e+04 -1.132184620971479308e+04
1.642625129707623273e+03 -1.222878246319826030e+04 -1.273728268111623038e+04 -1.261735226124273140e+04 -1.133882521534562875e+04
1.643625160227064953e+03 -1.222932638998879884e+04 -1.274993159672235743e+04 -1.261211168384923621e+04 -1.134977983527559809e+04
1.644625190746505723e+03 -1.223584528824652261e+04 -1.276488342921640651e+04 -1.260280006093982229e+04 -1.137169201712187350e+04
1.645625221265946493e+03 -1.224345257061620214e+04 -1.277810779326946249e+04 -1.260279608100635232e+04 -1.139304883217977840e+04
1.646625251785387263e+03 -1.225594617507566545e+04 -1.279478414606656770e+04 -1.259464759365284590e+04 -1.140017044506546517e+04
1.647625282304828033e+03 -1.226518258516252899e+04 -1.280570306625632475e+04 -1.259057882238460843e+04 -1.142208423163156840e+04
1.648625312824268804e+03 -1.228365553796897802e+04 -1.281203791273589741e+04 -1.260396205937188643e+04 -1.145275698021813332e+04
1.649625343343709574e+03 -1.230266777542071759e+04 -1.283215558482549386e+04 -1.259231208340976809e+04 -1.147959123896767596e+04
1.650625373863151253e+03 -1.232331431326579695e+04 -1.284078576726690699e+04 -1.257776229949502704e+04 -1.149876001853530579e+04
1.651625404382592023e+03 -1.234776223753943123e+04 -1.285112502738409057e+04 -1.258301851234143578e+04 -1.150697431189961208e+04
1.652625434902032794e+03 -1.237274042743329301e+04 -1.284941777474607443e+04 -1.259230184929511961e+04 -1.151957764772981864e+04
1.653625465421473564e+03 -1.237600398817651876e+04 -1.288620969381995747e+04 -1.255389890270414980e+04 -1.154038725332517424e+04
1.654625495940914334e+03 -1.239936976207609951e+04 -1.288044650532426022e+04 -1.257661067731807816e+04 -1.155353271700512960e+04
1.655625526460355104e+03 -1.240587102018187215e+04 -1.288506539513953612e+04 -1.256902094419533387e+04 -1.156722819840734337e+04
1.656625556979795874e+03 -1.240859900999600541e+04 -1.288733532096014096e+04 -1.256962575194192141e+04 -1.158091418521722335e+04
1.657625587499236644e+03 -1.241184347162735321e+04 -1.287702231330927862e+04 -1.256726479855275466e+04 -1.159187883464612241e+04
1.658625618018677415e+03 -1.240153512388597301e+04 -1.290230020949359641e+04 -1.255042385222497796e+04 -1.161104667812716980e+04
1.659625648538119094e+03 -1.240804288099509904e+04 -1.288850025660607389e+04 -1.258010051040725921e+04 -1.162473146139718483e+04
1.660625679057559864e+03 -1.240316239474506256e+04 -1.289253443239805529e+04 -1.257308943118259776e+04 -1.163569771554592444e+04
1.661625709577000634e+03 -1.239880434878469168e+04 -1.289538682604161477e+04 -1.255974158717509818e+04 -1.165267431409701021e+04
1.662625740096441405e+03 -1.239447097251050582e+04 -1.286492175135863909e+04 -1.259814524446847827e+04 -1.167129053513596773e+04
1.663625770615882175e+03 -1.239500428868333074e+04 -1.287587113564036190e+04 -1.257833000857609295e+04 -1.167841442137474951e+04
1.664625801135322945e+03 -1.239556466193131928e+04 -1.288849955466847314e+04 -1.258011685656256304e+04 -1.169045744253044359e+04
1.665625831654763715e+03 -1.240588282449407598e+04 -1.288621474777069307e+04 -1.258764333717128829e+04 -1.169319977499587912e+04
1.666625862174205395e+03 -1.242273447491392108e+04 -1.289136233698855176e+04 -1.258710462474835367e+04 -1.170744808238006954e+04
1.667625892693646165e+03 -1.243303711944825955e+04 -1.288333652282334697e+04 -1.258938427378239430e+04 -1.172223290109458685e+04
1.668625923213086935e+03 -1.243413160466540830e+04 -1.288791975420838935e+04 -1.258070673955866914e+04 -1.173922447703077160e+04
1.669625953732527705e+03 -1.245151524493084980e+04 -1.287066093358831313e+04 -1.262086426824693808e+04 -1.176385973470450153e+04
1.670625984251968475e+03 -1.245096800232227724e+04 -1.286839662326854523e+04 -1.261208183434823150e+04 -1.177755722200650234e+04
1.671626014771409245e+03 -1.245531397870499859e+04 -1.287987835702838674e+04 -1.258765797764082345e+04 -1.179837966536051135e+04
1.672626045290850016e+03 -1.247054273514554916e+04 -1.286891984755783233e+04 -1.260575871505154100e+04 -1.182686143647042445e+04
1.673626075810290786e+03 -1.248138930647044253e+04 -1.285633831796158302e+04 -1.262370224509033142e+04 -1.184052201521630923e+04
1.674626106329731556e+03 -1.249389816369286018e+04 -1.289369852571886622e+04 -1.258360811105654830e+04 -1.184109383038293709e+04
1.675626136849173236e+03 -1.251128206922376012e+04 -1.287579588792930736e+04 -1.262613370015807777e+04 -1.185751573077893772e+04
1.676626167368614006e+03 -1.252267521999360724e+04 -1.286094120359953558e+04 -1.261962778820282801e+04 -1.186847021698224125e+04
1.677626197888054776e+03 -1.252756963267939318e+04 -1.287583688108533715e+04 -1.260981313013121144e+04 -1.187833977885277818e+04
1.678626228407495546e+03 -1.253191574169483465e+04 -1.286953979884879664e+04 -1.261560123265745460e+04 -1.189531397032411769e+04
1.679626258926936316e+03 -1.254223191476676766e+04 -1.287469763635566414e+04 -1.262143453585665520e+04 -1.190241806501831343e+04
1.680626289446377086e+03 -1.255094614982940584e+04 -1.286433577384765522e+04 -1.262376336549713596e+04 -1.189967386037974211e+04
1.681626319965817856e+03 -1.256666034203036179e+04 -1.286380286281944609e+04 -1.261033052148201023e+04 -1.189969686136398741e+04
1.682626350485259536e+03 -1.255961568766493656e+04 -1.286951607335781227e+04 -1.260922822205195916e+04 -1.191173506836019624e+04
1.683626381004700306e+03 -1.256123951007326286e+04 -1.286433451035996404e+04 -1.261444904191858041e+04 -1.191281852169978265e+04
1.684626411524141076e+03 -1.256123951007326286e+04 -1.285632315610937439e+04 -1.261675157557007697e+04 -1.191448007535868419e+04
1.685626442043581847e+03 -1.256123951007326286e+04 -1.286549691903054008e+04 -1.260221700068681457e+04 -1.192213565876831490e+04
1.686626472563022617e+03 -1.256341243194826166e+04 -1.286494210754912638e+04 -1.260569631538039903e+04 -1.191994481501831433e+04
1.687626503082463387e+03 -1.256723464171409978e+04 -1.286086904441394290e+04 -1.260339534527418982e+04 -1.192324425271859764e+04
1.688626533601904157e+03 -1.257535017267226249e+04 -1.284826084118879589e+04 -1.260395637375264596e+04 -1.193200789517190242e+04
1.689626564121344927e+03 -1.256665821990681980e+04 -1.285111435793253258e+04 -1.259870940003751821e+04 -1.193747156501831341e+04
1.690626594640785697e+03 -1.256668567488014560e+04 -1.284366118446383553e+04 -1.258998396447168670e+04 -1.193802626317341128e+04
1.691626625160227377e+03 -1.256665768937592657e+04 -1.285056123110136105e+04 -1.259116330404242944e+04 -1.194515376003182246e+04
1.692626655679668147e+03 -1.256178993586715114e+04 -1.284939615506789414e+04 -1.259231236769071984e+04 -1.195666321184353183e+04
1.693626686199108917e+03 -1.256396299037487006e+04 -1.283611689949428001e+04 -1.259644240150626320e+04 -1.196487188868843077e+04
1.694626716718549687e+03 -1.256393328064527122e+04 -1.281379373945605585e+04 -1.260389155769331774e+04 -1.197527114183002413e+04
1.695626747237990458e+03 -1.255472074444826103e+04 -1.283731286078228186e+04 -1.257138630393942185e+04 -1.197965296305667653e+04
1.696626777757431228e+03 -1.256234142272280405e+04 -1.280909707495437215e+04 -1.260631704286086460e+04 -1.198403478428332892e+04
1.697626808276871998e+03 -1.255851549924076789e+04 -1.280054607107457559e+04 -1.257945334479733719e+04 -1.198347928376831442e+04
1.698626838796313677e+03 -1.256834146177434741e+04 -1.279014574238591558e+04 -1.258421249238172277e+04 -1.199227488689160600e+04
1.699626869315754448e+03 -1.257807153085032405e+04 -1.278503044229780062e+04 -1.258647224174842995e+04 -1.200319687751831589e+04
1.700626899835195218e+03 -1.257755293690958024e+04 -1.279821198815707248e+04 -1.258188522628652572e+04 -1.200430894836156949e+04
1.701626930354635988e+03 -1.258893587495988140e+04 -1.278039582908020930e+04 -1.260979422544723820e+04 -1.201470726541659133e+04
1.702626960874076758e+03 -1.257700171531936212e+04 -1.279481559287118216e+04 -1.260044308748410367e+04 -1.202020169239310781e+04
1.703626991393517528e+03 -1.258897022683472824e+04 -1.280456354075160743e+04 -1.259641383126958135e+04 -1.203279071947148077e+04
1.704627021912958298e+03 -1.259873119933480484e+04 -1.280569506416765034e+04 -1.261448969409613528e+04 -1.204485834633125523e+04
1.705627052432399068e+03 -1.260252502569825992e+04 -1.281267035851619949e+04 -1.261555915907509007e+04 -1.206457647498786355e+04
1.706627082951839839e+03 -1.260307730835024631e+04 -1.284428633009306031e+04 -1.259578400679833976e+04 -1.208046975392601416e+04
1.707627113471281518e+03 -1.261070103717739039e+04 -1.285107041663856944e+04 -1.259878302880667434e+04 -1.210126491704290129e+04
1.708627143990722288e+03 -1.261990840069825936e+04 -1.283216386768921075e+04 -1.261500481119923643e+04 -1.211110532650316236e+04
1.709627174510163059e+03 -1.261718279827311017e+04 -1.284194887787507469e+04 -1.260276879003400245e+04 -1.211329630397981600e+04
1.710627205029603829e+03 -1.260955827364964352e+04 -1.284592338897079753e+04 -1.259760070428581821e+04 -1.212098371433277134e+04
1.711627235549044599e+03 -1.260525089338885482e+04 -1.282116745358808839e+04 -1.262262425168250775e+04 -1.213412917801272852e+04
1.712627266068485369e+03 -1.260359179067663172e+04 -1.281782089587200244e+04 -1.261966104907539193e+04 -1.214341087751831583e+04
1.713627296587926139e+03 -1.259434662683015631e+04 -1.282756463212681047e+04 -1.261678199363300700e+04 -1.214946588662264003e+04
1.714627327107367819e+03 -1.259170086930330217e+04 -1.282233632008459608e+04 -1.263139062370687861e+04 -1.216149553511307931e+04
1.715627357626808589e+03 -1.260687086944826115e+04 -1.281610844889572763e+04 -1.263879500564239606e+04 -1.216368651258973296e+04
1.716627388146249359e+03 -1.259979849484405895e+04 -1.283965087455036519e+04 -1.260399688378972860e+04 -1.217249187775865903e+04
1.717627418665690129e+03 -1.259979836221133883e+04 -1.282806230588734070e+04 -1.264541036576800070e+04 -1.219216774879303557e+04
1.718627449185130899e+03 -1.259166041632326233e+04 -1.282819665674455791e+04 -1.264637080899802277e+04 -1.219216788251968865e+04
1.719627479704571670e+03 -1.259928719570299108e+04 -1.283613332483419617e+04 -1.264596073371036982e+04 -1.220204854370239264e+04
1.720627510224012440e+03 -1.259868968529300400e+04 -1.283739821639479669e+04 -1.265340136146857549e+04 -1.221025360992766946e+04
1.721627540743453210e+03 -1.258676030043045466e+04 -1.284993201423403661e+04 -1.265294878617709765e+04 -1.222120809613097299e+04
1.722627571262893980e+03 -1.258842338212431787e+04 -1.283387898202838915e+04 -1.267614085347629407e+04 -1.222997173858427595e+04
1.723627601782335660e+03 -1.259110587891501018e+04 -1.283793983144928643e+04 -1.266504309328279123e+04 -1.223267636013367519e+04
1.724627632301776430e+03 -1.258458698065728822e+04 -1.284997876327838821e+04 -1.266107765814424420e+04 -1.223710404960218330e+04
1.725627662821217200e+03 -1.258352353149695409e+04 -1.283901716528237012e+04 -1.267673500068681460e+04 -1.224088008909243035e+04
1.726627693340657970e+03 -1.258675963726684677e+04 -1.283099163189219507e+04 -1.266850933105213335e+04 -1.223211644663912557e+04
1.727627723860098740e+03 -1.257695768125585164e+04 -1.283275405682581550e+04 -1.264938560859974314e+04 -1.223272356564205438e+04
1.728627754379539510e+03 -1.257210411944826046e+04 -1.283559128861715544e+04 -1.265577681318681425e+04 -1.223980800251831533e+04
1.729627784898980281e+03 -1.257210411944826046e+04 -1.283735455587589604e+04 -1.265285298349292862e+04 -1.223649733177921189e+04
1.730627815418421960e+03 -1.256609187818635291e+04 -1.284655471165094241e+04 -1.263769014768369561e+04 -1.223160467473952122e+04
1.731627845937862730e+03 -1.255962218666828630e+04 -1.285575486742598332e+04 -1.264126228011137573e+04 -1.223430595312259538e+04
1.732627876457303501e+03 -1.256012804786777269e+04 -1.286554324691234069e+04 -1.264700404484081446e+04 -1.222997441311733564e+04
1.733627906976744271e+03 -1.255199195883779612e+04 -1.288570851037141438e+04 -1.262544972016355860e+04 -1.223267502286714989e+04
1.734627937496185041e+03 -1.255365981530963290e+04 -1.290576651776474682e+04 -1.261618912568681662e+04 -1.222773261951268432e+04
1.735627968015625811e+03 -1.256179563907416923e+04 -1.290400072353063297e+04 -1.262615516337069130e+04 -1.222447209626831500e+04
1.736627998535066581e+03 -1.256007486214649180e+04 -1.290469957260817137e+04 -1.262593242923700200e+04 -1.222284210209943558e+04
1.737628029054507351e+03 -1.254062307985595908e+04 -1.293561079883163438e+04 -1.259474751841096804e+04 -1.222666294001831557e+04
1.738628059573948121e+03 -1.255310434947233261e+04 -1.290341081516907434e+04 -1.262663972027038108e+04 -1.222722405705273741e+04
1.739628090093389801e+03 -1.254107283741428546e+04 -1.292080230199612379e+04 -1.259517337129201042e+04 -1.223435797279047256e+04
1.740628120612830571e+03 -1.253081860382326158e+04 -1.293277763827838862e+04 -1.260812592262190446e+04 -1.224918745620697518e+04
1.741628151132271341e+03 -1.252480198568154992e+04 -1.294492494927340158e+04 -1.260150274476985396e+04 -1.226008711448269787e+04
1.742628181651712111e+03 -1.251176405653338770e+04 -1.296037726327838755e+04 -1.258597546076738581e+04 -1.226885062320935140e+04
1.743628212171152882e+03 -1.250691646319826032e+04 -1.295347735702838872e+04 -1.259929118102619032e+04 -1.226772718560062458e+04
1.744628242690593652e+03 -1.249599548491666246e+04 -1.295866720288995202e+04 -1.258352709098239939e+04 -1.226446920316265459e+04
1.745628273210034422e+03 -1.248462978912014296e+04 -1.295571709953205573e+04 -1.258012495856998430e+04 -1.227873850563129417e+04
1.746628303729476102e+03 -1.247482279306572673e+04 -1.293613640970874803e+04 -1.258185637176888486e+04 -1.227811881632301629e+04
1.747628334248916872e+03 -1.246451550638612935e+04 -1.291378755875426032e+04 -1.258119669779661854e+04 -1.226991749444401285e+04
1.748628364768357642e+03 -1.245091985664439926e+04 -1.291089697970509224e+04 -1.257254190604984433e+04 -1.227435802167117436e+04
1.749628395287798412e+03 -1.244936354429127823e+04 -1.289939685518005354e+04 -1.257546872069383426e+04 -1.228581572126831452e+04
1.750628425807239182e+03 -1.245203529783153317e+04 -1.288848748134170091e+04 -1.258358750068681547e+04 -1.228418759927257270e+04
1.751628456326679952e+03 -1.244222697544991206e+04 -1.288618737220418188e+04 -1.258358750068681547e+04 -1.228856942049922509e+04
1.752628486846120722e+03 -1.243576842508043046e+04 -1.288270520014320755e+04 -1.259004010996166835e+04 -1.229570507468343749e+04
1.753628517365561493e+03 -1.244117029055836974e+04 -1.286082271653215139e+04 -1.260341410781767809e+04 -1.230722268382095535e+04
1.754628547885002263e+03 -1.243191982140303662e+04 -1.284708748229161938e+04 -1.259982221786316404e+04 -1.231485994667918203e+04
1.755628578404443942e+03 -1.242651835382326135e+04 -1.284018743565409750e+04 -1.257886346180122564e+04 -1.231811498713079345e+04
1.756628608923884713e+03 -1.242980910427437811e+04 -1.282336311441026919e+04 -1.258664963306871323e+04 -1.231980542574666288e+04
1.757628639443325483e+03 -1.243024188484436308e+04 -1.279543821152504643e+04 -1.258744235053116063e+04 -1.232306006501831507e+04
1.758628669962766253e+03 -1.242111794730526162e+04 -1.280384433548357265e+04 -1.256862195586519920e+04 -1.232525090876831382e+04
1.759628700482207023e+03 -1.242595904163703926e+04 -1.277059579742964343e+04 -1.260221700068681457e+04 -1.232030529597418354e+04
1.760628731001647793e+03 -1.241453485481037751e+04 -1.277697191784027927e+04 -1.258411754254041625e+04 -1.232475224208066356e+04
1.761628761521088563e+03 -1.242167832055325016e+04 -1.275324165368309150e+04 -1.259995838844393438e+04 -1.233182344001831552e+04
1.762628792040530243e+03 -1.242266630169509699e+04 -1.274654994212613565e+04 -1.259755962568681571e+04 -1.233238776649240754e+04
1.763628822559971013e+03 -1.241733327259958787e+04 -1.274811722840610491e+04 -1.261453162553804032e+04 -1.233952489166980013e+04
1.764628853079411783e+03 -1.242925125104809013e+04 -1.273445850536431681e+04 -1.262137483685463849e+04 -1.234440390859091895e+04
1.765628883598852553e+03 -1.243142430555581086e+04 -1.275285867652687921e+04 -1.260214465118199041e+04 -1.234115154267236176e+04
1.766628914118293324e+03 -1.243794320381353282e+04 -1.274752212570628762e+04 -1.259876042847018834e+04 -1.235047991277971232e+04
1.767628944637734094e+03 -1.243738296319826259e+04 -1.272281476440570441e+04 -1.260807546275114692e+04 -1.235648771637566642e+04
1.768628975157174864e+03 -1.243135560180612083e+04 -1.271257391594044384e+04 -1.260154225982357821e+04 -1.235648785010231768e+04
1.769629005676615634e+03 -1.242490607046169680e+04 -1.270960696608008038e+04 -1.258358750068681366e+04 -1.236581662138962565e+04
1.770629036196056404e+03 -1.243086419757326075e+04 -1.268430674827999974e+04 -1.259230128073320520e+04 -1.237401486755562109e+04
1.771629066715498084e+03 -1.242048979873662029e+04 -1.268734950740149543e+04 -1.257126719021635108e+04 -1.238009327882416983e+04
1.772629097234938854e+03 -1.241894873914646450e+04 -1.269639930814196305e+04 -1.257149546782882862e+04 -1.239041055752769898e+04
1.773629127754379624e+03 -1.242434543194826256e+04 -1.268497499287804931e+04 -1.258937077043670797e+04 -1.238546293883377803e+04
1.774629158273820394e+03 -1.242161120839621799e+04 -1.267970456457966247e+04 -1.258937048615574531e+04 -1.238496962121223441e+04
1.775629188793261164e+03 -1.241453087582873377e+04 -1.267288116952838936e+04 -1.256487996556275539e+04 -1.238221284626831402e+04
1.776629219312701935e+03 -1.241243103458323094e+04 -1.267109796724172338e+04 -1.255977740657629874e+04 -1.238829312970998762e+04
1.777629249832142705e+03 -1.242385760879888039e+04 -1.265269779607916098e+04 -1.258719929030866660e+04 -1.239698242014443895e+04
1.778629280351584384e+03 -1.242370919278360816e+04 -1.265983355336378554e+04 -1.256989851952490790e+04 -1.239040975516778053e+04
1.779629310871025154e+03 -1.240752402178891134e+04 -1.268430169432924413e+04 -1.253372149286622152e+04 -1.239486686449986883e+04
1.780629341390465925e+03 -1.242056168567163331e+04 -1.265440153902916245e+04 -1.258471140546997049e+04 -1.239803939560680192e+04
1.781629371909906695e+03 -1.241452928423607409e+04 -1.266376173657769323e+04 -1.254917827519010825e+04 -1.238546079920733609e+04
1.782629402429347465e+03 -1.240962081248181858e+04 -1.266078608269104188e+04 -1.255857461382619658e+04 -1.237393931199689177e+04
1.783629432948788235e+03 -1.239714537870519052e+04 -1.266368129452838730e+04 -1.255210892762709045e+04 -1.236687694001831551e+04
1.784629463468229005e+03 -1.239231423182751860e+04 -1.266657678714077338e+04 -1.254399981318681421e+04 -1.236574240309742345e+04
1.785629493987669775e+03 -1.239006332191233014e+04 -1.267066388902801373e+04 -1.254745098406516809e+04 -1.235811356501831324e+04
1.786629524507110546e+03 -1.238032410117856307e+04 -1.269536830219066906e+04 -1.253701375068681591e+04 -1.235754602910456379e+04
1.787629555026552225e+03 -1.237871407257326246e+04 -1.270048079452838647e+04 -1.254701674489575998e+04 -1.235705806054912682e+04
1.788629585545992995e+03 -1.237871407257326246e+04 -1.270397293410333077e+04 -1.255676488122227602e+04 -1.236192744915125695e+04
1.789629616065433765e+03 -1.237597785953039784e+04 -1.270968066952838853e+04 -1.255452190443231484e+04 -1.235478684708089349e+04
1.790629646584874536e+03 -1.236889553747208993e+04 -1.271376973684092081e+04 -1.255443562516035490e+04 -1.234935019001831461e+04
1.791629677104315306e+03 -1.236133069757326120e+04 -1.271998750012832716e+04 -1.255685116049423596e+04 -1.235210923831532818e+04
1.792629707623756076e+03 -1.236350361944826182e+04 -1.270908402256583759e+04 -1.255615964705424085e+04 -1.235705939781564848e+04
1.793629738143196846e+03 -1.236020305417576492e+04 -1.270797748812845930e+04 -1.254451578313279970e+04 -1.236525456826863410e+04
1.794629768662638526e+03 -1.235263901007326058e+04 -1.271658057577838917e+04 -1.253943127598743922e+04 -1.236801415147226544e+04
1.795629799182079296e+03 -1.235424784498406552e+04 -1.270499242827792477e+04 -1.254865718818681489e+04 -1.238115948142556772e+04
1.796629829701520066e+03 -1.235046608819826179e+04 -1.269238647125311763e+04 -1.254390983826234697e+04 -1.238278171944859423e+04
1.797629860220960836e+03 -1.234555589221862647e+04 -1.268778625297807775e+04 -1.252769900068681636e+04 -1.239211423508217740e+04
1.798629890740401606e+03 -1.234885765118561903e+04 -1.266759375434000867e+04 -1.254995820000928143e+04 -1.239535790876831561e+04
1.799629921259842376e+03 -1.234225347008802601e+04 -1.267076230067995857e+04 -1.254442154399390529e+04 -1.239811802687855015e+04
1.800629951779283147e+03 -1.234073097907886040e+04 -1.268888983927752452e+04 -1.253486956153112442e+04 -1.240526009994209016e+04
1.801629982298723917e+03 -1.234668512720878243e+04 -1.266947705292885985e+04 -1.256011499021865893e+04 -1.241402374239539495e+04
1.802630012818164687e+03 -1.234168726100029744e+04 -1.268258686076511913e+04 -1.253133211138081242e+04 -1.241945719001831458e+04
1.803630043337606367e+03 -1.233251756517229660e+04 -1.266368129452838730e+04 -1.255322060832887655e+04 -1.241945719001831458e+04
1.804630073857047137e+03 -1.232599866691457464e+04 -1.267058120077838794e+04 -1.253053896749692103e+04 -1.241612646028131348e+04
1.805630104376487907e+03 -1.233430227107170504e+04 -1.265549052502646191e+04 -1.253538610003904068e+04 -1.241069381501831595e+04
1.806630134895928677e+03 -1.235263901007326058e+04 -1.264417880055406931e+04 -1.254218155215403567e+04 -1.240679233992790068e+04
1.807630165415369447e+03 -1.234772748776641311e+04 -1.265857764660446992e+04 -1.252942145903540768e+04 -1.239421722042140209e+04
1.808630195934810217e+03 -1.235216352176697183e+04 -1.266188461503974395e+04 -1.253124043077058923e+04 -1.238383321211820657e+04
1.809630226454250987e+03 -1.236624248514555438e+04 -1.264758151327838823e+04 -1.254521284005155030e+04 -1.238878537751831573e+04
1.810630256973692667e+03 -1.236406969590327753e+04 -1.265567976740423910e+04 -1.253398047282255538e+04 -1.238440369001831459e+04
1.811630287493133437e+03 -1.237058859416099949e+04 -1.266027998567927898e+04 -1.252719070632681178e+04 -1.237773848619803721e+04
1.812630318012574207e+03 -1.237710749241871963e+04 -1.266478235385245716e+04 -1.253701375068681591e+04 -1.236078221409814978e+04
1.813630348532014978e+03 -1.237871407257326246e+04 -1.266258051597935992e+04 -1.253873535619252107e+04 -1.235373187751831392e+04
1.814630379051455748e+03 -1.237654115069826184e+04 -1.267118093626639347e+04 -1.252061272914771871e+04 -1.235925612553836618e+04
1.815630409570896518e+03 -1.238258721330412300e+04 -1.266298188390076029e+04 -1.252779977828783194e+04 -1.235973299478163608e+04
1.816630440090337288e+03 -1.239562514245228704e+04 -1.264408151200229804e+04 -1.253590008001828392e+04 -1.235316032980498494e+04
1.817630470609778058e+03 -1.239439643292107394e+04 -1.265408257858235083e+04 -1.253103915984952437e+04 -1.235649440270829655e+04
1.818630501129218828e+03 -1.238797289759004525e+04 -1.267108027841413059e+04 -1.251322156627690129e+04 -1.235201643201841216e+04
1.819630531648660508e+03 -1.239278998539924396e+04 -1.264808016975155806e+04 -1.253346919351245378e+04 -1.234887519294818594e+04
1.820630562168101278e+03 -1.237039640934765521e+04 -1.266678652609656092e+04 -1.248780045195488674e+04 -1.236030440876831381e+04
1.821630592687542048e+03 -1.235594700277816082e+04 -1.267207464322253509e+04 -1.248842388010450850e+04 -1.236306746886490873e+04
1.822630623206982818e+03 -1.235471418163257658e+04 -1.265348663355741337e+04 -1.250359424935922107e+04 -1.235915970862182257e+04
1.823630653726423589e+03 -1.234942876768404676e+04 -1.266527623714993570e+04 -1.248123057678322220e+04 -1.235649520506821136e+04
1.824630684245864359e+03 -1.234933022157203595e+04 -1.264928034266517716e+04 -1.248739677298890274e+04 -1.235258664246521403e+04
1.825630714765305129e+03 -1.234063826880659326e+04 -1.265228660103131187e+04 -1.246715312568681475e+04 -1.235096828251511215e+04
1.826630745284746808e+03 -1.234016967740182190e+04 -1.265317286744885678e+04 -1.248356096996900487e+04 -1.234439561753845373e+04
1.827630775804187579e+03 -1.234177440069826298e+04 -1.264018631985571483e+04 -1.247625267499859001e+04 -1.234001379631180316e+04
1.828630806323628349e+03 -1.233960147882326237e+04 -1.265338485260497873e+04 -1.245146152728832203e+04 -1.233620512751831484e+04
1.829630836843069119e+03 -1.234451591904998531e+04 -1.264857040297349704e+04 -1.246016706318681463e+04 -1.233839597126831359e+04
1.830630867362509889e+03 -1.233893075515104829e+04 -1.262918176327838773e+04 -1.245307169465693732e+04 -1.233620512751831484e+04
1.831630897881950659e+03 -1.232656394757326052e+04 -1.262918176327838773e+04 -1.243920887568681428e+04 -1.233505802029207553e+04
1.832630928401391429e+03 -1.232713294194814625e+04 -1.263438396324176392e+04 -1.244042844101367518e+04 -1.232467722142854291e+04
1.833630958920832200e+03 -1.233034066431565589e+04 -1.262967452347570179e+04 -1.245024238838290330e+04 -1.232306006501831507e+04
1.834630989440272970e+03 -1.232713320721358832e+04 -1.261937934503997167e+04 -1.243321978652046710e+04 -1.231695651313908820e+04
1.835631019959714649e+03 -1.232816747717521139e+04 -1.261998188827838749e+04 -1.241359331318681507e+04 -1.230104611718938577e+04
1.836631050479155419e+03 -1.232656394757326052e+04 -1.260716506919763015e+04 -1.242118972691217277e+04 -1.229353669701108265e+04
1.837631080998596190e+03 -1.232221810382326112e+04 -1.259358819208034765e+04 -1.241286953385762899e+04 -1.229619558404527743e+04
1.838631111518036960e+03 -1.232553060604068742e+04 -1.259577599120138802e+04 -1.239435317768049754e+04 -1.230230060691769177e+04
1.839631142037477730e+03 -1.233913832536006703e+04 -1.258125964079624828e+04 -1.240511818700799449e+04 -1.230334247126831542e+04
1.840631172556918500e+03 -1.234772311088660535e+04 -1.254807947146484912e+04 -1.242905322260131106e+04 -1.230553331501831417e+04
1.841631203076359270e+03 -1.234177440069826298e+04 -1.256719674208262950e+04 -1.237327900354802114e+04 -1.230610820589795912e+04
1.842631233595800950e+03 -1.235171509053587215e+04 -1.254483146578820379e+04 -1.238943241636924904e+04 -1.231049002712461515e+04
1.843631264115241720e+03 -1.236841991653308287e+04 -1.251441384208722775e+04 -1.239216833634723298e+04 -1.231706269210126811e+04
1.844631294634682490e+03 -1.237550940075835024e+04 -1.254336315271026433e+04 -1.235217625917885925e+04 -1.231591224170870919e+04
1.845631325154123260e+03 -1.238031627584799571e+04 -1.251067518202609972e+04 -1.239202349519712880e+04 -1.231591210798205793e+04
1.846631355673564030e+03 -1.237276615818124628e+04 -1.252229168780571854e+04 -1.236751293279632046e+04 -1.230657303974249407e+04
1.847631386193004801e+03 -1.238637480592967586e+04 -1.250244847331890924e+04 -1.238343934726939733e+04 -1.230115162751831485e+04
1.848631416712445571e+03 -1.238409060520140702e+04 -1.248428373202838702e+04 -1.237793140363118255e+04 -1.230230328145074236e+04
1.849631447231886341e+03 -1.237871407257326246e+04 -1.248246978487471097e+04 -1.236419878534163399e+04 -1.230714819807544882e+04
1.850631477751327111e+03 -1.238911990536486883e+04 -1.245705051845717026e+04 -1.238454505807098758e+04 -1.230830025318783191e+04
1.851631508270768791e+03 -1.238454818809029166e+04 -1.243537945845211834e+04 -1.237792927152395714e+04 -1.230161378682979012e+04
1.852631538790209561e+03 -1.237608316991120591e+04 -1.243307934931459749e+04 -1.236358743913291801e+04 -1.230288071313679393e+04
1.853631569309650331e+03 -1.239232338348529629e+04 -1.242097415457576972e+04 -1.238577144614094686e+04 -1.230599467196987825e+04
1.854631599829091101e+03 -1.238843485735874856e+04 -1.241988460702838711e+04 -1.238258451441674879e+04 -1.229457909626831315e+04
1.855631630348531871e+03 -1.238363196125073773e+04 -1.241637365552568917e+04 -1.236052303250333352e+04 -1.229953754682109684e+04
1.856631660867972641e+03 -1.239404031406405375e+04 -1.240245100394516885e+04 -1.236248627682671031e+04 -1.230449626482718486e+04
1.857631691387413412e+03 -1.240478913507326070e+04 -1.236964482696865889e+04 -1.237339228951135919e+04 -1.230991500251831349e+04
1.858631721906855091e+03 -1.240478913507326070e+04 -1.235560916343404460e+04 -1.236517912823899678e+04 -1.230991500251831349e+04
1.859631752426295861e+03 -1.240147106228152916e+04 -1.236746713574908426e+04 -1.235366105864323436e+04 -1.231049230047770834e+04
1.860631782945736632e+03 -1.239667015566434748e+04 -1.234143606051675306e+04 -1.237192966396201518e+04 -1.231095098289622001e+04
1.861631813465177402e+03 -1.239655184727683991e+04 -1.231820501438281281e+04 -1.238416739081300875e+04 -1.230276490585561442e+04
1.862631843984618172e+03 -1.238031402109173359e+04 -1.233357281510039866e+04 -1.234974565695398087e+04 -1.229896078376831429e+04
1.863631874504058942e+03 -1.238305991632326004e+04 -1.230233322246626994e+04 -1.240036344577852287e+04 -1.229999596178630782e+04
1.864631905023499712e+03 -1.236772943058538294e+04 -1.230162679246259722e+04 -1.237840572641623839e+04 -1.229296621911096918e+04
1.865631935542940482e+03 -1.236899620570764455e+04 -1.229955172452061561e+04 -1.238173536718332616e+04 -1.229676994001831372e+04
1.866631966062381252e+03 -1.236784946319826304e+04 -1.230392844586283718e+04 -1.238209114480724929e+04 -1.229676994001831372e+04
1.867631996581822932e+03 -1.236727582667812567e+04 -1.232619306430498727e+04 -1.238050727342761638e+04 -1.229284399295046387e+04
1.868632027101263702e+03 -1.236727569404540372e+04 -1.231807866561426817e+04 -1.239140532624531988e+04 -1.227750768552050977e+04
1.869632057620704472e+03 -1.236292971766268420e+04 -1.231577855647674915e+04 -1.237791647888067200e+04 -1.226771033604239346e+04
1.870632088140145243e+03 -1.235641081940496042e+04 -1.231638601327838842e+04 -1.236126386869023190e+04 -1.226725566542345950e+04
1.871632118659586013e+03 -1.235813318792530117e+04 -1.231117833820170927e+04 -1.237585160411338438e+04 -1.227763124894753855e+04
1.872632149179026783e+03 -1.236075639788952139e+04 -1.231178607577838920e+04 -1.238270490740414607e+04 -1.227982222642419038e+04
1.873632179698467553e+03 -1.235526155687387472e+04 -1.230597010157494879e+04 -1.237633431318681505e+04 -1.228085486363578457e+04
1.874632210217909233e+03 -1.234062527079988831e+04 -1.229616178706065693e+04 -1.237044543305954357e+04 -1.227589373854994483e+04
1.875632240737350003e+03 -1.233960147882326237e+04 -1.227776161589809453e+04 -1.237167693818681437e+04 -1.227325009635415154e+04
1.876632271256790773e+03 -1.233742855694825994e+04 -1.227559501529267254e+04 -1.236578748949762121e+04 -1.227879106020578183e+04
1.877632301776231543e+03 -1.233468067222591162e+04 -1.227146944722478111e+04 -1.236236218818681300e+04 -1.228246546744003172e+04
1.878632332295672313e+03 -1.233857874790840469e+04 -1.226105185087109203e+04 -1.237414222268904268e+04 -1.227370182498672875e+04
1.879632362815113083e+03 -1.234119917258547139e+04 -1.225841340780892097e+04 -1.236626593435662835e+04 -1.226712902628342272e+04
1.880632393334553853e+03 -1.233627783545723469e+04 -1.226639570184275362e+04 -1.235428064899985111e+04 -1.225836538383011793e+04
1.881632423853994624e+03 -1.233423369995472785e+04 -1.225171369416331254e+04 -1.239072134625079343e+04 -1.225411354490981466e+04
1.882632454373435394e+03 -1.233512605290444299e+04 -1.224015207990421914e+04 -1.239749277662454915e+04 -1.226448765744071534e+04
1.883632484892877073e+03 -1.232062094059193987e+04 -1.225753022991681792e+04 -1.238188759963848679e+04 -1.226886947866737319e+04
1.884632515412317844e+03 -1.232713983884966183e+04 -1.222837763816393817e+04 -1.241825068818681393e+04 -1.226770833014260279e+04
1.885632545931758614e+03 -1.232656394757326052e+04 -1.223879677878035727e+04 -1.240845919901358684e+04 -1.227164136472303835e+04
1.886632576451199384e+03 -1.232931302599010451e+04 -1.223419698166787748e+04 -1.243345772968562414e+04 -1.227486150251831532e+04
1.887632606970640154e+03 -1.233423529154738753e+04 -1.224752691713642525e+04 -1.242680612373738768e+04 -1.227034648954564727e+04
1.888632637490080924e+03 -1.234842593167739687e+04 -1.225123623620574290e+04 -1.242428583086900653e+04 -1.225398155670367669e+04
1.889632668009521694e+03 -1.235915777569826241e+04 -1.224292810273658506e+04 -1.243564441884512416e+04 -1.224915268727728471e+04
1.890632698528963374e+03 -1.235206232300053307e+04 -1.226484919291582810e+04 -1.241748924163016090e+04 -1.225353450850394256e+04
1.891632729048404144e+03 -1.236204187422551331e+04 -1.228188648202838885e+04 -1.242319603980130523e+04 -1.225514390876831567e+04
1.892632759567844914e+03 -1.237711810303643506e+04 -1.228296507934916190e+04 -1.244743156037139670e+04 -1.225514390876831567e+04
1.893632790087285684e+03 -1.237929115754415398e+04 -1.227390825923265402e+04 -1.244899695348849855e+04 -1.225617106318714832e+04
1.894632820606726455e+03 -1.238913741288410165e+04 -1.228479741726804059e+04 -1.244339334930657242e+04 -1.223967093269936959e+04
1.895632851126167225e+03 -1.240159799179592846e+04 -1.228235313014686653e+04 -1.246140453821428127e+04 -1.222885378376831432e+04
1.896632881645607995e+03 -1.240971246169231745e+04 -1.227973153358716445e+04 -1.246063911172417284e+04 -1.223323547126831363e+04
1.897632912165048765e+03 -1.240855736332148444e+04 -1.229690906983281639e+04 -1.244557591639211932e+04 -1.223046224794612135e+04
1.898632942684489535e+03 -1.240696205694826313e+04 -1.229845164790918716e+04 -1.244634290642751148e+04 -1.222724545331715854e+04
1.899632973203931215e+03 -1.241246366223270343e+04 -1.228188648202838885e+04 -1.246125713853549678e+04 -1.223265282424281213e+04
1.900633003723371985e+03 -1.241507573104831681e+04 -1.228709822834316583e+04 -1.245318100068681633e+04 -1.222053291026185616e+04
1.901633034242812755e+03 -1.241463711463858817e+04 -1.229216242737379253e+04 -1.245271108425667444e+04 -1.221074411928951122e+04
1.902633064762253525e+03 -1.242825318981941382e+04 -1.226502622157929545e+04 -1.248298444817811469e+04 -1.220855314181285939e+04
1.903633095281694295e+03 -1.242970737497704977e+04 -1.227819667682443651e+04 -1.245210869289826223e+04 -1.220475450251831535e+04
1.904633125801135066e+03 -1.242883252954656746e+04 -1.228787499249465873e+04 -1.244556042307967436e+04 -1.220752866192707734e+04
1.905633156320575836e+03 -1.244505908195035590e+04 -1.225259939903076884e+04 -1.247911282575702171e+04 -1.220796929124748931e+04
1.906633186840017515e+03 -1.245766038417962409e+04 -1.226686136724858261e+04 -1.245566220492292268e+04 -1.219701480504417486e+04
1.907633217359458286e+03 -1.247157077136926819e+04 -1.224616136772354184e+04 -1.247227785858829338e+04 -1.219160944001831558e+04
1.908633247878899056e+03 -1.246838294390997544e+04 -1.225029985144333114e+04 -1.245256041534682663e+04 -1.218825089513756757e+04
1.909633278398339826e+03 -1.247157050610382612e+04 -1.223972165176607086e+04 -1.246140851814775124e+04 -1.218562089306033886e+04
1.910633308917780596e+03 -1.246505160784610598e+04 -1.223144005153832404e+04 -1.246063314182396789e+04 -1.218226194699963708e+04
1.911633339437221366e+03 -1.246186457618313761e+04 -1.225030027260589122e+04 -1.244386625068681315e+04 -1.217948671777765412e+04
1.912633369956662136e+03 -1.247055639631586018e+04 -1.224324650163331717e+04 -1.245147346708872465e+04 -1.217013868985236877e+04
1.913633400476102906e+03 -1.247330918844889857e+04 -1.223880070963093021e+04 -1.245131711255964547e+04 -1.216093762751831491e+04
1.914633430995543677e+03 -1.248200114121434308e+04 -1.224155946479825980e+04 -1.244107319023542550e+04 -1.215874678376831434e+04
1.915633461514985356e+03 -1.248678016343249692e+04 -1.223374282803874121e+04 -1.244060071527661967e+04 -1.215976805421442987e+04
1.916633492034426126e+03 -1.248692765101871919e+04 -1.224784475448306330e+04 -1.241903061300599256e+04 -1.215158933213971977e+04
1.917633522553866896e+03 -1.250315088760446815e+04 -1.222775880997313288e+04 -1.244153756318681371e+04 -1.214326150484732898e+04
1.918633553073307667e+03 -1.250039769757326212e+04 -1.224417305926927838e+04 -1.242166404969722316e+04 -1.212690459560451745e+04
1.919633583592748437e+03 -1.250749699661990962e+04 -1.224615799842305023e+04 -1.243641794734264477e+04 -1.212150244001831379e+04
1.920633614112189207e+03 -1.250633579714389089e+04 -1.224861618390876538e+04 -1.243268462760954208e+04 -1.212150244001831379e+04
1.921633644631629977e+03 -1.250474354132326152e+04 -1.225075737437297175e+04 -1.243346767951928996e+04 -1.212369328376831254e+04
1.922633675151071657e+03 -1.250590540396289180e+04 -1.224324229000769083e+04 -1.243284538849353703e+04 -1.212267388549533644e+04
1.923633705670512427e+03 -1.251285416487072507e+04 -1.223144735168940133e+04 -1.242894704366198857e+04 -1.212631740187282412e+04
1.924633736189953197e+03 -1.250967058165851631e+04 -1.226073232887420636e+04 -1.238797775068681403e+04 -1.211434391857650007e+04
1.925633766709393967e+03 -1.251401655804123766e+04 -1.225166427775604643e+04 -1.241982333046845088e+04 -1.210718512968137838e+04
1.926633797228834737e+03 -1.251719961072256228e+04 -1.224204169593151892e+04 -1.241775902426308494e+04 -1.209505812818783488e+04
1.927633827748275507e+03 -1.251793452863194034e+04 -1.226377747458355771e+04 -1.241113470928718743e+04 -1.208586254864654256e+04
1.928633858267716278e+03 -1.252806395483212145e+04 -1.225046564910515372e+04 -1.243143435993878848e+04 -1.207870335857146711e+04
1.929633888787157048e+03 -1.252705461982212364e+04 -1.226870254958126134e+04 -1.241592200068681632e+04 -1.206993971611816232e+04
1.930633919306597818e+03 -1.252864568194826279e+04 -1.225995472239760238e+04 -1.242540291290907953e+04 -1.206219333231140263e+04
1.931633949826039498e+03 -1.252806355693395562e+04 -1.226886750491797648e+04 -1.242569387447366353e+04 -1.204364905621154503e+04
1.932633980345480268e+03 -1.252705501772029129e+04 -1.228250278324382634e+04 -1.242057937568681518e+04 -1.203210751000320488e+04
1.933634010864921038e+03 -1.252922807222801202e+04 -1.228418645077838846e+04 -1.242415634089083687e+04 -1.201954924005493558e+04
1.934634041384361808e+03 -1.253023608091079223e+04 -1.228480303276886661e+04 -1.243392721969432205e+04 -1.201180178643494946e+04
1.935634071903802578e+03 -1.252705541561845348e+04 -1.229400304815638810e+04 -1.242586117381978693e+04 -1.199544942389832795e+04
1.936634102423243348e+03 -1.253633002392908566e+04 -1.229506943176287132e+04 -1.242881456873372008e+04 -1.198946422010666902e+04
1.937634132942684118e+03 -1.254226613400889437e+04 -1.228295244447231380e+04 -1.244744435301468184e+04 -1.197776206818853098e+04
1.938634163462125798e+03 -1.254269002818654553e+04 -1.228480359431895158e+04 -1.244727392657797827e+04 -1.194869243471364098e+04
1.939634193981566568e+03 -1.253240833962218312e+04 -1.229815543024071667e+04 -1.243688018818681485e+04 -1.192197451815189379e+04
1.940634224501007338e+03 -1.253415816311586059e+04 -1.229905138339718360e+04 -1.243920887568681428e+04 -1.189552218272225400e+04
1.941634255020448109e+03 -1.253558701542370000e+04 -1.229692142393463291e+04 -1.243795832373509438e+04 -1.187217230563358498e+04
1.942634285539888879e+03 -1.252922926592250406e+04 -1.231195692739095830e+04 -1.242568918383779419e+04 -1.185624760093206714e+04
1.943634316059329649e+03 -1.253633188078718558e+04 -1.232143238309389926e+04 -1.243865196928230034e+04 -1.184208822177188631e+04
1.944634346578770419e+03 -1.253993166547920919e+04 -1.231611197683816863e+04 -1.247083655411110703e+04 -1.182380872444425222e+04
1.945634377098211189e+03 -1.252588877820085690e+04 -1.234628560702838877e+04 -1.243392565614903287e+04 -1.178816548990616866e+04
1.946634407617651959e+03 -1.253039802546363717e+04 -1.232939446132477315e+04 -1.244869888489986261e+04 -1.176481895598380288e+04
1.947634438137093639e+03 -1.253616887517256146e+04 -1.233743305075436547e+04 -1.244324012186806794e+04 -1.174712638493452869e+04
1.948634468656534409e+03 -1.253474466500997551e+04 -1.234195577511801639e+04 -1.246329841798294910e+04 -1.172041207899239998e+04
1.949634499175975179e+03 -1.253558383223838609e+04 -1.234035395350797444e+04 -1.245157424468974023e+04 -1.169395492940326767e+04
1.950634529695415949e+03 -1.253257253893130110e+04 -1.236282887245596612e+04 -1.243956394260831803e+04 -1.166387151417483437e+04
1.951634560214856720e+03 -1.254602905694826040e+04 -1.235672341918504389e+04 -1.246419774080614661e+04 -1.163378836639970541e+04
1.952634590734297490e+03 -1.253558263854389770e+04 -1.236592357496008299e+04 -1.244243390105992330e+04 -1.160412712621361788e+04
1.953634621253738260e+03 -1.252530267420490964e+04 -1.236636607642502167e+04 -1.243114808901007200e+04 -1.157244313667987990e+04
1.954634651773179939e+03 -1.252212691632326096e+04 -1.235654667129660265e+04 -1.244744918579104160e+04 -1.154219135959575760e+04
1.955634682292620710e+03 -1.252271222452288202e+04 -1.236194400991362454e+04 -1.243902849941643763e+04 -1.150730635517807787e+04
1.956634712812061480e+03 -1.252429983819825975e+04 -1.237220493379432264e+04 -1.243285022126989134e+04 -1.148421671015541688e+04
1.957634743331502250e+03 -1.252488541166332288e+04 -1.237202579931803484e+04 -1.244234662680459041e+04 -1.145076271464750062e+04
1.958634773850943020e+03 -1.251978409193212610e+04 -1.236132532211033322e+04 -1.245067023123066974e+04 -1.141115515349226916e+04
1.959634804370383790e+03 -1.250515894700674653e+04 -1.237220535495688091e+04 -1.244216539769133124e+04 -1.135638245502244172e+04
1.960634834889824560e+03 -1.249270698922180964e+04 -1.237618520077838912e+04 -1.244512220397680721e+04 -1.130717305275523358e+04
1.961634865409265331e+03 -1.248677406232731482e+04 -1.237158526327838808e+04 -1.245318100068681633e+04 -1.126672756039463275e+04
1.962634895928706101e+03 -1.248184184931592790e+04 -1.238034670805154565e+04 -1.245425316633490002e+04 -1.121995425655835425e+04
1.963634926448147780e+03 -1.247156334393687030e+04 -1.238644373807123338e+04 -1.243983727875325712e+04 -1.116577262989309384e+04
1.964634956967588550e+03 -1.247549563886149008e+04 -1.236618132644790421e+04 -1.246689556713527236e+04 -1.111360760114950608e+04
1.965634987487029321e+03 -1.247473565336775937e+04 -1.237443653382179036e+04 -1.245495150251797531e+04 -1.104746385795344031e+04
1.966635018006470091e+03 -1.246721710228870688e+04 -1.240173727379042975e+04 -1.244316848306565043e+04 -1.099766445369484063e+04
1.967635048525910861e+03 -1.245893750465415542e+04 -1.236804286497107569e+04 -1.247458096080172254e+04 -1.094768919888803612e+04
1.968635079045351631e+03 -1.244272766397326632e+04 -1.238389191410927560e+04 -1.245506834199334662e+04 -1.088415285796490753e+04
1.969635109564792401e+03 -1.243620863308282424e+04 -1.238706354897469282e+04 -1.248112525068681498e+04 -1.082162334500941324e+04
1.970635140084234081e+03 -1.242927857338870490e+04 -1.239290661796960921e+04 -1.245827886903738545e+04 -1.075329063023642811e+04
1.971635170603674851e+03 -1.243579747164642686e+04 -1.238644149187090625e+04 -1.246545397837710334e+04 -1.069235928450648134e+04
1.972635201123115621e+03 -1.243896832211737819e+04 -1.238725082592717263e+04 -1.246822244852527365e+04 -1.062562580677233200e+04
1.973635231642556391e+03 -1.242692818893244294e+04 -1.240565099708973321e+04 -1.244852362568681383e+04 -1.056368776680140581e+04
1.974635262161997161e+03 -1.242493326016958963e+04 -1.241192912701099340e+04 -1.245676962141027798e+04 -1.049458425160273509e+04
1.975635292681437932e+03 -1.242593039296921233e+04 -1.241341765589192255e+04 -1.246904345194345115e+04 -1.042406256525294157e+04
1.976635323200878702e+03 -1.241665047934972426e+04 -1.240608479452838947e+04 -1.247350893729412201e+04 -1.035377276091881140e+04
1.977635353720319472e+03 -1.241348082257326132e+04 -1.241485255673997381e+04 -1.247413918818681486e+04 -1.027489997883907199e+04
1.978635384239760242e+03 -1.240854662007105071e+04 -1.241820739731976937e+04 -1.247244103586046913e+04 -1.019762482907827871e+04
1.979635414759201922e+03 -1.240696205694826313e+04 -1.242865321156510799e+04 -1.247117982337267676e+04 -1.011158603686410243e+04
1.980635445278642692e+03 -1.240637343293060621e+04 -1.243536134846196182e+04 -1.246822017427757783e+04 -1.002454309121542246e+04
1.981635475798083462e+03 -1.239926577802250540e+04 -1.242659176121260316e+04 -1.247263662116230807e+04 -9.940694875298016996e+03
1.982635506317524232e+03 -1.239175160382326249e+04 -1.241403802834545604e+04 -1.248156062698007736e+04 -9.858627630940309245e+03
1.983635536836965002e+03 -1.238998453807580518e+04 -1.240670825550737754e+04 -1.246525938805863370e+04 -9.779754848860569837e+03
1.984635567356405772e+03 -1.237260076517764173e+04 -1.241360830214489397e+04 -1.246099531576951631e+04 -9.691933480366946242e+03
1.985635597875846543e+03 -1.236943309789200066e+04 -1.239836614825825382e+04 -1.250291240147191820e+04 -9.595533413380600905e+03
1.986635628395288222e+03 -1.235245425269231964e+04 -1.241754743558545124e+04 -1.246932147872423411e+04 -9.499727627638445483e+03
1.987635658914728992e+03 -1.234394732257326177e+04 -1.242327215790046284e+04 -1.246329003169459065e+04 -9.410494640599681588e+03
1.988635689434169763e+03 -1.233882597530112253e+04 -1.238453011577793586e+04 -1.249386800266675164e+04 -9.325643608514224979e+03
1.989635719953610533e+03 -1.232004518194826051e+04 -1.240986318425783065e+04 -1.246013408659522975e+04 -9.236817952859360958e+03
1.990635750473051303e+03 -1.231433255800404550e+04 -1.239143170667817685e+04 -1.249596130553025068e+04 -9.144799707099666193e+03
1.991635780992492073e+03 -1.229437279239048985e+04 -1.242280915985753927e+04 -1.246249575068681588e+04 -9.058353048595050495e+03
1.992635811511932843e+03 -1.228863178504388452e+04 -1.241278577166170180e+04 -1.248006161346759291e+04 -8.972312517934469724e+03
1.993635842031373613e+03 -1.229219907471916304e+04 -1.240398431644515404e+04 -1.246188980581639044e+04 -8.881294814989738370e+03
1.994635872550814383e+03 -1.227698822369600202e+04 -1.242865952900352204e+04 -1.242354087260816414e+04 -8.779917709445895525e+03
1.995635903070256063e+03 -1.226848567045673917e+04 -1.242950901389067985e+04 -1.244194380068148530e+04 -8.680135695414499423e+03
1.996635933589696833e+03 -1.227382307643206150e+04 -1.241883521031189957e+04 -1.246821562578218800e+04 -8.571781401769805598e+03
1.997635964109137603e+03 -1.226671329940042233e+04 -1.243430984593266476e+04 -1.244958584150122442e+04 -8.467021413094435047e+03
1.998635994628578374e+03 -1.225525741335333805e+04 -1.243243328594479681e+04 -1.244979038165336351e+04 -8.357072562843808555e+03
1.999636025148019144e+03 -1.224162834016581292e+04 -1.242155886859907150e+04 -1.246016706318681463e+04 -8.261864401512331824e+03
2.000636055667459914e+03 -1.222542698797909725e+04 -1.242698793479573214e+04 -1.244874536483716111e+04 -8.164272161417808093e+03
2.001636086186900684e+03 -1.221555221660404641e+04 -1.243703238111967403e+04 -1.242946685140096270e+04 -8.071255378742941502e+03
2.002636116706342364e+03 -1.219777001501073210e+04 -1.242260615950274587e+04 -1.244766992995802138e+04 -7.971471759991720319e+03
2.003636147225783134e+03 -1.219500528593276249e+04 -1.242008971319599004e+04 -1.245276566620136146e+04 -7.875071559278720997e+03
2.004636177745223904e+03 -1.218690514037029061e+04 -1.243661079739530760e+04 -1.243052835651297573e+04 -7.775483047713772066e+03
2.005636208264664674e+03 -1.218591596553395175e+04 -1.243159854174730026e+04 -1.244788129285324067e+04 -7.679083114454078896e+03
2.006636238784105444e+03 -1.218019074148119944e+04 -1.241047162377211680e+04 -1.246821917929421397e+04 -7.592043511971714906e+03
2.007636269303546214e+03 -1.215964526976986235e+04 -1.245396466036682978e+04 -1.241782597242962402e+04 -7.500424975176723819e+03
2.008636299822986985e+03 -1.215885305452482498e+04 -1.244267638061038269e+04 -1.245169762262723452e+04 -7.400240310194358244e+03
2.009636330342427755e+03 -1.215628661136538540e+04 -1.244434699210551662e+04 -1.243815177692973339e+04 -7.304437600165299045e+03
2.010636360861868525e+03 -1.214226070107537453e+04 -1.246002954164430594e+04 -1.241888577185586109e+04 -7.214610198155605758e+03
2.011636391381310204e+03 -1.212586437878815741e+04 -1.244811162385795433e+04 -1.241401632325822538e+04 -7.119803484235229917e+03
2.012636421900750975e+03 -1.211144468194826186e+04 -1.245480151037713222e+04 -1.241147740998685367e+04 -7.030176137297873538e+03
2.013636452420191745e+03 -1.210591283640333495e+04 -1.244351196713299578e+04 -1.242396573050583356e+04 -6.947916727740334863e+03
2.014636482939632515e+03 -1.209880067198270990e+04 -1.245459542149689332e+04 -1.240872201676293116e+04 -6.856893408276191622e+03
2.015636513459073285e+03 -1.208694927516035750e+04 -1.246400012188945038e+04 -1.240576464191552259e+04 -6.763880503674252395e+03
2.016636543978514055e+03 -1.208141650118638427e+04 -1.245564032581272113e+04 -1.242227212667488311e+04 -6.673454942347351789e+03
2.017636574497954825e+03 -1.207450501007326056e+04 -1.247132512155181939e+04 -1.241041291992475271e+04 -6.588212091169689302e+03
2.018636605017396505e+03 -1.207727159600933192e+04 -1.248198376327838741e+04 -1.240025740897971264e+04 -6.513122569819370256e+03
2.019636635536837275e+03 -1.207272361999188433e+04 -1.248784073063785036e+04 -1.240618765198694928e+04 -6.430861555542001042e+03
2.020636666056278045e+03 -1.206364040069826297e+04 -1.249055498296113910e+04 -1.241295680811295642e+04 -6.343823958959425909e+03
2.021636696575718815e+03 -1.206245227677979346e+04 -1.249244122968792908e+04 -1.241062797847247566e+04 -6.259371432298795298e+03
2.022636727095159586e+03 -1.205277579132326173e+04 -1.250038351327838791e+04 -1.240364177383199603e+04 -6.171341316500416724e+03
2.023636757614600356e+03 -1.205554304042293734e+04 -1.249578357577838869e+04 -1.240427856318681552e+04 -6.085090701268555677e+03
2.024636788134041126e+03 -1.205870009709086298e+04 -1.250101273014571780e+04 -1.240491563682259402e+04 -5.986106901626790204e+03
2.025636818653481896e+03 -1.205554330568837941e+04 -1.250268348202838752e+04 -1.239410642180551440e+04 -5.900661320843743852e+03
2.026636849172922666e+03 -1.206265692906893855e+04 -1.249263608756653412e+04 -1.240175400610399993e+04 -5.812425266000323063e+03
2.027636879692364346e+03 -1.205908804780100763e+04 -1.250166890141702606e+04 -1.238434762494288589e+04 -5.724996920138691166e+03
2.028636910211805116e+03 -1.205456076248811587e+04 -1.252754484843906721e+04 -1.237042965546616688e+04 -5.653896598562983854e+03
2.029636940731245886e+03 -1.206027723278125086e+04 -1.250060321974812905e+04 -1.240300299451044157e+04 -5.588560029442177438e+03
2.030636971250686656e+03 -1.205000761379453616e+04 -1.253614316291330033e+04 -1.238162961466548040e+04 -5.505305559862439623e+03
2.031637001770127426e+03 -1.204842994757326233e+04 -1.252045303244841307e+04 -1.239665443206766759e+04 -5.422441037201765539e+03
2.032637032289568197e+03 -1.204506598385992584e+04 -1.253677406443087602e+04 -1.237674836840793068e+04 -5.335015365873260635e+03
2.033637062809008967e+03 -1.204191118194826049e+04 -1.253592205256835769e+04 -1.238290674688713989e+04 -5.262715248770174185e+03
2.034637093328450646e+03 -1.203795090151941986e+04 -1.253154434851346923e+04 -1.238373357806503736e+04 -5.188224287917019865e+03
2.035637123847891417e+03 -1.203283432902526511e+04 -1.254304447303850793e+04 -1.236446501446252114e+04 -5.111542483313932280e+03
2.036637154367332187e+03 -1.204191118194826049e+04 -1.254219021497564790e+04 -1.235665368432992364e+04 -5.039843333787756819e+03
2.037637184886772957e+03 -1.203914207599048314e+04 -1.253488304452838747e+04 -1.236172326672477902e+04 -4.969734194161324012e+03
2.038637215406213727e+03 -1.203756533819826109e+04 -1.253907656015625071e+04 -1.235578762237927003e+04 -4.900226289565104707e+03
2.039637245925654497e+03 -1.203696888885004410e+04 -1.254575156559824791e+04 -1.234670058142980997e+04 -4.832308127415319177e+03
2.040637276445095267e+03 -1.203479583434232336e+04 -1.253988856157540795e+04 -1.234711136741986411e+04 -4.773754842749058298e+03
2.041637306964536037e+03 -1.202887365069826046e+04 -1.253091471048356834e+04 -1.233715684311494624e+04 -4.708027658075927320e+03
2.042637337483976808e+03 -1.203658611081602430e+04 -1.254430992614918978e+04 -1.232277450068681537e+04 -4.645478621029151327e+03
2.043637368003418487e+03 -1.203973826007326170e+04 -1.255265091029816176e+04 -1.233336879929665702e+04 -4.578764132479611362e+03
2.044637398522859257e+03 -1.203914114756143317e+04 -1.254931488164613256e+04 -1.233610670924141414e+04 -4.519609479056482087e+03
2.045637429042300028e+03 -1.203202500415916620e+04 -1.255161499078365341e+04 -1.232423158275740388e+04 -4.456675309250134887e+03
2.046637459561740798e+03 -1.202116012951872290e+04 -1.256415033288560335e+04 -1.231497226754499025e+04 -4.398507023616787592e+03
2.047637490081181568e+03 -1.201860655173325176e+04 -1.253988561343747097e+04 -1.233820228635259809e+04 -4.333984582357178624e+03
2.048637520600622338e+03 -1.201800904132326286e+04 -1.255288058428186378e+04 -1.229523748316484307e+04 -4.276418334113963283e+03
2.049637551120063108e+03 -1.202018196319826166e+04 -1.254845191955700648e+04 -1.232516402431266033e+04 -4.216660974667440314e+03
2.050637581639504788e+03 -1.201681322470694795e+04 -1.254328018368560697e+04 -1.233202685101564020e+04 -4.146551968767598737e+03
2.051637612158945558e+03 -1.201328439852089286e+04 -1.255701766412644065e+04 -1.230734955783066107e+04 -4.086412284821216872e+03
2.052637642678386328e+03 -1.202115853792606322e+04 -1.255081492230375625e+04 -1.231258317034056745e+04 -4.032242559828090634e+03
2.053637673197827098e+03 -1.201643442565458281e+04 -1.257461580138381942e+04 -1.230141121281600681e+04 -3.971881691998258248e+03
2.054637703717267868e+03 -1.202632312346538129e+04 -1.256328203607069008e+04 -1.231514710033660413e+04 -3.919522224701753657e+03
2.055637734236708638e+03 -1.203104657257326107e+04 -1.255391636340885816e+04 -1.230286204070543499e+04 -3.868304783018690159e+03
2.056637764756149409e+03 -1.203044786846877832e+04 -1.255748389108235824e+04 -1.229290538429330081e+04 -3.805975592588828476e+03
2.057637795275590179e+03 -1.203224424604766864e+04 -1.256518105806185667e+04 -1.228912771673011957e+04 -3.749011916642351935e+03
2.058637825795030949e+03 -1.204310912068811012e+04 -1.255034883573535626e+04 -1.229651703177468153e+04 -3.693256059822403131e+03
2.059637856314472629e+03 -1.204288589981796395e+04 -1.256692158254226888e+04 -1.227363255647634651e+04 -3.646642826789264291e+03
2.060637886833913399e+03 -1.204468333845863162e+04 -1.256557695086994136e+04 -1.228278469776610655e+04 -3.594060972069438321e+03
2.061637917353354169e+03 -1.203853952553708041e+04 -1.255328279452838615e+04 -1.228021579285323605e+04 -3.538079652113163320e+03
2.062637947872794939e+03 -1.203779041592650901e+04 -1.255034827418527311e+04 -1.228447176313493219e+04 -3.477338599409910785e+03
2.063637978392235709e+03 -1.205832090014032656e+04 -1.255225220973965770e+04 -1.229250156318681366e+04 -3.418184079713432766e+03
2.064638008911676479e+03 -1.206821238323827492e+04 -1.255597823492392490e+04 -1.228848694744183376e+04 -3.364620671363318706e+03
2.065638039431117249e+03 -1.207945075162223657e+04 -1.254408291952838954e+04 -1.229547315208231339e+04 -3.315815792220312687e+03
2.066638069950558929e+03 -1.208934263261836168e+04 -1.254344780638518932e+04 -1.229948762568681559e+04 -3.263838916876929488e+03
2.067638100469999699e+03 -1.210635397283478414e+04 -1.253757722143623141e+04 -1.230438905589267597e+04 -3.215033770280614135e+03
2.068638130989440469e+03 -1.212170899562612067e+04 -1.252528938253310662e+04 -1.230043911406652660e+04 -3.162451915560786802e+03
2.069638161508881240e+03 -1.212193765443784832e+04 -1.254868285702838875e+04 -1.226207554038879425e+04 -3.113271665703852705e+03
2.070638192028322010e+03 -1.213992198829859262e+04 -1.253258307577838968e+04 -1.229587171399100225e+04 -3.066051581121136223e+03
2.071638222547762780e+03 -1.214801351273417458e+04 -1.255352608610158859e+04 -1.226857093394842741e+04 -3.023676145709810953e+03
2.072638253067203550e+03 -1.215984978942628732e+04 -1.254193120000015006e+04 -1.229235146283888571e+04 -2.986572214945083033e+03
2.073638283586644320e+03 -1.216419576580900684e+04 -1.253346358630758732e+04 -1.229497935605138264e+04 -2.923409105109441498e+03
2.074638314106085090e+03 -1.216974392517866181e+04 -1.255201032204166950e+04 -1.228834025846543773e+04 -2.864114841060955769e+03
2.075638344625526770e+03 -1.218278185432683676e+04 -1.253654663664750478e+04 -1.232109013598712590e+04 -2.817872030855599405e+03
2.076638375144967540e+03 -1.219859406210891211e+04 -1.253909256433360133e+04 -1.230726427354205771e+04 -2.766502675695151993e+03
2.077638405664408310e+03 -1.221597796763979386e+04 -1.254574623087246437e+04 -1.228487089360554091e+04 -2.712101603592975607e+03
2.078638436183849080e+03 -1.223336187317067925e+04 -1.253233585335461248e+04 -1.229146237413032213e+04 -2.654160118362484809e+03
2.079638466703289851e+03 -1.224797110216948568e+04 -1.253640470486417507e+04 -1.228526462273787547e+04 -2.604375825215629902e+03
2.080638497222730621e+03 -1.225703044757326097e+04 -1.255915688916535692e+04 -1.226663455417595287e+04 -2.562984885420950377e+03
2.081638527742171391e+03 -1.226438639093584788e+04 -1.254945948079236223e+04 -1.226946670325959712e+04 -2.531705151558111538e+03
2.082638558261613070e+03 -1.228768704216922924e+04 -1.253258307577838787e+04 -1.227982007375417379e+04 -2.486672968738996587e+03
2.083638588781053841e+03 -1.230109117026122476e+04 -1.254369544997153389e+04 -1.227763082606601165e+04 -2.443831094763307647e+03
2.084638619300494611e+03 -1.231001973980168077e+04 -1.254153235905411202e+04 -1.226054554025145626e+04 -2.395869629618425733e+03
2.085638649819935381e+03 -1.233054452080847477e+04 -1.252798313827838865e+04 -1.227580929580217889e+04 -2.361183343006545783e+03
2.086638680339376151e+03 -1.234575537183163760e+04 -1.253449683845921572e+04 -1.226702217126759933e+04 -2.316997114991991111e+03
2.087638710858816921e+03 -1.235324182579210719e+04 -1.255162088705951828e+04 -1.224721987015897867e+04 -2.279143913792581316e+03
2.088638741378257691e+03 -1.236434543933109853e+04 -1.253271560159784349e+04 -1.227412805819306595e+04 -2.234109992527022769e+03
2.089638771897698462e+03 -1.237931715355755114e+04 -1.253666652759008139e+04 -1.224684049721525116e+04 -2.189924968052340773e+03
2.090638802417139232e+03 -1.238824890628330832e+04 -1.255699028855994220e+04 -1.222910548726205161e+04 -2.157669430805274715e+03
2.091638832936580911e+03 -1.241034167132272887e+04 -1.253552166735960236e+04 -1.225705584930274563e+04 -2.129187525968681712e+03
2.092638863456021681e+03 -1.241130790069826071e+04 -1.254574412505965302e+04 -1.222820332162925843e+04 -2.102530989940486961e+03
2.093638893975462452e+03 -1.241529165711878886e+04 -1.253846082049089637e+04 -1.224334028787093484e+04 -2.075388223803332039e+03
2.094638924494903222e+03 -1.243448666246064568e+04 -1.255456088251593792e+04 -1.221901820374791532e+04 -2.036560556486226233e+03
2.095638955014343992e+03 -1.245162824800949784e+04 -1.253833026009674359e+04 -1.224179038806625795e+04 -2.009905090271247218e+03
2.096638985533784762e+03 -1.245754326948660128e+04 -1.252006191281601787e+04 -1.224074935118352914e+04 -1.986414131564054969e+03
2.097639016053225532e+03 -1.247420578564567950e+04 -1.253578040156005954e+04 -1.220970260090503325e+04 -1.972659409254725688e+03
2.098639046572667212e+03 -1.250003759973461456e+04 -1.254216410289681335e+04 -1.222355021084369400e+04 -1.942959254612697805e+03
2.099639077092107982e+03 -1.251090260700777617e+04 -1.253782275920976645e+04 -1.223661306318681636e+04 -1.912895898382158748e+03
2.100639107611548752e+03 -1.252273145626748737e+04 -1.253718301327838890e+04 -1.223195568818681568e+04 -1.892205710687601140e+03
2.101639138130989522e+03 -1.252394093405410240e+04 -1.253462290645271241e+04 -1.223855711854526635e+04 -1.877478929340323475e+03
2.102639168650430292e+03 -1.254011509653292887e+04 -1.251520296034051171e+04 -1.224696017950021815e+04 -1.862142621910368462e+03
2.103639199169871063e+03 -1.254168321319826100e+04 -1.251648329452838880e+04 -1.224127043818681523e+04 -1.842785688942506340e+03
2.104639229689311833e+03 -1.254349842462359084e+04 -1.252364502350430303e+04 -1.223790995293533160e+04 -1.818075544343307683e+03
2.105639260208752603e+03 -1.256027699441392360e+04 -1.252440199301539178e+04 -1.225421104971629211e+04 -1.788623185188622529e+03
2.106639290728193373e+03 -1.256123951007326286e+04 -1.251980177474035190e+04 -1.225459383403159700e+04 -1.770125579690542736e+03
2.107639321247635053e+03 -1.257018014919136840e+04 -1.251252422605993161e+04 -1.224928744559540428e+04 -1.759781421929821363e+03
2.108639351767075823e+03 -1.258816965572825211e+04 -1.250867830993307143e+04 -1.225810598317629047e+04 -1.750407183580617129e+03
2.109639382286516593e+03 -1.260687086944826115e+04 -1.249144826875472063e+04 -1.227501572549682714e+04 -1.736650990278109703e+03
2.110639412805957363e+03 -1.259914037128038217e+04 -1.252108323202838801e+04 -1.222897770296967064e+04 -1.717543724970706307e+03
2.111639443325398133e+03 -1.259443933710242345e+04 -1.249819346795702404e+04 -1.225345201954782533e+04 -1.701596420464892617e+03
2.112639473844838903e+03 -1.259878531348514298e+04 -1.249567463506239255e+04 -1.225237459470196154e+04 -1.686871110110790369e+03
2.113639504364279674e+03 -1.260868966195706889e+04 -1.249524982242507940e+04 -1.225047588215692485e+04 -1.678718598459992563e+03
2.114639534883721353e+03 -1.261834187562558873e+04 -1.247342574002257606e+04 -1.226260771434959861e+04 -1.669343557750866012e+03
2.115639565403162123e+03 -1.262546730331835897e+04 -1.248428373202838884e+04 -1.225253521344547153e+04 -1.655841846268315066e+03
2.116639595922602894e+03 -1.262860008819826180e+04 -1.247444172450916085e+04 -1.227089322512678154e+04 -1.657421024309193626e+03
2.117639626442043664e+03 -1.263137980477375095e+04 -1.248161061324863294e+04 -1.225264139238476128e+04 -1.650236559896770814e+03
2.118639656961484434e+03 -1.263355285928147168e+04 -1.248235649214558543e+04 -1.224489999536880168e+04 -1.644275694355888618e+03
2.119639687480925204e+03 -1.263451179385732939e+04 -1.246625628973302264e+04 -1.225887240464976276e+04 -1.637703029379238615e+03
2.120639718000365974e+03 -1.262860008819826180e+04 -1.246064135045908006e+04 -1.225198896757704279e+04 -1.638927296884044154e+03
2.121639748519806744e+03 -1.263694082951738346e+04 -1.245668410702838992e+04 -1.223661306318681636e+04 -1.640505940018316551e+03
2.122639779039247514e+03 -1.264381054132326062e+04 -1.245015524499534331e+04 -1.224192144158972951e+04 -1.639893471949283366e+03
2.123639809558689194e+03 -1.264598346319826123e+04 -1.243635501133276921e+04 -1.224061929264341416e+04 -1.640152901655382266e+03
2.124639840078129964e+03 -1.264876410820280034e+04 -1.243331421763656544e+04 -1.223763917531905463e+04 -1.648656579495973347e+03
2.125639870597570734e+03 -1.264876424083552229e+04 -1.244159750251456171e+04 -1.222860117283553700e+04 -1.642696783768314390e+03
2.126639901117011505e+03 -1.265528313909324424e+04 -1.242586680005622293e+04 -1.223894175068681579e+04 -1.647691474243959192e+03
2.127639931636452275e+03 -1.265067786574015008e+04 -1.240902844006034320e+04 -1.223633489426552842e+04 -1.648656178316016849e+03
2.128639962155893045e+03 -1.264320228766283617e+04 -1.241169706643944301e+04 -1.220839007570360627e+04 -1.644887627518312456e+03
2.129639992675333815e+03 -1.264659184949140581e+04 -1.238943329032244219e+04 -1.221062480834566304e+04 -1.649532087890720959e+03
2.130640023194775495e+03 -1.264476642534652092e+04 -1.238133798433452830e+04 -1.219618575186560338e+04 -1.662414377518315177e+03
2.131640053714216265e+03 -1.263451020226466972e+04 -1.240415207953227764e+04 -1.216200366685755034e+04 -1.667059907703955787e+03
2.132640084233657035e+03 -1.263111957937432453e+04 -1.238244072830883124e+04 -1.220335901337908581e+04 -1.682745776603875356e+03
2.133640114753097805e+03 -1.261495364012422760e+04 -1.239817395774254510e+04 -1.217476205429039510e+04 -1.691160258767170490e+03
2.134640145272538575e+03 -1.262051745015501547e+04 -1.237921715006080012e+04 -1.217513233024336660e+04 -1.701849565018316753e+03
2.135640175791979345e+03 -1.261590793255483732e+04 -1.237351966292474390e+04 -1.215315044699930513e+04 -1.703077978049353533e+03
2.136640206311420116e+03 -1.261026242076765266e+04 -1.238050534594983583e+04 -1.214607753666541612e+04 -1.715875484979169187e+03
2.137640236830860886e+03 -1.261590713675851111e+04 -1.236238538827838966e+04 -1.215351887512603025e+04 -1.735326695237137983e+03
2.138640267350301656e+03 -1.260252502569825992e+04 -1.236698532577838705e+04 -1.211327705713253636e+04 -1.736903065018316056e+03
2.139640297869743335e+03 -1.259852296596217275e+04 -1.236274927273178037e+04 -1.209689181318681403e+04 -1.737517806440446520e+03
2.140640328389184106e+03 -1.259166041632326233e+04 -1.233615819167977497e+04 -1.210751368704996639e+04 -1.742860721119530581e+03
2.141640358908624876e+03 -1.259227039420906658e+04 -1.232917714144287311e+04 -1.208933349311035818e+04 -1.739093908768313895e+03
2.142640389428065646e+03 -1.259322322767973674e+04 -1.234196883115743913e+04 -1.206698602454920365e+04 -1.730060807109963662e+03
2.143640419947506416e+03 -1.258670432942201478e+04 -1.235290179009925669e+04 -1.206028680153983260e+04 -1.712533522203356597e+03
2.144640450466947186e+03 -1.257957505538032819e+04 -1.232925547767937314e+04 -1.204872196772582538e+04 -1.695006237296747486e+03
2.145640480986387956e+03 -1.257027259419819893e+04 -1.231113987202106728e+04 -1.201946831961498538e+04 -1.677478952390140194e+03
2.146640511505829636e+03 -1.256402307299767563e+04 -1.230359348123869313e+04 -1.199377514841235097e+04 -1.658104634957415556e+03
2.147640542025270406e+03 -1.256775827569826106e+04 -1.230028623202838753e+04 -1.199013720494198242e+04 -1.627431886370851316e+03
2.148640572544711176e+03 -1.256558535382326227e+04 -1.230157948186816247e+04 -1.197019788040969433e+04 -1.592377450284286397e+03
2.149640603064151946e+03 -1.256157931510553499e+04 -1.231049254516357541e+04 -1.194552712568681636e+04 -1.557665621881752031e+03
2.150640633583592717e+03 -1.255254782257326042e+04 -1.228325189105374920e+04 -1.195920800484127540e+04 -1.514463622030538090e+03
2.151640664103033487e+03 -1.255472074444826103e+04 -1.229432158744062690e+04 -1.190506399496442828e+04 -1.477834420882629502e+03
2.152640694622474257e+03 -1.255750510316899999e+04 -1.228001455482871097e+04 -1.189655418650823776e+04 -1.439356047582188921e+03
2.153640725141915027e+03 -1.255444738840942409e+04 -1.225982346006582702e+04 -1.188977763907724329e+04 -1.396154448910930114e+03
2.154640755661355797e+03 -1.254168321319826100e+04 -1.227239670679835581e+04 -1.185136204198342784e+04 -1.360142396264896433e+03
2.155640786180797477e+03 -1.253767478709154602e+04 -1.225788204104345277e+04 -1.184414969183768881e+04 -1.328852766629730922e+03
2.156640816700238247e+03 -1.253421546045151263e+04 -1.226743892150833562e+04 -1.180019800729045528e+04 -1.300030928642189338e+03
2.157640847219679017e+03 -1.254229531320760907e+04 -1.225205160692538266e+04 -1.179416243818681505e+04 -1.282164111764559948e+03
2.158640877739119787e+03 -1.253767359339705581e+04 -1.223193519832348102e+04 -1.176533080516401969e+04 -1.273400469311256529e+03
2.159640908258560557e+03 -1.252864568194826279e+04 -1.222869449279793844e+04 -1.172735030008253489e+04 -1.267445086563131781e+03
2.160640938778001328e+03 -1.253204359963828210e+04 -1.220899756210759369e+04 -1.170268722094562145e+04 -1.263680815018316707e+03
2.161640969297442098e+03 -1.253951029132326039e+04 -1.218888466319369400e+04 -1.168746340687007250e+04 -1.266489342176800164e+03
2.162640999816883777e+03 -1.254630718776508365e+04 -1.219613904793321126e+04 -1.163921623698738222e+04 -1.274915458558883074e+03
2.163641030336324548e+03 -1.255472074444826103e+04 -1.219189274659760122e+04 -1.160888246336153497e+04 -1.295869488939080384e+03
2.164641060855765318e+03 -1.255750669476165785e+04 -1.216853914215817349e+04 -1.158798255345873440e+04 -1.309688533768315438e+03
2.165641091375206088e+03 -1.256525191516161613e+04 -1.217443696228612498e+04 -1.155137938963800843e+04 -1.316543094528707343e+03
2.166641121894646858e+03 -1.257550362873093945e+04 -1.217313879888313204e+04 -1.150946187751416801e+04 -1.339070418977065174e+03
2.167641152414087628e+03 -1.258324951229450198e+04 -1.216558945996283546e+04 -1.147984520261488433e+04 -1.364407340397131520e+03
2.168641182933528398e+03 -1.260157922176182365e+04 -1.215868927293779416e+04 -1.143828389453639647e+04 -1.390079781988642480e+03
2.169641213452969168e+03 -1.261027117452726452e+04 -1.215438737814402339e+04 -1.138872235162606921e+04 -1.417324046655143093e+03
2.170641243972409939e+03 -1.261305818590242961e+04 -1.215479043071568776e+04 -1.136300004162482219e+04 -1.436089105458466747e+03
2.171641274491851618e+03 -1.263138696694070859e+04 -1.212808802235983421e+04 -1.134088113495706602e+04 -1.465189897243421001e+03
2.172641305011292388e+03 -1.263757521182393612e+04 -1.214783830030800709e+04 -1.125729869434410284e+04 -1.493052647678319545e+03
2.173641335530733159e+03 -1.265774626136270854e+04 -1.212028753016517476e+04 -1.123963049041702106e+04 -1.525583126923188274e+03
2.174641366050173929e+03 -1.267328723522948349e+04 -1.211658986326007471e+04 -1.118414353727581147e+04 -1.568449205422999739e+03
2.175641396569614699e+03 -1.269095590321324926e+04 -1.210483591809779500e+04 -1.115215084209636007e+04 -1.612599728421300824e+03
2.176641427089055469e+03 -1.270682527569826198e+04 -1.209884179213069729e+04 -1.110030680734235830e+04 -1.648273987542796249e+03
2.177641457608496239e+03 -1.271703255730590172e+04 -1.210548464883049382e+04 -1.104239422689311323e+04 -1.690521045367593160e+03
2.178641488127937919e+03 -1.274372330089874959e+04 -1.207818755893737580e+04 -1.098852582740884645e+04 -1.728717656610987206e+03
2.179641518647378689e+03 -1.277012715991513869e+04 -1.207784024021141522e+04 -1.091369810330077962e+04 -1.764392316912439128e+03
2.180641549166819459e+03 -1.279649043331878238e+04 -1.206803150453456328e+04 -1.085143758767865620e+04 -1.807260000132084997e+03
2.181641579686260229e+03 -1.283187352757520966e+04 -1.204368718536225424e+04 -1.080020504127385175e+04 -1.851408116050636636e+03
2.182641610205700999e+03 -1.287377565272208085e+04 -1.203874119262397471e+04 -1.073240289471950564e+04 -1.877408187941084634e+03
2.183641640725141770e+03 -1.291288957279928945e+04 -1.203548364059596133e+04 -1.064685848904747218e+04 -1.899937785742536789e+03
2.184641671244582540e+03 -1.296533082662279412e+04 -1.201478336029587990e+04 -1.059395664483396286e+04 -1.915602927011307656e+03
2.185641701764023310e+03 -1.301936539732870915e+04 -1.200753838152024036e+04 -1.052611185613532507e+04 -1.923745676616462788e+03
2.186641732283464080e+03 -1.306622997574745023e+04 -1.199899032577838989e+04 -1.045326016899393835e+04 -1.930939368167917792e+03
2.187641762802905760e+03 -1.312117069320613700e+04 -1.199802979436243186e+04 -1.037905203524243370e+04 -1.936891006569771889e+03
2.188641793322346530e+03 -1.317890080942893292e+04 -1.197238618868696540e+04 -1.031784392774152366e+04 -1.935027258212096740e+03
2.189641823841787300e+03 -1.324687972130117851e+04 -1.196318603291192449e+04 -1.024401815188393084e+04 -1.924072772008793208e+03
2.190641854361228070e+03 -1.331206949967471337e+04 -1.196219082577838890e+04 -1.014586375344119551e+04 -1.920933940018316662e+03
2.191641884880668840e+03 -1.339214663786387064e+04 -1.194217507502875924e+04 -1.009195527034134466e+04 -1.920312244810250832e+03
2.192641915400109610e+03 -1.346696793920137679e+04 -1.195196626226551416e+04 -9.982566372562421748e+03 -1.913739579833595371e+03
2.193641945919550380e+03 -1.354921892769458100e+04 -1.196091428205358170e+04 -9.899962711301484887e+03 -1.910926639695572476e+03
2.194641976438992060e+03 -1.363613845534908069e+04 -1.192539132577838973e+04 -9.850139487765598460e+03 -1.897159213354236954e+03
2.195642006958432830e+03 -1.372305798300349852e+04 -1.193558472326167612e+04 -9.737325430816346852e+03 -1.883391519559602102e+03
2.196642037477873600e+03 -1.381370608172243374e+04 -1.191258475498663574e+04 -9.669156561821049763e+03 -1.872735377518316909e+03
2.197642067997314371e+03 -1.389316859988053693e+04 -1.191684495468678506e+04 -9.558355924784957097e+03 -1.869299538632350277e+03
2.198642098516755141e+03 -1.398443410391767611e+04 -1.190897693609472299e+04 -9.477854379097363562e+03 -1.863349371223678645e+03
2.199642129036195911e+03 -1.407725485924616987e+04 -1.189253797859495171e+04 -9.373746284468039448e+03 -1.856153941225741391e+03
2.200642159555636681e+03 -1.416417438690058952e+04 -1.190534553209934529e+04 -9.262604936699011887e+03 -1.845199455022435359e+03
2.201642190075077451e+03 -1.425109391455500372e+04 -1.189057550144448396e+04 -9.189408843172192064e+03 -1.840817500069132166e+03
2.202642220594518221e+03 -1.432902240265718865e+04 -1.187808353908639583e+04 -9.105253007858927958e+03 -1.829863013865828407e+03
2.203642251113959901e+03 -1.439793982366625460e+04 -1.187840067449543130e+04 -9.003129052203597894e+03 -1.818908527662516008e+03
2.204642281633400671e+03 -1.446871198065157114e+04 -1.187873746415734786e+04 -8.916282924006705798e+03 -1.811712295304660756e+03
2.205642312152841441e+03 -1.453639233626790156e+04 -1.187217350524414360e+04 -8.829456269055695884e+03 -1.794185144124701537e+03
2.206642342672282211e+03 -1.459723600562599677e+04 -1.185934699942446969e+04 -8.730339721697164350e+03 -1.786045069052602685e+03
2.207642373191722982e+03 -1.464970471442283997e+04 -1.185902747742758402e+04 -8.612559560623194557e+03 -1.777905261433808619e+03
2.208642403711163752e+03 -1.470092110506404060e+04 -1.184227222684390472e+04 -8.526380213422595261e+03 -1.770084659334835578e+03
2.209642434230604522e+03 -1.475556180730683445e+04 -1.182748226116110709e+04 -8.439567061817295325e+03 -1.754748351904880792e+03
2.210642464750046202e+03 -1.479964070067766625e+04 -1.181828210538605708e+04 -8.333107679351391198e+03 -1.745984575724911110e+03
2.211642495269486972e+03 -1.484465425683629292e+04 -1.180284916485890244e+04 -8.248584553035272620e+03 -1.730648268294953141e+03
2.212642525788927742e+03 -1.488346351955240061e+04 -1.177556021744200552e+04 -8.196046162031630956e+03 -1.716253797679454919e+03
2.213642556308368512e+03 -1.491201748761571071e+04 -1.179889304452838769e+04 -8.065963173766370346e+03 -1.695593965935040842e+03
2.214642586827809282e+03 -1.495765017331791933e+04 -1.176933445206592842e+04 -7.999083518933627602e+03 -1.682448502255084122e+03
2.215642617347250052e+03 -1.499087241527700098e+04 -1.175321782431345309e+04 -7.892977924125000754e+03 -1.668053229279673133e+03
2.216642647866690822e+03 -1.502066756034733953e+04 -1.175191278192195750e+04 -7.792826594064876190e+03 -1.652400925769554760e+03
2.217642678386131593e+03 -1.504830225101850738e+04 -1.174040648034600054e+04 -7.700353124225744978e+03 -1.641446439566248955e+03
2.218642708905572363e+03 -1.506506119116605441e+04 -1.174205505100043047e+04 -7.590226517350462927e+03 -1.625799886302203277e+03
2.219642739425014042e+03 -1.509579511063862446e+04 -1.170755467742528708e+04 -7.519034178184044322e+03 -1.602325242246608241e+03
2.220642769944454813e+03 -1.511752499255222756e+04 -1.169835115234976001e+04 -7.425222171435431846e+03 -1.578850865644340502e+03
2.221642800463895583e+03 -1.514204838484434549e+04 -1.168685327402504481e+04 -7.321755983218242363e+03 -1.567582389260668833e+03
2.222642830983336353e+03 -1.517029716501567236e+04 -1.166220978904633557e+04 -7.250229613921574128e+03 -1.562574727299719598e+03
2.223642861502777123e+03 -1.519357924766803990e+04 -1.164052370757659628e+04 -7.170386605082392634e+03 -1.548177448424517934e+03
2.224642892022217893e+03 -1.521189423490328591e+04 -1.163296608579258464e+04 -7.065925717779250590e+03 -1.539101019330712688e+03
2.225642922541658663e+03 -1.522431104501704613e+04 -1.161193814101941643e+04 -6.990741505344867619e+03 -1.534719198104059160e+03
2.226642953061100343e+03 -1.524107635153525371e+04 -1.160602291283890372e+04 -6.922873263466797653e+03 -1.529711001236495576e+03
2.227642983580541113e+03 -1.527056431922278716e+04 -1.158696502614232486e+04 -6.830385153158090361e+03 -1.522826886885874501e+03
2.228643014099981883e+03 -1.528484528223608504e+04 -1.156231761031303358e+04 -6.737905571278265597e+03 -1.524391221268313075e+03
2.229643044619422653e+03 -1.530191564401353571e+04 -1.152124878542405531e+04 -6.667376601736678822e+03 -1.522510890805713416e+03
2.230643075138863423e+03 -1.530937053138630472e+04 -1.149792269693866183e+04 -6.597513702488990930e+03 -1.510619248220793679e+03
2.231643105658304194e+03 -1.533450973740397058e+04 -1.148708070911019786e+04 -6.519669046671989236e+03 -1.504983338445802019e+03
2.232643136177744964e+03 -1.533109285323478616e+04 -1.145749656611899809e+04 -6.474097813484389917e+03 -1.490583518764201017e+03
2.233643166697185734e+03 -1.532332959478472367e+04 -1.142695666488752431e+04 -6.388243257282874765e+03 -1.464292725130937242e+03
2.234643197216626504e+03 -1.531557615115602857e+04 -1.141149382181851797e+04 -6.300777538729313164e+03 -1.448020197405933914e+03
2.235643227736068184e+03 -1.531432025191691355e+04 -1.135860478885748671e+04 -6.263165888195944717e+03 -1.430173573252831375e+03
2.236643258255508954e+03 -1.528359322934588636e+04 -1.134742727485478645e+04 -6.173351866756050185e+03 -1.401383963388571829e+03
2.237643288774949724e+03 -1.526216827005882078e+04 -1.129550860043618559e+04 -6.114124771138648612e+03 -1.378219297713789729e+03
2.238643319294390494e+03 -1.522832782698521078e+04 -1.125970402679468862e+04 -6.021642204308710461e+03 -1.354119214103874810e+03
2.239643349813831264e+03 -1.519605178686072941e+04 -1.121499102264595967e+04 -5.976091581490851240e+03 -1.326265557081356519e+03
2.240643380333272034e+03 -1.515909553589555981e+04 -1.117298019749372907e+04 -5.910511090654339569e+03 -1.309366386262138349e+03
2.241643410852712805e+03 -1.511191290421085432e+04 -1.116374508522608267e+04 -5.829039862605435701e+03 -1.289648257605531171e+03
2.242643441372154484e+03 -1.506348379021021174e+04 -1.111216390240696273e+04 -5.788439282037883459e+03 -1.273683301181553588e+03
2.243643471891595254e+03 -1.500511571059739254e+04 -1.107404321545059247e+04 -5.716592101675629237e+03 -1.248326053310284806e+03
2.244643502411036025e+03 -1.494272262578769005e+04 -1.102082272755346821e+04 -5.667667205979632854e+03 -1.218282087444378703e+03
2.245643532930476795e+03 -1.488187895642959484e+04 -1.098664131442515281e+04 -5.587174473001862680e+03 -1.189171399887154848e+03
2.246643563449917565e+03 -1.482258430462495016e+04 -1.091761796488409345e+04 -5.550928223928895022e+03 -1.166958333072472897e+03
2.247643593969358335e+03 -1.475242477817986219e+04 -1.085456108496855995e+04 -5.501654373352088442e+03 -1.147240204415862991e+03
2.248643624488799105e+03 -1.467946789500733757e+04 -1.081479968905893475e+04 -5.414846480944566792e+03 -1.132533080886518064e+03
2.249643655008239875e+03 -1.461180491427750894e+04 -1.074873430457694303e+04 -5.379271419222807708e+03 -1.116567322102646585e+03
2.250643685527680645e+03 -1.453480140677451345e+04 -1.068467674241456189e+04 -5.329993020150625853e+03 -1.095590023284901463e+03
2.251643716047122325e+03 -1.444445982227469540e+04 -1.063605899976780165e+04 -5.262542671286677432e+03 -1.073379096096637795e+03
2.252643746566563095e+03 -1.434387779798695010e+04 -1.058640730303185228e+04 -5.949560207872087631e+03 -1.061794623632804132e+03
2.253643777086003865e+03 -1.424951585043557498e+04 -1.049409015413513771e+04 -6.307614638005180495e+03 -1.043637352465666936e+03
2.254643807605444636e+03 -1.415327953726510896e+04 -1.044745777180475852e+04 -5.775091580170896123e+03 -1.016716438845223365e+03
2.255643838124885406e+03 -1.406948523442547594e+04 -1.037773262504822742e+04 -5.451965614711287344e+03 -9.926163552353108344e+02
2.256643868644326176e+03 -1.398533348640162330e+04 -1.028217210326306667e+04 -5.264324828637329119e+03 -9.613133529349124728e+02
2.257643899163766946e+03 -1.389439624834998722e+04 -1.021641388667615502e+04 -5.110727398461981466e+03 -9.416267837683138850e+02
2.258643929683208626e+03 -1.380405293962479300e+04 -1.013364659886822665e+04 -5.009920516503470935e+03 -9.328305120117548768e+02
2.259643960202649396e+03 -1.371403869268151720e+04 -1.005541017790022306e+04 -4.923474655901045480e+03 -9.034193406660831442e+02
2.260643990722090166e+03 -1.362741493599586101e+04 -9.951246287690106328e+03 -4.882897812793867161e+03 -8.843320006299205716e+02
2.261644021241530936e+03 -1.353242934938837425e+04 -9.871444265092384740e+03 -4.808656844591313529e+03 -8.655426035758106309e+02
2.262644051760971706e+03 -1.343899092347623628e+04 -9.796830122930927246e+03 -4.739187248054513475e+03 -8.392516762158999200e+02
2.263644082280412476e+03 -1.335612266229754459e+04 -9.705803135348536671e+03 -4.696598548579454473e+03 -8.142233959100956326e+02
2.264644112799853247e+03 -1.327384329040195735e+04 -9.615790166827438952e+03 -4.644023627472217413e+03 -7.932423527460736068e+02
2.265644143319294017e+03 -1.318600355692633275e+04 -9.527725777092282442e+03 -4.585804734286451094e+03 -7.641289906558014309e+02
2.266644173838734787e+03 -1.310343000565463444e+04 -9.436034756537455905e+03 -4.543258108393747534e+03 -7.391013789832586554e+02
2.267644204358176466e+03 -1.302490944508397479e+04 -9.340449666936119684e+03 -4.503625646642208267e+03 -7.178241312836460111e+02
2.268644234877617237e+03 -1.295412017847758943e+04 -9.265521337503560062e+03 -4.443749679729102354e+03 -7.031196822873557721e+02
2.269644265397058007e+03 -1.287806552546361490e+04 -9.166265535401160378e+03 -4.395204441257830695e+03 -6.877833748573987123e+02
2.270644295916498777e+03 -1.279486501931777093e+04 -9.062455000580395790e+03 -4.358928911245780000e+03 -6.683594448365735161e+02
2.271644326435939547e+03 -1.270823688575231063e+04 -8.978017241664914764e+03 -4.298021573002638434e+03 -6.455241479072124093e+02
2.272644356955380317e+03 -1.262165358204668337e+04 -8.885351791329594562e+03 -4.242491693436170863e+03 -6.301877067506031835e+02
2.273644387474821087e+03 -1.254342600715770641e+04 -8.784765255919432093e+03 -4.214284625686816071e+03 -6.176747701375768429e+02
2.274644417994262767e+03 -1.245211341850437748e+04 -8.685963467058578317e+03 -4.179201654310194499e+03 -5.938675478968978041e+02
2.275644448513703537e+03 -1.234814793349325555e+04 -8.617524691153283129e+03 -4.103801246204264316e+03 -5.710333207807616418e+02
2.276644479033144307e+03 -1.226402907838431383e+04 -8.485758368192757189e+03 -4.090138418890891899e+03 -5.626108150183130192e+02
2.277644509552585077e+03 -1.216933475323306266e+04 -8.400403317217680524e+03 -4.024570578557164481e+03 -5.591535798679300342e+02
2.278644540072025848e+03 -1.208338278128139063e+04 -8.304413069231972258e+03 -4.002010041415009709e+03 -5.525807811646254777e+02
2.279644570591466618e+03 -1.200264221421969887e+04 -8.214406277761783713e+03 -3.952686583810338561e+03 -5.381685249043263184e+02
2.280644601110907388e+03 -1.190422953072347991e+04 -8.124344173608485107e+03 -3.898199731093341597e+03 -5.247328743881632818e+02
2.281644631630348158e+03 -1.181016242571181829e+04 -8.016603630536021228e+03 -3.867868089574707028e+03 -5.184498613411094539e+02
2.282644662149788928e+03 -1.171020496890923641e+04 -7.937432930618427235e+03 -3.796350675128336206e+03 -5.021903051014076027e+02
2.283644692669230608e+03 -1.161367805744605721e+04 -7.849003814104669800e+03 -3.754492435585024850e+03 -4.940606607082059440e+02
2.284644723188671378e+03 -1.151555093219904848e+04 -7.750767786951919334e+03 -3.730163386578430618e+03 -4.855856003712688675e+02
2.285644753708112148e+03 -1.140129752488564918e+04 -7.657797836084414485e+03 -3.677582495570987703e+03 -4.702491592146596417e+02
2.286644784227552918e+03 -1.128612908442718435e+04 -7.568096387471533490e+03 -3.630395551536018502e+03 -4.483401868080514987e+02
2.287644814746993688e+03 -1.117004640661997837e+04 -7.472764276182405411e+03 -3.603124905275414676e+03 -4.370981883015971334e+02
2.288644845266434459e+03 -1.106637231569780852e+04 -7.363028686054693935e+03 -3.578488122127492716e+03 -4.298908566315735129e+02
2.289644875785875229e+03 -1.095240207924464266e+04 -7.276057353554915608e+03 -3.532522306964684503e+03 -4.170319691682011012e+02
2.290644906305316908e+03 -1.083946863277470220e+04 -7.210257441874300639e+03 -3.477002803653284445e+03 -4.070609087683143912e+02
2.291644936824757679e+03 -1.073699181742876863e+04 -7.111355837486379642e+03 -3.446424974821578871e+03 -4.014090855216546743e+02
2.292644967344198449e+03 -1.062182350960302574e+04 -7.015421042571312682e+03 -3.409468307624637873e+03 -3.976623321683332506e+02
2.293644997863639219e+03 -1.052130063950904150e+04 -6.928686403431283907e+03 -3.373931197411314315e+03 -3.848019737117754744e+02
2.294645028383079989e+03 -1.042968710721089883e+04 -6.822516656326826705e+03 -3.371904416292931273e+03 -3.672746888051664200e+02
2.295645058902520759e+03 -1.031697369842589251e+04 -6.752988894424246610e+03 -3.311961501213283555e+03 -3.460013191784984201e+02
2.296645089421961529e+03 -1.020586978771529539e+04 -6.677612167250902530e+03 -3.334560558425759609e+03 -3.428907035117225064e+02
2.297645119941402299e+03 -1.010717353546068080e+04 -6.584718166032028421e+03 -3.333819437957953596e+03 -3.413355962683149869e+02
2.298645150460843070e+03 -1.001282365748694974e+04 -6.515643294270927981e+03 -3.260800025048968564e+03 -3.356819008485245490e+02
2.299645180980284749e+03 -9.921207472534293629e+03 -6.420748630495909310e+03 -3.226769603934060797e+03 -3.262821207086601589e+02
2.300645211499725519e+03 -9.816272972860480877e+03 -6.351375575641033720e+03 -3.169303486735608203e+03 -3.178725864315159129e+02
2.301645242019166290e+03 -9.710148359777382211e+03 -6.255069876896535789e+03 -3.155031161039767539e+03 -3.216180025183142561e+02
2.302645272538607060e+03 -9.616988860478386414e+03 -6.170713963905565834e+03 -3.124002462602365995e+03 -3.181540810352977360e+02
2.303645303058047830e+03 -9.509249576644739136e+03 -6.101339364787968407e+03 -3.077805384876985045e+03 -3.128546275183160219e+02
2.304645333577488600e+03 -9.402216694685359471e+03 -6.008963955070210432e+03 -3.057901879745902534e+03 -3.185099276579390448e+02
2.305645364096929370e+03 -9.318101818558056038e+03 -5.922311442629720659e+03 -3.041221410021194970e+03 -3.165993749718505796e+02
2.306645394616371050e+03 -9.232723483126444989e+03 -5.857910352204381525e+03 -3.006587460424023448e+03 -3.146880199258312700e+02
2.307645425135811820e+03 -9.152045783974705046e+03 -5.782595676315121636e+03 -2.972713678119208907e+03 -2.975187212683143798e+02
2.308645455655252590e+03 -9.072554086617885332e+03 -5.693563174237902786e+03 -2.954083609557286309e+03 -3.031750912211624609e+02
2.309645486174693360e+03 -8.988716014980183900e+03 -5.614107768428540112e+03 -2.935453540995365074e+03 -3.113012587213918891e+02
2.310645516694134130e+03 -8.900888218449492342e+03 -5.548367942606811994e+03 -2.916823472433441111e+03 -3.065601139791271521e+02
2.311645547213574901e+03 -8.818314667177795855e+03 -5.473805743827976585e+03 -2.904884382732991526e+03 -2.968809788619331016e+02
2.312645577733015671e+03 -8.735741115906097548e+03 -5.412374270625959070e+03 -2.883837357432382760e+03 -2.940521252522473219e+02
2.313645608252456441e+03 -8.648188930170514141e+03 -5.353243046948982737e+03 -2.856570122543322668e+03 -2.837356489086283204e+02
2.314645638771897211e+03 -8.564708171084308560e+03 -5.289712780314005613e+03 -2.838799293188932552e+03 -2.821828150183127377e+02
2.315645669291338891e+03 -8.479876282464936594e+03 -5.193582004420105477e+03 -2.853469327950571369e+03 -2.774388620163413748e+02
2.316645699810779661e+03 -8.375932549220124201e+03 -5.171251123068253946e+03 -2.779427498561895845e+03 -2.624652212683151333e+02
2.317645730330220431e+03 -8.295892017662083163e+03 -5.086254902595812382e+03 -2.800864983763787677e+03 -2.583587432194207167e+02
2.318645760849661201e+03 -8.213591291898341296e+03 -5.006321336891281135e+03 -2.781273619128950031e+03 -2.458519580324171727e+02
2.319645791369101971e+03 -8.132918367524569476e+03 -4.944032095938402563e+03 -2.755942906152840351e+03 -2.386403471095103157e+02
2.320645821888542741e+03 -8.049349407678630087e+03 -4.866691768514387149e+03 -2.748376484068991431e+03 -2.233040396795522895e+02
2.321645852407983512e+03 -7.959985326335743594e+03 -4.823182166192261320e+03 -2.721014299338607543e+03 -2.101585759995954277e+02
2.322645882927425191e+03 -7.882391603222353297e+03 -4.734823103051295220e+03 -2.753227738685047370e+03 -1.998431694691894904e+02
2.323645913446865961e+03 -7.794204106751170002e+03 -4.685277679668457495e+03 -2.727413179511645922e+03 -1.910795270158847643e+02
2.324645943966306731e+03 -7.719147514965872688e+03 -4.634962932672718125e+03 -2.695011119746967779e+03 -1.801250408125811475e+02
2.325645974485747502e+03 -7.652689104611968105e+03 -4.570561982634957531e+03 -2.711992074448489348e+03 -1.707217837797595337e+02
2.326646005005188272e+03 -7.570385195662914157e+03 -4.513732552745749672e+03 -2.704512500198504767e+03 -1.582160684059738571e+02
2.327646035524629042e+03 -7.477850529114522033e+03 -4.467446787203728491e+03 -2.673661903783774960e+03 -1.538341134526695555e+02
2.328646066044069812e+03 -7.397547119502617534e+03 -4.404571147577300508e+03 -2.683368819370812616e+03 -1.469905182777872312e+02
2.329646096563510582e+03 -7.326106891499515768e+03 -4.349189955350594573e+03 -2.675990022721854530e+03 -1.437899045738062966e+02
2.330646127082951352e+03 -7.251322329425841417e+03 -4.317661585586587535e+03 -2.660943457826090707e+03 -1.297340298427569110e+02
2.331646157602393032e+03 -7.168013594979243862e+03 -4.288044170752968057e+03 -2.643781984713704333e+03 -1.244420650183130164e+02
2.332646188121833802e+03 -7.071867869957516632e+03 -4.240416019738966497e+03 -2.651054460282888158e+03 -1.244420650183130164e+02
2.333646218641274572e+03 -6.992369408331906925e+03 -4.217133030222398702e+03 -2.634358212964783434e+03 -1.244420650183130164e+02
2.334646249160715342e+03 -6.906721032679562086e+03 -4.179550869795055405e+03 -2.624868061611248322e+03 -1.250828831377052524e+02
2.335646279680156113e+03 -6.834746427441861670e+03 -4.112849951007293384e+03 -2.665137739139015139e+03 -1.275418488262274366e+02
2.336646310199596883e+03 -6.758587127210694234e+03 -4.098708856444695812e+03 -2.639866725164947638e+03 -1.172284481956193929e+02
2.337646340719037653e+03 -6.673946229710232728e+03 -4.095119709093049096e+03 -2.624302200356420599e+03 -1.156786900183147537e+02
2.338646371238479333e+03 -6.613102427719360094e+03 -4.043678492631980589e+03 -2.657641534452752694e+03 -1.178695337683158755e+02
2.339646401757920103e+03 -6.546376099268191865e+03 -4.037057817160452032e+03 -2.642536123397865595e+03 -1.191525072736287001e+02
2.340646432277360873e+03 -6.478004727173264655e+03 -4.007551729630703448e+03 -2.662297488047946899e+03 -1.244420650183130164e+02
2.341646462796801643e+03 -6.392621749596479276e+03 -4.006598919528387796e+03 -2.643102695355067681e+03 -1.279164171802364081e+02
2.342646493316242413e+03 -6.318213731818913402e+03 -3.989708194987325896e+03 -2.668154670847955003e+03 -1.332054400183174891e+02
2.343646523835683183e+03 -6.259542984335819710e+03 -3.971147420501194574e+03 -2.673938793440739573e+03 -1.319213966997867260e+02
2.344646554355123953e+03 -6.188359135383224384e+03 -3.979673435402310588e+03 -2.655710129597117884e+03 -1.231577542464789019e+02
2.345646584874564724e+03 -6.103987747572692570e+03 -3.985899200778389059e+03 -2.664463566837691815e+03 -1.191541119934542650e+02
2.346646615394005494e+03 -6.040709471980234412e+03 -3.990896856124241367e+03 -2.672973659574844987e+03 -1.216087984290941364e+02
2.347646645913447173e+03 -5.985747400653393015e+03 -4.018895322070287421e+03 -2.660367078175674578e+03 -1.244420650183161285e+02
2.348646676432887944e+03 -5.915835234233747542e+03 -4.045422526800411106e+03 -2.652697746383572849e+03 -1.207030678108461075e+02
2.349646706952328714e+03 -5.841693277695349025e+03 -4.061247288897554881e+03 -2.651735313186814437e+03 -1.279185568066784526e+02
2.350646737471769484e+03 -5.777779028203695816e+03 -4.089522739421721781e+03 -2.647356391389069358e+03 -1.373251570058165214e+02
2.351646767991210254e+03 -5.721281335228321950e+03 -4.134298777567200887e+03 -2.625714223894563929e+03 -1.520183729632868221e+02
2.352646798510651024e+03 -5.664145678862927525e+03 -4.177872958148827820e+03 -2.614753913546182957e+03 -1.522798085691765948e+02
2.353646829030091794e+03 -5.594868955811606611e+03 -4.209525711256074828e+03 -2.589415098562671574e+03 -1.450637846667344490e+02
2.354646859549533474e+03 -5.523160279180285215e+03 -4.267428684515369241e+03 -2.556405388241727906e+03 -1.460901367256531955e+02
2.355646890068974244e+03 -5.456816330864971860e+03 -4.325748749098302142e+03 -2.527354432456790619e+03 -1.529230337683151220e+02
2.356646920588415014e+03 -5.399299222792772525e+03 -4.362407440415145174e+03 -2.517366647279304289e+03 -1.538263573068141739e+02
2.357646951107855784e+03 -5.330783678929670714e+03 -4.442504697968697656e+03 -2.447086281438963397e+03 -1.450627148535063498e+02
2.358646981627296555e+03 -5.283616565273368906e+03 -4.467268775827600621e+03 -2.456125563186813451e+03 -1.369430999592591149e+02
2.359647012146737325e+03 -5.217023267441786629e+03 -4.501088550702841530e+03 -2.405172749248599303e+03 -1.297262736969015293e+02
2.360647042666178095e+03 -5.146336393296336610e+03 -4.550744318676893272e+03 -2.353252669337247880e+03 -1.272772037806737018e+02
2.361647073185618865e+03 -5.071176745886493336e+03 -4.579833034107887215e+03 -2.310787063518738705e+03 -1.281793237793035587e+02
2.362647103705059635e+03 -5.006371071874178597e+03 -4.626780586422022679e+03 -2.252021071621645660e+03 -1.250866274839768266e+02
2.363647134224501315e+03 -4.945142767623915461e+03 -4.664527702186106580e+03 -2.212432104857281047e+03 -1.253435163836751798e+02
2.364647164743942085e+03 -4.862823738544618209e+03 -4.697405196023084500e+03 -2.156129407495691794e+03 -1.143890301803706251e+02
2.365647195263382855e+03 -4.779996195611402072e+03 -4.729874583337674267e+03 -2.112709470487823182e+03 -1.021446166858173257e+02
2.366647225782823625e+03 -4.714552823474514298e+03 -4.747597805875897393e+03 -2.085721825924867971e+03 -9.377025251831599917e+01
2.367647256302264395e+03 -4.653069201235578475e+03 -4.774252763249772215e+03 -2.047361379337710105e+03 -9.028894657045798056e+01
2.368647286821705165e+03 -4.580080618842638614e+03 -4.795220762551640291e+03 -1.994901023458140799e+03 -8.217066894273385458e+01
2.369647317341145936e+03 -4.513998222253952918e+03 -4.797110518966451309e+03 -1.971342802279934403e+03 -8.127068857054730699e+01
2.370647347860587615e+03 -4.442541680426047606e+03 -4.798465960477849876e+03 -1.950384046217997138e+03 -8.784335354720147393e+01
2.371647378380028385e+03 -4.362141183662071853e+03 -4.807399801126316561e+03 -1.932709872390705186e+03 -8.655195526277169904e+01
2.372647408899469156e+03 -4.284554224817545219e+03 -4.823087825778388833e+03 -1.908197462163649334e+03 -8.436097778611936349e+01
2.373647439418909926e+03 -4.207218207081944456e+03 -4.819431432804345604e+03 -1.917243424514106209e+03 -7.559746905947116602e+01
2.374647469938350696e+03 -4.128099340305033365e+03 -4.818222977027015077e+03 -1.915183240382689746e+03 -7.624350251831326375e+01
2.375647500457791466e+03 -4.054217741798777297e+03 -4.830666224915451494e+03 -1.911212688186816195e+03 -7.056921319401610049e+01
2.376647530977232236e+03 -3.984432504893530677e+03 -4.811701555532566090e+03 -1.927665875282423713e+03 -6.683369287951339288e+01
2.377647561496673006e+03 -3.915395316537096278e+03 -4.798618421325207237e+03 -1.935033442833409026e+03 -6.593585213376762511e+01
2.378647592016113776e+03 -3.838843025552347171e+03 -4.808719864982542276e+03 -1.938778275945434643e+03 -6.528928376831389357e+01
2.379647622535555456e+03 -3.771087334550187734e+03 -4.754351568716949259e+03 -1.986684308673747410e+03 -6.748012751831501532e+01
2.380647653054996226e+03 -3.691970191998658265e+03 -4.756913500580387336e+03 -1.974931280862916992e+03 -6.180450092748858282e+01
2.381647683574436996e+03 -3.624607491750122790e+03 -4.713213252005268259e+03 -2.015050573761800024e+03 -5.936385579038207538e+01
2.382647714093877767e+03 -3.551615063008257039e+03 -4.696171610879560831e+03 -2.023412840398711069e+03 -6.658375776575061877e+01
2.383647744613318537e+03 -3.476202484998665113e+03 -4.664493728406118862e+03 -2.052469481802902465e+03 -6.902360054294562985e+01
2.384647775132759307e+03 -3.400394263581086307e+03 -4.626491668904654944e+03 -2.080942920813620731e+03 -6.399427486426955625e+01
2.385647805652200077e+03 -3.311944154321497081e+03 -4.605791248217053180e+03 -2.096980631283305229e+03 -5.303978866096500155e+01
2.386647836171641757e+03 -3.235001392604830926e+03 -4.573850841080057762e+03 -2.133288853606014527e+03 -4.841030567364513360e+01
2.387647866691082527e+03 -3.161762399633848872e+03 -4.540030364267207915e+03 -2.180289735751379339e+03 -4.865756625435030003e+01
2.388647897210523297e+03 -3.086595457424326469e+03 -4.518131314928725260e+03 -2.221781252853701517e+03 -4.427561130104599840e+01
2.389647927729964067e+03 -3.010540804410350120e+03 -4.491307190592520783e+03 -2.278098022122910152e+03 -3.267295201245382685e+01
2.390647958249404837e+03 -2.932956232954808002e+03 -4.457650967178774408e+03 -2.305877673445923392e+03 -2.017579514443760402e+01
2.391647988768845607e+03 -2.864063614264711759e+03 -4.426224237979687132e+03 -2.356326599379046002e+03 -1.993000555690678155e+01
2.392648019288286378e+03 -2.791068532868418970e+03 -4.376727669454005991e+03 -2.400665901017945089e+03 -1.928156501831525915e+01
2.393648049807727148e+03 -2.714127760642639259e+03 -4.340441005066773869e+03 -2.442231899732288639e+03 -1.644201327641836130e+01
2.394648080327167918e+03 -2.641132148715464155e+03 -4.275783567028868674e+03 -2.497782247528045446e+03 -8.571664862671088514e+00
2.395648110846609598e+03 -2.558558730076419579e+03 -4.246307803203531876e+03 -2.511495534712183598e+03 1.085004176888586747e+00
2.396648141366050368e+03 -2.490954240376741382e+03 -4.204055932678441422e+03 -2.567039486186281920e+03 1.977763309828263649e+00
2.397648171885491138e+03 -2.420372013448489724e+03 -4.146725880890773624e+03 -2.631725629116436266e+03 -1.754815018312521291e+00
2.398648202404931908e+03 -2.325404862789280287e+03 -4.129688591778205591e+03 -2.604903578213823948e+03 4.360287316854860595e-01
2.399648232924372678e+03 -2.244360036264655264e+03 -4.059233289527030138e+03 -2.665800398061366195e+03 -2.404325370125062644e+00
2.400648263443813448e+03 -2.155507519328285071e+03 -3.983425151502851804e+03 -2.691837264947029780e+03 -6.136502518314762789e+00
2.401648293963254218e+03 -2.063118218242557305e+03 -3.938185413376842462e+03 -2.695900919157925273e+03 -9.626901878548562053e+00
2.402648324482695898e+03 -1.976438092650223325e+03 -3.866631017226815857e+03 -2.731345211637196371e+03 -2.058138808186108903e+01
2.403648355002136668e+03 -1.888634965805716092e+03 -3.807765125963773698e+03 -2.747646592699118173e+03 -2.366325251831750265e+01
2.404648385521577438e+03 -1.808234336409020671e+03 -3.734846584276132489e+03 -2.763512313186815391e+03 -2.082222978323920870e+01
2.405648416041018208e+03 -1.716562047815288679e+03 -3.669762789338172297e+03 -2.760492396527776691e+03 -1.579009584485645590e+01
2.406648446560458979e+03 -1.620950434762704845e+03 -3.598713086324765754e+03 -2.765331853483920440e+03 -9.867743579935570608e+00
2.407648477079899749e+03 -1.518820056085124634e+03 -3.513611715599405670e+03 -2.784470500686813011e+03 -5.485922353281199371e+00
2.408648507599340519e+03 -1.421035521157544963e+03 -3.438142753825009549e+03 -2.785162156267291721e+03 -1.754815018312521291e+00
2.409648538118781289e+03 -1.321078064354961953e+03 -3.371691865211443655e+03 -2.796552441570649989e+03 1.086876350022383697e+00
2.410648568638222059e+03 -1.223293529427380918e+03 -3.288207197173318491e+03 -2.811469942909692236e+03 5.468697576674566463e+00
2.411648599157663739e+03 -1.115525729558532703e+03 -3.208389310785691123e+03 -2.823805746692587945e+03 6.735272667493312770e-01
2.412648629677104509e+03 -1.004292634577272679e+03 -3.130871673923175422e+03 -2.837778298114029894e+03 -2.643161171718174440e+00
2.413648660196545279e+03 -8.795514274504270134e+02 -3.049251352158622922e+03 -2.853827948384126103e+03 -8.667363182142406863e-01
2.414648690715986049e+03 -7.615638784982094194e+02 -2.950349747770700560e+03 -2.887815443073737242e+03 1.997337364908067514e-01
2.415648721235426819e+03 -6.307724971511377134e+02 -2.853064003744895217e+03 -2.924382929633734875e+03 4.817716231684614492e+00
2.416648751754867590e+03 -4.938741747790669478e+02 -2.754846507744857718e+03 -2.949306694412774505e+03 4.165932526777899270e+00
2.417648782274308360e+03 -3.617351123496509331e+02 -2.647238630879378434e+03 -2.999096088514111671e+03 -3.058649881432397688e+00
2.418648812793750039e+03 -2.344084955840777127e+02 -2.540450757521629384e+03 -3.028539067745646662e+03 -4.597709926528601443e+00
2.419648843313190810e+03 -1.025031320098090646e+02 -2.462987591017092655e+03 -3.032643942696077829e+03 -2.100383057751700733e+01
2.420648873832631580e+03 2.417716550417728882e+01 -2.335801130141120666e+03 -3.087893236953068481e+03 -3.680831501831177377e+01
2.421648904352072350e+03 1.454492311695983631e+02 -2.241938735805161741e+03 -3.082046146127214342e+03 -4.030406344465558988e+01
2.422648934871513120e+03 2.584446171203437075e+02 -2.131781983115649837e+03 -3.123715623111735567e+03 -4.622427608313880398e+01
2.423648965390953890e+03 3.755550658858157362e+02 -2.032635683279319210e+03 -3.150768225874508516e+03 -5.279694105978899898e+01
2.424648995910394660e+03 5.065817376806879793e+02 -1.927321878887971025e+03 -3.173314548968559393e+03 -6.067531307269592844e+01
2.425649026429835430e+03 6.354357528660019625e+02 -1.807918361766566704e+03 -3.208045154092777921e+03 -7.097694575787494387e+01
2.426649056949276201e+03 7.758024209031625560e+02 -1.715231151365554524e+03 -3.209926099077677009e+03 -8.104683015404144442e+01
2.427649087468717880e+03 9.122821544065603803e+02 -1.622543660189408911e+03 -3.228267338182253297e+03 -9.661435096640120435e+01
2.428649117988158650e+03 1.034198417199912456e+03 -1.517427942589621352e+03 -3.283013739417517172e+03 -9.880532844305226092e+01
2.429649148507599421e+03 1.150663077244799751e+03 -1.426112318264876421e+03 -3.301889000309137828e+03 -1.073385598738839377e+02
2.430649179027040191e+03 1.273647033445573243e+03 -1.334110760514473668e+03 -3.324237321713180336e+03 -1.194067216402724938e+02
2.431649209546480961e+03 1.396438274302127638e+03 -1.239122879425857946e+03 -3.365666723425316377e+03 -1.191771129777082052e+02
2.432649240065921731e+03 1.511379249643356616e+03 -1.153540119892350276e+03 -3.413424219350969452e+03 -1.307855225123606147e+02
2.433649270585362501e+03 1.634364001640456536e+03 -1.080865712103037140e+03 -3.443002942741829429e+03 -1.439309861923143785e+02
2.434649301104804181e+03 1.763445614575840636e+03 -1.004964356765124990e+03 -3.479082176749674545e+03 -1.513863808029710185e+02
2.435649331624244951e+03 1.877965215761122863e+03 -9.207892629006836387e+02 -3.531948059421492417e+03 -1.608042140409327203e+02
2.436649362143685721e+03 2.000950630921836364e+03 -8.430359153910841314e+02 -3.568058990756553612e+03 -1.581866485423937831e+02
2.437649392663126491e+03 2.132628264113431214e+03 -7.777091096549630720e+02 -3.597608575348819159e+03 -1.570776534121554846e+02
2.438649423182567261e+03 2.258012474673714223e+03 -7.036589041637591890e+02 -3.670281734046089696e+03 -1.767956483421126279e+02
2.439649453702008032e+03 2.400555380403912295e+03 -6.610694016516258671e+02 -3.672637001816034626e+03 -1.814040025183172418e+02
2.440649484221448802e+03 2.522041647914435998e+03 -6.217799885862767724e+02 -3.708215190628344772e+03 -1.862148188465925216e+02
2.441649514740889572e+03 2.643931118898051864e+03 -5.479193062478645970e+02 -3.757405178321412677e+03 -2.017767231395368128e+02
2.442649545260330342e+03 2.777579939595377709e+03 -5.104519828123964089e+02 -3.771334376896112190e+03 -2.068138049640611484e+02
2.443649575779772022e+03 2.894271268961279020e+03 -4.437309886091334761e+02 -3.822129699181445631e+03 -2.212699235664342154e+02
2.444649606299212792e+03 3.010089742387414844e+03 -4.117658732685375185e+02 -3.840282744289183483e+03 -2.352953086206797764e+02
2.445649636818653562e+03 3.123957586379646727e+03 -3.501353305623029541e+02 -3.880806426856475355e+03 -2.453702746296501687e+02
2.446649667338094332e+03 3.234558288545179039e+03 -2.972185008722364046e+02 -3.888505892430544918e+03 -2.587393292727994094e+02
2.447649697857535102e+03 3.359069112634924295e+03 -2.608864913158433865e+02 -3.881045222864529933e+03 -2.615862359805904589e+02
2.448649728376975872e+03 3.484451731602555355e+03 -1.997081368134716399e+02 -3.899675149285969383e+03 -2.760436918494768292e+02
2.449649758896416643e+03 3.602013662151742665e+03 -1.470291235832910957e+02 -3.895029429805425480e+03 -2.916023867027570873e+02
2.450649789415858322e+03 3.709141111241588078e+03 -1.090834998650712038e+02 -3.865914937225447829e+03 -2.972968687516116120e+02
2.451649819935299092e+03 3.820834309133443185e+03 -4.859346537619985185e+01 -3.863585965444488465e+03 -3.082514886815652062e+02
2.452649850454739862e+03 3.926440195643076095e+03 8.218275685411837728e+00 -3.849150604616950204e+03 -3.213969523615220965e+02
2.453649880974180633e+03 4.039435581593821553e+03 6.042979847198330390e+01 -3.809098544165568001e+03 -3.367332597914801227e+02
2.454649911493621403e+03 4.146130648011740050e+03 1.133306239847050705e+02 -3.761825178718158895e+03 -3.463741490860217027e+02
2.455649942013062173e+03 4.248912651249652299e+03 1.726697615796859964e+02 -3.717344873722129705e+03 -3.514129693570348536e+02
2.456649972532502943e+03 4.353216084434952791e+03 2.428218267863736344e+02 -3.674728883274721738e+03 -3.579857680603362269e+02
2.457650003051943713e+03 4.457519517620255101e+03 2.973327567728637177e+02 -3.625359372154211997e+03 -3.768273185089680055e+02
2.458650033571384483e+03 4.558345984013574707e+03 3.640349390482904255e+02 -3.602772539023029367e+03 -3.836190277426305784e+02
2.459650064090826163e+03 4.658739006673387848e+03 4.498240682371479693e+02 -3.588093691551550364e+03 -3.901916927192860385e+02
2.460650094610266933e+03 4.769777529452318959e+03 5.024963428663306786e+02 -3.494016734946400902e+03 -3.980796930511870642e+02
2.461650125129707703e+03 4.864084301791584039e+03 5.871407522121419333e+02 -3.465608680556950276e+03 -4.096921143854192451e+02
2.462650155649148473e+03 4.962305861536241537e+03 6.572820075797392292e+02 -3.410642245857116450e+03 -4.294102430420275596e+02
2.463650186168589244e+03 5.068782349229263673e+03 7.039816355324849155e+02 -3.342178151082812747e+03 -4.412397027334739050e+02
2.464650216688030014e+03 5.172647563903001355e+03 7.805739782467212535e+02 -3.279541389607502879e+03 -4.521941889367797103e+02
2.465650247207470784e+03 5.268044842477765997e+03 8.649842212081681510e+02 -3.236453777044188882e+03 -4.609578313900854027e+02
2.466650277726912464e+03 5.371695192142899032e+03 9.408855765460825751e+02 -3.178234741717887573e+03 -4.754201014184771452e+02
2.467650308246353234e+03 5.470346216639502018e+03 1.010338511900163894e+03 -3.097885997047344972e+03 -4.872484912966997399e+02
2.468650338765794004e+03 5.563784642551641809e+03 1.070380148648245495e+03 -3.046439955640114022e+03 -4.931625525091598661e+02
2.469650369285234774e+03 5.650704302838783406e+03 1.157089798809603735e+03 -2.999375678840228375e+03 -4.997352174858112903e+02
2.470650399804675544e+03 5.746315650625921990e+03 1.222632099389849145e+03 -2.906225478171101258e+03 -5.019261949624623185e+02
2.471650430324116314e+03 5.836927407979190320e+03 1.280600914396247617e+03 -2.823564392155877613e+03 -5.126671197015192547e+02
2.472650460843557084e+03 5.922327893075201246e+03 1.364786256549688233e+03 -2.758585581975366949e+03 -5.282165874157676626e+02
2.473650491362997855e+03 6.012939385163024781e+03 1.434234278340569062e+03 -2.674976418951971027e+03 -5.317263771406319393e+02
2.474650521882438625e+03 6.094204779903378039e+03 1.490819995494011891e+03 -2.580198425494585535e+03 -5.448718408205888863e+02
2.475650552401880304e+03 6.179395307401462560e+03 1.564891118725849765e+03 -2.493107957810791504e+03 -5.586769780779718531e+02
2.476650582921321075e+03 6.277834119543800625e+03 1.642621863844634163e+03 -2.423244916422621372e+03 -5.783951067345802812e+02
2.477650613440761845e+03 6.377137033866182719e+03 1.696437454441582986e+03 -2.327289146939782768e+03 -5.937315478911882565e+02
2.478650643960202615e+03 6.460128776108513193e+03 1.759924200945195253e+03 -2.244408880302882608e+03 -6.134496765477965710e+02
2.479650674479643385e+03 6.526836668611403184e+03 1.846662911323316621e+03 -2.195504594976635872e+03 -6.274657007363589400e+02
2.480650704999084155e+03 6.602474722247398859e+03 1.913993608528510549e+03 -2.085063857638417176e+03 -6.346988416503352255e+02
2.481650735518524925e+03 6.690257158387370509e+03 1.964661149363483219e+03 -1.993863966508863996e+03 -6.500351490802931949e+02
2.482650766037966605e+03 6.771968199071759955e+03 2.061447394591072680e+03 -1.951653360713171196e+03 -6.596685496822956338e+02
2.483650796557407375e+03 6.863440610154307251e+03 2.110003928278816147e+03 -1.838025123088822284e+03 -6.690928017995834125e+02
2.484650827076848145e+03 6.938839792259034766e+03 2.201311410127367253e+03 -1.771193085317210944e+03 -6.756656005028889922e+02
2.485650857596288915e+03 7.018378441599234066e+03 2.265931083922218932e+03 -1.680371856429042964e+03 -6.914549738319489052e+02
2.486650888115729686e+03 7.099434807170627209e+03 2.340920201151199763e+03 -1.627774192844844265e+03 -7.072065025183122771e+02
2.487650918635170456e+03 7.182869675335216016e+03 2.406927324812150800e+03 -1.559495307117275161e+03 -7.142333032072887136e+02
2.488650949154611226e+03 7.263926173539326555e+03 2.472239811021173409e+03 -1.473814446583494146e+03 -7.275855082922121255e+02
2.489650979674051996e+03 7.343014534790315338e+03 2.550702115509800478e+03 -1.416124600267939513e+03 -7.326288752694104005e+02
2.490651010193492766e+03 7.419069055171567015e+03 2.627036004798625981e+03 -1.430315195187224163e+03 -7.400691587683135140e+02
2.491651040712934446e+03 7.495779974891193888e+03 2.693737063973966997e+03 -1.341945747455527908e+03 -7.420545983798814405e+02
2.492651071232375216e+03 7.576837003626194019e+03 2.771507538761090473e+03 -1.234872033830910368e+03 -7.573909058098394098e+02
2.493651101751815986e+03 7.657237633022888986e+03 2.856128924553517663e+03 -1.136578337716807482e+03 -7.683455257397952209e+02
2.494651132271256756e+03 7.740467981531054647e+03 2.928125401005850563e+03 -1.044131590288081043e+03 -7.744604443845032620e+02
2.495651162790697526e+03 7.828246571322099953e+03 3.007022064483226586e+03 -9.393376678379930809e+02 -7.764473549892445590e+02
2.496651193310138297e+03 7.898641255582265330e+03 3.094423403958587642e+03 -8.492200343307056301e+02 -7.880643230296650472e+02
2.497651223829579067e+03 7.968176877705800507e+03 3.174924837183950785e+03 -7.605112972709538326e+02 -8.012097867096188111e+02
2.498651254349020746e+03 8.032910266884988232e+03 3.257726239159386751e+03 -6.752672344351735774e+02 -8.009526303566159413e+02
2.499651284868461516e+03 8.095525511503078633e+03 3.348123448324367018e+03 -5.914317837660448731e+02 -7.911214480353938825e+02
2.500651315387902287e+03 8.164603948635879533e+03 3.427928980610108738e+03 -4.982815830969182116e+02 -8.047278674869590986e+02
2.501651345907343057e+03 8.226105343659488426e+03 3.510034200870810764e+03 -4.076741334921549083e+02 -8.209289851794571860e+02
2.502651376426783827e+03 8.288464209227067840e+03 3.581546621152117041e+03 -3.035850856872759209e+02 -8.327478804653476345e+02
2.503651406946224597e+03 8.351480800460158207e+03 3.647340636556796198e+03 -2.118449185895312610e+02 -8.384565375393726754e+02
2.504651437465665367e+03 8.412982593381930201e+03 3.721848645752679204e+03 -1.203181043537488364e+02 -8.480840541686525285e+02
2.505651467985106137e+03 8.476855726729945673e+03 3.785343253957437810e+03 -2.716776154413937761e+01 -8.581749336492831617e+02
2.506651498504546907e+03 8.527690798297080619e+03 3.850860144396462147e+03 6.831126876546666438e+01 -8.699927591219565102e+02
2.507651529023988587e+03 8.576813581430742488e+03 3.900763977119444917e+03 1.605443790513613749e+02 -8.671380962683131202e+02
2.508651559543429357e+03 8.634825542186548773e+03 3.959241977663076341e+03 2.592693293847713676e+02 -8.792219040530648044e+02
2.509651590062870127e+03 8.684145550176914185e+03 4.042251433943967186e+03 3.666765045777978571e+02 -8.897107540519176609e+02
2.510651620582310898e+03 8.732610209746851979e+03 4.102957805602080043e+03 4.924294673707726133e+02 -9.033225225695859990e+02
2.511651651101751668e+03 8.786934848214499652e+03 4.163663615710112026e+03 6.205111176637466315e+02 -9.210473217421279060e+02
2.512651681621192438e+03 8.835595273681252365e+03 4.209664534972834190e+03 7.567823339092227570e+02 -9.269554989818713011e+02
2.513651712140633208e+03 8.882546593899802247e+03 4.266958928330265735e+03 8.974236592426321977e+02 -9.313373202085255116e+02
2.514651742660074888e+03 8.941681953806080855e+03 4.330662012003177551e+03 1.046962125843038848e+03 -9.328634087683155940e+02
2.515651773179515658e+03 9.014050080328230251e+03 4.391859318820836052e+03 1.212095677455213036e+03 -9.414310079488730025e+02
2.516651803698956428e+03 9.086612248521812944e+03 4.460860487133635615e+03 1.370867021138430573e+03 -9.517204715086572833e+02
2.517651834218397198e+03 9.141130663395453666e+03 4.535858448776412843e+03 1.510092769421693447e+03 -9.624799842524297446e+02
2.518651864737837968e+03 9.191962419144549131e+03 4.611759804114253711e+03 1.633517044714662916e+03 -9.795365513417900729e+02
2.519651895257278738e+03 9.239575444010257343e+03 4.692959805642126412e+03 1.754819020486030695e+03 -9.867747738685692411e+02
2.520651925776719509e+03 9.294092399923967605e+03 4.780856572677683289e+03 1.850916504028421741e+03 -9.962041075986550140e+02
2.521651956296160279e+03 9.339533298711001407e+03 4.867469495837366594e+03 1.939294338048409827e+03 -1.008683746275179715e+03
2.522651986815601049e+03 9.401037346389035520e+03 4.910268737305267678e+03 2.067078488314695278e+03 -1.015256544978481088e+03
2.523652017335042729e+03 9.457535171997184079e+03 4.995664360273873172e+03 2.142716839585901198e+03 -1.032590996052012997e+03
2.524652047854483499e+03 9.524707013759600159e+03 5.065271441125576530e+03 2.256715921725162389e+03 -1.045928892385100653e+03
2.525652078373924269e+03 9.593111146136710886e+03 5.136667620539828931e+03 2.357668924098030857e+03 -1.062597785908491915e+03
2.526652108893365039e+03 9.642428899370810541e+03 5.217571264011708990e+03 2.457903122058557983e+03 -1.070886565018311558e+03
2.527652139412805809e+03 9.685227621714469933e+03 5.293971696985285234e+03 2.568875749076649754e+03 -1.075934879881662710e+03
2.528652169932246579e+03 9.732182920914663555e+03 5.388273083098166353e+03 2.637118673262532866e+03 -1.075268252518313830e+03
2.529652200451687349e+03 9.778665914993887782e+03 5.469674400330580283e+03 2.729864342122767084e+03 -1.078125991084968064e+03
2.530652230971129029e+03 9.820140962777826644e+03 5.545575755668493002e+03 2.827366884319779274e+03 -1.081840783768313941e+03
2.531652261490569799e+03 9.848389875581873639e+03 5.625177866436890326e+03 2.896520644707823067e+03 -1.082507946038274440e+03
2.532652292010010569e+03 9.884481228570677558e+03 5.712777713866378690e+03 2.986739055816137807e+03 -1.081173487771701502e+03
2.533652322529451340e+03 9.931250709328167432e+03 5.784078991316702741e+03 3.090114558406462038e+03 -1.083175643214844285e+03
2.534652353048892110e+03 9.987935149175298648e+03 5.868587505542564941e+03 3.178498220186191702e+03 -1.091271722218233208e+03
2.535652383568332880e+03 1.003290573233218493e+04 5.984684615778774969e+03 3.246852582509163767e+03 -1.094985846268314390e+03
2.536652414087773650e+03 1.007787605022363095e+04 6.066785203251301027e+03 3.348296680243857736e+03 -1.096321508074757730e+03
2.537652444607214420e+03 1.012048776043008911e+04 6.166892736441172019e+03 3.396888682933388282e+03 -1.101558377518314728e+03
2.538652475126655190e+03 1.016763086756381381e+04 6.276397389097491214e+03 3.454710435615267670e+03 -1.100890279161788385e+03
2.539652505646096870e+03 1.021657738181070999e+04 6.397793285911351632e+03 3.504522998615072538e+03 -1.094317614185132925e+03
2.540652536165537640e+03 1.027760541065157304e+04 6.488391810780869491e+03 3.577227001796719833e+03 -1.089935792958480761e+03
2.541652566684978410e+03 1.032625814342047852e+04 6.595909418470615492e+03 3.637458604193248902e+03 -1.084885472195340753e+03
2.542652597204419180e+03 1.037321715633687563e+04 6.725801989193681038e+03 3.692758642601960219e+03 -1.076790463005175980e+03
2.543652627723859950e+03 1.042754179480452513e+04 6.822089437560502120e+03 3.784290858176017537e+03 -1.073930718538732890e+03
2.544652658243300721e+03 1.048035694026971032e+04 6.906101822288558651e+03 3.853319392800326114e+03 -1.062976232335429131e+03
2.545652688762741491e+03 1.053468171137008176e+04 7.015608159595127290e+03 3.892517615382409986e+03 -1.054881624325220855e+03
2.546652719282183170e+03 1.058985201606954615e+04 7.114702656436448706e+03 3.964708917849192858e+03 -1.051168971268313953e+03
2.547652749801623941e+03 1.063765775627947733e+04 7.227722612608619784e+03 4.020082442886567151e+03 -1.056889262561122223e+03
2.548652780321064711e+03 1.068612745589283077e+04 7.362530290815437183e+03 4.068080724787012059e+03 -1.059262910645260490e+03
2.549652810840505481e+03 1.073894326452162204e+04 7.486412310231507035e+03 4.139690956967468082e+03 -1.058411071868024010e+03
2.550652841359946251e+03 1.078626529319654037e+04 7.581798891878632276e+03 4.238403825359999246e+03 -1.056583830886518172e+03
2.551652871879387021e+03 1.082755200251602582e+04 7.674313004466744133e+03 4.314021992682828568e+03 -1.033823554609280336e+03
2.552652902398827791e+03 1.086515735801981828e+04 7.756278117981898504e+03 4.394951096937218608e+03 -1.023538905208985511e+03
2.553652932918268561e+03 1.091079004372202871e+04 7.790265234781705658e+03 4.516566492469154582e+03 -1.014105158499366894e+03
2.554652963437709332e+03 1.094658018780050224e+04 7.841190948267083513e+03 4.627113977308617905e+03 -1.005831490501283611e+03
2.555652993957151011e+03 1.097380743075148712e+04 7.895173319238562726e+03 4.742456855555213224e+03 -1.016606114356812554e+03
2.556653024476591781e+03 1.102161303832869817e+04 7.937277923254536290e+03 4.871251198219852085e+03 -1.020676486209486029e+03
2.557653054996032552e+03 1.105456311794342218e+04 7.983278702129736303e+03 4.985218583031833077e+03 -1.007531022529529196e+03
2.558653085515473322e+03 1.107545051681057703e+04 8.042000275021599009e+03 5.055271524102601688e+03 -9.987672463495714510e+02
2.559653116034914092e+03 1.109518427626683115e+04 8.106588502011843048e+03 5.131217893796020689e+03 -9.783783448033823333e+02
2.560653146554354862e+03 1.110755665441891870e+04 8.159489467912083455e+03 5.203074171149071844e+03 -9.652327473967753804e+02
2.561653177073795632e+03 1.111842152905935836e+04 8.219808791175895749e+03 5.251789551776082590e+03 -9.483766365597044796e+02
2.562653207593237312e+03 1.112862058743828675e+04 8.290591055962613609e+03 5.320562375675151998e+03 -9.352311728797355954e+02
2.563653238112678082e+03 1.112444995151327748e+04 8.347906647835668991e+03 5.393843184928627124e+03 -9.271388382226234626e+02
2.564653268632118852e+03 1.112693933506158646e+04 8.400657679863894373e+03 5.477116185714506173e+03 -9.175275025183140087e+02
2.565653299151559622e+03 1.113881938055176579e+04 8.440614775977248428e+03 5.562940323853111295e+03 -9.069247174114170775e+02
2.566653329671000392e+03 1.114015207413657845e+04 8.509984180756586284e+03 5.647644395001544581e+03 -8.841683192071083113e+02
2.567653360190441163e+03 1.115101694877701993e+04 8.556323153168907083e+03 5.755511394650568946e+03 -8.651221669799551819e+02
2.568653390709881933e+03 1.116254843547530800e+04 8.638602032792598038e+03 5.835561075749095835e+03 -8.506324829877870570e+02
2.569653421229322703e+03 1.117341344274847143e+04 8.693803107830359295e+03 5.938582079979855735e+03 -8.329309522527984200e+02
2.570653451748763473e+03 1.118645137189663365e+04 8.758909926321701278e+03 6.000928874873950917e+03 -8.186145780024426131e+02
2.571653482268205153e+03 1.119598235925777954e+04 8.812881066291529351e+03 6.074181113890825145e+03 -7.956860735961826094e+02
2.572653512787645923e+03 1.120734274974544496e+04 8.863118600150941347e+03 6.159099248603622982e+03 -7.897859199555988425e+02
2.573653543307086693e+03 1.122840535643759176e+04 8.931413478847600345e+03 6.220729086911614104e+03 -7.811949186108320191e+02
2.574653573826527463e+03 1.125413955284354233e+04 8.985382513004569773e+03 6.270165261917715725e+03 -7.614767899542237046e+02
2.575653604345968233e+03 1.128974547007195360e+04 9.026783213992250239e+03 6.331793536680422221e+03 -7.432764588049406029e+02
2.576653634865409003e+03 1.132117491553562286e+04 9.071897305287337076e+03 6.370666968263460149e+03 -7.134484614830265627e+02
2.577653665384849774e+03 1.133838918381580879e+04 9.120377608551390949e+03 6.403985407709070387e+03 -6.955789700723336182e+02
2.578653695904291453e+03 1.136379710372709269e+04 9.154171271347839138e+03 6.447515930011179989e+03 -6.942319415004085386e+02
2.579653726423732223e+03 1.138619505665848192e+04 9.181771879060477659e+03 6.478867571621372008e+03 -6.738403654211660978e+02
2.580653756943172993e+03 1.142146249518183868e+04 9.229715901995839886e+03 6.494988434272446284e+03 -6.563130805145578961e+02
2.581653787462613764e+03 1.146208100085081969e+04 9.273065181769452465e+03 6.528843454033784838e+03 -6.337302595053566847e+02
2.582653817982054534e+03 1.149985785046340607e+04 9.312518427071361657e+03 6.582404830079067324e+03 -6.197416492805845110e+02
2.583653848501495304e+03 1.153663133353846388e+04 9.373204021376430319e+03 6.630771397965749202e+03 -6.044053418506264279e+02
2.584653879020936074e+03 1.157373905107150131e+04 9.424512712018016828e+03 6.667136050059377339e+03 -5.899113786055741002e+02
2.585653909540376844e+03 1.159563551968321190e+04 9.469273869086322520e+03 6.706725016823701480e+03 -5.750814940091141807e+02
2.586653940059817614e+03 1.161168142632042873e+04 9.514214862568498575e+03 6.736460094743651098e+03 -5.642944335749065203e+02
2.587653970579259294e+03 1.162605748699499600e+04 9.566407573427359239e+03 6.768885039125809271e+03 -5.474417996307909107e+02
2.588654001098700064e+03 1.164979503041271710e+04 9.599133027579515328e+03 6.810625586350827689e+03 -5.364871797008320300e+02
2.589654031618140834e+03 1.167168990743176073e+04 9.614175831186910727e+03 6.861140891888573606e+03 -5.204759538550653133e+02
2.590654062137581604e+03 1.168840428298492589e+04 9.650267637695562371e+03 6.909151113589415218e+03 -5.100305650183172474e+02
2.591654092657022375e+03 1.169859962764764714e+04 9.674859319679169857e+03 6.969523008640680928e+03 -5.064893495300819950e+02
2.592654123176463145e+03 1.170946450228808862e+04 9.691132900679675004e+03 7.047089637676865095e+03 -4.970503874810081015e+02
2.593654153695903915e+03 1.170761812217323131e+04 9.715205710387130239e+03 7.110859258785635575e+03 -4.788477829786285724e+02
2.594654184215345595e+03 1.168873135527593695e+04 9.755360331741991104e+03 7.192734592222035644e+03 -4.648625159201626502e+02
2.595654214734786365e+03 1.167502323298644478e+04 9.768623302363206676e+03 7.286059057120848593e+03 -4.611562817425879075e+02
2.596654245254227135e+03 1.165412575403246046e+04 9.773051967088076708e+03 7.372941431140403438e+03 -4.474985112564083352e+02
2.597654275773667905e+03 1.162169267676582240e+04 9.804200448221337865e+03 7.454621321415373131e+03 -4.384087094973473313e+02
2.598654306293108675e+03 1.158893650618981519e+04 9.851620685317333482e+03 7.530578920206792645e+03 -4.384088432240004636e+02
2.599654336812549445e+03 1.156001700234627242e+04 9.918520813996821744e+03 7.613867698586048391e+03 -4.443052525183147736e+02
2.600654367331990215e+03 1.152608053318235761e+04 1.001600225822634820e+04 7.665991607947120428e+03 -4.471724856773060992e+02
2.601654397851430986e+03 1.149048164548817840e+04 1.008250172092206049e+04 7.738558871986045233e+03 -4.471726194039572988e+02
2.602654428370871756e+03 1.145587352422300683e+04 1.011930248440974356e+04 7.824894005153807484e+03 -4.537452843806074725e+02
2.603654458890313435e+03 1.141525793647385944e+04 1.016601362413922470e+04 7.886502664530197762e+03 -4.609947399462166118e+02
2.604654489409754206e+03 1.136978414477190563e+04 1.021130376138514112e+04 7.951367193764003787e+03 -4.668906143339162327e+02
2.605654519929194976e+03 1.131763242817925129e+04 1.023693992652201632e+04 8.035032644417875417e+03 -4.776852971873324236e+02
2.606654550448635746e+03 1.125911991153281087e+04 1.027838190144075452e+04 8.094818920687474019e+03 -4.945353903250344274e+02
2.607654580968076516e+03 1.120732444642988776e+04 1.031547326709608751e+04 8.180350249435242404e+03 -5.048126847594320452e+02
2.608654611487517286e+03 1.116702412665959673e+04 1.033801922212948011e+04 8.274298000343213062e+03 -5.221812361293697222e+02
2.609654642006958056e+03 1.111321463368192781e+04 1.043194114077418999e+04 8.296025025704844666e+03 -5.418994985126311121e+02
2.610654672526399736e+03 1.107141211570879932e+04 1.044996212524364091e+04 8.385020317974313002e+03 -5.609400342203908849e+02
2.611654703045840506e+03 1.101558673799829921e+04 1.050926672750857324e+04 8.416401098383130375e+03 -5.820138836813414400e+02
2.612654733565281276e+03 1.097047065674602345e+04 1.054727398134828582e+04 8.504172845392215095e+03 -6.089828051700768583e+02
2.613654764084722046e+03 1.092364825553268565e+04 1.058993381800823590e+04 8.540491301829517397e+03 -6.376211701902172990e+02
2.614654794604162817e+03 1.087837832032355436e+04 1.061517830196263822e+04 8.590172669165316620e+03 -6.593740835932075015e+02
2.615654825123603587e+03 1.085447538390222871e+04 1.061025126153963720e+04 8.664303052073662911e+03 -6.858208025034341517e+02
2.616654855643044357e+03 1.082338070342742685e+04 1.064743766954639977e+04 8.698843757515282050e+03 -7.025143017309056859e+02
2.617654886162485127e+03 1.079378556850098721e+04 1.068543888672274807e+04 8.725738015782224466e+03 -7.309960728408174191e+02
2.618654916681925897e+03 1.075601826844433344e+04 1.068861403127617814e+04 8.787399835698426614e+03 -7.601566404394689016e+02
2.619654947201367577e+03 1.072978948462019071e+04 1.070970318500833673e+04 8.849161011810909258e+03 -7.844109108798846819e+02
2.620654977720808347e+03 1.070888563929557859e+04 1.074650380810849856e+04 8.888749978575233399e+03 -8.054871674205804766e+02
2.621655008240249117e+03 1.068213613940716823e+04 1.077141332743874227e+04 8.938934665354208846e+03 -8.324572924491901631e+02
2.622655038759689887e+03 1.065388722660311942e+04 1.078719232320416813e+04 9.005746519177524533e+03 -8.617713782450559847e+02
2.623655069279130657e+03 1.061777173445902008e+04 1.082755935087766375e+04 9.054252669016532309e+03 -8.850394146223219423e+02
2.624655099798571428e+03 1.058352702685052463e+04 1.087689306987944838e+04 9.085809561481273704e+03 -9.163917620575371075e+02
2.625655130318012198e+03 1.056749133293285740e+04 1.091194797416093388e+04 9.131823562267152738e+03 -9.614175259972797676e+02
2.626655160837453877e+03 1.054808464576760343e+04 1.096183510076896528e+04 9.169806199455879323e+03 -1.016341603037925893e+03
2.627655191356894647e+03 1.052920199048469112e+04 1.100410816980965501e+04 9.199357489733907641e+03 -1.054418127747222343e+03
2.628655221876335418e+03 1.050814667859222209e+04 1.103860882415981723e+04 9.243443639176164652e+03 -1.093023808820968270e+03
2.629655252395776188e+03 1.048791514853248191e+04 1.107699526469268312e+04 9.294516703961302483e+03 -1.140393399801325131e+03
2.630655282915216958e+03 1.047105752964018575e+04 1.110919580990532268e+04 9.343739099683994937e+03 -1.189423608354010184e+03
2.631655313434657728e+03 1.046603658533816815e+04 1.114369632386796184e+04 9.370960991759618992e+03 -1.233241820620534327e+03
2.632655343954098498e+03 1.045449661014570665e+04 1.117058235910074472e+04 9.406457449795379944e+03 -1.279931545298928540e+03
2.633655374473539268e+03 1.043943298144332221e+04 1.120492690252799548e+04 9.450138072445386570e+03 -1.327450776403575219e+03
2.634655404992980039e+03 1.040968664521445862e+04 1.124862757226567555e+04 9.480254513275811405e+03 -1.366206365054917342e+03
2.635655435512421718e+03 1.038810318982527497e+04 1.128844329814581397e+04 9.534382603418833241e+03 -1.412067653120325986e+03
2.636655466031862488e+03 1.035685956280432401e+04 1.133817431383089570e+04 9.576613819584204975e+03 -1.462458664090152524e+03
2.637655496551303258e+03 1.033498391752987845e+04 1.139725991156367672e+04 9.609216439567569978e+03 -1.509442988584285104e+03
2.638655527070744029e+03 1.031774537746167152e+04 1.144096086207639746e+04 9.641094711659823588e+03 -1.541478679214432532e+03
2.639655557590184799e+03 1.029587052798355580e+04 1.148783063970411786e+04 9.679803544565882476e+03 -1.580915070254299962e+03
2.640655588109625569e+03 1.027998351534660105e+04 1.153153130944179793e+04 9.711681674517660213e+03 -1.626778364219453806e+03
2.641655618629066339e+03 1.025907409944769461e+04 1.156991620571193744e+04 9.739626919501022712e+03 -1.673614787035786094e+03
2.642655649148508019e+03 1.023584758990558294e+04 1.160226893099693734e+04 9.776161998031384428e+03 -1.722496692730749601e+03
2.643655679667948789e+03 1.021329790514089291e+04 1.162440158516970587e+04 9.801778413374266165e+03 -1.773425284844146745e+03
2.644655710187389559e+03 1.020243289786772766e+04 1.165588587325224216e+04 9.834380891217148019e+03 -1.839978900230512181e+03
2.645655740706830329e+03 1.018586839728976884e+04 1.167832078175686183e+04 9.857668619060030323e+03 -1.894069325318629126e+03
2.646655771226271099e+03 1.016901926689164247e+04 1.169498702665248311e+04 9.894050754432819303e+03 -1.949524564623467768e+03
2.647655801745711869e+03 1.016399620046608288e+04 1.172115413739227006e+04 9.919819260090360331e+03 -2.002249373134952748e+03
2.648655832265152640e+03 1.016385468135232441e+04 1.173653766151216769e+04 9.948489990088679406e+03 -2.048798818554739228e+03
2.649655862784593410e+03 1.016032718149347966e+04 1.173985319358619927e+04 9.977886915804354430e+03 -2.100982034123092490e+03
2.650655893304034180e+03 1.015815412698575892e+04 1.174702390736341658e+04 1.000162650823630975e+04 -2.139451848917755342e+03
2.651655923823475860e+03 1.015163522872803514e+04 1.177506940312886218e+04 1.002095775579095971e+04 -2.189159650419353511e+03
2.652655954342916630e+03 1.015516352438321155e+04 1.176500417945188019e+04 1.008370695038670965e+04 -2.237359683912526634e+03
2.653655984862357400e+03 1.015733657889093411e+04 1.178325666294277107e+04 1.007759704181150664e+04 -2.289941404905701802e+03
2.654656015381798170e+03 1.016806245443932858e+04 1.177004535492912873e+04 1.012357564961761818e+04 -2.329518075204176512e+03
2.655656045901238940e+03 1.018409005776099002e+04 1.176557583743576288e+04 1.014585602787175048e+04 -2.363205156267622897e+03
2.656656076420679710e+03 1.019060908865143028e+04 1.177133284888056005e+04 1.017874093885034563e+04 -2.387305239877535769e+03
2.657656106940120480e+03 1.019794420867676308e+04 1.176270491263947952e+04 1.021659181181318672e+04 -2.410037299831070413e+03
2.658656137459562160e+03 1.020147422855732111e+04 1.176371387775003132e+04 1.022706671241901313e+04 -2.428932875847387095e+03
2.659656167979002930e+03 1.020799325944776319e+04 1.173697693406412327e+04 1.027655093090769151e+04 -2.460289769988795342e+03
2.660656198498443700e+03 1.022238868449964502e+04 1.171526895214117576e+04 1.031803406172163341e+04 -2.483843179042763040e+03
2.661656229017884471e+03 1.023624177435364618e+04 1.172719922402934208e+04 1.033826534280186388e+04 -2.493428705503114543e+03
2.662656259537325241e+03 1.024208172571042633e+04 1.174962458618256096e+04 1.036140737665174129e+04 -2.498495207191220743e+03
2.663656290056766011e+03 1.024357556805176318e+04 1.175350587996460490e+04 1.040085107584449179e+04 -2.498083462827785297e+03
2.664656320576206781e+03 1.024289622325265918e+04 1.176486308999367247e+04 1.043912865453124141e+04 -2.480420044188800148e+03
2.665656351095647551e+03 1.023420440311993843e+04 1.178484416502571366e+04 1.046765767047000918e+04 -2.470150639626905104e+03
2.666656381615088321e+03 1.022700589479767223e+04 1.179260576987716740e+04 1.050724663723433150e+04 -2.466454033768315639e+03
2.667656412134530001e+03 1.022401927117676314e+04 1.180166427464392837e+04 1.054857909913846925e+04 -2.467959528423597931e+03
2.668656442653970771e+03 1.022469914650675673e+04 1.181258614297160784e+04 1.056255193484086885e+04 -2.457139571232832623e+03
2.669656473173411541e+03 1.022768510696404883e+04 1.181704541217596852e+04 1.060418417101937848e+04 -2.438241053230177386e+03
2.670656503692852311e+03 1.021980592751545919e+04 1.182710586267725012e+04 1.064172873124567741e+04 -2.412635876144940084e+03
2.671656534212293082e+03 1.020676799836729515e+04 1.183472595690793241e+04 1.066355823989412238e+04 -2.388535926261677105e+03
2.672656564731733852e+03 1.019373006921913475e+04 1.184550589345229128e+04 1.068277620148539972e+04 -2.363063940922461825e+03
2.673656595251174622e+03 1.018844067628895937e+04 1.185456692519441276e+04 1.071697818616082259e+04 -2.335954338995160015e+03
2.674656625770616301e+03 1.019087568042147541e+04 1.187210820550595599e+04 1.073734805421003330e+04 -2.316236076611878161e+03
2.675656656290057072e+03 1.017974951931984651e+04 1.189682623625810083e+04 1.075496849893551735e+04 -2.291449707820675485e+03
2.676656686809497842e+03 1.017932907359294586e+04 1.190660942140619773e+04 1.078232343450134249e+04 -2.260090540326171322e+03
2.677656717328938612e+03 1.016535038055176119e+04 1.193146362805332683e+04 1.080898216599130319e+04 -2.230235262767119821e+03
2.678656747848379382e+03 1.016752330242676180e+04 1.191536370641580652e+04 1.085771090782353167e+04 -2.187234387801459434e+03
2.679656778367820152e+03 1.016956730529654124e+04 1.192816929449490999e+04 1.086747965451979871e+04 -2.133965712993739999e+03
2.680656808887260922e+03 1.019048693391499910e+04 1.192397802506738844e+04 1.091784386472625556e+04 -2.085765545773913345e+03
2.681656839406701692e+03 1.020365325153749836e+04 1.191838470547161342e+04 1.094752507140391208e+04 -2.037436198607643746e+03
2.682656869926142463e+03 1.021234520430294106e+04 1.191076320736572779e+04 1.099003602003586639e+04 -1.988677856339759273e+03
2.683656900445584142e+03 1.022606486563920589e+04 1.191509346043865844e+04 1.101606236852593793e+04 -1.935280001585550281e+03
2.684656930965024912e+03 1.023190203170883251e+04 1.194125004211439773e+04 1.103209126628581726e+04 -1.882138634551125278e+03
2.685656961484465683e+03 1.024562195831053032e+04 1.194526231745315999e+04 1.107081331825660345e+04 -1.818474584674738026e+03
2.686656992003906453e+03 1.026219733477164664e+04 1.194729512875145883e+04 1.110588008561834977e+04 -1.763829060251561032e+03
2.687657022523347223e+03 1.028243669016195054e+04 1.196970631176510324e+04 1.113382518846123457e+04 -1.695910898101780504e+03
2.688657053042787993e+03 1.031136799831769349e+04 1.196523918085959303e+04 1.116789057613442492e+04 -1.635253424556416803e+03
2.689657083562228763e+03 1.034396275487173989e+04 1.196352926085867148e+04 1.119903014414699828e+04 -1.574596218464360390e+03
2.690657114081670443e+03 1.036718303067594934e+04 1.197417484654582586e+04 1.122624350779378801e+04 -1.515441698767831667e+03
2.691657144601111213e+03 1.040114350636244853e+04 1.199270656081518428e+04 1.125245861884259102e+04 -1.457789464286974180e+03
2.692657175120551983e+03 1.043373839554921324e+04 1.197844585608504713e+04 1.129218020267567226e+04 -1.389996202830744096e+03
2.693657205639992753e+03 1.046850620661097855e+04 1.196293780823438465e+04 1.131327143366586824e+04 -1.322642233428398868e+03
2.694657236159433523e+03 1.050613026332849586e+04 1.194624460893480318e+04 1.133250190361947898e+04 -1.270749204696258175e+03
2.695657266678874294e+03 1.054387713794604861e+04 1.191693787168430208e+04 1.136144227411022985e+04 -1.217354693108414722e+03
2.696657297198315064e+03 1.058274635065223447e+04 1.191029627847221673e+04 1.138054282766421056e+04 -1.171468799338967074e+03
2.697657327717755834e+03 1.063924404362760652e+04 1.187323790388422276e+04 1.141426992099267045e+04 -1.117385328036783221e+03
2.698657358237196604e+03 1.069288496041634426e+04 1.187698526797161139e+04 1.140568818945311614e+04 -1.061233640325065153e+03
2.699657388756638284e+03 1.075006650770339911e+04 1.185798957294665888e+04 1.144195519103632250e+04 -9.976972994018780128e+02
2.700657419276079054e+03 1.079948187862046143e+04 1.187587831237168211e+04 1.143928195501039772e+04 -9.399221701272591645e+02
2.701657449795519824e+03 1.083927991827474943e+04 1.188703659328405229e+04 1.146425319471009607e+04 -8.880302112083408019e+02
2.702657480314960594e+03 1.088205529725943961e+04 1.189125594021570396e+04 1.149590304704940900e+04 -8.334991567998129085e+02
2.703657510834401364e+03 1.092688396340440886e+04 1.191910924546543174e+04 1.149098953490266649e+04 -7.581976787051497695e+02
2.704657541353842134e+03 1.097400505350637832e+04 1.190556142856491533e+04 1.151954058261598948e+04 -6.868280316510517878e+02
2.705657571873282905e+03 1.100820692074585713e+04 1.190058426979705109e+04 1.154394368681318520e+04 -5.955003503255213673e+02
2.706657602392724584e+03 1.103496769441561264e+04 1.192345943356629687e+04 1.154847441464463373e+04 -5.259622235057415764e+02
2.707657632912165354e+03 1.107042042085078901e+04 1.193618401804599671e+04 1.156697812031896137e+04 -4.558532176059633230e+02
2.708657663431606125e+03 1.109444100249600706e+04 1.192080891717733903e+04 1.158732865726274031e+04 -3.858625597937516432e+02
2.709657693951046895e+03 1.111548557113804418e+04 1.191826088367844204e+04 1.159125187667844511e+04 -2.998442277575057915e+02
2.710657724470487665e+03 1.113286947666892593e+04 1.193291004067807444e+04 1.159897266332465915e+04 -2.070172032027170417e+02
2.711657754989928435e+03 1.115093896073682299e+04 1.192685891737762722e+04 1.161747793254427415e+04 -1.215716224196743269e+02
2.712657785509369205e+03 1.116843878726622825e+04 1.192903618743461629e+04 1.163316867809988435e+04 -3.531793147479856998e+01
2.713657816028809975e+03 1.117278489628166972e+04 1.194428816844770881e+04 1.163856120366754476e+04 5.001103966714990179e+01
2.714657846548250745e+03 1.119428439515815990e+04 1.195143206820852174e+04 1.165167522658382586e+04 1.434125539216194625e+02
2.715657877067692425e+03 1.122413484807336135e+04 1.194441058636567868e+04 1.166123616389689778e+04 2.470770538587537715e+02
2.716657907587133195e+03 1.123728710662738195e+04 1.195203699803478958e+04 1.165339199931318763e+04 3.493580178477085383e+02
2.717657938106573965e+03 1.124083290980178390e+04 1.196511058589071945e+04 1.165939857175870929e+04 4.458729560286616334e+02
2.718657968626014735e+03 1.126244912547313470e+04 1.196583737208487037e+04 1.168354340670194142e+04 5.342015497157058235e+02
2.719657999145455506e+03 1.128566542229567676e+04 1.198036425155405777e+04 1.169445140935331983e+04 6.348692353673573052e+02
2.720658029664896276e+03 1.130384883787127364e+04 1.197684922881326929e+04 1.170070175272373126e+04 7.414178180216204055e+02
2.721658060184337046e+03 1.132615315210133849e+04 1.196813818315999015e+04 1.171222508151729380e+04 8.582285839985327129e+02
2.722658090703778726e+03 1.135085506803651333e+04 1.197576557754175155e+04 1.171945136143016316e+04 9.743469133682491474e+02
2.723658121223219496e+03 1.137475787182511704e+04 1.199271105321584400e+04 1.171847585130916195e+04 1.096925443599654727e+03
2.724658151742660266e+03 1.140289550577589580e+04 1.198447381544459677e+04 1.172717342734071281e+04 1.224110322107463162e+03
2.725658182262101036e+03 1.142484701696698903e+04 1.197358395547161126e+04 1.172631802592613894e+04 1.348187393208211461e+03
2.726658212781541806e+03 1.143925994953810005e+04 1.198412270625557903e+04 1.172790999931318584e+04 1.475953447748344161e+03
2.727658243300982576e+03 1.145447093319398118e+04 1.199512782438298382e+04 1.173698936467666681e+04 1.604523868104034364e+03
2.728658273820423346e+03 1.147757634906141539e+04 1.198362769985794330e+04 1.176198590538197459e+04 1.736671877597472530e+03
2.729658304339864117e+03 1.150079131955674529e+04 1.198194024186031675e+04 1.176516899931318585e+04 1.865935670647036204e+03
2.730658334859304887e+03 1.152183310291163434e+04 1.199114039763535766e+04 1.176738127375925069e+04 1.990233524451277617e+03
2.731658365378746566e+03 1.153349470230964835e+04 1.199282673253281428e+04 1.178907745463654646e+04 2.107045627694821178e+03
2.732658395898187337e+03 1.154435957695009165e+04 1.199114095918544626e+04 1.179703291521686697e+04 2.223272676833015794e+03
2.733658426417628107e+03 1.154584426763364718e+04 1.199585489135217358e+04 1.179765549052358983e+04 2.318978836218876495e+03
2.734658456937068877e+03 1.155808626782057945e+04 1.199428367422160954e+04 1.181089004856774955e+04 2.416983489310101959e+03
2.735658487456509647e+03 1.157043543524641427e+04 1.199271273786608617e+04 1.182020508284870994e+04 2.490193348831015555e+03
2.736658517975950417e+03 1.157764336049190388e+04 1.200107113006760665e+04 1.182338618681318803e+04 2.555813418455388728e+03
2.737658548495391187e+03 1.158357933793899610e+04 1.201571270614113018e+04 1.183332592850807669e+04 2.628914959387675935e+03
2.738658579014832867e+03 1.157419835818577849e+04 1.201268342422161186e+04 1.186115774538763617e+04 2.688870902913405189e+03
2.739658609534273637e+03 1.157478234005819104e+04 1.201801295566617409e+04 1.187461731181318828e+04 2.752301198601008309e+03
2.740658640053714407e+03 1.158278486793769844e+04 1.201958333047160886e+04 1.188455875919386017e+04 2.820914605617800134e+03
2.741658670573155177e+03 1.158782040183907520e+04 1.202261317394121397e+04 1.190699549197707711e+04 2.896205920486863306e+03
2.742658701092595948e+03 1.159868527647951669e+04 1.202564329818585793e+04 1.192499801031544484e+04 2.956856172792979123e+03
2.743658731612036718e+03 1.160165173992676500e+04 1.203265298747696761e+04 1.193357377195479421e+04 3.021783538356743065e+03
2.744658762131477488e+03 1.160658448346903606e+04 1.203327406186810003e+04 1.194658573800572594e+04 3.099856501327114529e+03
2.745658792650918258e+03 1.162762414470038129e+04 1.204561342299129319e+04 1.197538041450347009e+04 3.178729283406853483e+03
2.746658823170359028e+03 1.163562600941628443e+04 1.205094407753601809e+04 1.198332592525013388e+04 3.254715308236317924e+03
2.747658853689800708e+03 1.166781265508655088e+04 1.204812930774797132e+04 1.200003894514500644e+04 3.330598363543329469e+03
2.748658884209241478e+03 1.172372145877882031e+04 1.204539905124734469e+04 1.201296733259310349e+04 3.413156785896141173e+03
2.749658914728682248e+03 1.176283537885603073e+04 1.207248261172161438e+04 1.199866956375117297e+04 3.487749780185177315e+03
2.750658945248123018e+03 1.180708656213194627e+04 1.206620728955076265e+04 1.201751540156323244e+04 3.553477098584960459e+03
2.751658975767563788e+03 1.183039915031023702e+04 1.209307619750603408e+04 1.201338323564047096e+04 3.617013573234741671e+03
2.752659006287004559e+03 1.185212889959111999e+04 1.209778226797161005e+04 1.203751840503100175e+04 3.682841587803956372e+03
2.753659036806445329e+03 1.186951280512200719e+04 1.210604000232084945e+04 1.203625065408109549e+04 3.735323147534305917e+03
2.754659067325887008e+03 1.188758799239693872e+04 1.212235022446423864e+04 1.202661665656079640e+04 3.810410930438138621e+03
2.755659097845327778e+03 1.191070070306405796e+04 1.211764569826139814e+04 1.204376476846795413e+04 3.889383338874079982e+03
2.756659128364768549e+03 1.193973944372414735e+04 1.213740566294849850e+04 1.204312925837745934e+04 3.957301634750514950e+03
2.757659158884209319e+03 1.195860472412055606e+04 1.216364563481147707e+04 1.204217791213821874e+04 4.035279384344215487e+03
2.758659189403650089e+03 1.197885336380135777e+04 1.215998460904925196e+04 1.206461933555731048e+04 4.122316713473485834e+03
2.759659219923090859e+03 1.199416156724204302e+04 1.215298151797161154e+04 1.207340134303457489e+04 4.193919178629814269e+03
2.760659250442531629e+03 1.200285352000748389e+04 1.215298151797161154e+04 1.207096875084297062e+04 4.268312519026481823e+03
2.761659280961972399e+03 1.201223768294600814e+04 1.215298151797161154e+04 1.208557965516451623e+04 4.347980439782748363e+03
2.762659311481413170e+03 1.202241034741336989e+04 1.215371434082914493e+04 1.209510065100244174e+04 4.422471400635834470e+03
2.763659342000854849e+03 1.203466017293087498e+04 1.216364731946172469e+04 1.209266948021564895e+04 4.499851392092356036e+03
2.764659372520295619e+03 1.205065886231925833e+04 1.216144828933903227e+04 1.210282868681318541e+04 4.580819135912164711e+03
2.765659403039736389e+03 1.205787063391367337e+04 1.216604808645151206e+04 1.210876788467072402e+04 4.680806821535207746e+03
2.766659433559177160e+03 1.207594728014852444e+04 1.215674825553684605e+04 1.214093129056783982e+04 4.772221826364899243e+03
2.767659464078617930e+03 1.208759932999058583e+04 1.218571581653757494e+04 1.211075870424742061e+04 4.859064716941248662e+03
2.768659494598058700e+03 1.210271654231242610e+04 1.218391169651034943e+04 1.213577230181042432e+04 4.953972661937576049e+03
2.769659525117499470e+03 1.211376803119191027e+04 1.217045035832249778e+04 1.215118772125438772e+04 5.046783906747354195e+03
2.770659555636941150e+03 1.211802103203691695e+04 1.218748104922161110e+04 1.215143305572457757e+04 5.130831241650596894e+03
2.771659586156381920e+03 1.212454006292736085e+04 1.218361519806683464e+04 1.217734668681318726e+04 5.209004767063744112e+03
2.772659616675822690e+03 1.213036542468478547e+04 1.220568622211806542e+04 1.216347306516650860e+04 5.283495727916831129e+03
2.773659647195263460e+03 1.214044484834898685e+04 1.221968061172161106e+04 1.216942093359338833e+04 5.355795845019917579e+03
2.774659677714704230e+03 1.214922805242676259e+04 1.222114962673717491e+04 1.218358907031666604e+04 5.435368151219550782e+03
2.775659708234145000e+03 1.214062708570821451e+04 1.223411904705281995e+04 1.218349170408718783e+04 5.504869235756487797e+03
2.776659738753585771e+03 1.213757892050456940e+04 1.224424547968879051e+04 1.219587938914562983e+04 5.569105501979469409e+03
2.777659769273026541e+03 1.214488220867676500e+04 1.223661050438092570e+04 1.220221814389522297e+04 5.633342035655755353e+03
2.778659799792467311e+03 1.214270928680176621e+04 1.223642070045306173e+04 1.219681637919630157e+04 5.706342211785346990e+03
2.779659830311908991e+03 1.214201468923969514e+04 1.225188017422161101e+04 1.218209958021640341e+04 5.781533499118314467e+03
2.780659860831349761e+03 1.214262055551113917e+04 1.224580953705579850e+04 1.219028900402844920e+04 5.866188889110983837e+03
2.781659891350790531e+03 1.215209583712927633e+04 1.224111582069203905e+04 1.221386101283329845e+04 5.956016157394023139e+03
2.782659921870231301e+03 1.215001098338129668e+04 1.224728023672161180e+04 1.220221743319281813e+04 6.032086296287991900e+03
2.783659952389672071e+03 1.215131343670562455e+04 1.223973721523974200e+04 1.221134441561743370e+04 6.111571412710110053e+03
2.784659982909112841e+03 1.216435136585378859e+04 1.222731642935459968e+04 1.222857781181318751e+04 6.201398680993152084e+03
2.785660013428553611e+03 1.217313019305176385e+04 1.223642463130363831e+04 1.221861077914594716e+04 6.281848902667294169e+03
2.786660043947995291e+03 1.217095727117676142e+04 1.225868868819570525e+04 1.221292985054236669e+04 6.343281723344645798e+03
2.787660074467436061e+03 1.217095727117676142e+04 1.225730741538050643e+04 1.223155991910428747e+04 6.405328483084160325e+03
2.788660104986876831e+03 1.217452177556488823e+04 1.226098949927082685e+04 1.224180426784992960e+04 6.468077040296661835e+03
2.789660135506317602e+03 1.217608418902319499e+04 1.226724334215102135e+04 1.224022124931318285e+04 6.528806993687741851e+03
2.790660166025758372e+03 1.217669522797077298e+04 1.225886978809727771e+04 1.224329589005740127e+04 6.584983287103545081e+03
2.791660196545199142e+03 1.218112569139703737e+04 1.225031709956724262e+04 1.224720731181318661e+04 6.652114334175962540e+03
2.792660227064639912e+03 1.217677971501431784e+04 1.226172821840421784e+04 1.224413238678800735e+04 6.722223473802397166e+03
2.793660257584080682e+03 1.217669602376709736e+04 1.226733122473892217e+04 1.224246038831015721e+04 6.786546528622938240e+03
2.794660288103521452e+03 1.218616772430176388e+04 1.225491745822980374e+04 1.225959727111932443e+04 6.848594358175666457e+03
2.795660318622963132e+03 1.218469152211237633e+04 1.226485492926304505e+04 1.225502873391994035e+04 6.917214986431761645e+03
2.796660349142403902e+03 1.218686457662009707e+04 1.226494239068837487e+04 1.225792740474870334e+04 6.988812369975290494e+03
2.797660379661844672e+03 1.219912328852993051e+04 1.226034231280085623e+04 1.227972109399593683e+04 7.051646111065511832e+03
2.798660410181285442e+03 1.220642113876053918e+04 1.226403155645471998e+04 1.228912368681318912e+04 7.113694475524853260e+03
2.799660440700726213e+03 1.220145934865227355e+04 1.227340382733001570e+04 1.227756723928755127e+04 7.179421793924632766e+03
2.800660471220166983e+03 1.219842709937519794e+04 1.226264186038829575e+04 1.227515156181318707e+04 7.250233934563931143e+03
2.801660501739607753e+03 1.220355109930176695e+04 1.226863317860495954e+04 1.227515156181318707e+04 7.316042425041864590e+03
2.802660532259049432e+03 1.220355109930176695e+04 1.228481817507997039e+04 1.227515156181318707e+04 7.371518659431215383e+03
2.803660562778490203e+03 1.220355109930176695e+04 1.228334115797573031e+04 1.227357067538365845e+04 7.436462072193296990e+03
2.804660593297930973e+03 1.220285318592166186e+04 1.228325720623841516e+04 1.228820602786794552e+04 7.502973028777476429e+03
2.805660623817371743e+03 1.219276527376328522e+04 1.229779615903437480e+04 1.230309581181318572e+04 7.568620779818945266e+03
2.806660654336812513e+03 1.218399480242676327e+04 1.230551845538005364e+04 1.230076712431318811e+04 7.636618241873737134e+03
2.807660684856253283e+03 1.218112356927349538e+04 1.231463592290545785e+04 1.230384418144557822e+04 7.703753568199034817e+03
2.808660715375694053e+03 1.217895051476577464e+04 1.233459692252205423e+04 1.230925021035893224e+04 7.776757756128204164e+03
2.809660745895134824e+03 1.217887318988918560e+04 1.234231837654261290e+04 1.231548790322654168e+04 7.842640999804961211e+03
2.810660776414575594e+03 1.218896256100748724e+04 1.234313936276308959e+04 1.232862907497468768e+04 7.892954449316255705e+03
2.811660806934017273e+03 1.220285225749261190e+04 1.233927898672160882e+04 1.233644637500750468e+04 7.955004552222138955e+03
2.812660837453458043e+03 1.219485941180176451e+04 1.235899753709013930e+04 1.232263728513919159e+04 8.017131547953223162e+03
2.813660867972898814e+03 1.220207728450136347e+04 1.236851861873726557e+04 1.234535630891766050e+04 8.077695814021703882e+03
2.814660898492339584e+03 1.219640829672248947e+04 1.236901938102324857e+04 1.238318173873438536e+04 8.131915552782911618e+03
2.815660929011780354e+03 1.218112250821172347e+04 1.239825873226386284e+04 1.235665562431318722e+04 8.173467232014046203e+03
2.816660959531221124e+03 1.218399480242676327e+04 1.238387631155338022e+04 1.238294109490007213e+04 8.215169754909344192e+03
2.817660990050661894e+03 1.218112224294627958e+04 1.238364060090627754e+04 1.238385008327598371e+04 8.248033480972562757e+03
2.818661020570103574e+03 1.217887557727817693e+04 1.239069689885422849e+04 1.238144236566856125e+04 8.292482749312874148e+03
2.819661051089544344e+03 1.218546782143083692e+04 1.238520086781024656e+04 1.238467833585868539e+04 8.342873760282700459e+03
2.820661081608985114e+03 1.218182188055176084e+04 1.239077341005295602e+04 1.237753577668912658e+04 8.402660539592803616e+03
2.821661112128425884e+03 1.217754845426765678e+04 1.236161422008660884e+04 1.239849439061056910e+04 8.474254579970018312e+03
2.822661142647866654e+03 1.216878434930176081e+04 1.236598490476546795e+04 1.238633242463593160e+04 8.530585060216300917e+03
2.823661173167307425e+03 1.217165770457857434e+04 1.238067842422161084e+04 1.237520836845345002e+04 8.573063197696843417e+03
2.824661203686748195e+03 1.217740481303035995e+04 1.237155393732017728e+04 1.239233672283375381e+04 8.603664001344290227e+03
2.825661234206188965e+03 1.218974204351126900e+04 1.236606197751427135e+04 1.238159616166899104e+04 8.635186315355009356e+03
2.826661264725629735e+03 1.219843399627670988e+04 1.237533667906276060e+04 1.237062774931318381e+04 8.654833435159061992e+03
2.827661295245071415e+03 1.220782691297485871e+04 1.236309474687886177e+04 1.238752967390728736e+04 8.681195103918240420e+03
2.828661325764512185e+03 1.222016374555760012e+04 1.236680490827329959e+04 1.240097531056570188e+04 8.698722388824848167e+03
2.829661356283952955e+03 1.222380862537490248e+04 1.237756294436444296e+04 1.238076819336723565e+04 8.722752399668788712e+03
2.830661386803393725e+03 1.223102888546348549e+04 1.237540897863586906e+04 1.238918347840355636e+04 8.749820011427162171e+03
2.831661417322834495e+03 1.223761635483818282e+04 1.236309362377869729e+04 1.239008237480531534e+04 8.778232645857666284e+03
2.832661447842275265e+03 1.223397200555176278e+04 1.236294930540751557e+04 1.238076734052435313e+04 8.811096371920881211e+03
2.833661478361716036e+03 1.223537552500981110e+04 1.237533569635011554e+04 1.238219869516787730e+04 8.851947724672201730e+03
2.834661508881157715e+03 1.224189455590026228e+04 1.236613568096258859e+04 1.239466683173856836e+04 8.889261205101640371e+03
2.835661539400598485e+03 1.225423032742123360e+04 1.236836475401469215e+04 1.238474315191801179e+04 8.923540427782923871e+03
2.836661569920039256e+03 1.225352830242676464e+04 1.237756490978973306e+04 1.236056050760684229e+04 8.960785975072793008e+03
2.837661600439480026e+03 1.225352830242676464e+04 1.237844836845686950e+04 1.236439432066001064e+04 8.999514283486998465e+03
2.838661630958920796e+03 1.226145191383702695e+04 1.236917858047161099e+04 1.236597037431318859e+04 9.041075189857161604e+03
2.839661661478361566e+03 1.226509546732711533e+04 1.237147854922161241e+04 1.236288876868540137e+04 9.087792729679307740e+03
2.840661691997802336e+03 1.227589535193405936e+04 1.236613483863747024e+04 1.236439474708145099e+04 9.142565428149131549e+03
2.841661722517243106e+03 1.228471648897017440e+04 1.236079084727828922e+04 1.236521717190444360e+04 9.190830586522139129e+03
2.842661753036683876e+03 1.227743044305176045e+04 1.235456690693997189e+04 1.235439559066551010e+04 9.230975728820934819e+03
2.843661783556125556e+03 1.227743044305176045e+04 1.237066696896502435e+04 1.234809436100289531e+04 9.271185327366334604e+03
2.844661814075566326e+03 1.227960336492676288e+04 1.238135579400851384e+04 1.235508056564337494e+04 9.304821859755084006e+03
2.845661844595007096e+03 1.227672709173007934e+04 1.239826715551509915e+04 1.234740824890117437e+04 9.336140240620536133e+03
2.846661875114447867e+03 1.227666448908557140e+04 1.240063352756234417e+04 1.234268349931318880e+04 9.379958452887058229e+03
2.847661905633888637e+03 1.228823298031313607e+04 1.240056768581518190e+04 1.234576624206481938e+04 9.423776665153580325e+03
2.848661936153329407e+03 1.230127090946130011e+04 1.240976784159022282e+04 1.234966956181318710e+04 9.466885323801257982e+03
2.849661966672770177e+03 1.230855523115433061e+04 1.242275803925891523e+04 1.233733745368281416e+04 9.505612027495633811e+03
2.850661997192211857e+03 1.230714733481647272e+04 1.243432288243096082e+04 1.233638667600549888e+04 9.537765932486734528e+03
2.851662027711652627e+03 1.231143256541278970e+04 1.244047761172160972e+04 1.234350293918607167e+04 9.571278500268506832e+03
2.852662058231093397e+03 1.231654303680176236e+04 1.244426849594039049e+04 1.233878089026722591e+04 9.621669377511681887e+03
2.853662088750534167e+03 1.231654303680176236e+04 1.245495984795925142e+04 1.234576709490770554e+04 9.664837678246429277e+03
2.854662119269974937e+03 1.231942050369293975e+04 1.246347729922161125e+04 1.234658582407818722e+04 9.693319583082993631e+03
2.855662149789415707e+03 1.231513368150397400e+04 1.247112308436856074e+04 1.234343869168866877e+04 9.723992331669560372e+03
2.856662180308856477e+03 1.231648454577161465e+04 1.246888516690266988e+04 1.234809620882914533e+04 9.765560325552311042e+03
2.857662210828297248e+03 1.232593966721609831e+04 1.246117733047161346e+04 1.235199824931318835e+04 9.802095249410116594e+03
2.858662241347738018e+03 1.232599749508264540e+04 1.245738476160258870e+04 1.234740270542242251e+04 9.845144265970719061e+03
2.859662271867179697e+03 1.232088888055176540e+04 1.245272389591864339e+04 1.234495078212540466e+04 9.895535143213935953e+03
2.860662302386620468e+03 1.231513235517675639e+04 1.246341707297527500e+04 1.233814808084586730e+04 9.937931172529759351e+03
2.861662332906061238e+03 1.231507558837198849e+04 1.246434363061123440e+04 1.234017315627849166e+04 9.971563291938975453e+03
2.862662363425502008e+03 1.231871595867676297e+04 1.245266493315998923e+04 1.234525268850702014e+04 1.000300403269158232e+04
2.863662393944942778e+03 1.231583729809109536e+04 1.246583623073026320e+04 1.231002217531116912e+04 1.003066178016800040e+04
2.864662424464383548e+03 1.231437011492676356e+04 1.244737751797160854e+04 1.233185580603357084e+04 1.006873068245810282e+04
2.865662454983824318e+03 1.231149118907565753e+04 1.246876639906023047e+04 1.231468040315405233e+04 1.009425428628523514e+04
2.866662485503265998e+03 1.231073040778559880e+04 1.245744021467321181e+04 1.234262507957550952e+04 1.011840946527605229e+04
2.867662516022706768e+03 1.230719919421054510e+04 1.244812508151881229e+04 1.232882736094566462e+04 1.013955178278314816e+04
2.868662546542147538e+03 1.229481381805176352e+04 1.244438670223273039e+04 1.232318182532185892e+04 1.016513048199116565e+04
2.869662577061588308e+03 1.230274565269075720e+04 1.242063860886041039e+04 1.234186917649761745e+04 1.018194553874587837e+04
2.870662607581029079e+03 1.230138550413260782e+04 1.241362597143137100e+04 1.234349753784779568e+04 1.020960783292849010e+04
2.871662638100469849e+03 1.228112200958700669e+04 1.241592608056888821e+04 1.233493997019001108e+04 1.024761896530465310e+04
2.872662668619910619e+03 1.227020474502160323e+04 1.242282612720641373e+04 1.233954134184049872e+04 1.027900447694972354e+04
2.873662699139351389e+03 1.226227171668812298e+04 1.241902948709929115e+04 1.234652768862145967e+04 1.031186820301293665e+04
2.874662729658792159e+03 1.224994098521056003e+04 1.241747792422161001e+04 1.234815377572395300e+04 1.035201749083796494e+04
2.875662760178233839e+03 1.224266369305176522e+04 1.242132917507424827e+04 1.235113105023869684e+04 1.038783670965094097e+04
2.876662790697674609e+03 1.224342168905466860e+04 1.241212915968672860e+04 1.237138592663876807e+04 1.041341447277238876e+04
2.877662821217115379e+03 1.223255681441422530e+04 1.241132698539401645e+04 1.236060840894893227e+04 1.044480051932406968e+04
2.878662851736556149e+03 1.223250681187825285e+04 1.241517795547160858e+04 1.236044793234590179e+04 1.047837767707905550e+04
2.879662882255996919e+03 1.223467986638597358e+04 1.241517795547160858e+04 1.237685520806616478e+04 1.050762316110212669e+04
2.880662912775437690e+03 1.223614492742676521e+04 1.241972608997650605e+04 1.237523267447569742e+04 1.053753259795549093e+04
2.881662943294878460e+03 1.223038283147746006e+04 1.244117575886155100e+04 1.238844633786915620e+04 1.056968235742032994e+04
2.882662973814320139e+03 1.222745323992676276e+04 1.244587817925159288e+04 1.240778355532400201e+04 1.059892690535685688e+04
2.883663004333760910e+03 1.222674484856166600e+04 1.243737729371666865e+04 1.242575707700423845e+04 1.062297871364517414e+04
2.884663034853201680e+03 1.221805302842894525e+04 1.245882724337675972e+04 1.241021543681318690e+04 1.065731891568005267e+04
2.885663065372642450e+03 1.222310739617676336e+04 1.244367676254105390e+04 1.243421145067283032e+04 1.068799166426661577e+04
2.886663095892083220e+03 1.222022568503850198e+04 1.243197869161197013e+04 1.242889482812201095e+04 1.071723514238989810e+04
2.887663126411523990e+03 1.222235231809372635e+04 1.243747612653117176e+04 1.243649181040928670e+04 1.073623863581486330e+04
2.888663156930964760e+03 1.222674418539805993e+04 1.243047879134187315e+04 1.243982656823372236e+04 1.075667166715642088e+04
2.889663187450405530e+03 1.221805236526533736e+04 1.242447385553571439e+04 1.243416511287601134e+04 1.077929580970127972e+04
2.890663217969846301e+03 1.222093447430176275e+04 1.239527662055126893e+04 1.245217999743624932e+04 1.080558673706119407e+04
2.891663248489287980e+03 1.221587917812489286e+04 1.240668184311238838e+04 1.242656400851479339e+04 1.083040212453603635e+04
2.892663279008728750e+03 1.222159989266512457e+04 1.241137584025118304e+04 1.244039370875285567e+04 1.086183484168948053e+04
2.893663309528169520e+03 1.223250880136907472e+04 1.240978047646708183e+04 1.246063906174070326e+04 1.087864668900453034e+04
2.894663340047610291e+03 1.223543507710173253e+04 1.241898063224211910e+04 1.245683566675046859e+04 1.090198707150086921e+04
2.895663370567051061e+03 1.223033614475951435e+04 1.242592630482383720e+04 1.245593620178678248e+04 1.092970967640381241e+04
2.896663401086491831e+03 1.223326188996128985e+04 1.241212635193631650e+04 1.247850839444838493e+04 1.096261632872252630e+04
2.897663431605932601e+03 1.222243932515898450e+04 1.242658851275849702e+04 1.247313519998614356e+04 1.098161848488096257e+04
2.898663462125374281e+03 1.221082202508992486e+04 1.245343706452330480e+04 1.246838785006168109e+04 1.100276909344053820e+04
2.899663492644815051e+03 1.220426161279040571e+04 1.246577726797160904e+04 1.248468908898312111e+04 1.102762727344419545e+04
2.900663523164255821e+03 1.220647565080903951e+04 1.246728166064236757e+04 1.249248108801031231e+04 1.104587106575558755e+04
2.901663553683696591e+03 1.219632155492268066e+04 1.248413405939031145e+04 1.249404818681318829e+04 1.107068765677028023e+04
2.902663584203137361e+03 1.219485941180176269e+04 1.248727200125077434e+04 1.250099118074744729e+04 1.108606488455593899e+04
2.903663614722578131e+03 1.218980252403223858e+04 1.248413490171542799e+04 1.251885909205032476e+04 1.111012444899010370e+04
2.904663645242018902e+03 1.218474537099727240e+04 1.249868789326344813e+04 1.251657290455413749e+04 1.113494157491140686e+04
2.905663675761459672e+03 1.217964895867676387e+04 1.251332371344862986e+04 1.251962196001177108e+04 1.117214753911209118e+04
2.906663706280900442e+03 1.218253332246944956e+04 1.250792974413211050e+04 1.253592319893321110e+04 1.121234028809922893e+04
2.907663736800342122e+03 1.218470637697717393e+04 1.251558296981765670e+04 1.254218804063269272e+04 1.124086083993843204e+04
2.908663767319782892e+03 1.218980186086863250e+04 1.251716991035052160e+04 1.254138466263416012e+04 1.126930436522569289e+04
2.909663797839223662e+03 1.218976432580847177e+04 1.252018346886774088e+04 1.254523922819754807e+04 1.129925953659425795e+04
2.910663828358664432e+03 1.219414743935318802e+04 1.251181581108985847e+04 1.257005254982286169e+04 1.132996959491690541e+04
2.911663858878105202e+03 1.218691643601417309e+04 1.252165276465833995e+04 1.256246096887386375e+04 1.134239721392555839e+04
2.912663889397545972e+03 1.218328256471274653e+04 1.252949916357224174e+04 1.256066161252503844e+04 1.135119749748168579e+04
2.913663919916986742e+03 1.217605129610828953e+04 1.250408481071789902e+04 1.258032475810280084e+04 1.135410658708294977e+04
2.914663950436428422e+03 1.217238227713568631e+04 1.251181412643960539e+04 1.255764837646862907e+04 1.136064354704335710e+04
2.915663980955869192e+03 1.217893632306457948e+04 1.250027679922161042e+04 1.257864465761752945e+04 1.138327103275453373e+04
2.916664011475309962e+03 1.217024450293185691e+04 1.250868559054302932e+04 1.256780232386836724e+04 1.140227064810657430e+04
2.917664041994750733e+03 1.217309597380963714e+04 1.251407661172160988e+04 1.257551557706909443e+04 1.141688830850530940e+04
2.918664072514191503e+03 1.218328176891641669e+04 1.250872195091086360e+04 1.259028852153896878e+04 1.143003377218526293e+04
2.919664103033632273e+03 1.218324821283789788e+04 1.250717670547161106e+04 1.258566710808065909e+04 1.144537007961522249e+04
2.920664133553073043e+03 1.219048054250412861e+04 1.250793170955740061e+04 1.257788093681318787e+04 1.146142556898301154e+04
2.921664164072513813e+03 1.220929117821930777e+04 1.251026635402499414e+04 1.258716072025485664e+04 1.147604269447513616e+04
2.922664194591954583e+03 1.222236160238422053e+04 1.250408733769326682e+04 1.259341703352548029e+04 1.148699731440509095e+04
2.923664225111396263e+03 1.223251278035071664e+04 1.251558746221831643e+04 1.258875951638499464e+04 1.150014277808505904e+04
2.924664255630837033e+03 1.223757258604011622e+04 1.252252092108573743e+04 1.259334937465653456e+04 1.151619880235945857e+04
2.925664286150277803e+03 1.224626453880555709e+04 1.251562087444821555e+04 1.261124770402233844e+04 1.152646499748168753e+04
2.926664316669718573e+03 1.224558134765752766e+04 1.251253248938252545e+04 1.260432745256503222e+04 1.153009580982718035e+04
2.927664347189159344e+03 1.224337792025660019e+04 1.251716457562474170e+04 1.259414934128351888e+04 1.154321065010368329e+04
2.928664377708600114e+03 1.224843825647688209e+04 1.250030838641374976e+04 1.261045058020496072e+04 1.155857731348378729e+04
2.929664408228040884e+03 1.225641571677204229e+04 1.249794566444203156e+04 1.261593720277103967e+04 1.157679502909790790e+04
2.930664438747482563e+03 1.226219094336077978e+04 1.250717670547161106e+04 1.261124841472474509e+04 1.160164491804912541e+04
2.931664469266923334e+03 1.227668703664821442e+04 1.249800715417605534e+04 1.261357724436522403e+04 1.161773089709371197e+04
2.932664499786364104e+03 1.228177628680176349e+04 1.250024689667972234e+04 1.261360766242815043e+04 1.162574526911234170e+04
2.933664530305804874e+03 1.228537925467909918e+04 1.251099033246872750e+04 1.261278139981218192e+04 1.164327255401895309e+04
2.934664560825245644e+03 1.229407120744454187e+04 1.251331964221053204e+04 1.262442526373362125e+04 1.165716688695362245e+04
2.935664591344686414e+03 1.230276316020998274e+04 1.250336251692441510e+04 1.264152206292714618e+04 1.167247578041978704e+04
2.936664621864127184e+03 1.231002427117676598e+04 1.250257676797160821e+04 1.263146931954987122e+04 1.169147272123877701e+04
2.937664652383567955e+03 1.231940525092996722e+04 1.250639151806888731e+04 1.263141260549794606e+04 1.170900000614538294e+04
2.938664682903008725e+03 1.232883901850630718e+04 1.250871914316045331e+04 1.264385117684858778e+04 1.171853765846411079e+04
2.939664713422450404e+03 1.233898807434926130e+04 1.250793437692029329e+04 1.264464574213730157e+04 1.171559928272591787e+04
2.940664743941891174e+03 1.233755630412154460e+04 1.251101883113540862e+04 1.264461873544591799e+04 1.172289380417345637e+04
2.941664774461331945e+03 1.233103740586382446e+04 1.250717670547161106e+04 1.265393376972687656e+04 1.174183992886444867e+04
2.942664804980772715e+03 1.233607506188874140e+04 1.250869289069409751e+04 1.266327481571585849e+04 1.176305165050425239e+04
2.943664835500213485e+03 1.234550737050514545e+04 1.251637658047160949e+04 1.265472762431318370e+04 1.177183949748168379e+04
2.944664866019654255e+03 1.234407453921566230e+04 1.251943492260789390e+04 1.265703115294804593e+04 1.177547512398667277e+04
2.945664896539095025e+03 1.234765747955205552e+04 1.252173503174541474e+04 1.266869974931318393e+04 1.177841202873168550e+04
2.946664927058536705e+03 1.235711180520021662e+04 1.252633510963294066e+04 1.266483480749468254e+04 1.178423903389328916e+04
2.947664957577977475e+03 1.234987602708322811e+04 1.253629391956930885e+04 1.266478676401212033e+04 1.179372546890404919e+04
2.948664988097418245e+03 1.234479102117676484e+04 1.254319410659434834e+04 1.267880636393275927e+04 1.180906177633400330e+04
2.949665018616859015e+03 1.234407387605205440e+04 1.254857614297161126e+04 1.266406540107110413e+04 1.181565637248168605e+04
2.950665049136299785e+03 1.234044517742676180e+04 1.255239454314442628e+04 1.265703371147670623e+04 1.182365402866873956e+04
2.951665079655740556e+03 1.234333550969191674e+04 1.255471669312268023e+04 1.266949076108987720e+04 1.185139147723012502e+04
2.952665110175181326e+03 1.234696394305176545e+04 1.256235447618095350e+04 1.264697258181105099e+04 1.187187438861311421e+04
2.953665140694622096e+03 1.235274513811295401e+04 1.255397783360176800e+04 1.267331448216887657e+04 1.187919084123168432e+04
2.954665171214062866e+03 1.234698344006181833e+04 1.254931528326756415e+04 1.267183949039770414e+04 1.188063829851972332e+04
2.955665201733504546e+03 1.234333604022280451e+04 1.255091654332753751e+04 1.266635059358392755e+04 1.189012580334371341e+04
2.956665232252945316e+03 1.234913686492676425e+04 1.253399647779467523e+04 1.265942508292881757e+04 1.190473811467633823e+04
2.957665262772386086e+03 1.234696394305176545e+04 1.254167623672161244e+04 1.265237932142680802e+04 1.191786499035157976e+04
2.958665293291826856e+03 1.235274646444016980e+04 1.253861592916003974e+04 1.266404237431318506e+04 1.192958024748168282e+04
2.959665323811267626e+03 1.235204576577291664e+04 1.254701812226798393e+04 1.265008901185667855e+04 1.193685952409081983e+04
2.960665354330708396e+03 1.234624533896712092e+04 1.255547604922160826e+04 1.265005191319113692e+04 1.194783152848562167e+04
2.961665384850149167e+03 1.233828896727466599e+04 1.255777601797160969e+04 1.265938499931318620e+04 1.195585352292344942e+04
2.962665415369590846e+03 1.233247235927685506e+04 1.256465865655658126e+04 1.265241642009234238e+04 1.196535854593893055e+04
2.963665445889031616e+03 1.233899125753457520e+04 1.257387579922161240e+04 1.264308418681318835e+04 1.197410600746726959e+04
2.964665476408472387e+03 1.234188344665782824e+04 1.256851468058491082e+04 1.265238230637691231e+04 1.199237400430278103e+04
2.965665506927913157e+03 1.235202905405001729e+04 1.257385979504426359e+04 1.265318596865640757e+04 1.199894680300608707e+04
2.966665537447353927e+03 1.235202918668273560e+04 1.258001424355987365e+04 1.264851253178205479e+04 1.200771044545939003e+04
2.967665567966794697e+03 1.235493609803806794e+04 1.257311419692235359e+04 1.265628519970383604e+04 1.201136693332218965e+04
2.968665598486235467e+03 1.234624427790534719e+04 1.257003760440838778e+04 1.263999916981386377e+04 1.201574875454884386e+04
2.969665629005676237e+03 1.234117850374348927e+04 1.258229947162020653e+04 1.262988345820349969e+04 1.202451226327549739e+04
2.970665659525117007e+03 1.234260496866233552e+04 1.258307567422161083e+04 1.263919835034398056e+04 1.202670324075214921e+04
2.971665690044558687e+03 1.235274991289092759e+04 1.258001354162226926e+04 1.263998381864191288e+04 1.202744221423457020e+04
2.972665720563999457e+03 1.236361478753137089e+04 1.258001340123474620e+04 1.262989710368967462e+04 1.202670350820545718e+04
2.973665751083440227e+03 1.237230674029681177e+04 1.257541332334723120e+04 1.262601140936095180e+04 1.203035905998168528e+04
2.974665781602880998e+03 1.238099869306225264e+04 1.257233841548351302e+04 1.262289810640590440e+04 1.203035905998168528e+04
2.975665812122321768e+03 1.238318302135129852e+04 1.258076391291987784e+04 1.262911206181318630e+04 1.203400297753913583e+04
2.976665842641762538e+03 1.237304974880220288e+04 1.259073844625855600e+04 1.262755576568686774e+04 1.204276661999244061e+04
2.977665873161203308e+03 1.237520158207448912e+04 1.259227554922161107e+04 1.262679446127070878e+04 1.204788580998168800e+04
2.978665903680644988e+03 1.237883677970312965e+04 1.259840177984558613e+04 1.261592327300389661e+04 1.205006662423274611e+04
2.979665934200085758e+03 1.237810597340811728e+04 1.260301210602210631e+04 1.261125537960831207e+04 1.206905754735236405e+04
2.980665964719526528e+03 1.238100943631269001e+04 1.261065592574377479e+04 1.261668585668439482e+04 1.207271229676867733e+04
2.981665995238967298e+03 1.237376914868316999e+04 1.263519285659434718e+04 1.261902420973710105e+04 1.207490327424533098e+04
2.982666025758408068e+03 1.237230912768579583e+04 1.265436586105781316e+04 1.262521897617944887e+04 1.207855762248168503e+04
2.983666056277848838e+03 1.238317400232623731e+04 1.266357458047161163e+04 1.263533326638500330e+04 1.207928522919863099e+04
2.984666086797289609e+03 1.238246004038684623e+04 1.267583041102003881e+04 1.261823405080329394e+04 1.208658563461888298e+04
2.985666117316730379e+03 1.238390361492676311e+04 1.267354616567235462e+04 1.264851523245119279e+04 1.209607715124243987e+04
2.986666147836171149e+03 1.237232371728516046e+04 1.268732421810664346e+04 1.262679787264226252e+04 1.210484774748168456e+04
2.987666178355612828e+03 1.236361876651301463e+04 1.270114522912226857e+04 1.262987237124599233e+04 1.210338504535524407e+04
2.988666208875053599e+03 1.236797084400091808e+04 1.270802590228195186e+04 1.262912485445646962e+04 1.211214855408189578e+04
2.989666239394494369e+03 1.236724269036033002e+04 1.271955031384805261e+04 1.263064860041265092e+04 1.211142027873168627e+04
2.990666269913935139e+03 1.237086608367676308e+04 1.272105737388169837e+04 1.265550754913235869e+04 1.212017843839223315e+04
2.991666300433375909e+03 1.236652023992676368e+04 1.275633324812061801e+04 1.263687776485139693e+04 1.213040438179202283e+04
2.992666330952816679e+03 1.236941601013349464e+04 1.275787793200979650e+04 1.264152547429868537e+04 1.213479074972486706e+04
2.993666361472257449e+03 1.237810385128456619e+04 1.274484295072202804e+04 1.265240320102761871e+04 1.212748914076474102e+04
2.994666391991699129e+03 1.238752634507958646e+04 1.275480035678319291e+04 1.262989468730149019e+04 1.212602349665194197e+04
2.995666422511139899e+03 1.238607653680176008e+04 1.277473524432095837e+04 1.261901880839882506e+04 1.212894702873168535e+04
2.996666453030580669e+03 1.238679991566437820e+04 1.278700427129632408e+04 1.263221598349648775e+04 1.213405806139511878e+04
2.997666483550021439e+03 1.239114589204710137e+04 1.280157017849624390e+04 1.262523262166562381e+04 1.213551955998168887e+04
2.998666514069462210e+03 1.239331894655482211e+04 1.280770455159640551e+04 1.262135048084892514e+04 1.214209008533189808e+04
2.999666544588902980e+03 1.239694114617676314e+04 1.281997245547161037e+04 1.262910865044163620e+04 1.214866462248168318e+04
3.000666575108343750e+03 1.240273480871376523e+04 1.281613875305904912e+04 1.263998097583229901e+04 1.214793474241164222e+04
3.001666605627784520e+03 1.241142676147920793e+04 1.282840427034639652e+04 1.262135005442748479e+04 1.214355292118499347e+04
3.002666636147225290e+03 1.241287617185887575e+04 1.284527211172160969e+04 1.262755903491792196e+04 1.213771040373168580e+04
3.003666666666666970e+03 1.240708144826009629e+04 1.283607223672160944e+04 1.265084647847985798e+04 1.214428293498168932e+04
3.004666697186107740e+03 1.240345991180176316e+04 1.283300589249665609e+04 1.264929345158459182e+04 1.215596756870833997e+04
3.005666727705548510e+03 1.240273533924465301e+04 1.284143911124665283e+04 1.263842681181318767e+04 1.214793327141846385e+04
3.006666758224989280e+03 1.240128698992676254e+04 1.283990509680904870e+04 1.264618952990129765e+04 1.213697972130173002e+04
3.007666788744430050e+03 1.239114403518900508e+04 1.284527379637185368e+04 1.264463607658459659e+04 1.214136287979490771e+04
3.008666819263870821e+03 1.238173069305176250e+04 1.285523934490921420e+04 1.263609812431318642e+04 1.214209209123168512e+04
3.009666849783311591e+03 1.237738484930176310e+04 1.285293698957136621e+04 1.265084988985138989e+04 1.214136100762177193e+04
3.010666880302753270e+03 1.237448669170604262e+04 1.285370729589690382e+04 1.265317317601311515e+04 1.214063246481825627e+04
3.011666910822194041e+03 1.237231363719832189e+04 1.286060748292194148e+04 1.264774156181318722e+04 1.214501428604490866e+04
3.012666941341634811e+03 1.237159158466292320e+04 1.286673975020929720e+04 1.265162526617518051e+04 1.214866462248168318e+04
3.013666971861075581e+03 1.237303900555176006e+04 1.287057176797161264e+04 1.265938499931318620e+04 1.214866462248168318e+04
3.014667002380516351e+03 1.237303900555176006e+04 1.287517633825979101e+04 1.265472293367731254e+04 1.214939637472486174e+04
3.015667032899957121e+03 1.236651546514879192e+04 1.288513992137185960e+04 1.264308418681318835e+04 1.216327827108083875e+04
3.016667063419397891e+03 1.235710252090972062e+04 1.289050300543384401e+04 1.264929771579902263e+04 1.218006845467816856e+04
3.017667093938838661e+03 1.235638179470152863e+04 1.288053436837103800e+04 1.264773559191298773e+04 1.217933643498168567e+04
3.018667124458279432e+03 1.235710225564427856e+04 1.287286541928318729e+04 1.263920517308706621e+04 1.217714559123168510e+04
3.019667154977721111e+03 1.235202984984634168e+04 1.286060972912227408e+04 1.263997017315573430e+04 1.218079485785524412e+04
3.020667185497161881e+03 1.233826549128297120e+04 1.287056460820805842e+04 1.263689126819709782e+04 1.218299920799716347e+04
3.021667216016602652e+03 1.233102679524611085e+04 1.284910286599624123e+04 1.265626984853188696e+04 1.219905402873168350e+04
3.022667246536043422e+03 1.232595399155001542e+04 1.285754127908450209e+04 1.263531919447738073e+04 1.219393951917528648e+04
3.023667277055484192e+03 1.232016192060566937e+04 1.284218583246873277e+04 1.264464233076575874e+04 1.219248149748168726e+04
3.024667307574924962e+03 1.231437011492676356e+04 1.282303318419574680e+04 1.263220205372935743e+04 1.220052863253020587e+04
3.025667338094365732e+03 1.231654303680176236e+04 1.279924493999254628e+04 1.262679275558492736e+04 1.221878044844075521e+04
3.026667368613807412e+03 1.231654303680176236e+04 1.277628273596053623e+04 1.262754325732453071e+04 1.223777431354674809e+04
3.027667399133248182e+03 1.231508805584779839e+04 1.278470289867111387e+04 1.261203160877497794e+04 1.225017692567134873e+04
3.028667429652688952e+03 1.230639610308235751e+04 1.277626252015756290e+04 1.261593038002795402e+04 1.225748321506431785e+04
3.029667460172129722e+03 1.229987707219191543e+04 1.276860283664607778e+04 1.262211491235566973e+04 1.226039765373168302e+04
3.030667490691570492e+03 1.229336878455190890e+04 1.276093234329549887e+04 1.261359131627284114e+04 1.226332238935130590e+04
3.031667521211011262e+03 1.229771476093463207e+04 1.275173218752045977e+04 1.262446662661358823e+04 1.226331129003914066e+04
3.032667551730452033e+03 1.230277735191117790e+04 1.275328557543590068e+04 1.262366196935073094e+04 1.226113181305460785e+04
3.033667582249892803e+03 1.229698673992676413e+04 1.275326072684476094e+04 1.261048256181318720e+04 1.226917306413041661e+04
3.034667612769333573e+03 1.229045563945867798e+04 1.273946049318220139e+04 1.261046934274846353e+04 1.227573355998168518e+04
3.035667643288775253e+03 1.227887481338800899e+04 1.274024469787226917e+04 1.258641490915112990e+04 1.227646812048457105e+04
3.036667673808216023e+03 1.227597307470881242e+04 1.272488854931889000e+04 1.260194873161572650e+04 1.228011524748168813e+04
3.037667704327656793e+03 1.226946757235595760e+04 1.272568805624871493e+04 1.258483800265506397e+04 1.228304091918787344e+04
3.038667734847097563e+03 1.227381354873868077e+04 1.272334428659228433e+04 1.258724046106469541e+04 1.228376197329884235e+04
3.039667765366538333e+03 1.227307027496785122e+04 1.270958911732383422e+04 1.259957441702133838e+04 1.228451137746016684e+04
3.040667795885979103e+03 1.226802426308147915e+04 1.271953009804508838e+04 1.258022540190657310e+04 1.229326030998168790e+04
3.041667826405419873e+03 1.227598686851183993e+04 1.270497401797161001e+04 1.259261848830330018e+04 1.229399567284448494e+04
3.042667856924861553e+03 1.227235511933395901e+04 1.271571815569822320e+04 1.257087824387690307e+04 1.229984848725004667e+04
3.043667887444302323e+03 1.226873875555176346e+04 1.271185707771913621e+04 1.257480444824272490e+04 1.231444916436389758e+04
3.044667917963743093e+03 1.227671701164325532e+04 1.269805684405657485e+04 1.259263511873957214e+04 1.232833025835995977e+04
3.045667948483183864e+03 1.227306788757886352e+04 1.269271931052334367e+04 1.259107086274631547e+04 1.233928487828991820e+04
3.046667979002624634e+03 1.226656583367676103e+04 1.270267404922161222e+04 1.258563100439848677e+04 1.234876743522774814e+04
3.047668009522065404e+03 1.227237196368958030e+04 1.269730127842070397e+04 1.257709845346535803e+04 1.235462158689983153e+04
3.048668040041506174e+03 1.227089377200937452e+04 1.269732009034846124e+04 1.257631568583656554e+04 1.236703075163041831e+04
3.049668070560946944e+03 1.225931665965491266e+04 1.270420090389566758e+04 1.256390881181318764e+04 1.236993984123168411e+04
3.050668101080387714e+03 1.226295053095633193e+04 1.269652760279467839e+04 1.257013200635172871e+04 1.237579466153702742e+04
3.051668131599829394e+03 1.226583516001446515e+04 1.269194760032260274e+04 1.257165745799367505e+04 1.238529500411966728e+04
3.052668162119270164e+03 1.225204719282667975e+04 1.270116825267565218e+04 1.255533546656200451e+04 1.239184827873168615e+04
3.053668192638710934e+03 1.223758691037402787e+04 1.270647925296749054e+04 1.254684598419461872e+04 1.239625002522957948e+04
3.054668223158151704e+03 1.223904892086222208e+04 1.269577414297160976e+04 1.255072016514438474e+04 1.241158633265953722e+04
3.055668253677592475e+03 1.223541372323358519e+04 1.269500018657053806e+04 1.254445134351144588e+04 1.242985071887542836e+04
3.056668284197033245e+03 1.223250933189996249e+04 1.269040010868302306e+04 1.251809622408887117e+04 1.244371242250686191e+04
3.057668314716474015e+03 1.223035763126038546e+04 1.267657741301716669e+04 1.252201546357110237e+04 1.245321356744940567e+04
3.058668345235915695e+03 1.223253068576810801e+04 1.266817451797160720e+04 1.252275303052694107e+04 1.247442889970885517e+04
3.059668375755356465e+03 1.222816269235362961e+04 1.267354897342276490e+04 1.251422218527958466e+04 1.250215070225187810e+04
3.060668406274797235e+03 1.222674405276534162e+04 1.267199979713293396e+04 1.251500637431318501e+04 1.252041589082768951e+04
3.061668436794238005e+03 1.223470400554127264e+04 1.266587454922160941e+04 1.251655058849862326e+04 1.254232499696094965e+04
3.062668467313678775e+03 1.223468066218230342e+04 1.266817451797160720e+04 1.250022447499300870e+04 1.256349593197170543e+04
3.063668497833119545e+03 1.223035842705671166e+04 1.266277423121667016e+04 1.249017556940870963e+04 1.257590322452915825e+04
3.064668528352560315e+03 1.223106668578909012e+04 1.263977398216658912e+04 1.250417384825721092e+04 1.259050109338330185e+04
3.065668558872001086e+03 1.222745323992676276e+04 1.264060100505043556e+04 1.250799387368372845e+04 1.259633531978414794e+04
3.066668589391441856e+03 1.222745323992676276e+04 1.264132386039402081e+04 1.249870556181318716e+04 1.260364669078991210e+04
3.067668619910883535e+03 1.222381472648008457e+04 1.263134806356764966e+04 1.250103424931318477e+04 1.261607885650476419e+04
3.068668650430324305e+03 1.222601324647032197e+04 1.262680245603813091e+04 1.249402046941939079e+04 1.263067632417895038e+04
3.069668680949765076e+03 1.222090821302292170e+04 1.263367498672160946e+04 1.248473343681318511e+04 1.264749084602705261e+04
3.070668711469205846e+03 1.221370917416976772e+04 1.263672279979385166e+04 1.249329100447097153e+04 1.266866071122458925e+04
3.071668741988646616e+03 1.222240112693520678e+04 1.262369890912021219e+04 1.249949145653255982e+04 1.268249112281930684e+04
3.072668772508087386e+03 1.223543892345065069e+04 1.262758048367729316e+04 1.249480480059347792e+04 1.267742515603780521e+04
3.073668803027528156e+03 1.223905144088392808e+04 1.264209837834517020e+04 1.249329185731385405e+04 1.269199387248168750e+04
3.074668833546969836e+03 1.224483661492676219e+04 1.262826852291575233e+04 1.249713291953155021e+04 1.269347342416636275e+04
3.075668864066410606e+03 1.224410275807915423e+04 1.261294494426715755e+04 1.248781788525058619e+04 1.270809857325764642e+04
3.076668894585851376e+03 1.223394295898577184e+04 1.260685226626061558e+04 1.247617416346962636e+04 1.272047484123168579e+04
3.077668925105292146e+03 1.223473557212897322e+04 1.260374422694203713e+04 1.247308999931318249e+04 1.272195519527627584e+04
3.078668955624732916e+03 1.224557086967253599e+04 1.258764402452947616e+04 1.247620557651592571e+04 1.272997852698063434e+04
3.079668986144173687e+03 1.225282415530875005e+04 1.258540765132630440e+04 1.247463165496996407e+04 1.273216950445728617e+04
3.080669016663614457e+03 1.225934318619919395e+04 1.259843041889978122e+04 1.248243758376428741e+04 1.273948274763618792e+04
3.081669047183055227e+03 1.226365825915782625e+04 1.260377539297161456e+04 1.248706212431318454e+04 1.274898710201839276e+04
3.082669077702495997e+03 1.226004706805176465e+04 1.260533088669986500e+04 1.248627466604852270e+04 1.276213256569835175e+04
3.083669108221937677e+03 1.226295490783614332e+04 1.260915321772326206e+04 1.247850086100289263e+04 1.277672789374610875e+04
3.084669138741378447e+03 1.226221998992676163e+04 1.261449720908244126e+04 1.247308999931318249e+04 1.277743677873168599e+04
3.085669169260819217e+03 1.226512809497658418e+04 1.260834079514154291e+04 1.247230211462707666e+04 1.278330095990271730e+04
3.086669199780259987e+03 1.226726812393667569e+04 1.260151038071424045e+04 1.245435432037389182e+04 1.279941181210469404e+04
3.087669230299700757e+03 1.225717212118229509e+04 1.261060454391123130e+04 1.244063165191801090e+04 1.281983802338696478e+04
3.088669260819141527e+03 1.227382018037474882e+04 1.257847573672161161e+04 1.248781418959808980e+04 1.283736530829357434e+04
3.089669291338582298e+03 1.226944025001534828e+04 1.260540529208577027e+04 1.244657596683288648e+04 1.285121818596593403e+04
3.090669321858023977e+03 1.227241798724392356e+04 1.260600207943584610e+04 1.244833722953278993e+04 1.286658926232558588e+04
3.091669352377464747e+03 1.228612213055176471e+04 1.260537047598068057e+04 1.243808463663921793e+04 1.288849836845884965e+04
3.092669382896905518e+03 1.228833046536338588e+04 1.260830036353560536e+04 1.243977539766056361e+04 1.290966529167002591e+04
3.093669413416346288e+03 1.229477800721698077e+04 1.259387203610588585e+04 1.243646650940367181e+04 1.292719257657663184e+04
3.094669443935787058e+03 1.228759488429039629e+04 1.261371637369286145e+04 1.239936116326362389e+04 1.294546231185863144e+04
3.095669474455227828e+03 1.230792456256398327e+04 1.259375719911403576e+04 1.242193733585868722e+04 1.297030484584393344e+04
3.096669504974668598e+03 1.231724267440724907e+04 1.259001474858985785e+04 1.242722638315619952e+04 1.299511033754645905e+04
3.097669535494109368e+03 1.231219719305176659e+04 1.260919477242934954e+04 1.240551797819755302e+04 1.301118963025841185e+04
3.098669566013550138e+03 1.231875375900236213e+04 1.261601521934269840e+04 1.241262514438733524e+04 1.302793595151368208e+04
3.099669596532991818e+03 1.233105464811761158e+04 1.260377539297161093e+04 1.242414662535465868e+04 1.303380401075764530e+04
3.100669627052432588e+03 1.233900942821740864e+04 1.261301612074010882e+04 1.240551669893321559e+04 1.304914031818760122e+04
3.101669657571873358e+03 1.234483001519686150e+04 1.262139472874458988e+04 1.240406132254840122e+04 1.306302916832951632e+04
3.102669688091314129e+03 1.235569502247002492e+04 1.260677252614891404e+04 1.242343947646175366e+04 1.308423433736334300e+04
3.103669718610754899e+03 1.236434731805176307e+04 1.259305624422367146e+04 1.242023534573936195e+04 1.310535980531220957e+04
3.104669749130195669e+03 1.237164397458787607e+04 1.260763703250077015e+04 1.240011010145793989e+04 1.311561102304934320e+04
3.105669779649636439e+03 1.239484939552726246e+04 1.259913249689030999e+04 1.240481082930463890e+04 1.313532915170595152e+04
3.106669810169078119e+03 1.241362753622571472e+04 1.259305666538623518e+04 1.239694633863213858e+04 1.314698663892212971e+04
3.107669840688518889e+03 1.241797364524115437e+04 1.260533790607589799e+04 1.237836047575980410e+04 1.315355943762543393e+04
3.108669871207959659e+03 1.242666559800659525e+04 1.259908701133362774e+04 1.238464464856470113e+04 1.316893773522431911e+04
3.109669901727400429e+03 1.244044176088217500e+04 1.257847573672161161e+04 1.238846595325553426e+04 1.318567817250686312e+04
3.110669932246841199e+03 1.244548392641962164e+04 1.258693899840102131e+04 1.237677674652065798e+04 1.319154917373717944e+04
3.111669962766281969e+03 1.246295338005581652e+04 1.258997558047161328e+04 1.236676195465179990e+04 1.320688548116713355e+04
3.112669993285722740e+03 1.248898600008496396e+04 1.258841166349212472e+04 1.237137299185499978e+04 1.321709524364195568e+04
3.113670023805163510e+03 1.249906847430176276e+04 1.258615774184887596e+04 1.235660871795446292e+04 1.322436890373168535e+04
3.114670054324604280e+03 1.250493654379547479e+04 1.258072895642725780e+04 1.234734087431318585e+04 1.322879512220700417e+04
3.115670084844045959e+03 1.252883934758409669e+04 1.256927586172160954e+04 1.234501218681318642e+04 1.323974974213697169e+04
3.116670115363486730e+03 1.255565436803688863e+04 1.257700587938092758e+04 1.234496400119012651e+04 1.325657683429042117e+04
3.117670145882927500e+03 1.257373260586439937e+04 1.258919292004426461e+04 1.233024762863168871e+04 1.327405851840848482e+04
3.118670176402368270e+03 1.259328943327028173e+04 1.258229287340674091e+04 1.233262521245714561e+04 1.328869516799189296e+04
3.119670206921809040e+03 1.260993364611381548e+04 1.258234158787638626e+04 1.233564797192580590e+04 1.330403160914850014e+04
3.120670237441249810e+03 1.261714608087183296e+04 1.259535859956152126e+04 1.232405399931318607e+04 1.331862212303675369e+04
3.121670267960690580e+03 1.262514489503514233e+04 1.259149232724418289e+04 1.232564000280002983e+04 1.333102152572170235e+04
3.122670298480132260e+03 1.264470158980831548e+04 1.257994222476179857e+04 1.233490429292928093e+04 1.333903897345335281e+04
3.123670328999573030e+03 1.265413389842471588e+04 1.257157583047161097e+04 1.232558940078880005e+04 1.334491345157663454e+04
3.124670359519013800e+03 1.267443108168155777e+04 1.257079218733161724e+04 1.232093188364831803e+04 1.335512160933161977e+04
3.125670390038454570e+03 1.270272827279620651e+04 1.256232457363906906e+04 1.232019019461853350e+04 1.336388525178492819e+04
3.126670420557895341e+03 1.273092837675876945e+04 1.255239215655657426e+04 1.231701548697570433e+04 1.337707992687305159e+04
3.127670451077336111e+03 1.275339901242149608e+04 1.255166017602416287e+04 1.230616547764056850e+04 1.339306387248168357e+04
3.128670481596776881e+03 1.277507928969729255e+04 1.255239187578153542e+04 1.229764444008639657e+04 1.339968655122641576e+04
3.129670512116217651e+03 1.278668531598501977e+04 1.254319186039401757e+04 1.229452147157864783e+04 1.340989404034814470e+04
3.130670542635658421e+03 1.280406922151590152e+04 1.254089175125649854e+04 1.228991796782093843e+04 1.341278146623168504e+04
3.131670573155100101e+03 1.282071184276679196e+04 1.253472242166369688e+04 1.229457548496142044e+04 1.342159619226629911e+04
3.132670603674540871e+03 1.283523260574041524e+04 1.253096115921177079e+04 1.229219193123575860e+04 1.343180328020806519e+04
3.133670634193981641e+03 1.286279143049492268e+04 1.253634614372696888e+04 1.229304178917157515e+04 1.343468990373168708e+04
3.134670664713422411e+03 1.289247158299579496e+04 1.253550620519121367e+04 1.228986267517383567e+04 1.344281058843915525e+04
3.135670695232863181e+03 1.292220399278891091e+04 1.252013573711073514e+04 1.229304235773349683e+04 1.346247589506797522e+04
3.136670725752303952e+03 1.295040011776983556e+04 1.251099131518137438e+04 1.228906697276127670e+04 1.347049147062648444e+04
3.137670756271744722e+03 1.296995707780843986e+04 1.250482030093833419e+04 1.229310006676876947e+04 1.347268244810313627e+04
3.138670786791186401e+03 1.298877182513800471e+04 1.250420484204802597e+04 1.229213265865517678e+04 1.348369095987411310e+04
3.139670817310627172e+03 1.301564387766101027e+04 1.249701924719357885e+04 1.230406535203400745e+04 1.349165184123168547e+04
3.140670847830067942e+03 1.304018053322526612e+04 1.246964901540225765e+04 1.231143960018756115e+04 1.349533988858450721e+04
3.141670878349508712e+03 1.305979213794509997e+04 1.248726301644945306e+04 1.228770853618448746e+04 1.350629437478781074e+04
3.142670908868949482e+03 1.309387224834631161e+04 1.247340480274088441e+04 1.232325801261966262e+04 1.351136943498168330e+04
3.143670939388390252e+03 1.312280846391275009e+04 1.248574963897737689e+04 1.230622062814719175e+04 1.351430928171305095e+04
3.144670969907831022e+03 1.314814131370369068e+04 1.246874491976959507e+04 1.232570666668561171e+04 1.352532020056376314e+04
3.145671000427271792e+03 1.316695513260419102e+04 1.246583707305538155e+04 1.232785440935332554e+04 1.353327787248168715e+04
3.146671030946712563e+03 1.319017142942672581e+04 1.247419041130617006e+04 1.232098973482407564e+04 1.353402727664300983e+04
3.147671061466154242e+03 1.321916361600162963e+04 1.247346404627458105e+04 1.233655553889690782e+04 1.353691002209370527e+04
3.148671091985595012e+03 1.324375252885812915e+04 1.247806412416209969e+04 1.233949614116754492e+04 1.353177852925242405e+04
3.149671122505035783e+03 1.327057192619072885e+04 1.247570280606559572e+04 1.232717966849007826e+04 1.352307345907296803e+04
3.150671153024476553e+03 1.328938521456033959e+04 1.246262809510949955e+04 1.234041749576530128e+04 1.354290913345724039e+04
3.151671183543917323e+03 1.331328801834894148e+04 1.245663972503075456e+04 1.235359278122888645e+04 1.356031807027627474e+04
3.152671214063358093e+03 1.333576196982970578e+04 1.246577726797160904e+04 1.235585821621485229e+04 1.356175884123168726e+04
3.153671244582798863e+03 1.336183782812602658e+04 1.246577726797160904e+04 1.235592203729081120e+04 1.356319934473379180e+04
3.154671275102240543e+03 1.339008660829737892e+04 1.246111373492477287e+04 1.236836345145107771e+04 1.355662667975713885e+04
3.155671305621681313e+03 1.340592136364208818e+04 1.245664140968100764e+04 1.236823424575385252e+04 1.355518630998168555e+04
3.156671336141122083e+03 1.341107281854198663e+04 1.246807723672161046e+04 1.236996025761447527e+04 1.355737715373168794e+04
3.157671366660562853e+03 1.344081093154212249e+04 1.246965378857795622e+04 1.239244972451614376e+04 1.355149371592267562e+04
3.158671397180003623e+03 1.346905984434616767e+04 1.248424229816869229e+04 1.239537895554831084e+04 1.354567192610053098e+04
3.159671427699444394e+03 1.349358376716917883e+04 1.249265403762803726e+04 1.238619668047658524e+04 1.353985040373168522e+04
3.160671458218885164e+03 1.350302085056354917e+04 1.249331077044941048e+04 1.240409486770190961e+04 1.354498336756614844e+04
3.161671488738325934e+03 1.351680404297336099e+04 1.248417701797161135e+04 1.241879887403850444e+04 1.354492011485946023e+04
3.162671519257766704e+03 1.353418794850424274e+04 1.249265487995315743e+04 1.242265770381632501e+04 1.353690801619391823e+04
3.163671549777208384e+03 1.354498942470385919e+04 1.248870956946172009e+04 1.243589922674406262e+04 1.352883199618842082e+04
3.164671580296649154e+03 1.355442690599639536e+04 1.248345556650324579e+04 1.244128748809729404e+04 1.351424749999953565e+04
3.165671610816089924e+03 1.356311885876183624e+04 1.249574509005662549e+04 1.243416340719025357e+04 1.350842664626395890e+04
3.166671641335530694e+03 1.357764850812779332e+04 1.250796624488746784e+04 1.242738515407345403e+04 1.349959774520417341e+04
3.167671671854971464e+03 1.359136737366771922e+04 1.250329737711485359e+04 1.244048837431318680e+04 1.348651794131065617e+04
3.168671702374412234e+03 1.359714021286746356e+04 1.249876665066251007e+04 1.243110326477510171e+04 1.348802249987936739e+04
3.169671732893853004e+03 1.360657835732360400e+04 1.249790691748635800e+04 1.242651624931318656e+04 1.348501271410868139e+04
3.170671763413294684e+03 1.360943155242676403e+04 1.249107692422161199e+04 1.242338759518619008e+04 1.346967640667871274e+04
3.171671793932735454e+03 1.360725863055176160e+04 1.248568674536814979e+04 1.242891657561560714e+04 1.345947453407639841e+04
3.172671824452176224e+03 1.360651190833017608e+04 1.248496739971259376e+04 1.242957312249727693e+04 1.344995801056880191e+04
3.173671854971616995e+03 1.360291278680176583e+04 1.248877695547161420e+04 1.243670388400692536e+04 1.343311567357694912e+04
3.174671885491057765e+03 1.359999287743973582e+04 1.248568632420558970e+04 1.244827497200210018e+04 1.341271286445888836e+04
3.175671916010498535e+03 1.359707270281226374e+04 1.248568618381807028e+04 1.245293248914258220e+04 1.340545565274743240e+04
3.176671946529939305e+03 1.358695508092429191e+04 1.248266799251267366e+04 1.245133099234330803e+04 1.339662273988807101e+04
3.177671977049380075e+03 1.357894141189618858e+04 1.248029488186444541e+04 1.245060408592353997e+04 1.338060255435657382e+04
3.178672007568820845e+03 1.356807640462302334e+04 1.246570356452330452e+04 1.245446049931318703e+04 1.337259259531747921e+04
3.179672038088262525e+03 1.355361320425048689e+04 1.245959460156435853e+04 1.245213181181318578e+04 1.336670313980909305e+04
3.180672068607703295e+03 1.355001487851840648e+04 1.245356046515390335e+04 1.245526188734498828e+04 1.335725642161416908e+04
3.181672099127144065e+03 1.353473346688744641e+04 1.246347729922161125e+04 1.245911787431318953e+04 1.334034080241667834e+04
3.182672129646584835e+03 1.352244345365536174e+04 1.245729379048923693e+04 1.245678918681318828e+04 1.332288506126922766e+04
3.183672160166025606e+03 1.350281513721263400e+04 1.245118552946790260e+04 1.245991968876643114e+04 1.330165836224432314e+04
3.184672190685466376e+03 1.348040882841979328e+04 1.244428548283038253e+04 1.246923458090690838e+04 1.328783075890931104e+04
3.185672221204907146e+03 1.346077958354801922e+04 1.244198537369286350e+04 1.246369764061057322e+04 1.327249445147935512e+04
3.186672251724348826e+03 1.343185490702832249e+04 1.243738529580533759e+04 1.244819864256380970e+04 1.325783948134452112e+04
3.187672282243789596e+03 1.341447086886471880e+04 1.243437019302540284e+04 1.245381503938903552e+04 1.323744014911943123e+04
3.188672312763230366e+03 1.338322684394559474e+04 1.243429241833898595e+04 1.247541868681318738e+04 1.321983877964726707e+04
3.189672343282671136e+03 1.334411305650110626e+04 1.243437047380044169e+04 1.245751253972092491e+04 1.319800415925951711e+04
3.190672373802111906e+03 1.331084333202776179e+04 1.243048482800525926e+04 1.246064375237657623e+04 1.318704953932956232e+04
3.191672404321552676e+03 1.327749933323042387e+04 1.242350560280612262e+04 1.245213181181318578e+04 1.317390407564960515e+04
3.192672434840993446e+03 1.323980922541764085e+04 1.240978482848022031e+04 1.245285431187804352e+04 1.315781221263230327e+04
3.193672465360434217e+03 1.319702350108068276e+04 1.241295800760834754e+04 1.243494674338097866e+04 1.313952923841169650e+04
3.194672495879874987e+03 1.315948472720303107e+04 1.240811716512301609e+04 1.243904451130731832e+04 1.312056679906908903e+04
3.195672526399316666e+03 1.312464078495914328e+04 1.239836542677952275e+04 1.243414208611810136e+04 1.310455142769707527e+04
3.196672556918757437e+03 1.309354557395345546e+04 1.239130323255570147e+04 1.241953018681318645e+04 1.309359694149376810e+04
3.197672587438198207e+03 1.305652778140554256e+04 1.238377228440060753e+04 1.242105506989320747e+04 1.308399924590802220e+04
3.198672617957638977e+03 1.301531852959536263e+04 1.238987829922160927e+04 1.242033413337364254e+04 1.305408298899537294e+04
3.199672648477079747e+03 1.298339608830618818e+04 1.238448418951757412e+04 1.242418756181318531e+04 1.304101588913385604e+04
3.200672678996520517e+03 1.293843558523612955e+04 1.238686698690472258e+04 1.242266310515460464e+04 1.302711393377998502e+04
3.201672709515961287e+03 1.289430390404221180e+04 1.238908384624253267e+04 1.242884493681318781e+04 1.301767283210446658e+04
3.202672740035402967e+03 1.285443941539445586e+04 1.238908370585500779e+04 1.242732076443557162e+04 1.301177722517006259e+04
3.203672770554843737e+03 1.280513214014534242e+04 1.237908895671336904e+04 1.243430696907605125e+04 1.300233665840115827e+04
3.204672801074284507e+03 1.275373139002136668e+04 1.237766823500489591e+04 1.243896448621653144e+04 1.299500683311732791e+04
3.205672831593725277e+03 1.270517455071003860e+04 1.238218337844245070e+04 1.243422111622553530e+04 1.299508760401551626e+04
3.206672862113166047e+03 1.265669821946061711e+04 1.237369302197156685e+04 1.243591756286610689e+04 1.298767633920023763e+04
3.207672892632606818e+03 1.261541137750841153e+04 1.235838811486320628e+04 1.244353529766361498e+04 1.297377331403314383e+04
3.208672923152047588e+03 1.256610277593208593e+04 1.235537876797161152e+04 1.242956288838265027e+04 1.296441619269547118e+04
3.209672953671488358e+03 1.251169617044260485e+04 1.235458319189236863e+04 1.242418756181318531e+04 1.296509151229124473e+04
3.210672984190929128e+03 1.245093473337178511e+04 1.234688742878808625e+04 1.242338190956695689e+04 1.296365849748168330e+04
3.211673014710370808e+03 1.239736198980181143e+04 1.234078309861732487e+04 1.241711280365304629e+04 1.296441659387543041e+04
3.212673045229811578e+03 1.235315006581143462e+04 1.233467904922161142e+04 1.240788674931318928e+04 1.296804018498168443e+04
3.213673075749252348e+03 1.229514818514245417e+04 1.233467904922161142e+04 1.240394590447783958e+04 1.296357424969052590e+04
3.214673106268693118e+03 1.224090723792202152e+04 1.233697901797160921e+04 1.239695955769687680e+04 1.295489512248168467e+04
3.215673136788133888e+03 1.218649837767626923e+04 1.234317179228034365e+04 1.238773492476182219e+04 1.295489512248168467e+04
3.216673167307574658e+03 1.212933274631583117e+04 1.235157538926349844e+04 1.240332020208053655e+04 1.296079434003569986e+04
3.217673197827015429e+03 1.207860126090413178e+04 1.234458549461279654e+04 1.240869339654278519e+04 1.297031688124266657e+04
3.218673228346457108e+03 1.201993064605371001e+04 1.234157895547161024e+04 1.241021543681318690e+04 1.298127150117263409e+04
3.219673258865897878e+03 1.196711178687232496e+04 1.234157895547161024e+04 1.241335105582374672e+04 1.299660780860259365e+04
3.220673289385338649e+03 1.192591115618904041e+04 1.233688762569569553e+04 1.242266594796422760e+04 1.300680312859892729e+04
3.221673319904779419e+03 1.187642588782778330e+04 1.233477086266008337e+04 1.241710853943862094e+04 1.301042564989195853e+04
3.222673350424220189e+03 1.180990368113487784e+04 1.234467632533862343e+04 1.240555806181318803e+04 1.302736868305323696e+04
3.223673380943660959e+03 1.176134432180184740e+04 1.234308138271707867e+04 1.241496662453063800e+04 1.305289990929957276e+04
3.224673411463101729e+03 1.169682062495527862e+04 1.234397200114776570e+04 1.241710726017429624e+04 1.307556885027306089e+04
3.225673441982542499e+03 1.163455765284528570e+04 1.235927438128075482e+04 1.240161380560629914e+04 1.309814899674921071e+04
3.226673472501983269e+03 1.156861425534865339e+04 1.236378068030451868e+04 1.240726900678280981e+04 1.311938732999288914e+04
3.227673503021424949e+03 1.150635154850404433e+04 1.236077680852622871e+04 1.242105080567877485e+04 1.314786910110282406e+04
3.228673533540865719e+03 1.144626202879993798e+04 1.236767685516374695e+04 1.241406460103829704e+04 1.317120881496589391e+04
3.229673564060306489e+03 1.138825577125115160e+04 1.236838019664195599e+04 1.240546169056707731e+04 1.319159691415216548e+04
3.230673594579747260e+03 1.132599346230476476e+04 1.236847566015596385e+04 1.240565485948073911e+04 1.320112132753226979e+04
3.231673625099188030e+03 1.125193082013377534e+04 1.237847448053569860e+04 1.240778952522419422e+04 1.322750345646927599e+04
3.232673655618628800e+03 1.117313053715370916e+04 1.237978317300274466e+04 1.239938077864999650e+04 1.325674626595928930e+04
3.233673686138069570e+03 1.111011381328789503e+04 1.236767755710134770e+04 1.240950459226776911e+04 1.328951772063219869e+04
3.234673716657511250e+03 1.105153484764796849e+04 1.238077571277339302e+04 1.240859730957763531e+04 1.331142682676548066e+04
3.235673747176952020e+03 1.099862805297228260e+04 1.237748151960248833e+04 1.239614438203841746e+04 1.333485854456556262e+04
3.236673777696392790e+03 1.093769180597463492e+04 1.236607924517930951e+04 1.239634266800939804e+04 1.336181757028200082e+04
3.237673808215833560e+03 1.086891152719957790e+04 1.236537814990143124e+04 1.240322937431318678e+04 1.338372667641526277e+04
3.238673838735274330e+03 1.079928253164016496e+04 1.237617745992363416e+04 1.239300478309439313e+04 1.340935004032525649e+04
3.239673869254715100e+03 1.072549470446795203e+04 1.237597909235703082e+04 1.238854811045354290e+04 1.344516631715184121e+04
3.240673899774155871e+03 1.066540664372377796e+04 1.237537837415637296e+04 1.240100174869516559e+04 1.348098286143173027e+04
3.241673930293596641e+03 1.060087830473195936e+04 1.238227856118141426e+04 1.241102549541432563e+04 1.351965714427827334e+04
3.242673960813037411e+03 1.052841375422134115e+04 1.238217818410418840e+04 1.241487281181318576e+04 1.355109226851146741e+04
3.243673991332479090e+03 1.044943017282021174e+04 1.239077972749139371e+04 1.240393737604897615e+04 1.358900390825810973e+04
3.244674021851919861e+03 1.038518818787394048e+04 1.239207676779421126e+04 1.242287489447128428e+04 1.362043916621795870e+04
3.245674052371360631e+03 1.032415233370251008e+04 1.239928201690152309e+04 1.241851317167172601e+04 1.366216335283098488e+04
3.246674082890801401e+03 1.025102727223922557e+04 1.241977789297161144e+04 1.241437290374155600e+04 1.370588421209439184e+04
3.247674113410242171e+03 1.018139456296361095e+04 1.241137892877663762e+04 1.243015461920500093e+04 1.373941296080112807e+04
3.248674143929682941e+03 1.010184822092556715e+04 1.242127681052906701e+04 1.241741044582023096e+04 1.377170995331050653e+04
3.249674174449123711e+03 1.004469121069202083e+04 1.240977682639154591e+04 1.243734849108819981e+04 1.382133765254713580e+04
3.250674204968565391e+03 9.972786502898445178e+03 1.242618854871233452e+04 1.242489357358224152e+04 1.386001086558049428e+04
3.251674235488006161e+03 9.900517718284645525e+03 1.244887601436650039e+04 1.243219660935485626e+04 1.390611928049992275e+04
3.252674266007446931e+03 9.836743794212252396e+03 1.244197596772898032e+04 1.245992949645961926e+04 1.395421955391023221e+04
3.253674296526887701e+03 9.767866295652396730e+03 1.243897939610175854e+04 1.245040167787861719e+04 1.399365594495010191e+04
3.254674327046328472e+03 9.697672815230625929e+03 1.244357947398928263e+04 1.243664290574057850e+04 1.403538387590939783e+04
3.255674357565769242e+03 9.636829013239810592e+03 1.244347348141122893e+04 1.244444115894893548e+04 1.407900016093045633e+04
3.256674388085210012e+03 9.565120601873999476e+03 1.243897981726431863e+04 1.244899093360482948e+04 1.411568419000593531e+04
3.257674418604650782e+03 9.505034795886087522e+03 1.244978446201230327e+04 1.244433341646435292e+04 1.415873828817934373e+04
3.258674449124091552e+03 9.447122177038621885e+03 1.245737984803936160e+04 1.244292579928113446e+04 1.420770256949228315e+04
3.259674479643533232e+03 9.389866222794849818e+03 1.245887736172161203e+04 1.246074310857278761e+04 1.425294724396242418e+04
3.260674510162974002e+03 9.326091237660682964e+03 1.246818547549999676e+04 1.245667959650234297e+04 1.429753010522867407e+04
3.261674540682414772e+03 9.259487196578662406e+03 1.247107142176098023e+04 1.245142892713470974e+04 1.433686325929271334e+04
3.262674571201855542e+03 9.206679611178595223e+03 1.246347729922161125e+04 1.246784046706939807e+04 1.437772544390289841e+04
3.263674601721296312e+03 9.147905675438239996e+03 1.247749611625374200e+04 1.247844969042974117e+04 1.441222344338787298e+04
3.264674632240737083e+03 9.086406800436339836e+03 1.250348998879311148e+04 1.247076131181318488e+04 1.446918698560770099e+04
3.265674662760177853e+03 9.026218071456614780e+03 1.251258008075200632e+04 1.248414341167660132e+04 1.451585651756155312e+04
3.266674693279619532e+03 8.965478916682945055e+03 1.251718015863952860e+04 1.249951917392635369e+04 1.455452759096847331e+04
3.267674723799060303e+03 8.907462711680047505e+03 1.253419498574881254e+04 1.250103424931318477e+04 1.459615482575833994e+04
3.268674754318501073e+03 8.851724341034796453e+03 1.254397620547161023e+04 1.250499072960144440e+04 1.463033749779642130e+04
3.269674784837941843e+03 8.795226648059428044e+03 1.254708017355209086e+04 1.251430576388240479e+04 1.465377830900888330e+04
3.270674815357382613e+03 8.736556033209055386e+03 1.255489681031161126e+04 1.251419219363809680e+04 1.468740788761169642e+04
3.271674845876823383e+03 8.679298487372676391e+03 1.258088857703817303e+04 1.251977803025989851e+04 1.472465330117491249e+04
3.272674876396264153e+03 8.614108974264585413e+03 1.258618006346465154e+04 1.253060742922528698e+04 1.475379367604901745e+04
3.273674906915704923e+03 8.557611148656489604e+03 1.259779376149385462e+04 1.254376523140971767e+04 1.477855182851651807e+04
3.274674937435145694e+03 8.501221153450904239e+03 1.261228470175777147e+04 1.254295062431318547e+04 1.479761215576884751e+04
3.275674967954587373e+03 8.445267652531460044e+03 1.262930416165523820e+04 1.254853887732317344e+04 1.481941227468023499e+04
3.276674998474028143e+03 8.379425984332157896e+03 1.264517483047160931e+04 1.256623749931318707e+04 1.483255773836018852e+04
3.277675028993468914e+03 8.313475822566728311e+03 1.265299525769419051e+04 1.256402565128856077e+04 1.484197851358450498e+04
3.278675059512909684e+03 8.260020989486141843e+03 1.266748507485793925e+04 1.258579958300893668e+04 1.484121159123168400e+04
3.279675090032350454e+03 8.204174655805654766e+03 1.268059600579435028e+04 1.260047004419202131e+04 1.484263524517555925e+04
3.280675120551791224e+03 8.146154869719286580e+03 1.269738523015802275e+04 1.260349649931318345e+04 1.483529525666613154e+04
3.281675151071231994e+03 8.083138145853473361e+03 1.270819675389451186e+04 1.260349649931318345e+04 1.482795500070339767e+04
3.282675181590673674e+03 8.012080032720710733e+03 1.272268544795811067e+04 1.260827284589577539e+04 1.481338628425951720e+04
3.283675212110114444e+03 7.939721323121784735e+03 1.273269156848891907e+04 1.262142936881587411e+04 1.480308719238073536e+04
3.284675242629555214e+03 7.878115944044586286e+03 1.274879177090148005e+04 1.263307309059683757e+04 1.478260120528473817e+04
3.285675273148995984e+03 7.811514953515155867e+03 1.276178575903323144e+04 1.264087575016010305e+04 1.476222808348356011e+04
3.286675303668436754e+03 7.743390543547515335e+03 1.276949233197660215e+04 1.265636053415875722e+04 1.474908261980360476e+04
3.287675334187877525e+03 7.672443974533527580e+03 1.279261205080671061e+04 1.265938499931318620e+04 1.473220979313495627e+04
3.288675364707318295e+03 7.604968005940907460e+03 1.280617264297161273e+04 1.266649259192442514e+04 1.470799550696370352e+04
3.289675395226759065e+03 7.529675593176919392e+03 1.281399980879517170e+04 1.267895333719009614e+04 1.467524651836843623e+04
3.290675425746199835e+03 7.453621072795663167e+03 1.283401401528207316e+04 1.270142375726730825e+04 1.465333741223517791e+04
3.291675456265641515e+03 7.375279035868034043e+03 1.286068609993347854e+04 1.271155609931395338e+04 1.463142830610189594e+04
3.292675486785082285e+03 7.286949224486771527e+03 1.286609354645197345e+04 1.272855155234453196e+04 1.461094111546602289e+04
3.293675517304523055e+03 7.203612902434196258e+03 1.288380848612648333e+04 1.273390299931318441e+04 1.457500140893906246e+04
3.294675547823963825e+03 7.117456278193376420e+03 1.291532379985107400e+04 1.273553818340645194e+04 1.453118319667254036e+04
3.295675578343404595e+03 7.039228570671681155e+03 1.293590152184567160e+04 1.275265701437453026e+04 1.448736498440602190e+04
3.296675608862845365e+03 6.950136253774981014e+03 1.296822504652635507e+04 1.275265744079597243e+04 1.444585516161715350e+04
3.297675639382286136e+03 6.879307595250332270e+03 1.297637033047161276e+04 1.279633564705778736e+04 1.441429486923710283e+04
3.298675669901727815e+03 6.811181593689973852e+03 1.299825084865740246e+04 1.279898045498750980e+04 1.436763429696894127e+04
3.299675700421168585e+03 6.741645971566436856e+03 1.302777785392770784e+04 1.281591194480166814e+04 1.432446733350071554e+04
3.300675730940609355e+03 6.670701126777832542e+03 1.304493629747056548e+04 1.284404310953414461e+04 1.427626730000754105e+04
3.301675761460050126e+03 6.596582646231120634e+03 1.307458600143388867e+04 1.285688607055319517e+04 1.422433615917940188e+04
3.302675791979490896e+03 6.514246772796202094e+03 1.308391208481490867e+04 1.288690514515414725e+04 1.416814274875206138e+04
3.303675822498931666e+03 6.451230048930391604e+03 1.312083863552104594e+04 1.288293899931318447e+04 1.412071298077802021e+04
3.304675853018372436e+03 6.383103251573762464e+03 1.314277699336531077e+04 1.290264421847328231e+04 1.406516988306240637e+04
3.305675883537813206e+03 6.315740551325230626e+03 1.314520429359648733e+04 1.293046068418087816e+04 1.400731451779621420e+04
3.306675914057253976e+03 6.246204929201692721e+03 1.318225957965900852e+04 1.293567951408078261e+04 1.394016702234552577e+04
3.307675944576695656e+03 6.175904679439115171e+03 1.321258581108414000e+04 1.293895713143184912e+04 1.387894335015288380e+04
3.308675975096136426e+03 6.110836127372958799e+03 1.322191442144053144e+04 1.294978141333992426e+04 1.382262851592495281e+04
3.309676005615577196e+03 6.049349321948710895e+03 1.324870513354682771e+04 1.296293409846703435e+04 1.376051181714611812e+04
3.310676036135017966e+03 6.003073500180342307e+03 1.327264443472220410e+04 1.296690266069617610e+04 1.369336499032869324e+04
3.311676066654458737e+03 5.954502734433271144e+03 1.330079564229064454e+04 1.298566392492204614e+04 1.363498180596457314e+04
3.312676097173899507e+03 5.910277547170757316e+03 1.331540591194706758e+04 1.300799973796376617e+04 1.358020897376809444e+04
3.313676127693340277e+03 5.853014563392801392e+03 1.333772654500991666e+04 1.301416579202895809e+04 1.352028271755930473e+04
3.314676158212781957e+03 5.794343948542377802e+03 1.335518583900942940e+04 1.302594198873820824e+04 1.345378366264715078e+04
3.315676188732222727e+03 5.741550554843505779e+03 1.337060684659732397e+04 1.304375148030339369e+04 1.339024718799736729e+04
3.316676219251663497e+03 5.689274428758159956e+03 1.339914945457320391e+04 1.304978378017597061e+04 1.332748285103985836e+04
3.317676249771104267e+03 5.632135589207453449e+03 1.342499648176601841e+04 1.305155925692397432e+04 1.326394651011672795e+04
3.318676280290545037e+03 5.584455054286542691e+03 1.343730762499756565e+04 1.307169700956771885e+04 1.320479185669360049e+04
3.319676310809985807e+03 5.538696765397152376e+03 1.346111889275415342e+04 1.308649070654781644e+04 1.314267382064824051e+04
3.320676341329426577e+03 5.482073071336435532e+03 1.348019699525369833e+04 1.310512077510973904e+04 1.307398298589957813e+04
3.321676371848867348e+03 5.414710503720622000e+03 1.349399722891625970e+04 1.312772239085089859e+04 1.300168300252314293e+04
3.322676402368308118e+03 5.350927162725011840e+03 1.350630893369788828e+04 1.314375199931318821e+04 1.293672849044889335e+04
3.323676432887749797e+03 5.271039026163800372e+03 1.352619763374139075e+04 1.314854582917493826e+04 1.286881032829905416e+04
3.324676463407190568e+03 5.182074169312391859e+03 1.353445101607749530e+04 1.316649078061850923e+04 1.280527385364927068e+04
3.325676493926631338e+03 5.108320561382304732e+03 1.353539835106651117e+04 1.319525773972245406e+04 1.273426232657090623e+04
3.326676524446072108e+03 5.043769542195122995e+03 1.354541064864822692e+04 1.320977738985521319e+04 1.264726992959691779e+04
3.327676554965512878e+03 4.964645900640247419e+03 1.356056239297161301e+04 1.322073684736070390e+04 1.255009638765177078e+04
3.328676585484953648e+03 4.866732314074726673e+03 1.356137467516580546e+04 1.323635424842811335e+04 1.245524380548962836e+04
3.329676616004394418e+03 4.769077361315966300e+03 1.356989956696675108e+04 1.325484544574011852e+04 1.236309490879032273e+04
3.330676646523836098e+03 4.668990057079025974e+03 1.358126211172161129e+04 1.326347721072899367e+04 1.226527787419263950e+04
3.331676677043276868e+03 4.574913933042311328e+03 1.357747487757837007e+04 1.328662478805761748e+04 1.216139954533804121e+04
3.332676707562717638e+03 4.475724552329463222e+03 1.358504920547733127e+04 1.329005719639248309e+04 1.205495099021994974e+04
3.333676738082158408e+03 4.391745890007061462e+03 1.356962328432621325e+04 1.333964318746554272e+04 1.195996735593823360e+04
3.334676768601599179e+03 4.290888918087819548e+03 1.357612785931820144e+04 1.334086715914731394e+04 1.185325469068119492e+04
3.335676799121039949e+03 4.205001405638754477e+03 1.357949575593741611e+04 1.336855413487672195e+04 1.174448383851356266e+04
3.336676829640480719e+03 4.117817275705112479e+03 1.357450245260468546e+04 1.338195968791951964e+04 1.164086975352456284e+04
3.337676860159921489e+03 4.026048695755623612e+03 1.357273511410785250e+04 1.339718250701169927e+04 1.154962631999018959e+04
3.338676890679362259e+03 3.948589860119989225e+03 1.356976226797161144e+04 1.342416119672436434e+04 1.144638506490872714e+04
3.339676921198803939e+03 3.873170517841535911e+03 1.357206223672161286e+04 1.344909661702286394e+04 1.132743547484958071e+04
3.340676951718244709e+03 3.792903980126195165e+03 1.355960649434383777e+04 1.348417148639202787e+04 1.121930544080133768e+04
3.341676982237685479e+03 3.724772142726151287e+03 1.354676258047160991e+04 1.351415744226090828e+04 1.110834441351697023e+04
3.342677012757126249e+03 3.648717622344897791e+03 1.355136251797160912e+04 1.352895440847206919e+04 1.099505680993018905e+04
3.343677043276567019e+03 3.574971309214487519e+03 1.354269064043659273e+04 1.355554007975479726e+04 1.087907488174626087e+04
3.344677073796007789e+03 3.519243018656061395e+03 1.352524833332709022e+04 1.358004126088386874e+04 1.076939268244097548e+04
3.345677104315448560e+03 3.461205990315909730e+03 1.351983358665752530e+04 1.358950198915783403e+04 1.065779324411695961e+04
3.346677134834890239e+03 3.400498667395382654e+03 1.350981862171290777e+04 1.362006802032965606e+04 1.055340568416906171e+04
3.347677165354331009e+03 3.351289805625566714e+03 1.348667363312908310e+04 1.366101400226595069e+04 1.044810410255054921e+04
3.348677195873771780e+03 3.299771012379522290e+03 1.346300331444317999e+04 1.368483276694579399e+04 1.033933485510275023e+04
3.349677226393212550e+03 3.244813715830707679e+03 1.345461810822522784e+04 1.368512799272480333e+04 1.023367207779549608e+04
3.350677256912653320e+03 3.205837733783773274e+03 1.341819512755547839e+04 1.374679635110314848e+04 1.014744981261398971e+04
3.351677287432094090e+03 3.167356073889564414e+03 1.339511120754311742e+04 1.375890600938079297e+04 1.005027306122918162e+04
3.352677317951534860e+03 3.128381020271680427e+03 1.338517682503534888e+04 1.377023602712019056e+04 9.959808585446367942e+03
3.353677348470975630e+03 3.094105541871825608e+03 1.333650222544277858e+04 1.382222604014819626e+04 9.875917175820160992e+03
3.354677378990416400e+03 3.040551764781057045e+03 1.332188591912296761e+04 1.383251672669063919e+04 9.797821613045492995e+03
3.355677409509858080e+03 2.999404850349905246e+03 1.329576948827809429e+04 1.385963542477708688e+04 9.729267045755792424e+03
3.356677440029298850e+03 2.963235244055465046e+03 1.327128520274774564e+04 1.387210583559546285e+04 9.660571396847628421e+03
3.357677470548739620e+03 2.932813409376419258e+03 1.323878675521638797e+04 1.390568567138561411e+04 9.595763582911318736e+03
3.358677501068180391e+03 2.903793104664603106e+03 1.318996839880273183e+04 1.393483043988801910e+04 9.540848465556444353e+03
3.359677531587621161e+03 2.867623896268325552e+03 1.317090110614227888e+04 1.395211017388056825e+04 9.481836498471668165e+03
3.360677562107061931e+03 2.840918297810701915e+03 1.314070024077307971e+04 1.398238396422345068e+04 9.427841821666826945e+03
3.361677592626502701e+03 2.818416626091165199e+03 1.309551637688025221e+04 1.400401746114861817e+04 9.386357941848575138e+03
3.362677623145944381e+03 2.792340767794814838e+03 1.306821788311191813e+04 1.402264752971055896e+04 9.341617684312144775e+03
3.363677653665385151e+03 2.757429978659353310e+03 1.304424896016968523e+04 1.404443368551230196e+04 9.291226673342320282e+03
3.364677684184825921e+03 2.724206410373066774e+03 1.300729643777223100e+04 1.407253258435561656e+04 9.234118305157695431e+03
3.365677714704266691e+03 2.700447380454481390e+03 1.296523058071194646e+04 1.411046604093789028e+04 9.167612296459661593e+03
3.366677745223707461e+03 2.683063474923597369e+03 1.293860033154169832e+04 1.412262857547445128e+04 9.093754665033420679e+03
3.367677775743148231e+03 2.659788554438187475e+03 1.290609360114662923e+04 1.413841199662365943e+04 9.013469996955236638e+03
3.368677806262589002e+03 2.636658336251845412e+03 1.286566438180150180e+04 1.416718520990876459e+04 8.941169879852148370e+03
3.369677836782029772e+03 2.609036908852834131e+03 1.283560980022876902e+04 1.419181744456130582e+04 8.861518006294205406e+03
3.370677867301470542e+03 2.588998757300910711e+03 1.279896360340125830e+04 1.420661839070593305e+04 8.782645224214467817e+03
3.371677897820912222e+03 2.575814534261011886e+03 1.276430824200336792e+04 1.423239144485888028e+04 8.709713114950991439e+03
3.372677928340352992e+03 2.551911730472407271e+03 1.272602596901079050e+04 1.425303592831733840e+04 8.636633505189738571e+03
3.373677958859793762e+03 2.537473995582395219e+03 1.268528817789538516e+04 1.425686462431318978e+04 8.567303991948123439e+03
3.374677989379234532e+03 2.523184146176763534e+03 1.264634355658061031e+04 1.426566681573875030e+04 8.495004008571690065e+03
3.375678019898675302e+03 2.517142990981594266e+03 1.261184304261797115e+04 1.429211219436674583e+04 8.424114841380480357e+03
3.376678050418116072e+03 2.496960667661499429e+03 1.258899946604088109e+04 1.431674030694533576e+04 8.351184203110249655e+03
3.377678080937556842e+03 2.486869572317810253e+03 1.256354173344269293e+04 1.431591120151973882e+04 8.284676589692386187e+03
3.378678111456998522e+03 2.480350541427363623e+03 1.252592194915979235e+04 1.432605562550726427e+04 8.215347878810625843e+03
3.379678141976439292e+03 2.468711489592000362e+03 1.249454070551738187e+04 1.432988361080070536e+04 8.148059435468066113e+03
3.380678172495880062e+03 2.460169411801765364e+03 1.245922060920947297e+04 1.434002831906918436e+04 8.073568474614983643e+03
3.381678203015320832e+03 2.459394969341401520e+03 1.241536088041094990e+04 1.435416191565558620e+04 8.003610847285974160e+03
3.382678233534761603e+03 2.448379423929427048e+03 1.237575924549976844e+04 1.436781152390422540e+04 7.936950651757462765e+03
3.383678264054202373e+03 2.438440193051760161e+03 1.234651877115899333e+04 1.435766638921430422e+04 7.851352890043730440e+03
3.384678294573643143e+03 2.439838274568236102e+03 1.229641755358209048e+04 1.435466949931318595e+04 7.761678337597986683e+03
3.385678325093083913e+03 2.434094349301764396e+03 1.224449761567580208e+04 1.435383897248278481e+04 7.684215034436944734e+03
3.386678355612524683e+03 2.437817482424697573e+03 1.220539688343812122e+04 1.434519142990054024e+04 7.602523428246460753e+03
3.387678386131966363e+03 2.446509435190148452e+03 1.216399618245040438e+04 1.433204968959045073e+04 7.527250835108699903e+03
3.388678416651407133e+03 2.449304802426762762e+03 1.211553342762642569e+04 1.433786607807242217e+04 7.449159819040222828e+03
3.389678447170847903e+03 2.449304802426762762e+03 1.206591584505799256e+04 1.435150971642085642e+04 7.380614345162964128e+03
3.390678477690288673e+03 2.444804972087195438e+03 1.203141519070783397e+04 1.433737242418195274e+04 7.308941272334051064e+03
3.391678508209729443e+03 2.439215961839337069e+03 1.198525128153369405e+04 1.432522794148647699e+04 7.238205489613400459e+03
3.392678538729170214e+03 2.439837213506463740e+03 1.193777166051648783e+04 1.433055110249941754e+04 7.171695870295749955e+03
3.393678569248610984e+03 2.433939169017707627e+03 1.189801363390735241e+04 1.431158885163343984e+04 7.101586730669317149e+03
3.394678599768052663e+03 2.419504484680274800e+03 1.185332688222493016e+04 1.428297853133951685e+04 7.029286747292818291e+03
3.395678630287493434e+03 2.412985453789835447e+03 1.179894763573276759e+04 1.425885899740190143e+04 6.956829501372887535e+03
3.396678660806934204e+03 2.404293501024392299e+03 1.175376854501564048e+04 1.423174598493471240e+04 6.878114249289950749e+03
3.397678691326374974e+03 2.388926010757234053e+03 1.170316782864043853e+04 1.421394800674848375e+04 6.813952736265787280e+03
3.398678721845815744e+03 2.374648761460136029e+03 1.165486708101523800e+04 1.419382162534322015e+04 6.747442448314870489e+03
3.399678752365256514e+03 2.367353033353069804e+03 1.161888842684819792e+04 1.418284141532750436e+04 6.674983731401767727e+03
3.400678782884697284e+03 2.360834002462626358e+03 1.157831011595619566e+04 1.415489645462510452e+04 6.600651905265305686e+03
3.401678813404138054e+03 2.353537876457392031e+03 1.153131946467324451e+04 1.413160886892269809e+04 6.536331926157779890e+03
3.402678843923578825e+03 2.339104253181742024e+03 1.148877713236802629e+04 1.408685266925309224e+04 6.467006424715742469e+03
3.403678874443020504e+03 2.336312864926763723e+03 1.144210319533150323e+04 1.405826367003131236e+04 6.405037493888004065e+03
3.404678904962461274e+03 2.328079556111979855e+03 1.137738539065975601e+04 1.403395110932049829e+04 6.344315162916117515e+03
3.405678935481902045e+03 2.312410724301763821e+03 1.134189219653894907e+04 1.396394052611306688e+04 6.279371883880690802e+03
3.406678966001342815e+03 2.312410724301763821e+03 1.125596829533038363e+04 1.396227279184966028e+04 6.216458040525543765e+03
3.407678996520783585e+03 2.311632833390644009e+03 1.122970052673832470e+04 1.389905268584038822e+04 6.146348900899110959e+03
3.408679027040224355e+03 2.315522818477121291e+03 1.117594782975061389e+04 1.387978994999757924e+04 6.079215045566988010e+03
3.409679057559665125e+03 2.325448255551764305e+03 1.112012455722152481e+04 1.384364817417816812e+04 6.012081457688172122e+03
3.410679088079106805e+03 2.332907254538905818e+03 1.108493895215831799e+04 1.379960779397075567e+04 5.950735960514985891e+03
3.411679118598547575e+03 2.345782973868768750e+03 1.102235742438754824e+04 1.377878776701826064e+04 5.884845094419037196e+03
3.412679149117988345e+03 2.342053076477036029e+03 1.099197686299197994e+04 1.369693318609215021e+04 5.820851542070578944e+03
3.413679179637429115e+03 2.348119299256556587e+03 1.095483130775370046e+04 1.364890235402157123e+04 5.762938406890441911e+03
3.414679210156869885e+03 2.371406687217780927e+03 1.089485747817807896e+04 1.362442988526967019e+04 5.688447579764009788e+03
3.415679240676310656e+03 2.391578797818323437e+03 1.084460323820371741e+04 1.356919906927519696e+04 5.631028698291982437e+03
3.416679271195751426e+03 2.408962703349207914e+03 1.080780261510355558e+04 1.352130597133068477e+04 5.582828664798809768e+03
3.417679301715192196e+03 2.426346608880090116e+03 1.076475250113634320e+04 1.348154060822946303e+04 5.526484811887264186e+03
3.418679332234632966e+03 2.445903436285975658e+03 1.072270152515323389e+04 1.342881444965044830e+04 5.473902823440787870e+03
3.419679362754074646e+03 2.462507859313096560e+03 1.069132589701161123e+04 1.338456796574560030e+04 5.416939147494259487e+03
3.420679393273515416e+03 2.476325403597757941e+03 1.064497428972242415e+04 1.334049929958251414e+04 5.356998582533633453e+03
3.421679423792956186e+03 2.500394396186301492e+03 1.058764929188549650e+04 1.330604714766055440e+04 5.295653085360503610e+03
3.422679454312396956e+03 2.524130745909525103e+03 1.054789940775256036e+04 1.323767771844658819e+04 5.227566962535021048e+03
3.423679484831837726e+03 2.545247599384730620e+03 1.049841954534183969e+04 1.319778954596978656e+04 5.156053291876036383e+03
3.424679515351278496e+03 2.571323457681057334e+03 1.044044708025989348e+04 1.317199374933989748e+04 5.089708156341113863e+03
3.425679545870719267e+03 2.603305716327590289e+03 1.039674627013469399e+04 1.312840381231677384e+04 5.026171815417983453e+03
3.426679576390160946e+03 2.627652707100248790e+03 1.034366743324580420e+04 1.308815872509218025e+04 4.965613165868860960e+03
3.427679606909601716e+03 2.651112119701156189e+03 1.028947111169298478e+04 1.304373172277651975e+04 4.920560790325244852e+03
3.428679637429042486e+03 2.671723509875032505e+03 1.025432299009781673e+04 1.299500895084449439e+04 4.876572210303274005e+03
3.429679667948483257e+03 2.686492296037712094e+03 1.020879026321629499e+04 1.295942237574378305e+04 4.824777604387468273e+03
3.430679698467924027e+03 2.705879486192900004e+03 1.015506269559475732e+04 1.293678948909680548e+04 4.768430274582949096e+03
3.431679728987364797e+03 2.718917415341063133e+03 1.009608842516581353e+04 1.289570904226548919e+04 4.717423318651120098e+03
3.432679759506805567e+03 2.733517757947534392e+03 1.003776063926923780e+04 1.286226921484911873e+04 4.666244791423972856e+03
3.433679790026246337e+03 2.756639222374263227e+03 9.982559564231478362e+03 1.281951435315178423e+04 4.615065996743518554e+03
3.434679820545687107e+03 2.762205552426762097e+03 9.929194336800597739e+03 1.278309156560143128e+04 4.556699394484320692e+03
3.435679851065128787e+03 2.765941683556402495e+03 9.883657257905901133e+03 1.274583142847755335e+04 4.505520332350511126e+03
3.436679881584569557e+03 2.767160843531678438e+03 9.825511133460979181e+03 1.271108461933851322e+04 4.447768471513442819e+03
3.437679912104010327e+03 2.761423682534000363e+03 9.770955139080379013e+03 1.269413024490694261e+04 4.388787930192035674e+03
3.438679942623451097e+03 2.757077706151279017e+03 9.714281820114079892e+03 1.267848157293371150e+04 4.342778740448863573e+03
3.439679973142891868e+03 2.755686786801762082e+03 9.658253020254855073e+03 1.265286529973130928e+04 4.294578706955689995e+03
3.440680003662332638e+03 2.746038950013060912e+03 9.598452007717094602e+03 1.261839992874462223e+04 4.240419546368123520e+03
3.441680034181773408e+03 2.728655044482179164e+03 9.535522880445310875e+03 1.258067456582650448e+04 4.186435567695494683e+03
3.442680064701215088e+03 2.712836205064020305e+03 9.470293503648426849e+03 1.256605030029972113e+04 4.139200505727642849e+03
3.443680095220655858e+03 2.703969177106301686e+03 9.402120762094691599e+03 1.255040020692167491e+04 4.103356814937268609e+03
3.444680125740096628e+03 2.686760612033137477e+03 9.332934001479654398e+03 1.251760981936292592e+04 4.063920423897397995e+03
3.445680156259537398e+03 2.672156953608625827e+03 9.253075262323600327e+03 1.248351742499834654e+04 4.029655108787988411e+03
3.446680186778978168e+03 2.659901955414998611e+03 9.171289142897221609e+03 1.245259319981446788e+04 3.991620173067660744e+03
3.447680217298418938e+03 2.646864026266835481e+03 9.095201072156984083e+03 1.242213022049139545e+04 3.946222782760260088e+03
3.448680247817859708e+03 2.630869846390976818e+03 9.009270572734956659e+03 1.240155041095177876e+04 3.900213593017082985e+03
3.449680278337300479e+03 2.619398707580925930e+03 8.926656868874633801e+03 1.238421950638607814e+04 3.849822715773912478e+03
3.450680308856741249e+03 2.610706754815485510e+03 8.846608606565780065e+03 1.234676904315820138e+04 3.803813526030736739e+03
3.451680339376182928e+03 2.599058153424172815e+03 8.750836520787002883e+03 1.231286839630243594e+04 3.754033110956762812e+03
3.452680369895623699e+03 2.589760864918179323e+03 8.656534994286599613e+03 1.229358959858529670e+04 3.699440408561379627e+03
3.453680400415064469e+03 2.582457974644153637e+03 8.566833405286199195e+03 1.226991851786518782e+04 3.650450050551175536e+03
3.454680430934505239e+03 2.570024850705658992e+03 8.474001876514006653e+03 1.223285055467163693e+04 3.608212888498670964e+03
3.455680461453946009e+03 2.555598124331520921e+03 8.379060463694708233e+03 1.219035509935210757e+04 3.570967341208800917e+03
3.456680491973386779e+03 2.544913364926762370e+03 8.288977441800840097e+03 1.215043622453139687e+04 3.531530950168933941e+03
3.457680522492827549e+03 2.541775274738006829e+03 8.170588364903295769e+03 1.215748923519795790e+04 3.492885552279354670e+03
3.458680553012269229e+03 2.517872603582106422e+03 8.112000440930982222e+03 1.210522219037249670e+04 3.456248728712212142e+03
3.459680583531709999e+03 2.510749961176491524e+03 8.032201085696123300e+03 1.209370838499117963e+04 3.406466307738491196e+03
3.460680614051150769e+03 2.482922953059274278e+03 7.945376317767880209e+03 1.207112993814840411e+04 3.350902214938414545e+03
3.461680644570591539e+03 2.461375043239457227e+03 7.855096753345161233e+03 1.204926887431318573e+04 3.301486338719552805e+03
3.462680675090032310e+03 2.445378873872774875e+03 7.755112480398368461e+03 1.203639251028111175e+04 3.258883300545458951e+03
3.463680705609473080e+03 2.423648991959171781e+03 7.677548656041572940e+03 1.200230281658566855e+04 3.205086806639814768e+03
3.464680736128913850e+03 2.404877482896804850e+03 7.579921770340710282e+03 1.199590564209838703e+04 3.167841259349941993e+03
3.465680766648354620e+03 2.384535071881960903e+03 7.489971976203873965e+03 1.199382825896878603e+04 3.124629898633049379e+03
3.466680797167795390e+03 2.363590906210038156e+03 7.423270776641074008e+03 1.195850236951021361e+04 3.077222061830040730e+03
3.467680827687237070e+03 2.342462381055325295e+03 7.343210721780409585e+03 1.192500625446334197e+04 3.040162528313941948e+03
3.468680858206677840e+03 2.326049214412508263e+03 7.255173005674168962e+03 1.191697943936155389e+04 3.005714007690432027e+03
3.469680888726118610e+03 2.310653075477521725e+03 7.177167802952609236e+03 1.188417839126673425e+04 2.957327291790188156e+03
3.470680919245559380e+03 2.288923193563918176e+03 7.110466603389807460e+03 1.184543217541417471e+04 2.908521744013915395e+03
3.471680949765000150e+03 2.267193311650315081e+03 7.034368424748085999e+03 1.182868674748965168e+04 2.863117801100536781e+03
3.472680980284440921e+03 2.246849839573698318e+03 6.959496952261365550e+03 1.180901407849969837e+04 2.820280473831036943e+03
3.473681010803881691e+03 2.218601059402373721e+03 6.898228468970763970e+03 1.177155380757862986e+04 2.780655661937619698e+03
3.474681041323323370e+03 2.200804931373305408e+03 6.826530877549721481e+03 1.174718183214675992e+04 2.730264784694401442e+03
3.475681071842764140e+03 2.191925303307052673e+03 6.742461074325739901e+03 1.173935216589210540e+04 2.682858151431268652e+03
3.476681102362204911e+03 2.179674284095069652e+03 6.686825078749162458e+03 1.171734839301396823e+04 2.645802228534828373e+03
3.477681132881645681e+03 2.168210705350144508e+03 6.640624668819665203e+03 1.168683722806784135e+04 2.610557633148226614e+03
3.478681163401086451e+03 2.162290113298741289e+03 6.558890492775906750e+03 1.170462312431318787e+04 2.564548577131704860e+03
3.479681193920527221e+03 2.141945978058517085e+03 6.485890105163753105e+03 1.167100661627895533e+04 2.522921208615182877e+03
3.480681224439967991e+03 2.131270635576981476e+03 6.422353099927778203e+03 1.162693240663709184e+04 2.485264184415174441e+03
3.481681254959408761e+03 2.126136953461756093e+03 6.324486572729240834e+03 1.160705093328057592e+04 2.456590783012049087e+03
3.482681285478849532e+03 2.116657162331091513e+03 6.259654633003224262e+03 1.156239622191439230e+04 2.423727056948834161e+03
3.483681315998291211e+03 2.107368097053814836e+03 6.191715496283707580e+03 1.152531418681318792e+04 2.387878017092320079e+03
3.484681346517731981e+03 2.087428889512074420e+03 6.111619081055283459e+03 1.149253161698087933e+04 2.353016281112194520e+03
3.485681377037172751e+03 2.062332921761591479e+03 6.052246390842873552e+03 1.143789693816366889e+04 2.319959453762582143e+03
3.486681407556613522e+03 2.052064098571204340e+03 5.959614071962409980e+03 1.140869488704742434e+04 2.278138449053056775e+03
3.487681438076054292e+03 2.029738297840267705e+03 5.899812638262091241e+03 1.133438128505908935e+04 2.232517467782457061e+03
3.488681468595495062e+03 2.024007768478657454e+03 5.803433657231848883e+03 1.130303689261341060e+04 2.202250847039930250e+03
3.489681499114935832e+03 1.999718605572566275e+03 5.710580508781468779e+03 1.124992368550470201e+04 2.155641358353107535e+03
3.490681529634377512e+03 1.973241135395763195e+03 5.645974312188526710e+03 1.117052301784227893e+04 2.112423311303537048e+03
3.491681560153818282e+03 1.970472957867042396e+03 5.555232451660467632e+03 1.112732993704207001e+04 2.068800741129815833e+03
3.492681590673259052e+03 1.959413643656998602e+03 5.458630816022544423e+03 1.107166047552326745e+04 2.033746171316599884e+03
3.493681621192699822e+03 1.936105299725789337e+03 5.375406286060096136e+03 1.099311975777087900e+04 2.003269867182745429e+03
3.494681651712140592e+03 1.920495356843878881e+03 5.299505071109777418e+03 1.091901794509921820e+04 1.983551604799487222e+03
3.495681682231581362e+03 1.921284786801764312e+03 5.227575278729721504e+03 1.085805076571358222e+04 1.957063430626950094e+03
3.496681712751022133e+03 1.901139998541839987e+03 5.170281727697407405e+03 1.076469048141356143e+04 1.924199704563730847e+03
3.497681743270462903e+03 1.877036521445717426e+03 5.115708886814336438e+03 1.066709327365628815e+04 1.879585417534118278e+03
3.498681773789903673e+03 1.874073506449229399e+03 5.055071726203882463e+03 1.059193720503714212e+04 1.846123665880345470e+03
3.499681804309345353e+03 1.852739400576321259e+03 5.003424561250077204e+03 1.049561272314654161e+04 1.818438370713455697e+03
3.500681834828786123e+03 1.820144644022274861e+03 4.969551158341957489e+03 1.037896328959883067e+04 1.786969012457186864e+03
3.501681865348226893e+03 1.795649369867096993e+03 4.927313888119015246e+03 1.029216435204161644e+04 1.757690230497613811e+03
3.502681895867667663e+03 1.770165584039182932e+03 4.883823238112154286e+03 1.019710719467957642e+04 1.720244628135414132e+03
3.503681926387108433e+03 1.741324996664884793e+03 4.860406880451012512e+03 1.008447962604136592e+04 1.673839473773808550e+03
3.504681956906549203e+03 1.726313227356569087e+03 4.842421835186873068e+03 9.978204031217475858e+03 1.655715634269825387e+03
3.505681987425989973e+03 1.710902764087678179e+03 4.815032651080250616e+03 9.863881010922064888e+03 1.638188349363215139e+03
3.506682017945431653e+03 1.689963903724596548e+03 4.801232277030156183e+03 9.742785565269463405e+03 1.613886739687769932e+03
3.507682048464872423e+03 1.677716996126972390e+03 4.776557204859305784e+03 9.626562411024226094e+03 1.584011670584131252e+03
3.508682078984313193e+03 1.656577727721844667e+03 4.748956737534183958e+03 9.520920194183610874e+03 1.554732086264639065e+03
3.509682109503753964e+03 1.637020767683239455e+03 4.726169315965337773e+03 9.390711127311711607e+03 1.529238972114305625e+03
3.510682140023194734e+03 1.615290885769635906e+03 4.719482517971614470e+03 9.248240738268968926e+03 1.500757201004393664e+03
3.511682170542635504e+03 1.597317295159323294e+03 4.720944513611148068e+03 9.131170711038010268e+03 1.482635233673549692e+03
3.512682201062076274e+03 1.591792479148631855e+03 4.712582611721611102e+03 9.005832514168561829e+03 1.459927913150755558e+03
3.513682231581517044e+03 1.596930405510938954e+03 4.716344295336108189e+03 8.865475754078082900e+03 1.433432517738978277e+03
3.514682262100957814e+03 1.610760284638691928e+03 4.704005916925561905e+03 8.745446788454424677e+03 1.400568791675758121e+03
3.515682292620399494e+03 1.626763350906897813e+03 4.697944264561060663e+03 8.623914971525195142e+03 1.366312971158656865e+03
3.516682323139840264e+03 1.641181986685027368e+03 4.703598793115817898e+03 8.473806805877124134e+03 1.333449378822092967e+03
3.517682353659281034e+03 1.657977798729143842e+03 4.711960273842788411e+03 8.325204334344156450e+03 1.307364524233880047e+03
3.518682384178721804e+03 1.669225849301761855e+03 4.717182549221613044e+03 8.197971973425077522e+03 1.286048094625066824e+03
3.519682414698162574e+03 1.667640357749926352e+03 4.723460679142870504e+03 8.065642454857828852e+03 1.261148726812398536e+03
3.520682445217603345e+03 1.664292840494039183e+03 4.730982361721610687e+03 7.921479741248461323e+03 1.231275396155242333e+03
3.521682475737044115e+03 1.669225849301761855e+03 4.738100430178620627e+03 7.792139863417789456e+03 1.204984468795330486e+03
3.522682506256485794e+03 1.667639561953592874e+03 4.756098250707162151e+03 7.668273246947867847e+03 1.174903326919960818e+03
3.523682536775926565e+03 1.660534161801763730e+03 4.785560958493038015e+03 7.529619471960098053e+03 1.147429721044214148e+03
3.524682567295367335e+03 1.661327570741289492e+03 4.793300943666313287e+03 7.404716793524389686e+03 1.126111686715565384e+03
3.525682597814808105e+03 1.667846468999008493e+03 4.803961270043118930e+03 7.282770921374155478e+03 1.110393723419012531e+03
3.526682628334248875e+03 1.666844826686856777e+03 4.821741489914705198e+03 7.155539839719403972e+03 1.099229553824388859e+03
3.527682658853689645e+03 1.646494325076004543e+03 4.831561456593199182e+03 7.043982588903023498e+03 1.077910717135827326e+03
3.528682689373130415e+03 1.638804943051764894e+03 4.849342238014866780e+03 6.924768514656871048e+03 1.052420277518542207e+03
3.529682719892571185e+03 1.635837949073632217e+03 4.866283080900782807e+03 6.794582190261929100e+03 1.026719084696721211e+03
3.530682750412011956e+03 1.641187557259318055e+03 4.889283470338382358e+03 6.673486744609436755e+03 1.003631044393888260e+03
3.531682780931453635e+03 1.644529371308184636e+03 4.912283859776001918e+03 6.561079920138095076e+03 9.934773133865086265e+02
3.532682811450894405e+03 1.638010473050464498e+03 4.937584217963603805e+03 6.438281915804345772e+03 9.809207818847214639e+02
3.533682841970335176e+03 1.636632021176763828e+03 4.956602515379368015e+03 6.327578787138210828e+03 9.633934969781122390e+02
3.534682872489775946e+03 1.638804943051764894e+03 4.982349867432560131e+03 6.214494094713149934e+03 9.510491896740487618e+02
3.535682903009216716e+03 1.640394678850685978e+03 5.012419891632569488e+03 6.086240880859620120e+03 9.335220384940926124e+02
3.536682933528657486e+03 1.648874551894582282e+03 5.012644511665526807e+03 5.978436423022251802e+03 9.181857310641346430e+02
3.537682964048098256e+03 1.637214676721957176e+03 5.053035966767599348e+03 5.821330255073791704e+03 9.072311111341800824e+02
3.538682994567539936e+03 1.636632021176763828e+03 5.075135910648087702e+03 5.697112978037273933e+03 9.008728099816884196e+02
3.539683025086980706e+03 1.641191138342806880e+03 5.091912780909958201e+03 5.552669110556497799e+03 8.962760900242578828e+02
3.540683055606421476e+03 1.659370442304037851e+03 5.115303307267303353e+03 5.414482409189256032e+03 8.839327188067621819e+02
3.541683086125862246e+03 1.655178585143602504e+03 5.141898740332444504e+03 5.276168634231990836e+03 8.781621462925701280e+02
3.542683116645303016e+03 1.645323708676761953e+03 5.180545599716025208e+03 5.108104714463807795e+03 8.745826849816874073e+02
3.543683147164743787e+03 1.653434332224225955e+03 5.187833677460488616e+03 4.969462168574024872e+03 8.745826849816874073e+02
3.544683177684184557e+03 1.659157301520715919e+03 5.189746597816186295e+03 4.822058794138661142e+03 8.737800576126165879e+02
3.545683208203625327e+03 1.667268588231784406e+03 5.217575054474757053e+03 4.651437198555602663e+03 8.702009974816852491e+02
3.546683238723066097e+03 1.676540941786156282e+03 5.237818373395295566e+03 4.494166431930145336e+03 8.680101537316841132e+02
3.547683269242507777e+03 1.676324617817521357e+03 5.239275455471612077e+03 4.351880114810148370e+03 8.677919118345927245e+02
3.548683299761948547e+03 1.666256335301919762e+03 5.250391198965253352e+03 4.181648694847394836e+03 8.502647606546368024e+02
3.549683330281389317e+03 1.668646376941884682e+03 5.265418419557860943e+03 4.015685611388191319e+03 8.439108724816842368e+02
3.550683360800830087e+03 1.679511251582327759e+03 5.259744798300305774e+03 3.853526491481142330e+03 8.371188957947234712e+02
3.551683391320270857e+03 1.682263380551762339e+03 5.245944564637744406e+03 3.683060113303327853e+03 8.337602171873245425e+02
3.552683421839711627e+03 1.682263380551762339e+03 5.237587997473995529e+03 3.495285004474836569e+03 8.313492593671022632e+02
3.553683452359152398e+03 1.683857891128652454e+03 5.220412426653639159e+03 3.324899930652135026e+03 8.309864589585165504e+02
3.554683482878594077e+03 1.700085239328783700e+03 5.190744051150053565e+03 3.159942917517193109e+03 8.417200287316861704e+02
3.555683513398034847e+03 1.717030130551761658e+03 5.180699604826120776e+03 2.975971061538456979e+03 8.395291849816882177e+02
3.556683543917475617e+03 1.718625436924985024e+03 5.152633612482682111e+03 2.803259432322984139e+03 8.403334170705915085e+02
3.557683574436916388e+03 1.722173760121094119e+03 5.110854988289545872e+03 2.649561224546647736e+03 8.461017162316853728e+02
3.558683604956357158e+03 1.734634339032924800e+03 5.091609965028012084e+03 2.482509345003086310e+03 8.439108724816842368e+02
3.559683635475797928e+03 1.750643241140861164e+03 5.056875425068531513e+03 2.314838727945789742e+03 8.371152851751039634e+02
3.560683665995238698e+03 1.770200068546744433e+03 5.008340230283930396e+03 2.156720377632218970e+03 8.375617984682234010e+02
3.561683696514679468e+03 1.782439813977412769e+03 4.963419171829661536e+03 1.998364936996362076e+03 8.469066169538502891e+02
3.562683727034120238e+03 1.797650665000574236e+03 4.917183243857461093e+03 1.850179932056041935e+03 8.504834037316844615e+02
3.563683757553561918e+03 1.810688594148749189e+03 4.872872871117771865e+03 1.704323898896550418e+03 8.461017162316853728e+02
3.564683788073002688e+03 1.819956172925148167e+03 4.825181405331974929e+03 1.567166152471160331e+03 8.482925599816865088e+02
3.565683818592443458e+03 1.823503302426763639e+03 4.771435025782676348e+03 1.435899560420726402e+03 8.534796831104620196e+02
3.566683849111884228e+03 1.828073162843239061e+03 4.723371111904732061e+03 1.302784147134103250e+03 8.564762299425428864e+02
3.567683879631324999e+03 1.843284013866398254e+03 4.677132937732193568e+03 1.196517507160514242e+03 8.674307161458484643e+02
3.568683910150765769e+03 1.852550531581030100e+03 4.633907760526780294e+03 1.090866761891041961e+03 8.756151884666207934e+02
3.569683940670206539e+03 1.855522963500739024e+03 4.602315093278344648e+03 9.848417607351225342e+02 8.915305323024568906e+02
3.570683971189648219e+03 1.862041994391187245e+03 4.563214501428150470e+03 8.974473967029814503e+02 9.011002790178126816e+02
3.571684001709088989e+03 1.878052355459062710e+03 4.527867450716288658e+03 8.252558099552915110e+02 9.058328652542982127e+02
3.572684032228529759e+03 1.879199495866607776e+03 4.487313286477829024e+03 7.435068394065602888e+02 9.062891405930696465e+02
3.573684062747970529e+03 1.882398995005388542e+03 4.448212694627668498e+03 6.590571997190886577e+02 9.298111238836740995e+02
3.574684093267411299e+03 1.896236964729147530e+03 4.420611946527510554e+03 5.822080958309212519e+02 9.476871679003377267e+02
3.575684123786852069e+03 1.912820697051714205e+03 4.374611448427348478e+03 4.934716413773818999e+02 9.468805287316870363e+02
3.576684154306292839e+03 1.927459237881953641e+03 4.344104959425792913e+03 4.139244268791269405e+02 9.490713724816881722e+02
3.577684184825733610e+03 1.940841083676761855e+03 4.310210077227026886e+03 3.353599716664174935e+02 9.446896849816860140e+02
3.578684215345174380e+03 1.943814576658240412e+03 4.270867316903837491e+03 2.576529078350181408e+02 9.558745822074627085e+02
3.579684245864616059e+03 1.944386223687555457e+03 4.221113979602939253e+03 1.706308097225771405e+02 9.682127380855154115e+02
3.580684276384056830e+03 1.940841083676761855e+03 4.171117912278964468e+03 8.937009172603872287e+01 9.755929783173860415e+02
3.581684306903497600e+03 1.947589834440701679e+03 4.119308178576351565e+03 4.183737925613351116e+00 9.963504305182210601e+02
3.582684337422938370e+03 1.953878614926762339e+03 4.094251252349472452e+03 -1.067380028002800572e+02 1.023216917391039715e+03
3.583684367942379140e+03 1.956852771071849475e+03 4.067254732137979772e+03 -2.036873342452120426e+02 1.044318180815779670e+03
3.584684398461819910e+03 1.963371669329573933e+03 4.031057775376402333e+03 -2.965900683369464446e+02 1.063228333037212906e+03
3.585684428981260680e+03 1.966916146176762823e+03 3.985057136888719469e+03 -3.821432867187954230e+02 1.077990017040824796e+03
3.586684459500702360e+03 1.971493964556530500e+03 3.942807933726492138e+03 -4.686694566930701171e+02 1.093900947897137712e+03
3.587684490020143130e+03 1.973202539273834873e+03 3.911098885223483194e+03 -5.596272825834820424e+02 1.103238812596822072e+03
3.588684520539583900e+03 1.972296657786552714e+03 3.872464520329225252e+03 -6.466243639711706237e+02 1.113619344007051268e+03
3.589684551059024670e+03 1.977547587227508529e+03 3.805052398362106942e+03 -7.075612674343632307e+02 1.123765318868566510e+03
3.590684581578465441e+03 1.966113983477624515e+03 3.780353600700279912e+03 -8.080570038799068016e+02 1.135528583866962890e+03
3.591684612097906211e+03 1.970693658715483934e+03 3.708310375203584954e+03 -8.732626702680748849e+02 1.147292116318662238e+03
3.592684642617346981e+03 1.971830055872601406e+03 3.650703479225286628e+03 -9.745097612961078539e+02 1.160201418730080604e+03
3.593684673136787751e+03 1.966113585579460505e+03 3.590654401938626506e+03 -1.056373723493962416e+03 1.162964880006637031e+03
3.594684703656228521e+03 1.955816378986692825e+03 3.534852608700211931e+03 -1.143041465387217841e+03 1.163201843635087243e+03
3.595684734175670201e+03 1.945186927426761031e+03 3.469703954727672226e+03 -1.231637769326584475e+03 1.168965194910044374e+03
3.596684764695110971e+03 1.948162807797231380e+03 3.372252553427553721e+03 -1.293906671237093406e+03 1.175537859886694832e+03
3.597684795214551741e+03 1.947926588920383438e+03 3.297101148224765438e+03 -1.386095007271392660e+03 1.186730513258330802e+03
3.598684825733992511e+03 1.940841083676761855e+03 3.223348283502196409e+03 -1.484256512738174933e+03 1.196636716231683977e+03
3.599684856253433281e+03 1.937061449014498294e+03 3.116947177763791387e+03 -1.565763133766823103e+03 1.188444220311753270e+03
3.600684886772874052e+03 1.924589596321352701e+03 3.025795947225662985e+03 -1.654255817295472298e+03 1.185682497481684777e+03
3.601684917292314822e+03 1.910985855983615465e+03 2.931494420725263353e+03 -1.745332188347004831e+03 1.181871154155144495e+03
3.602684947811756501e+03 1.902859316509570590e+03 2.840942083349938002e+03 -1.824605640278947931e+03 1.179920349746609418e+03
3.603684978331197271e+03 1.885714149877242562e+03 2.734036986412565966e+03 -1.882824675605193988e+03 1.178299448990107294e+03
3.604685008850638042e+03 1.885714017244521756e+03 2.620737097524327510e+03 -1.957251705697361785e+03 1.170105482076997077e+03
3.605685039370078812e+03 1.879195118986801390e+03 2.513232967036563423e+03 -2.049888779230125692e+03 1.159961646841920810e+03
3.606685069889519582e+03 1.868894729208717763e+03 2.386477215073794468e+03 -2.107850966707228054e+03 1.158012447153219455e+03
3.607685100408960352e+03 1.856420887024750300e+03 2.269429260160559352e+03 -2.175899726996085064e+03 1.156390476583500003e+03
3.608685130928401122e+03 1.835495555199266619e+03 2.161582022572442838e+03 -2.259735035524734485e+03 1.152008655356847612e+03
3.609685161447841892e+03 1.824871541580917892e+03 2.050073478447073285e+03 -2.340120878860811445e+03 1.149817677880194196e+03
3.610685191967282663e+03 1.815938197262501944e+03 1.934475165071556376e+03 -2.394286351950290282e+03 1.135617512090968830e+03
3.611685222486724342e+03 1.800727213606600799e+03 1.821773327020973056e+03 -2.467858549189862515e+03 1.122715698372086990e+03
3.612685253006165112e+03 1.785758549932749702e+03 1.708815000970353594e+03 -2.545654450821872615e+03 1.110949491387331818e+03
3.613685283525605882e+03 1.779802147046567370e+03 1.588022068557576404e+03 -2.601201955807981903e+03 1.093989474941170783e+03
3.614685314045046653e+03 1.765396641907856520e+03 1.491420152144614121e+03 -2.695817482695600575e+03 1.072892357042662752e+03
3.615685344564487423e+03 1.755899210625241494e+03 1.355798085930797015e+03 -2.733159066315052769e+03 1.059180159808871622e+03
3.616685375083928193e+03 1.741250059177287540e+03 1.242422528168944382e+03 -2.817697970224567143e+03 1.046601162229447937e+03
3.617685405603368963e+03 1.718152999171297552e+03 1.122381090153964806e+03 -2.896771146218756712e+03 1.029073877322837689e+03
3.618685436122810643e+03 1.690220945938696104e+03 9.856731264681861830e+02 -2.956300432498792361e+03 1.013737436166213683e+03
3.619685466642251413e+03 1.660043951263391818e+03 8.704872716281811336e+02 -3.030033390622282695e+03 9.970228081276259218e+02
3.620685497161692183e+03 1.635580376328631473e+03 7.390511401161148797e+02 -3.098957167712103001e+03 9.740536508189809410e+02
3.621685527681132953e+03 1.616023548922749114e+03 6.185956993028597708e+02 -3.191243296397312406e+03 9.480105189463887427e+02
3.622685558200573723e+03 1.607577629855537907e+03 4.872329904640622544e+02 -3.250135651181989033e+03 9.348649215397808803e+02
3.623685588720014493e+03 1.593486729532036861e+03 3.500843503512321604e+02 -3.303625388424854464e+03 9.091387218339147012e+02
3.624685619239455264e+03 1.574736441705096468e+03 2.310049880149003911e+02 -3.383667536077899513e+03 8.812211434714398592e+02
3.625685649758896034e+03 1.551393082735438611e+03 1.292111199275632885e+02 -3.455328796691039315e+03 8.439757299082255031e+02
3.626685680278336804e+03 1.530470005666222960e+03 2.400134268897756584e+01 -3.500440205422642066e+03 8.111120038450072798e+02
3.627685710797778484e+03 1.506567201877598791e+03 -7.634625316122658489e+01 -3.561253873088867294e+03 7.782482777817591568e+02
3.628685741317219254e+03 1.481857195346439767e+03 -1.726848025855377671e+02 -3.634908938228791158e+03 7.418167246264332562e+02
3.629685771836660024e+03 1.460376265050939310e+03 -2.632407900363161275e+02 -3.690532488372223725e+03 7.081391381553245310e+02
3.630685802356100794e+03 1.446530867894779703e+03 -3.552423477867177439e+02 -3.741765176917508597e+03 6.820994831757009251e+02
3.631685832875541564e+03 1.425358839207462097e+03 -4.337699324724350163e+02 -3.805774589017696144e+03 6.541801663667392859e+02
3.632685863394982334e+03 1.406052024481447916e+03 -5.107908782870634354e+02 -3.861128782949666402e+03 6.205021787156722439e+02
3.633685893914423104e+03 1.394379151302127866e+03 -5.964821573739909581e+02 -3.898389062213990201e+03 5.816277070701476077e+02
3.634685924433864784e+03 1.371033404943461619e+03 -6.675178216354022425e+02 -3.953951065529206517e+03 5.391856757857765388e+02
3.635685954953305554e+03 1.352535915083552709e+03 -7.319189120606836241e+02 -4.006107809341375741e+03 4.896095950370667538e+02
3.636685985472746324e+03 1.346016884193112446e+03 -7.971755240365032478e+02 -4.036381741824735855e+03 4.518029307127731045e+02
3.637686015992187095e+03 1.335708138553574827e+03 -8.644653684731838439e+02 -4.075644780466162047e+03 4.159332969517869856e+02
3.638686046511627865e+03 1.319941291162228936e+03 -9.268337879876863781e+02 -4.135325872779834754e+03 3.786877496619185877e+02
3.639686077031068635e+03 1.309076416521786541e+03 -1.000435034188009467e+03 -4.179896721262254687e+03 3.302328331688410117e+02
3.640686107550509405e+03 1.297402747546133924e+03 -1.077780134787707539e+03 -4.204917994411242034e+03 2.754601346990123147e+02
3.641686138069950175e+03 1.285173745365901141e+03 -1.146193781326792760e+03 -4.248569336122157438e+03 2.280755663335622501e+02
3.642686168589390945e+03 1.275672732999809568e+03 -1.228407801915958544e+03 -4.283823160356886547e+03 1.798755328403890985e+02
3.643686199108832625e+03 1.268599032068386123e+03 -1.321265723542103842e+03 -4.309439433559309691e+03 1.248462129241236909e+02
3.644686229628273395e+03 1.262080133810666894e+03 -1.404384120538977413e+03 -4.341721100336612835e+03 7.277840345700404612e+01
3.645686260147714165e+03 1.260716536801762913e+03 -1.476812429004680098e+03 -4.382497650819575028e+03 3.909854363279804090e+01
3.646686290667154935e+03 1.260716536801762913e+03 -1.561057014691818267e+03 -4.412178004654340839e+03 -3.344958644709330020e+00
3.647686321186595706e+03 1.256924169398243066e+03 -1.650172485793711530e+03 -4.448570374141761022e+03 -5.399406205410517856e+01
3.648686351706036476e+03 1.248232216632801737e+03 -1.728688137540182424e+03 -4.482908813678929619e+03 -1.019356019277505965e+02
3.649686382225477246e+03 1.241160239926762188e+03 -1.807161251867901001e+03 -4.523090364108489666e+03 -1.555930201146554168e+02
3.650686412744918925e+03 1.244953403126613466e+03 -1.889962653843338785e+03 -4.563823135323347742e+03 -2.153049124993377177e+02
3.651686443264359696e+03 1.252835102596911156e+03 -1.965591236228647858e+03 -4.611858800170288305e+03 -2.626881435982616040e+02
3.652686473783800466e+03 1.260164386782498923e+03 -2.052096622547543120e+03 -4.651171161558608219e+03 -3.190948480365471482e+02
3.653686504303241236e+03 1.265062380551765045e+03 -2.136651043492641293e+03 -4.682905161062661136e+03 -3.678515855846062550e+02
3.654686534822682006e+03 1.268856604813382546e+03 -2.214268355494785283e+03 -4.719851452004487328e+03 -4.130434380269173857e+02
3.655686565342122776e+03 1.279170125230887379e+03 -2.304244261710435239e+03 -4.770806113768965588e+03 -4.598699650709534694e+02
3.656686595861563546e+03 1.302521707429271146e+03 -2.392812642644555126e+03 -4.803408875892810102e+03 -5.179129488307830798e+02
3.657686626381004316e+03 1.326164418451179472e+03 -2.477330843609338899e+03 -4.842407391099114648e+03 -5.806316849997492682e+02
3.658686656900445087e+03 1.332422958676762619e+03 -2.563873713396230414e+03 -4.891901275140498910e+03 -6.351418780504731103e+02
3.659686687419886766e+03 1.336218509265597277e+03 -2.642657645694634994e+03 -4.918977188942179964e+03 -6.863507612278167471e+02
3.660686717939327536e+03 1.351690646749959342e+03 -2.715676704847025576e+03 -4.965242636238920568e+03 -7.397507556084177622e+02
3.661686748458768307e+03 1.367451525668845079e+03 -2.800778075572390208e+03 -5.026659974527841769e+03 -8.027326658297552058e+02
3.662686778978209077e+03 1.381301167072088674e+03 -2.879561165545596850e+03 -5.070344861392269195e+03 -8.646323262513745931e+02
3.663686809497649847e+03 1.404654606128576688e+03 -2.956321692509514833e+03 -5.111085023912100041e+03 -9.163957738571183427e+02
3.664686840017090617e+03 1.425572643154377374e+03 -3.030504143045125602e+03 -5.168715455506581748e+03 -9.848438947312587288e+02
3.665686870536531387e+03 1.439708240705005892e+03 -3.089167033953382088e+03 -5.235073170493134967e+03 -1.053050104090807508e+03
3.666686901055973067e+03 1.452461274767576697e+03 -3.154405395551590118e+03 -5.303500308742439302e+03 -1.107003994266640575e+03
3.667686931575413837e+03 1.483959556613663153e+03 -3.251006890801992085e+03 -5.338148898809116872e+03 -1.170253758973198728e+03
3.668686962094854607e+03 1.520371350257405084e+03 -3.322908465290392087e+03 -5.404487424830760574e+03 -1.240915457128288608e+03
3.669686992614295377e+03 1.539380537156553373e+03 -3.377809953359195788e+03 -5.456043056548837740e+03 -1.306642775528071752e+03
3.670687023133736147e+03 1.562470700261024831e+03 -3.445950826945755125e+03 -5.505799616199081356e+03 -1.374009047782455809e+03
3.671687053653176918e+03 1.590985143773353457e+03 -3.515233191462319155e+03 -5.564035566242569075e+03 -1.444669943577635877e+03
3.672687084172617688e+03 1.620327878630940404e+03 -3.587692244795037368e+03 -5.601866113116601809e+03 -1.514227594488631439e+03
3.673687114692058458e+03 1.642324219681869408e+03 -3.642032603943996946e+03 -5.674342975809627205e+03 -1.583248199162681203e+03
3.674687145211499228e+03 1.677358887779124871e+03 -3.715041976357445037e+03 -5.722103172404439647e+03 -1.640211875109156836e+03
3.675687175730940908e+03 1.718378342164991864e+03 -3.809355716572219080e+03 -5.751492848955613226e+03 -1.701006685926820637e+03
3.676687206250381678e+03 1.740654272992672986e+03 -3.861112383792038599e+03 -5.830073934604612077e+03 -1.769745127363824622e+03
3.677687236769822448e+03 1.774330649389890368e+03 -3.913719518611665990e+03 -5.893843129291926743e+03 -1.836843010226385331e+03
3.678687267289263218e+03 1.809643846202130590e+03 -3.997666201980087408e+03 -5.927605615600136844e+03 -1.901749781885645916e+03
3.679687297808703988e+03 1.838706726017521078e+03 -4.067536930595491413e+03 -5.988729433795816476e+03 -1.960904435308774964e+03
3.680687328328144758e+03 1.876461558598355168e+03 -4.127622929800069869e+03 -6.059759874954331281e+03 -2.024440776231905147e+03
3.681687358847585529e+03 1.920735422069630431e+03 -4.203809552579766205e+03 -6.108664018140098051e+03 -2.088249117166472843e+03
3.682687389367027208e+03 1.965009550806388461e+03 -4.284025016425734975e+03 -6.168628396432433874e+03 -2.164109840122490368e+03
3.683687419886467978e+03 2.011186295931853465e+03 -4.342677799432495704e+03 -6.244311237674111908e+03 -2.227646448498924656e+03
3.684687450405908749e+03 2.054916895776205365e+03 -4.406214383505925980e+03 -6.300496384857908197e+03 -2.302137275625359507e+03
3.685687480925349519e+03 2.100278480195832799e+03 -4.483266214575088270e+03 -6.334553528383210505e+03 -2.372246415251791859e+03
3.686687511444790289e+03 2.136404450324925619e+03 -4.538179775970658739e+03 -6.398303107684158022e+03 -2.445368015181970350e+03
3.687687541964231059e+03 2.172802317532924462e+03 -4.595394008053830476e+03 -6.454775236499080165e+03 -2.521502476595851022e+03
3.688687572483671829e+03 2.219250163940970197e+03 -4.683083563108982162e+03 -6.507755115836647747e+03 -2.606947923652242025e+03
3.689687603003112599e+03 2.261621808921669981e+03 -4.760996250454471920e+03 -6.575581426272759927e+03 -2.688011683208632803e+03
3.690687633522553369e+03 2.288513225821995547e+03 -4.830571322951494949e+03 -6.650682628666244455e+03 -2.764418144633963948e+03
3.691687664041995049e+03 2.337407880674809348e+03 -4.909351745561881216e+03 -6.708321162268201988e+03 -2.835895842823452767e+03
3.692687694561435819e+03 2.375432222945563353e+03 -4.985536543303808685e+03 -6.783708351309417594e+03 -2.905458842800556340e+03
3.693687725080876589e+03 2.416718799632330501e+03 -5.058274125477394591e+03 -6.808450886975197136e+03 -2.976113854623016778e+03
3.694687755600317359e+03 2.436542218808264352e+03 -5.110884348822470201e+03 -6.864929838533209477e+03 -3.044309232123694983e+03
3.695687786119758130e+03 2.469146392285529146e+03 -5.180759289063486904e+03 -6.904213771825339791e+03 -3.123182014203434846e+03
3.696687816639198900e+03 2.505811779692632172e+03 -5.254921523796137990e+03 -6.957797606066605113e+03 -3.203422686212902136e+03
3.697687847158639670e+03 2.546558143305056092e+03 -5.313870805246405325e+03 -7.015412686489161388e+03 -3.271062696925220735e+03
3.698687877678081350e+03 2.590557854941195274e+03 -5.394079390103858714e+03 -7.052982832002078794e+03 -3.334877857919140752e+03
3.699687908197522120e+03 2.615540421714864351e+03 -5.442951936100462262e+03 -7.139146543749769080e+03 -3.410736307521998242e+03
3.700687938716962890e+03 2.642710102064731927e+03 -5.518868734065579702e+03 -7.191816983260218876e+03 -3.490711933305961338e+03
3.701687969236403660e+03 2.674488106320284260e+03 -5.608276351597840403e+03 -7.231125506855558342e+03 -3.569304959228401458e+03
3.702687999755844430e+03 2.701102983996452622e+03 -5.672953865051184039e+03 -7.301583974718581885e+03 -3.645163007651299267e+03
3.703688030275285200e+03 2.723650016106718340e+03 -5.731319695965845312e+03 -7.369098713220379068e+03 -3.715272147277735257e+03
3.704688060794725970e+03 2.752716079107422502e+03 -5.800045985513304913e+03 -7.412469327481346227e+03 -3.784014466787657511e+03
3.705688091314166741e+03 2.775522408188063764e+03 -5.875651825120286048e+03 -7.460219716382942352e+03 -3.862887115140743845e+03
3.706688121833607511e+03 2.787742789241405262e+03 -5.937457009902147547e+03 -7.530958343133985181e+03 -3.935187232243833023e+03
3.707688152353049190e+03 2.798070103461950112e+03 -6.007050753939463902e+03 -7.570223513882661791e+03 -4.007487349346986321e+03
3.708688182872489961e+03 2.815991304147299161e+03 -6.090420865760777815e+03 -7.593536258450208152e+03 -4.076772064159970796e+03
3.709688213391930731e+03 2.822510335037738059e+03 -6.149059188852921579e+03 -7.653207116649246927e+03 -4.149072047536400532e+03
3.710688243911371501e+03 2.825220286801760267e+03 -6.210591881457292402e+03 -7.690166058093882384e+03 -4.221372030912834816e+03
3.711688274430812271e+03 2.825756786159901367e+03 -6.277292940632572027e+03 -7.730933511586061286e+03 -4.289290326789270694e+03
3.712688304950253041e+03 2.812718989644459270e+03 -6.340260253309956170e+03 -7.783043206899030338e+03 -4.371463215202553329e+03
3.713688335469693811e+03 2.795052841682401777e+03 -6.406662427453885357e+03 -7.826684456635805873e+03 -4.456908795985594224e+03
3.714688365989135491e+03 2.788280614926763064e+03 -6.468495689739919726e+03 -7.856384141576013462e+03 -4.537687450318654555e+03
3.715688396508576261e+03 2.766520227487219927e+03 -6.532864210260409891e+03 -7.910552315334639388e+03 -4.618211087925087668e+03
3.716688427028017031e+03 2.739908930894530386e+03 -6.570231437393710621e+03 -7.971977755630977299e+03 -4.701465691231477649e+03
3.717688457547457801e+03 2.705676292863685831e+03 -6.608500233184316130e+03 -8.028979215597088114e+03 -4.775670477047938220e+03
3.718688488066898572e+03 2.682057588364358708e+03 -6.685268200686827186e+03 -8.036575487181960852e+03 -4.856481626957515800e+03
3.719688518586339342e+03 2.649997474310349389e+03 -6.728630676887385562e+03 -8.119302099958909821e+03 -4.946847813650650096e+03
3.720688549105780112e+03 2.629906137037151893e+03 -6.774405853016968649e+03 -8.175687807361412524e+03 -5.030102416957039168e+03
3.721688579625220882e+03 2.599198876741614640e+03 -6.826965396467125174e+03 -8.215928488231036681e+03 -5.113357020263430059e+03
3.722688610144661652e+03 2.564431065679846597e+03 -6.873006466560722401e+03 -8.277007247894269312e+03 -5.199628898033059158e+03
3.723688640664103332e+03 2.534009098368045670e+03 -6.930768911911894065e+03 -8.318088547568511785e+03 -5.278213097996500437e+03
3.724688671183544102e+03 2.496248429947471323e+03 -6.971605395454280369e+03 -8.392608537535237701e+03 -5.358739142682677084e+03
3.725688701702984872e+03 2.453321584394919228e+03 -7.035746207416371362e+03 -8.436810815750448455e+03 -5.436785226595870881e+03
3.726688732222425642e+03 2.404695643435736201e+03 -7.094070483624934241e+03 -8.477894958234270234e+03 -5.518675818045458982e+03
3.727688762741866412e+03 2.350371004968087163e+03 -7.132302919047701835e+03 -8.536684403310717244e+03 -5.603294165755348331e+03
3.728688793261307183e+03 2.308019918059210340e+03 -7.174008822505164972e+03 -8.582950561309857221e+03 -5.682994180908240196e+03
3.729688823780747953e+03 2.266444467305199851e+03 -7.234983895877702707e+03 -8.619640857245423831e+03 -5.770921728364048249e+03
3.730688854300189632e+03 2.218638727095226386e+03 -7.295041536803174495e+03 -8.669424281446616078e+03 -5.862648450021095414e+03
3.731688884819630402e+03 2.169191259059575714e+03 -7.338742346928374900e+03 -8.726194052428729265e+03 -5.942884575324373145e+03
3.732688915339071173e+03 2.117329477595947537e+03 -7.392819058313651112e+03 -8.772458646882574612e+03 -6.021757357404109825e+03
3.733688945858511943e+03 2.065418224127223766e+03 -7.456351009598892233e+03 -8.823433634735833039e+03 -6.103648884940267635e+03
3.734688976377952713e+03 2.005686547505504905e+03 -7.502605749498858131e+03 -8.887447026769488730e+03 -6.181400502764374323e+03
3.735689006897393483e+03 1.954886490976832420e+03 -7.561030964334729106e+03 -8.927036135674294201e+03 -6.249612328643325782e+03
3.736689037416834253e+03 1.901913247307714755e+03 -7.624815051606978159e+03 -8.975939994579097402e+03 -6.319427670813936857e+03
3.737689067936275023e+03 1.841599313038969967e+03 -7.681755247249936474e+03 -9.025724413763611665e+03 -6.383498115987667006e+03
3.738689098455715794e+03 1.777231459640061303e+03 -7.738386449960059508e+03 -9.076957102308897447e+03 -6.443481206023822779e+03
3.739689128975157473e+03 1.721026487080810057e+03 -7.789547452930022700e+03 -9.120889882172206853e+03 -6.508674955079678512e+03
3.740689159494598243e+03 1.670754574048821269e+03 -7.839588444260591132e+03 -9.162240680198359769e+03 -6.573277899784165129e+03
3.741689190014039013e+03 1.600103378105431830e+03 -7.886708392450017527e+03 -9.215550183311337605e+03 -6.627517697543269605e+03
3.742689220533479784e+03 1.527338016582634282e+03 -7.935072174071967311e+03 -9.267536500686815998e+03 -6.687204984223815700e+03
3.743689251052920554e+03 1.462676514338512561e+03 -8.010661728726557158e+03 -9.270811843790177591e+03 -6.735405151443641444e+03
3.744689281572361324e+03 1.391495715938504645e+03 -8.043356157236680701e+03 -9.340174550685265785e+03 -6.791007222613062368e+03
3.745689312091802094e+03 1.326896153175273639e+03 -8.094401761664635160e+03 -9.383654470976145603e+03 -6.853182092485788417e+03
3.746689342611243774e+03 1.264111403939160937e+03 -8.179681003378663263e+03 -9.409158737479561751e+03 -6.914527589658973739e+03
3.747689373130684544e+03 1.191875777505711994e+03 -8.212752933931671578e+03 -9.480398835847510782e+03 -6.965981460063878330e+03
3.748689403650125314e+03 1.134851134728146008e+03 -8.272867291415415821e+03 -9.500158494811827040e+03 -7.012820423686606773e+03
3.749689434169566084e+03 1.071537844097239258e+03 -8.319425689522442553e+03 -9.556119770738092484e+03 -7.061020457179780351e+03
3.750689464689006854e+03 1.006645295652402524e+03 -8.389055513152492495e+03 -9.587449096292777540e+03 -7.110880840791979608e+03
3.751689495208447624e+03 9.370407045137347950e+02 -8.457426903047882661e+03 -9.603260803397695781e+03 -7.167014207952292963e+03
3.752689525727888395e+03 8.414293567265939373e+02 -8.506043241819390460e+03 -9.664371544669133073e+03 -7.219596062672118023e+03
3.753689556247329165e+03 7.667949348935584339e+02 -8.583131994806464718e+03 -9.678831353659410524e+03 -7.268325921163004750e+03
3.754689586766769935e+03 6.974858494582171033e+02 -8.648012649002139369e+03 -9.691435376529896530e+03 -7.310783999645647782e+03
3.755689617286211615e+03 6.195573613559665773e+02 -8.679896620355853884e+03 -9.735119126270512425e+03 -7.363365720638864332e+03
3.756689647805652385e+03 5.448517157515373128e+02 -8.698297072293455130e+03 -9.775832566379916898e+03 -7.413227708970896856e+03
3.757689678325093155e+03 4.709701172452827791e+02 -8.730814893302655037e+03 -9.804661072312130273e+03 -7.468529162625213758e+03
3.758689708844533925e+03 3.946151837500137276e+02 -8.754052397262548766e+03 -9.839030782755116888e+03 -7.525267107982055677e+03
3.759689739363974695e+03 3.085202337246528259e+02 -8.776816514502976133e+03 -9.878297374908563143e+03 -7.593713490409716542e+03
3.760689769883415465e+03 2.139561539058370840e+02 -8.819962934309322009e+03 -9.903029960740675961e+03 -7.649014275430770795e+03
3.761689800402856235e+03 1.238168343062589543e+02 -8.861917604453296008e+03 -9.939491410501845166e+03 -7.706281912058666421e+03
3.762689830922297915e+03 3.659543457781067133e+01 -8.897291469181627690e+03 -9.990400587312449716e+03 -7.770345670899816469e+03
3.763689861441738685e+03 -5.436779948721289912e+01 -8.954558767747597813e+03 -1.002002664348346843e+04 -7.828973173858289556e+03
3.764689891961179455e+03 -1.399395134265749050e+02 -9.013486429519700323e+03 -1.004074987276839965e+04 -7.896059288775421919e+03
3.765689922480620226e+03 -2.276844145063829501e+02 -9.073287442057462613e+03 -1.007889455010542224e+04 -7.955213942198550285e+03
3.766689953000060996e+03 -3.304217205171780734e+02 -9.123567232560570119e+03 -1.012779826686974593e+04 -8.023438070929545574e+03
3.767689983519501766e+03 -4.392890456464936051e+02 -9.195280828158889562e+03 -1.013813983970439585e+04 -8.085003414719596549e+03
3.768690014038942536e+03 -5.403765332355546889e+02 -9.267271829497936778e+03 -1.016426852934073395e+04 -8.145297285496458244e+03
3.769690044558383306e+03 -6.470694775299409685e+02 -9.301865841549284596e+03 -1.021941121823701542e+04 -8.221978956372893663e+03
3.770690075077824076e+03 -7.364672475840561674e+02 -9.379192410996267427e+03 -1.022560825892704270e+04 -8.287706408499325335e+03
3.771690105597265756e+03 -8.459426937411710696e+02 -9.413046861589147738e+03 -1.028615541319140539e+04 -8.350101927348947356e+03
3.772690136116706526e+03 -9.515928795797555040e+02 -9.461994936071845586e+03 -1.030468797338336117e+04 -8.400492938318771849e+03
3.773690166636147296e+03 -1.061068591002219364e+03 -9.501548558450976998e+03 -1.033217438889410732e+04 -8.455265636788597476e+03
3.774690197155588066e+03 -1.163719022580482033e+03 -9.526072994812215256e+03 -1.036467708411933563e+04 -8.508680876007600091e+03
3.775690227675028837e+03 -1.269675722638264233e+03 -9.580723750769224353e+03 -1.037543498642278973e+04 -8.566168359252420487e+03
3.776690258194469607e+03 -1.376979042716608546e+03 -9.621473755598926800e+03 -1.040436839202996089e+04 -8.609986705245593839e+03
3.777690288713910377e+03 -1.488320498631268038e+03 -9.650824855305934761e+03 -1.044562623018155500e+04 -8.655685381701372535e+03
3.778690319233352056e+03 -1.586623892765129540e+03 -9.690800903734594613e+03 -1.046015497730511379e+04 -8.693241709731986703e+03
3.779690349752792827e+03 -1.695063212102436410e+03 -9.740852704904251368e+03 -1.047822927658638037e+04 -8.733723843195397421e+03
3.780690380272233597e+03 -1.805576641937271233e+03 -9.781926443356449454e+03 -1.050794758192957124e+04 -8.764396591781962343e+03
3.781690410791674367e+03 -1.912052996997573473e+03 -9.818727066456609464e+03 -1.053467425656943851e+04 -8.799451027868526580e+03
3.782690441311115137e+03 -2.009527701887921694e+03 -9.861879663313864512e+03 -1.054077378888952444e+04 -8.821047882267901514e+03
3.783690471830555907e+03 -2.097792523235685621e+03 -9.899775870624795061e+03 -1.056561326436333184e+04 -8.837218911463558470e+03
3.784690502349996677e+03 -2.190713681534291027e+03 -9.926828967007091705e+03 -1.060398195509839388e+04 -8.865179148628221810e+03
3.785690532869437448e+03 -2.280323266044523280e+03 -9.969982406189466928e+03 -1.062172478277799928e+04 -8.891156486987727476e+03
3.786690563388878218e+03 -2.368587556861408757e+03 -1.001280663663604173e+04 -1.064944985215630368e+04 -8.911709604863339337e+03
3.787690593908319897e+03 -2.451161108133180278e+03 -1.005650730637375818e+04 -1.068227179490185881e+04 -8.931427867246622554e+03
3.788690624427760667e+03 -2.526903543720934522e+03 -1.009648489906511350e+04 -1.069590974763105623e+04 -8.950310872957568790e+03
3.789690654947201438e+03 -2.594266243969466814e+03 -1.014073167625792848e+04 -1.070411907111042456e+04 -8.966167377066245535e+03
3.790690685466642208e+03 -2.666803477211424251e+03 -1.016766951448581131e+04 -1.075170031283965545e+04 -8.977437591896403319e+03
3.791690715986082978e+03 -2.733852766339250138e+03 -1.019835148788810875e+04 -1.077818264799271674e+04 -8.995168408768315203e+03
3.792690746505523748e+03 -2.800185175607800829e+03 -1.026087854530090408e+04 -1.075912132521147032e+04 -8.991622512847237886e+03
3.793690777024964518e+03 -2.881929507105193352e+03 -1.027204651295220538e+04 -1.079494072642003630e+04 -9.001221946879462848e+03
3.794690807544406198e+03 -2.944631758788586922e+03 -1.031674575912395085e+04 -1.079871014983532950e+04 -9.011657707397234844e+03
3.795690838063846968e+03 -3.003816723332616675e+03 -1.034422422969365653e+04 -1.083685852282486121e+04 -9.021458533768314737e+03
3.796690868583287738e+03 -3.064461708874025589e+03 -1.037939228631675905e+04 -1.084117845632299395e+04 -9.026676547753850173e+03
3.797690899102728508e+03 -3.137513689707808226e+03 -1.041870247673517406e+04 -1.087424559139822668e+04 -9.031894829192689940e+03
3.798690929622169278e+03 -3.201043967470954158e+03 -1.044203769040940642e+04 -1.091391856318681312e+04 -9.037631033957153704e+03
3.799690960141610049e+03 -3.262717519766963051e+03 -1.048749502919236147e+04 -1.091569730916587650e+04 -9.041176127518312569e+03
3.800690990661050819e+03 -3.332570134094688910e+03 -1.053261726296364577e+04 -1.093322777896688422e+04 -9.045040694052600884e+03
3.801691021180491589e+03 -3.412970630858665118e+03 -1.056448200122701201e+04 -1.095939356726878032e+04 -9.054641331624699887e+03
3.802691051699932359e+03 -3.490367924911561204e+03 -1.059701891493900439e+04 -1.097247646141973200e+04 -9.077707841936446130e+03
3.803691082219374039e+03 -3.560415774605278784e+03 -1.064707745470968985e+04 -1.099466615404701406e+04 -9.102840696484627188e+03
3.804691112738814809e+03 -3.624774874244570583e+03 -1.068496200985640280e+04 -1.102548860664650238e+04 -9.109929680067070876e+03
3.805691143258255579e+03 -3.687791465477664133e+03 -1.072210026494360864e+04 -1.103966768818681521e+04 -9.109608067467499495e+03
3.806691173777696349e+03 -3.755473412686651045e+03 -1.077358036874785103e+04 -1.104322916007841013e+04 -9.106385923772435490e+03
3.807691204297137119e+03 -3.824178223443220304e+03 -1.081606317674432285e+04 -1.107240733159384763e+04 -9.119016004933162549e+03
3.808691234816577889e+03 -3.901383995846386370e+03 -1.084596375320696461e+04 -1.110788616420997096e+04 -9.138734133589770863e+03
3.809691265336018660e+03 -3.983636973830417901e+03 -1.087904410701120833e+04 -1.112617282136983522e+04 -9.146336627518314344e+03
3.810691295855460339e+03 -4.054514308563887880e+03 -1.092044466761140029e+04 -1.114103630932611486e+04 -9.147174826176986244e+03
3.811691326374901109e+03 -4.133063119904149062e+03 -1.095352544257820773e+04 -1.116432375288803451e+04 -9.153747491153641022e+03
3.812691356894341880e+03 -4.209627613099253722e+03 -1.099634588256172356e+04 -1.117240287568681561e+04 -9.157290846268315363e+03
3.813691387413782650e+03 -4.275836408671446407e+03 -1.103084653691188396e+04 -1.117829701501187810e+04 -9.162836089372829520e+03
3.814691417933223420e+03 -4.341671179969240256e+03 -1.105194214846997420e+04 -1.122714614983150386e+04 -9.176495063398875573e+03
3.815691448452664190e+03 -4.411069925124274050e+03 -1.106197101177911100e+04 -1.124786454634009169e+04 -9.178360416476381943e+03
3.816691478972104960e+03 -4.465209275680098472e+03 -1.110748324208263512e+04 -1.122700273008618024e+04 -9.184746131592655729e+03
3.817691509491545730e+03 -4.533080357149832707e+03 -1.110870714048722220e+04 -1.127699609577775482e+04 -9.200595147008789354e+03
3.818691540010986500e+03 -4.591751104632925490e+03 -1.115363156824197358e+04 -1.127432058550415059e+04 -9.208007214183984615e+03
3.819691570530428180e+03 -4.653102624681383531e+03 -1.117398888182925657e+04 -1.130172086388342723e+04 -9.221152677863950885e+03
3.820691601049868950e+03 -4.703914087624101739e+03 -1.121715186736304167e+04 -1.131103618244534846e+04 -9.231779533768314650e+03
3.821691631569309720e+03 -4.757406057866684023e+03 -1.123662670499579508e+04 -1.133575981342715568e+04 -9.226558176616463243e+03
3.822691662088750491e+03 -4.812563629824845520e+03 -1.127235336356336302e+04 -1.133451835846622089e+04 -9.226046805896814476e+03
3.823691692608191261e+03 -4.868228256676987257e+03 -1.129412704684595519e+04 -1.135151835999218929e+04 -9.229588690018314082e+03
3.824691723127632031e+03 -4.916034129519637645e+03 -1.132260914780044914e+04 -1.135904796769148197e+04 -9.226557775436507654e+03
3.825691753647072801e+03 -4.971698358473619010e+03 -1.132368156807032028e+04 -1.139200053753902830e+04 -9.229918459943688504e+03
3.826691784166514481e+03 -5.015158254933593525e+03 -1.135692112132295006e+04 -1.139417045412177322e+04 -9.244414429088545148e+03
3.827691814685955251e+03 -5.071149954076757240e+03 -1.138896330941234010e+04 -1.140543238657082111e+04 -9.246605540291848229e+03
3.828691845205396021e+03 -5.124640995890292288e+03 -1.139302851084637587e+04 -1.144001203850422098e+04 -9.256719420756733598e+03
3.829691875724836791e+03 -5.176792712482943898e+03 -1.141779399258048579e+04 -1.144450708907493026e+04 -9.257228919303242947e+03
3.830691906244277561e+03 -5.231951345502872755e+03 -1.143956346423746072e+04 -1.144610574306458329e+04 -9.266655712226929609e+03
3.831691936763718331e+03 -5.286276116603246919e+03 -1.144964651712955674e+04 -1.146795842061142866e+04 -9.281660110105065542e+03
3.832691967283159101e+03 -5.344112471635893598e+03 -1.146981276330127366e+04 -1.147477874731060365e+04 -9.288741471268314854e+03
3.833691997802599872e+03 -5.390249559577662694e+03 -1.149511312148887191e+04 -1.147082880548446519e+04 -9.291265294383352739e+03
3.834692028322040642e+03 -5.437551295446198310e+03 -1.150449704452838887e+04 -1.148802439231227072e+04 -9.303569349964976936e+03
3.835692058841482321e+03 -5.496552828936561127e+03 -1.151351427536409392e+04 -1.150665446087420787e+04 -9.314523836168287744e+03
3.836692089360923092e+03 -5.554057469532936011e+03 -1.154606536821567715e+04 -1.151382530599948404e+04 -9.316380764466674009e+03
3.837692119880363862e+03 -5.604367978686856077e+03 -1.156571246133620662e+04 -1.152331204598148179e+04 -9.315873405546606591e+03
3.838692150399804632e+03 -5.661871425588746206e+03 -1.155686411668778965e+04 -1.156487335405997510e+04 -9.321097169778202442e+03
3.839692180919245402e+03 -5.700985345665955720e+03 -1.159295213273338231e+04 -1.154750364514296234e+04 -9.326827891749911942e+03
3.840692211438686172e+03 -5.761156965024615602e+03 -1.159402244719045666e+04 -1.157095952517483056e+04 -9.332558346268315290e+03
3.841692241958126942e+03 -5.816654872545948820e+03 -1.158835472220874362e+04 -1.160482406834842732e+04 -9.325649626213613374e+03
3.842692272477568622e+03 -5.860782044227377810e+03 -1.161949548202838741e+04 -1.160750753848897511e+04 -9.313346640445201047e+03
3.843692302997009392e+03 -5.916444151057812633e+03 -1.162710294138222343e+04 -1.164082725719890368e+04 -9.306268221268313937e+03
3.844692333516450162e+03 -5.980296461068563076e+03 -1.164656458258804014e+04 -1.164924666430916841e+04 -9.308459065018312685e+03
3.845692364035890932e+03 -6.041140130426656469e+03 -1.164532538194369590e+04 -1.166733958399344556e+04 -9.304582463085287600e+03
3.846692394555331703e+03 -6.102819916460572131e+03 -1.165470509335758470e+04 -1.167127858100253980e+04 -9.292784964063817824e+03
3.847692425074772473e+03 -6.169682060818471655e+03 -1.167505019323054694e+04 -1.167289429184990695e+04 -9.283516637223498037e+03
3.848692455594213243e+03 -6.244063817317199209e+03 -1.168885042689310831e+04 -1.169904657680611126e+04 -9.268345883389498340e+03
3.849692486113654013e+03 -6.310089977631999318e+03 -1.170317978112081437e+04 -1.170101493818681411e+04 -9.251157729273949371e+03
3.850692516633094783e+03 -6.371933167178711301e+03 -1.170406548598828158e+04 -1.170836217964899515e+04 -9.230256387194898707e+03
3.851692547152536463e+03 -6.421075182056977610e+03 -1.171467990564586034e+04 -1.171910927927590456e+04 -9.203461845261166673e+03
3.852692577671977233e+03 -6.477910425308363301e+03 -1.171609416952838910e+04 -1.173487550142691362e+04 -9.174639606093660404e+03
3.853692608191418003e+03 -6.536581172791455174e+03 -1.172016610956340992e+04 -1.175081442426232024e+04 -9.137394192530444343e+03
3.854692638710858773e+03 -6.600434941762140625e+03 -1.173485232886848098e+04 -1.175171175711878459e+04 -9.107565392848613556e+03
3.855692669230299543e+03 -6.664787277132641975e+03 -1.174086638986348953e+04 -1.176837616496914598e+04 -9.079425293336162213e+03
3.856692699749740314e+03 -6.729478754371807554e+03 -1.175732570355374264e+04 -1.178986880067765378e+04 -9.067124046014243504e+03
3.857692730269181084e+03 -6.795166303348826659e+03 -1.178262606174134453e+04 -1.179918397709909550e+04 -9.058702877518313471e+03
3.858692760788622763e+03 -6.849151004151532106e+03 -1.178880648194827336e+04 -1.182014259102055075e+04 -9.062582956344311242e+03
3.859692791308063534e+03 -6.902481029841273084e+03 -1.179925355968129588e+04 -1.181618639501324469e+04 -9.066621501253663155e+03
3.860692821827504304e+03 -6.968167650389239498e+03 -1.181111476090932229e+04 -1.180257914462794179e+04 -9.059203951285708172e+03
3.861692852346945074e+03 -7.028514477572899523e+03 -1.182383134330036228e+04 -1.182267198087970246e+04 -9.051285327550360307e+03
3.862692882866385844e+03 -7.080821241816889597e+03 -1.183943962784073847e+04 -1.183767490864781212e+04 -9.043867510129099173e+03
3.863692913385826614e+03 -7.128969041815354103e+03 -1.187709198202838888e+04 -1.184363329547027024e+04 -9.037294711425796777e+03
3.864692943905267384e+03 -7.188974074475920133e+03 -1.187374219539933256e+04 -1.189376453742840386e+04 -9.030721912722492561e+03
3.865692974424708154e+03 -7.236284298838625546e+03 -1.191320526782767956e+04 -1.187836276347063904e+04 -9.017576582769188462e+03
3.866693004944148925e+03 -7.302312581276970377e+03 -1.192345482031921711e+04 -1.191329350239208179e+04 -9.011003784065884247e+03
3.867693035463590604e+03 -7.359800775415949829e+03 -1.195319465307079190e+04 -1.191059681318681396e+04 -9.003085962690442102e+03
3.868693065983031374e+03 -7.412296541287963919e+03 -1.197050260932306810e+04 -1.192943369614857875e+04 -9.000049030409267289e+03
3.869693096502472144e+03 -7.468449787085809476e+03 -1.197086719571406866e+04 -1.195251318818681648e+04 -8.993823653549490700e+03
3.870693127021912915e+03 -7.520946348754149767e+03 -1.199689742862127241e+04 -1.194605688325945084e+04 -8.999051697033972232e+03
3.871693157541353685e+03 -7.580950585618382320e+03 -1.201509010702838896e+04 -1.194589725949930107e+04 -9.004429915549353609e+03
3.872693188060794455e+03 -7.628904609210865601e+03 -1.202413330955539277e+04 -1.196775562266538509e+04 -8.998205742229447424e+03
3.873693218580235225e+03 -7.671377055059827399e+03 -1.205669998542175563e+04 -1.196791410930169150e+04 -9.002587563456099815e+03
3.874693249099676905e+03 -7.720516019385502659e+03 -1.207666716208927755e+04 -1.197617147626363840e+04 -9.007816141847195468e+03
3.875693279619117675e+03 -7.775187492419668160e+03 -1.209224540370024806e+04 -1.199750192968334522e+04 -9.024846097332687350e+03
3.876693310138558445e+03 -7.834350970462827718e+03 -1.211383489855581320e+04 -1.200660105257367832e+04 -9.037144670121548188e+03
3.877693340657999215e+03 -7.876623008269732054e+03 -1.213631402912942576e+04 -1.199908693818681422e+04 -9.048099290051504795e+03
3.878693371177439985e+03 -7.920778828618947045e+03 -1.216176712893944023e+04 -1.201523338612446241e+04 -9.059550169589363577e+03
3.879693401696880755e+03 -7.982114432740781012e+03 -1.217823612936861537e+04 -1.202650398914283505e+04 -9.071703381506818914e+03
3.880693432216321526e+03 -8.024384878955033855e+03 -1.220850578462291378e+04 -1.203221547794983417e+04 -9.095803331390081439e+03
3.881693462735762296e+03 -8.069875249747155067e+03 -1.222846706501455992e+04 -1.203206296121372725e+04 -9.113826207271331441e+03
3.882693493255203066e+03 -8.121677346486151691e+03 -1.224723729768141675e+04 -1.204280565448571724e+04 -9.133896839384260602e+03
3.883693523774644746e+03 -8.165978134399917508e+03 -1.226066718906465030e+04 -1.205031806318681447e+04 -9.149375431972628576e+03
3.884693554294085516e+03 -8.216797953204084479e+03 -1.226541565656143757e+04 -1.206218707763014754e+04 -9.151566409449280400e+03
3.885693584813526286e+03 -8.262921247342819697e+03 -1.227239151246008805e+04 -1.207195113369053797e+04 -9.149021858703079488e+03
3.886693615332967056e+03 -8.308063855139387670e+03 -1.231037672545907844e+04 -1.205121980239819095e+04 -9.142449059999775272e+03
3.887693645852407826e+03 -8.364561415482039592e+03 -1.229620474564196775e+04 -1.206842263839052976e+04 -9.133685417546470489e+03
3.888693676371848596e+03 -8.412367288324687252e+03 -1.231980416862996208e+04 -1.204994068020980012e+04 -9.126619033768314694e+03
3.889693706891289366e+03 -8.462835365151657243e+03 -1.232840374659188637e+04 -1.206970318198372843e+04 -9.126619033768314694e+03
3.890693737410731046e+03 -8.507137081494471204e+03 -1.234243281191303686e+04 -1.207232439459360103e+04 -9.134396308431843863e+03
3.891693767930171816e+03 -8.551927814681112068e+03 -1.235459416166009214e+04 -1.207616716249708588e+04 -9.157154311355987375e+03
3.892693798449612586e+03 -8.594545360727315710e+03 -1.235088554452838798e+04 -1.210478046774107861e+04 -9.175174245250875174e+03
3.893693828969053357e+03 -8.638359121287992821e+03 -1.236543502638839709e+04 -1.210478060988155994e+04 -9.185279567209992820e+03
3.894693859488494127e+03 -8.689668354834193451e+03 -1.237989339674753319e+04 -1.211860988369816732e+04 -9.197083485110788388e+03
3.895693890007934897e+03 -8.736631479364950792e+03 -1.236571776685488840e+04 -1.216323616696816680e+04 -9.204148130442457841e+03
3.896693920527375667e+03 -8.770201484319592055e+03 -1.237820551758733745e+04 -1.215216029640876513e+04 -9.217160134923087753e+03
3.897693951046816437e+03 -8.813884999547823099e+03 -1.239970053164155797e+04 -1.213633863947014834e+04 -9.243451062283000283e+03
3.898693981566257207e+03 -8.867010770846578453e+03 -1.239087731635932323e+04 -1.214774129099537458e+04 -9.258069658768314184e+03
3.899694012085698887e+03 -8.910470534673828297e+03 -1.240326974396530932e+04 -1.214384763679971002e+04 -9.257219558437558590e+03
3.900694042605139657e+03 -8.959119421093817436e+03 -1.241284768255828749e+04 -1.214954789650870225e+04 -9.259770126883129706e+03
3.901694073124580427e+03 -9.000892494602747320e+03 -1.243546986801538696e+04 -1.215121747859837160e+04 -9.265492557802375813e+03
3.902694103644021197e+03 -9.046882758121899315e+03 -1.242959872151634954e+04 -1.219080601894125357e+04 -9.271575382050452390e+03
3.903694134163461968e+03 -9.088297325384835858e+03 -1.244453539215816818e+04 -1.219108006578860113e+04 -9.289102533230407062e+03
3.904694164682902738e+03 -9.123423510059874388e+03 -1.246997024159050852e+04 -1.219404070986705301e+04 -9.301397227946346902e+03
3.905694195202343508e+03 -9.172073059643469605e+03 -1.246588398202838835e+04 -1.222949182508938793e+04 -9.307480988280987731e+03
3.906694225721785187e+03 -9.216861803339334074e+03 -1.247955098793390971e+04 -1.222471903201882014e+04 -9.331092033522261772e+03
3.907694256241225958e+03 -9.258992852563371343e+03 -1.249808354452838830e+04 -1.222185419062457186e+04 -9.364806662276150746e+03
3.908694286760666728e+03 -9.307282834839199495e+03 -1.250344578626525436e+04 -1.224890849907309348e+04 -9.381119976630201563e+03
3.909694317280107498e+03 -9.345068172945961123e+03 -1.253066468030938267e+04 -1.222858965945657656e+04 -9.396456284060157486e+03
3.910694347799548268e+03 -9.390700858648169742e+03 -1.252389519406601903e+04 -1.224411751202097184e+04 -9.405707761342247977e+03
3.911694378318989038e+03 -9.429814778725380165e+03 -1.254075952575320662e+04 -1.222496962568681374e+04 -9.414835541470656608e+03
3.912694408838429808e+03 -9.478465256738021708e+03 -1.252811173324726587e+04 -1.224450456055069844e+04 -9.424573783768315479e+03
3.913694439357870579e+03 -9.527116000016108956e+03 -1.253603281832209177e+04 -1.222833338016936614e+04 -9.430659416276092088e+03
3.914694469877311349e+03 -9.583130909885512665e+03 -1.255749905293459415e+04 -1.223312109799040081e+04 -9.441613902479399258e+03
3.915694500396753028e+03 -9.631056550075654741e+03 -1.255047223636596755e+04 -1.227012054947214165e+04 -9.452082024847106368e+03
3.916694530916193798e+03 -9.669324936553819498e+03 -1.256695681980993322e+04 -1.225304123355777301e+04 -9.469609309753714115e+03
3.917694561435634569e+03 -9.707956736688673118e+03 -1.258637732747221708e+04 -1.225278722851825842e+04 -9.488841609481325577e+03
3.918694591955075339e+03 -9.747552246177354391e+03 -1.258548235702838610e+04 -1.227426223880712132e+04 -9.519514224341239242e+03
3.919694622474516109e+03 -9.783165856103607439e+03 -1.259366329940386640e+04 -1.227671657849231451e+04 -9.535821520995927131e+03
3.920694652993956879e+03 -9.830490272167506191e+03 -1.260477749863477948e+04 -1.227477863517454534e+04 -9.540688502518312816e+03
3.921694683513397649e+03 -9.872258040367583817e+03 -1.260758651253448079e+04 -1.228823564307144625e+04 -9.551526245353867125e+03
3.922694714032839329e+03 -9.912698552924453907e+03 -1.260477777940982378e+04 -1.228784418818681479e+04 -9.567347311899615306e+03
3.923694744552280099e+03 -9.944447112715848561e+03 -1.261487360756629460e+04 -1.228188750705011080e+04 -9.572697848997895562e+03
3.924694775071720869e+03 -9.978734793326084400e+03 -1.260770626308954343e+04 -1.228164359398475062e+04 -9.573067202012454800e+03
3.925694805591161639e+03 -1.001482906423475833e+04 -1.258688623223439208e+04 -1.230828825356708694e+04 -9.583168110992037327e+03
3.926694836110602409e+03 -1.005865582280213312e+04 -1.258548235702838610e+04 -1.229495050153373086e+04 -9.582314533768314504e+03
3.927694866630043180e+03 -1.010042199940954742e+04 -1.258100048543321645e+04 -1.228409438015791238e+04 -9.597054821507505039e+03
3.928694897149483950e+03 -1.013953578685403590e+04 -1.255289321915872461e+04 -1.229340927229839326e+04 -9.622974791133034159e+03
3.929694927668924720e+03 -1.018251674655692295e+04 -1.255456944615468456e+04 -1.228977800943063812e+04 -9.643547031919973961e+03
3.930694958188365490e+03 -1.022645504924301349e+04 -1.255480192788882050e+04 -1.230391018461220119e+04 -9.665456138053232280e+03
3.931694988707807170e+03 -1.026254852435539397e+04 -1.255266143936221852e+04 -1.231772140658774333e+04 -9.689074003353793159e+03
3.932695019227247940e+03 -1.029816385850702682e+04 -1.256669134700847280e+04 -1.233004072207484569e+04 -9.718892238630067368e+03
3.933695049746688710e+03 -1.033945056782651409e+04 -1.255238557788422804e+04 -1.234203112448892352e+04 -9.744328518953034290e+03
3.934695080266129480e+03 -1.037808701010661571e+04 -1.255059072343334992e+04 -1.232447705936806960e+04 -9.767092405849891293e+03
3.935695110785570250e+03 -1.042117606547746436e+04 -1.253488304452838929e+04 -1.235719353387670526e+04 -9.794238247700053762e+03
3.936695141305011020e+03 -1.045981290565572635e+04 -1.254537350200526635e+04 -1.235355843321596330e+04 -9.824055948069717488e+03
3.937695171824451791e+03 -1.050327266948293618e+04 -1.254879390355719261e+04 -1.236872510681815766e+04 -9.849491693486075746e+03
3.938695202343893470e+03 -1.054588411442399229e+04 -1.253258307577838787e+04 -1.237087953008847035e+04 -9.871400799619359532e+03
3.939695232863334240e+03 -1.058112807695564697e+04 -1.254357906871695377e+04 -1.234890020537307282e+04 -9.889408163208898259e+03
3.940695263382775011e+03 -1.062013867614287847e+04 -1.253589018460117222e+04 -1.235344699507886980e+04 -9.903409210012367112e+03
3.941695293902215781e+03 -1.066974424238245774e+04 -1.252248486103406685e+04 -1.237065779093814308e+04 -9.922647928619306185e+03
3.942695324421656551e+03 -1.070281448724278744e+04 -1.252837860992392052e+04 -1.237684360253018895e+04 -9.951129699729219283e+03
3.943695354941097321e+03 -1.073323632192183504e+04 -1.253398442400902240e+04 -1.238179336049957419e+04 -9.973517814732193074e+03
3.944695385460538091e+03 -1.076450727128340077e+04 -1.252708437737150598e+04 -1.240700851326463453e+04 -9.997139023199044459e+03
3.945695415979978861e+03 -1.079757658771468596e+04 -1.252888203957279256e+04 -1.241126462568681382e+04 -1.002428620231572859e+04
3.946695446499419631e+03 -1.082280306606305021e+04 -1.253668112789223778e+04 -1.240984620582704883e+04 -1.004362641945201722e+04
3.947695477018861311e+03 -1.085010392017442246e+04 -1.253308468038949286e+04 -1.242837052187112931e+04 -1.006858275481872261e+04
3.948695507538302081e+03 -1.088969133906709430e+04 -1.253028310702838826e+04 -1.244852362568681383e+04 -1.009353935763871959e+04
3.949695538057742851e+03 -1.091491755215001285e+04 -1.253848089590634299e+04 -1.243414810600177225e+04 -1.011287823750847383e+04
3.950695568577183622e+03 -1.094099341044633547e+04 -1.254458368181437072e+04 -1.242756543818681348e+04 -1.013164222649858311e+04
3.951695599096624392e+03 -1.096839214750609062e+04 -1.254038272564791805e+04 -1.243961312321473633e+04 -1.016145792096845798e+04
3.952695629616065162e+03 -1.098964945903328044e+04 -1.255598244654953487e+04 -1.244427092463617919e+04 -1.019165406776505370e+04
3.953695660135505932e+03 -1.102611775421635139e+04 -1.256058280521209599e+04 -1.245743327531600880e+04 -1.021584949847829739e+04
3.954695690654947612e+03 -1.106050729675666298e+04 -1.257808281159257422e+04 -1.243829747092272737e+04 -1.023728240400156756e+04
3.955695721174388382e+03 -1.108138673766052852e+04 -1.257038129259993548e+04 -1.245723314151878367e+04 -1.025919151013482769e+04
3.956695751693829152e+03 -1.110311661957413526e+04 -1.257798566342832055e+04 -1.244912786487148333e+04 -1.027062179576818016e+04
3.957695782213269922e+03 -1.112872110117854027e+04 -1.259058109138908185e+04 -1.246280433767103932e+04 -1.029377121660456396e+04
3.958695812732710692e+03 -1.116519072268882883e+04 -1.259778662127142888e+04 -1.246168128573076319e+04 -1.031663031687809234e+04
3.959695843252151462e+03 -1.119995866638331790e+04 -1.262448622187685578e+04 -1.245034785661979186e+04 -1.033587371591787087e+04
3.960695873771592233e+03 -1.123651874340961695e+04 -1.263058072492117572e+04 -1.247221858600772248e+04 -1.035168461923800533e+04
3.961695904291033003e+03 -1.126127304926972465e+04 -1.263968625950732167e+04 -1.246350352669701533e+04 -1.036616253528474590e+04
3.962695934810473773e+03 -1.128999187980576244e+04 -1.264988148202838784e+04 -1.245176485507474354e+04 -1.037359385909791672e+04
3.963695965329915452e+03 -1.131559795300284532e+04 -1.264807862548883168e+04 -1.246847517430047446e+04 -1.038978882536441051e+04
3.964695995849356223e+03 -1.134904447689384506e+04 -1.264388314443568561e+04 -1.247231353584902536e+04 -1.040731611027101826e+04
3.965696026368796993e+03 -1.137691074429659602e+04 -1.265578828695766060e+04 -1.246391146987743923e+04 -1.042093469884797014e+04
3.966696056888237763e+03 -1.140034469141498630e+04 -1.266688311271072598e+04 -1.246665065908652832e+04 -1.043360730508423512e+04
3.967696087407678533e+03 -1.143426020460891777e+04 -1.267238518041810494e+04 -1.247089724809647851e+04 -1.045418462748397724e+04
3.968696117927119303e+03 -1.145645854529457574e+04 -1.267107690911362988e+04 -1.247363729014845012e+04 -1.047304356239745175e+04
3.969696148446560073e+03 -1.147252195945101448e+04 -1.268379700119267727e+04 -1.245751614321643319e+04 -1.049057084730405950e+04
3.970696178966001753e+03 -1.149122635635635925e+04 -1.269637600381354241e+04 -1.245998910330463696e+04 -1.050809813221068725e+04
3.971696209485442523e+03 -1.150993048799624194e+04 -1.269489112500816009e+04 -1.247614336896871100e+04 -1.053258629056652899e+04
3.972696240004883293e+03 -1.152769982421556961e+04 -1.272158861980077745e+04 -1.244893682806504330e+04 -1.055238719602110905e+04
3.973696270524324063e+03 -1.154819091651112467e+04 -1.271797771238340465e+04 -1.246715312568681475e+04 -1.055809999862136283e+04
3.974696301043764834e+03 -1.155688286927656554e+04 -1.272848936837589645e+04 -1.244952401039199685e+04 -1.057335500024652174e+04
3.975696331563205604e+03 -1.158023909362020277e+04 -1.272036177325824974e+04 -1.247205412947121476e+04 -1.059573455674372963e+04
3.976696362082646374e+03 -1.160080804132323829e+04 -1.272331314010382084e+04 -1.248362336964016322e+04 -1.061107099790033681e+04
3.977696392602087144e+03 -1.161027483444719837e+04 -1.275157328838826288e+04 -1.245825371017225189e+04 -1.063775240708591809e+04
3.978696423121527914e+03 -1.163984291229847622e+04 -1.273728029452838746e+04 -1.248711320272931880e+04 -1.066146147396355445e+04
3.979696453640969594e+03 -1.164426647882323778e+04 -1.274467282058817364e+04 -1.248669758396292491e+04 -1.067374627290721401e+04
3.980696484160410364e+03 -1.165551983470472078e+04 -1.273949940006652650e+04 -1.249143697402044927e+04 -1.069432520002678575e+04
3.981696514679851134e+03 -1.166894690825752514e+04 -1.275568004452838977e+04 -1.247505443074388677e+04 -1.071052270709966433e+04
3.982696545199291904e+03 -1.169331445710197841e+04 -1.274746372449771661e+04 -1.249085746727946935e+04 -1.073462265698292686e+04
3.983696575718732674e+03 -1.170681686604054994e+04 -1.274319720735914052e+04 -1.247521419664452151e+04 -1.075434091936618643e+04
3.984696606238173445e+03 -1.171419031692236968e+04 -1.275888438968609626e+04 -1.244943929466532791e+04 -1.077147478046076867e+04
3.985696636757614215e+03 -1.173025572056963028e+04 -1.274885749180224775e+04 -1.247447961463876345e+04 -1.078806651370558575e+04
3.986696667277055894e+03 -1.174593025558688350e+04 -1.274089892325939763e+04 -1.249418142242733666e+04 -1.081130486276598822e+04
3.987696697796496665e+03 -1.175330410436686725e+04 -1.276529434348920586e+04 -1.248303433948693782e+04 -1.083759565639924767e+04
3.988696728315937435e+03 -1.176936990591229733e+04 -1.276446507440501045e+04 -1.248662267592944954e+04 -1.084901738352683424e+04
3.989696758835378205e+03 -1.178116055694823626e+04 -1.275017502868307565e+04 -1.250582443350589529e+04 -1.086349155522729779e+04
3.990696789354818975e+03 -1.178504391039865186e+04 -1.275839570072688730e+04 -1.249143128840121608e+04 -1.087836142409288732e+04
3.991696819874259745e+03 -1.180064775217537681e+04 -1.276397456040803627e+04 -1.248062989111057504e+04 -1.089283546206670144e+04
3.992696850393700515e+03 -1.182323311514212764e+04 -1.276118548153626034e+04 -1.249643591259625646e+04 -1.089854585758721078e+04
3.993696880913141285e+03 -1.184759774606671635e+04 -1.276899116806917300e+04 -1.250307302021544820e+04 -1.091169118754051487e+04
3.994696911432582056e+03 -1.185806856889182745e+04 -1.277728554356130189e+04 -1.248719422280349318e+04 -1.092045482999381784e+04
3.995696941952023735e+03 -1.186327042422586965e+04 -1.277637976327838805e+04 -1.249086301075823394e+04 -1.093399813046535382e+04
3.996696972471464505e+03 -1.187413529886631113e+04 -1.279010994356817537e+04 -1.249326262635824241e+04 -1.095809808034861635e+04
3.997697002990905276e+03 -1.188453954006526692e+04 -1.279164227335552459e+04 -1.250850605582018579e+04 -1.097867954827458743e+04
3.998697033510346046e+03 -1.190324009062167352e+04 -1.278732409360937163e+04 -1.251238492740582296e+04 -1.100324379709577261e+04
3.999697064029786816e+03 -1.191410509789483513e+04 -1.279714700842579987e+04 -1.251690499470118630e+04 -1.102163455499839802e+04
4.000697094549227586e+03 -1.192799956915791881e+04 -1.278097970077838727e+04 -1.252776665955577118e+04 -1.104354366113165634e+04
4.001697125068668356e+03 -1.193846760669588002e+04 -1.279108633877394459e+04 -1.251133124002026125e+04 -1.106372528636627612e+04
4.002697155588110036e+03 -1.194195677569823965e+04 -1.278007279739530532e+04 -1.253284860817246772e+04 -1.107773462422222292e+04
4.003697186107550806e+03 -1.194887343948749731e+04 -1.279150778211079523e+04 -1.251330045424385025e+04 -1.109439790122620252e+04
4.004697216626991576e+03 -1.195888137411485332e+04 -1.279986505121214577e+04 -1.253222674356816424e+04 -1.110535252115615731e+04
4.005697247146432346e+03 -1.196368599444823849e+04 -1.279750148691531467e+04 -1.255380594282958373e+04 -1.111763370948018201e+04
4.006697277665873116e+03 -1.196843093005698574e+04 -1.281178675946155090e+04 -1.253566725391043110e+04 -1.113031701384865664e+04
4.007697308185313886e+03 -1.198232632974911940e+04 -1.280906408388702403e+04 -1.253045581531554308e+04 -1.114259806844602645e+04
4.008697338704754657e+03 -1.199799502892661985e+04 -1.279435624490378177e+04 -1.254816666138692926e+04 -1.115879905241187225e+04
4.009697369224195427e+03 -1.200108311657941522e+04 -1.279471900625700073e+04 -1.254173238823412794e+04 -1.118681933284356637e+04
4.010697399743636197e+03 -1.199279184726537096e+04 -1.280676327281190243e+04 -1.252537031318681511e+04 -1.120307795299670215e+04
4.011697430263077877e+03 -1.200016874659795394e+04 -1.279847128390762009e+04 -1.253511489600132154e+04 -1.120572975251831485e+04
4.012697460782518647e+03 -1.200800256565581731e+04 -1.279477951327838855e+04 -1.254075147677483255e+04 -1.121138144203832417e+04
4.013697491301959417e+03 -1.201537973025383872e+04 -1.280119634607000262e+04 -1.253143658463435168e+04 -1.122325650251831576e+04
4.014697521821400187e+03 -1.202407168301927959e+04 -1.279804506739507997e+04 -1.254719072484447861e+04 -1.122239102362250742e+04
4.015697552340840957e+03 -1.203882654274620472e+04 -1.279108830419923470e+04 -1.255846047501996509e+04 -1.122804418413568965e+04
4.016697582860281727e+03 -1.204625702569823989e+04 -1.279980608845349161e+04 -1.254356784826510011e+04 -1.123680796031564751e+04
4.017697613379722497e+03 -1.204322530695205569e+04 -1.279895239194072565e+04 -1.254952197087312561e+04 -1.125301014782136554e+04
4.018697643899164177e+03 -1.204362904095605518e+04 -1.279199787494521115e+04 -1.256820718994168419e+04 -1.126748057517557027e+04
4.019697674418604947e+03 -1.205924402388138333e+04 -1.280718864699932055e+04 -1.256636604429146428e+04 -1.128062603885552744e+04
4.020697704938045717e+03 -1.207450501007323692e+04 -1.281312647757064587e+04 -1.254594827490016905e+04 -1.129290522127975964e+04
4.021697735457486488e+03 -1.207622366487737963e+04 -1.283387898202838733e+04 -1.253928970406836925e+04 -1.130426810868019129e+04
4.022697765976927258e+03 -1.208622907948302964e+04 -1.282467910702838890e+04 -1.255981407882039821e+04 -1.132663496114539885e+04
4.023697796496368028e+03 -1.208319669757323936e+04 -1.283478883354940081e+04 -1.255515698810135837e+04 -1.133672289863967490e+04
4.024697827015808798e+03 -1.208926199192370586e+04 -1.282103913939426093e+04 -1.257844414738232081e+04 -1.133457992903132072e+04
4.025697857535249568e+03 -1.210315964637210163e+04 -1.282280956641654302e+04 -1.256641508275741580e+04 -1.133626648957425095e+04
4.026697888054690338e+03 -1.210795882876391261e+04 -1.282242771236052795e+04 -1.256301636171652171e+04 -1.135073584711522199e+04
4.027697918574132018e+03 -1.211791821981524117e+04 -1.280488980134948542e+04 -1.258732309466761762e+04 -1.136474852813748294e+04
4.028697949093572788e+03 -1.213706733423548030e+04 -1.281591092365423719e+04 -1.257941496686745813e+04 -1.138839220268197823e+04
4.029697979613013558e+03 -1.213751974444823827e+04 -1.281873636289384194e+04 -1.257703894658729041e+04 -1.140683150335950813e+04
4.030698010132454328e+03 -1.213883214522667367e+04 -1.279894691682741723e+04 -1.260124845544937307e+04 -1.141253668354056208e+04
4.031698040651895099e+03 -1.213317390069823705e+04 -1.279751243714191696e+04 -1.260177863944345518e+04 -1.142303569676501684e+04
4.032698071171335869e+03 -1.213838053081024191e+04 -1.280627935702838840e+04 -1.259382474240841475e+04 -1.143618116044497401e+04
4.033698101690776639e+03 -1.213969266632323888e+04 -1.281361306071703802e+04 -1.261148754499721872e+04 -1.144234087751831430e+04
4.034698132210218319e+03 -1.214576061332814061e+04 -1.281274504467716542e+04 -1.262225241218424890e+04 -1.144845887187603512e+04
4.035698162729659089e+03 -1.214752316956306640e+04 -1.281682540796343346e+04 -1.260735722690072362e+04 -1.145370911398485259e+04
4.036698193249099859e+03 -1.214707274884113212e+04 -1.281782075548448302e+04 -1.261847573960444606e+04 -1.146904542141481033e+04
4.037698223768540629e+03 -1.215662601849946623e+04 -1.280029126772468953e+04 -1.262923804826280684e+04 -1.148132233048594935e+04
4.038698254287981399e+03 -1.216011054535657240e+04 -1.281361516652985301e+04 -1.261899981155784008e+04 -1.149314550502472230e+04
4.039698284807422169e+03 -1.216662944361429254e+04 -1.282420333372107052e+04 -1.262128827330171953e+04 -1.150104045914255767e+04
4.040698315326862939e+03 -1.217401018929579004e+04 -1.281369350276635669e+04 -1.265152240645040001e+04 -1.151679265646218300e+04
4.041698345846303710e+03 -1.217273545621024459e+04 -1.280715369050667869e+04 -1.265581533325717101e+04 -1.153390365029916575e+04
4.042698376365744480e+03 -1.216880276338745534e+04 -1.283522908881399599e+04 -1.263437557380758699e+04 -1.154659658298662725e+04
4.043698406885186159e+03 -1.217359717100129637e+04 -1.283895356973553680e+04 -1.265060176255507213e+04 -1.155932495323704825e+04
4.044698437404626929e+03 -1.217011357257323834e+04 -1.283479178168733597e+04 -1.266509156318681380e+04 -1.156544575585447456e+04
4.045698467924067700e+03 -1.216490521823585186e+04 -1.284216591698192133e+04 -1.264509339249539516e+04 -1.157946084395646722e+04
4.046698498443508470e+03 -1.216576772882323712e+04 -1.282697907577839032e+04 -1.264553758149847999e+04 -1.159917897261307553e+04
4.047698528962949240e+03 -1.216576772882323712e+04 -1.283617895077838875e+04 -1.264132524834444666e+04 -1.161451541376968453e+04
4.048698559482390010e+03 -1.216055897658769027e+04 -1.284260561069644064e+04 -1.265204420415611094e+04 -1.163729441177828812e+04
4.049698590001830780e+03 -1.216532088918477530e+04 -1.285224630251112285e+04 -1.264183752263793031e+04 -1.165440219617560979e+04
4.050698620521272460e+03 -1.216794065069823773e+04 -1.286929215526245935e+04 -1.262690751293655376e+04 -1.165791385807361803e+04
4.051698651040713230e+03 -1.216490442243952384e+04 -1.287710598427156947e+04 -1.263201163546829775e+04 -1.166622737661418068e+04
4.052698681560154000e+03 -1.215752208516536848e+04 -1.288769218603749869e+04 -1.263389329115559303e+04 -1.167544087552692326e+04
4.053698712079594770e+03 -1.215793961297239548e+04 -1.288356423138175887e+04 -1.262783256318681379e+04 -1.168375492897409276e+04
4.054698742599035540e+03 -1.215793974560511560e+04 -1.288217832577838817e+04 -1.263666986331118096e+04 -1.169602956469213859e+04
4.055698773118476311e+03 -1.215752128936904228e+04 -1.287849273220006035e+04 -1.263296710378148600e+04 -1.171091681802256790e+04
4.056698803637917081e+03 -1.214882933660360140e+04 -1.288356381021919879e+04 -1.262923534759366885e+04 -1.171445415543788295e+04
4.057698834157357851e+03 -1.214403851007323829e+04 -1.288217832577838817e+04 -1.262642992092043824e+04 -1.171661918994391817e+04
4.058698864676798621e+03 -1.215705137163704421e+04 -1.288400785594685112e+04 -1.263341612556091968e+04 -1.171970667089979361e+04
4.059698895196240301e+03 -1.216403899393226493e+04 -1.289412291719365567e+04 -1.263714731318681515e+04 -1.172625486389901926e+04
4.060698925715681071e+03 -1.215707604132324013e+04 -1.290930807374693904e+04 -1.263389215403174603e+04 -1.174116725784014307e+04
4.061698956235121841e+03 -1.216315115049509404e+04 -1.291850822952197996e+04 -1.263434316577791469e+04 -1.173548949162287317e+04
4.062698986754562611e+03 -1.217097833791688754e+04 -1.292862371193133549e+04 -1.263529380131475227e+04 -1.172802246279344581e+04
4.063699017274003381e+03 -1.217922703212734632e+04 -1.292543129971287999e+04 -1.263992800741634892e+04 -1.174027409752723725e+04
4.064699047793444151e+03 -1.219139993066641910e+04 -1.293918689014387928e+04 -1.261856216101689461e+04 -1.176656489116049852e+04
4.065699078312884922e+03 -1.220095704667367318e+04 -1.294981436584088442e+04 -1.261010878233164840e+04 -1.177315828376831450e+04
4.066699108832326601e+03 -1.220922616632323843e+04 -1.292956178134398760e+04 -1.261761124119907254e+04 -1.177534912751831507e+04
4.067699139351767371e+03 -1.220705324444823782e+04 -1.293324554988454656e+04 -1.259242849646368995e+04 -1.178541192440190389e+04
4.068699169871208142e+03 -1.220618768330826060e+04 -1.291989399473782942e+04 -1.260827545440789618e+04 -1.178893963349821570e+04
4.069699200390648912e+03 -1.220574601634593819e+04 -1.292909401012534727e+04 -1.259477637292861800e+04 -1.178630334626831427e+04
4.070699230910089682e+03 -1.221486239381991800e+04 -1.291164622790254180e+04 -1.260127119792632948e+04 -1.178104869117995986e+04
4.071699261429530452e+03 -1.222747550036137909e+04 -1.290147767901039151e+04 -1.259572075428429889e+04 -1.178454096271333219e+04
4.072699291948971222e+03 -1.223182147674410044e+04 -1.293276135332599370e+04 -1.256450215616429523e+04 -1.179549558264328698e+04
4.073699322468411992e+03 -1.223789990173398655e+04 -1.293095947949910078e+04 -1.257007164663077492e+04 -1.181214936505493642e+04
4.074699352987852762e+03 -1.224399291632323730e+04 -1.290886093949382848e+04 -1.257241582744321386e+04 -1.181565781751327631e+04
4.075699383507294442e+03 -1.224703232776726509e+04 -1.292034646371672898e+04 -1.255844341816224369e+04 -1.182529496246155031e+04
4.076699414026735212e+03 -1.224920538227498764e+04 -1.292082588709957236e+04 -1.255424330908958109e+04 -1.182967691741485396e+04
4.077699444546175982e+03 -1.225963071207665052e+04 -1.290059085104276164e+04 -1.256681577677330824e+04 -1.183844055986815874e+04
4.078699475065616753e+03 -1.227266864122481275e+04 -1.288494311760909841e+04 -1.256124187995190732e+04 -1.184852100866988985e+04
4.079699505585057523e+03 -1.227658674444823919e+04 -1.287482524861189086e+04 -1.254354098371419423e+04 -1.185684201590299381e+04
4.080699536104498293e+03 -1.228483981553850572e+04 -1.285872504619933170e+04 -1.253561437765150367e+04 -1.186998747958295098e+04
4.081699566623939063e+03 -1.228658406845788340e+04 -1.284906076928118273e+04 -1.254260058229198330e+04 -1.187700237859984736e+04
4.082699597143380743e+03 -1.228527843194823799e+04 -1.285411500079784673e+04 -1.254307021444116072e+04 -1.188532418819287523e+04
4.083699627662821513e+03 -1.228614598257903890e+04 -1.285366042600613946e+04 -1.253934243818681534e+04 -1.190066049562283115e+04
4.084699658182262283e+03 -1.229135964222528128e+04 -1.285457870077838925e+04 -1.254446077476665596e+04 -1.191161511555278776e+04
4.085699688701703053e+03 -1.230266180694823743e+04 -1.284400457233922862e+04 -1.255751055018553052e+04 -1.192213565876831490e+04
4.086699719221143823e+03 -1.229136627386134933e+04 -1.285089100138725007e+04 -1.252118782953379014e+04 -1.192301076598311192e+04
4.087699749740584593e+03 -1.229526952221997271e+04 -1.284814684652207507e+04 -1.253141441071931149e+04 -1.192520174345976375e+04
4.088699780260025364e+03 -1.230092537935942892e+04 -1.283709287353749096e+04 -1.253888488797853097e+04 -1.192870819001831478e+04
4.089699810779466134e+03 -1.229701138775036452e+04 -1.285090223238890576e+04 -1.252722709428992675e+04 -1.193265005055781876e+04
4.090699841298906904e+03 -1.230266180694823743e+04 -1.283525969329349937e+04 -1.253608671046983545e+04 -1.193966240876831398e+04
4.091699871818348583e+03 -1.230222610845838062e+04 -1.284123711314563297e+04 -1.251046731017683305e+04 -1.193747156501831341e+04
4.092699902337789354e+03 -1.231309098309882211e+04 -1.283618119697871407e+04 -1.251838425068681317e+04 -1.194141422791773766e+04
4.093699932857230124e+03 -1.231874113703125113e+04 -1.282467910702838890e+04 -1.250534485152304478e+04 -1.195149267081967810e+04
4.094699963376670894e+03 -1.231526523130103487e+04 -1.282283946895843656e+04 -1.249183738375539178e+04 -1.195149280454633117e+04
4.095699993896111664e+03 -1.230787679292169196e+04 -1.281685924135589266e+04 -1.249463158133062097e+04 -1.195894178027765338e+04
4.096700024415552434e+03 -1.230918057257323926e+04 -1.280259895778832833e+04 -1.249695998454966502e+04 -1.196463813449963527e+04
4.097700054934993204e+03 -1.230961467947044548e+04 -1.279339978472592338e+04 -1.247274095227535872e+04 -1.197121079947628823e+04
4.098700085454434884e+03 -1.230048888507323863e+04 -1.279845907019332844e+04 -1.247460611966686156e+04 -1.197646933263757273e+04
4.099700115973875654e+03 -1.230048888507323863e+04 -1.278419752313806930e+04 -1.248764665595447332e+04 -1.198654697317959653e+04
4.100700146493316424e+03 -1.229961907968617561e+04 -1.276671787294808928e+04 -1.248112183931526670e+04 -1.198567012751831680e+04
4.101700177012757194e+03 -1.229918590121802299e+04 -1.276257995077838677e+04 -1.246482443818681531e+04 -1.198479301440372910e+04
4.102700207532197965e+03 -1.230657487012825004e+04 -1.275107533385269016e+04 -1.247227913785262535e+04 -1.198435653060955156e+04
4.103700238051638735e+03 -1.230831036928801223e+04 -1.273498032577838785e+04 -1.248252135449106390e+04 -1.198567012751831680e+04
4.104700268571079505e+03 -1.230222372106939656e+04 -1.273635907161820978e+04 -1.246807959734188989e+04 -1.198260176947377295e+04
4.105700299090520275e+03 -1.229571105654957319e+04 -1.272853766168298716e+04 -1.246016706318681463e+04 -1.198216608803950840e+04
4.106700329609961045e+03 -1.230961945424840633e+04 -1.272255897834316966e+04 -1.246389910365558353e+04 -1.199049431651185296e+04
4.107700360129402725e+03 -1.231091421487489788e+04 -1.271382392642387822e+04 -1.246760712238307678e+04 -1.199969310549281545e+04
4.108700390648843495e+03 -1.229961801862440370e+04 -1.273452392594891717e+04 -1.244433744638128701e+04 -1.200319687751831589e+04
4.109700421168284265e+03 -1.230440380511134936e+04 -1.272162694559389638e+04 -1.246995343530272839e+04 -1.200450953834050779e+04
4.110700451687725035e+03 -1.230091954351968525e+04 -1.271659096445491377e+04 -1.244151652639562963e+04 -1.199969350667277104e+04
4.111700482207165805e+03 -1.230353307129523637e+04 -1.271058069392296602e+04 -1.246066199634159966e+04 -1.200933546578053574e+04
4.112700512726606576e+03 -1.230179040996851836e+04 -1.271154894665252687e+04 -1.245594677016586320e+04 -1.200275196894502551e+04
4.113700543246047346e+03 -1.230310347391055802e+04 -1.274371271033479388e+04 -1.243643216139073229e+04 -1.200495431318714327e+04
4.114700573765489025e+03 -1.231874392231840284e+04 -1.271888054452838878e+04 -1.247413918818681486e+04 -1.200757856501831520e+04
4.115700604284929796e+03 -1.231265462144535377e+04 -1.274097136322002552e+04 -1.245457539880528748e+04 -1.201064839405603743e+04
4.116700634804370566e+03 -1.230960963942702620e+04 -1.273358866428666988e+04 -1.246436461373082602e+04 -1.201415109626831327e+04
4.117700665323811336e+03 -1.230483472882323804e+04 -1.272853429238249009e+04 -1.246995684667427304e+04 -1.201415109626831327e+04
4.118700695843252106e+03 -1.229874449952114264e+04 -1.271658057577838917e+04 -1.248345393818681441e+04 -1.201283963898599359e+04
4.119700726362692876e+03 -1.229397011944823680e+04 -1.272395049944735729e+04 -1.247039975641302772e+04 -1.201327157607398112e+04
4.120700756882133646e+03 -1.229484257748972777e+04 -1.273498032577838785e+04 -1.246530075093859523e+04 -1.201283990643929792e+04
4.121700787401574416e+03 -1.229744337252402693e+04 -1.272208601278626884e+04 -1.248393067736003832e+04 -1.202424277810885724e+04
4.122700817921015187e+03 -1.229005175095937375e+04 -1.272027557532058745e+04 -1.248669886322726234e+04 -1.203781937651689077e+04
4.123700848440456866e+03 -1.228135979819392378e+04 -1.274327582437068486e+04 -1.246062489767606894e+04 -1.204877386272020522e+04
4.124700878959897636e+03 -1.228137863204037239e+04 -1.274370807754660564e+04 -1.247555277527022736e+04 -1.205051525119071812e+04
4.125700909479338407e+03 -1.228745135382323861e+04 -1.274787688497084673e+04 -1.247692514161414692e+04 -1.204394258621406516e+04
4.126700939998779177e+03 -1.228353192427260001e+04 -1.275982863614965754e+04 -1.245875233897955877e+04 -1.204965512136101643e+04
4.127700970518219947e+03 -1.228442613408040052e+04 -1.276625543645523430e+04 -1.245971036582140368e+04 -1.205884856127586681e+04
4.128701001037660717e+03 -1.230440884515475955e+04 -1.275520623664636514e+04 -1.246996153731013874e+04 -1.206630194998672596e+04
4.129701031557101487e+03 -1.230396107708725685e+04 -1.276307790531394312e+04 -1.245219667785600359e+04 -1.206980304747917216e+04
4.130701062076543167e+03 -1.230832986629806510e+04 -1.277635533584979385e+04 -1.243412038860799657e+04 -1.208120952976836634e+04
4.131701092595983937e+03 -1.231917126494680997e+04 -1.275660505790162824e+04 -1.246295131092837437e+04 -1.208775865885414896e+04
4.132701123115424707e+03 -1.230873134554579156e+04 -1.277363013329990463e+04 -1.244341097472621732e+04 -1.208775852512749771e+04
4.133701153634865477e+03 -1.230266180694823743e+04 -1.276625459413011049e+04 -1.246527942986645030e+04 -1.207811362403337444e+04
4.134701184154306247e+03 -1.230700765069823865e+04 -1.277085439124259028e+04 -1.244199227058548968e+04 -1.207813929955067943e+04
4.135701214673747018e+03 -1.230658362388786190e+04 -1.275657768233511160e+04 -1.245275486352481312e+04 -1.209083062751831494e+04
4.136701245193187788e+03 -1.231265183615820570e+04 -1.274925731546090537e+04 -1.246246675402869914e+04 -1.208952157731574152e+04
4.137701275712628558e+03 -1.230788236349599174e+04 -1.276858334232182642e+04 -1.244432010524260659e+04 -1.209785809684054766e+04
4.138701306232069328e+03 -1.231265157089276363e+04 -1.277545376719250999e+04 -1.244900761402456737e+04 -1.210704859476904312e+04
4.139701336751511008e+03 -1.231005555063643806e+04 -1.276762758408158152e+04 -1.245877607643988267e+04 -1.210923957224570040e+04
4.140701367270951778e+03 -1.231744955959007893e+04 -1.277225868761115817e+04 -1.245457184529326696e+04 -1.211362139347235279e+04
4.141701397790392548e+03 -1.232179566860552040e+04 -1.277682689753150044e+04 -1.245738565825487422e+04 -1.211712075251831448e+04
4.142701428309833318e+03 -1.233570884108232531e+04 -1.276532677300645992e+04 -1.245829080883779352e+04 -1.212634107149034389e+04
4.143701458829274088e+03 -1.234089889210415640e+04 -1.275612661723142082e+04 -1.244244186092685413e+04 -1.213333938840230985e+04
4.144701489348714858e+03 -1.234222840250365152e+04 -1.274785329986738361e+04 -1.243128440173134368e+04 -1.214079491673960911e+04
4.145701519868155629e+03 -1.235526633165181192e+04 -1.275616101217395953e+04 -1.242756543818681348e+04 -1.214648471835561395e+04
4.146701550387597308e+03 -1.236742835430773812e+04 -1.275749862447024316e+04 -1.243083282142324970e+04 -1.215174967039622425e+04
4.147701580907038078e+03 -1.237307134607320950e+04 -1.273909845330768258e+04 -1.243034513743298157e+04 -1.216227984193074553e+04
4.148701611426478848e+03 -1.237349205706554858e+04 -1.272344341972294569e+04 -1.242756543818681348e+04 -1.217934777578557441e+04
4.149701641945919619e+03 -1.237874975077530326e+04 -1.270919801723256205e+04 -1.243226104897620098e+04 -1.218507288123787293e+04
4.150701672465360389e+03 -1.239480096272137234e+04 -1.267837032158387228e+04 -1.244709525599338303e+04 -1.220652183395944121e+04
4.151701702984801159e+03 -1.240002350875994671e+04 -1.269132008764663260e+04 -1.242057937568681336e+04 -1.220694534626831592e+04
4.152701733504241929e+03 -1.241393800756396558e+04 -1.268894108072254312e+04 -1.244484616716272467e+04 -1.221178798953992009e+04
4.153701764023682699e+03 -1.242697593671212780e+04 -1.267933731082576742e+04 -1.244288548136801910e+04 -1.222843107381935442e+04
4.154701794543123469e+03 -1.244001386586029003e+04 -1.267513986434734397e+04 -1.244251918534849210e+04 -1.223719471627265921e+04
4.155701825062565149e+03 -1.244519755051149696e+04 -1.266138132577838769e+04 -1.244427248818146290e+04 -1.224465184932980083e+04
4.156701855582005919e+03 -1.244565619446216442e+04 -1.265673871047212197e+04 -1.242899721925179256e+04 -1.225910368867927536e+04
4.157701886101446689e+03 -1.245564370365042305e+04 -1.263006704698329668e+04 -1.244852362568681383e+04 -1.226656108918971040e+04
4.158701916620887459e+03 -1.245693926007323898e+04 -1.263152581370985536e+04 -1.242984949357578625e+04 -1.227970655286966939e+04
4.159701947140328230e+03 -1.245652159963349004e+04 -1.264249471185694711e+04 -1.241825068818681575e+04 -1.229681259882049744e+04
4.160701977659769000e+03 -1.246955939614893032e+04 -1.261993640272171979e+04 -1.242573012029631536e+04 -1.230860916175540478e+04
4.161702008179209770e+03 -1.246909889534017202e+04 -1.260339440078182815e+04 -1.243266984499952196e+04 -1.232044865094579654e+04
4.162702038698651450e+03 -1.247085481993903159e+04 -1.258729419836925445e+04 -1.242850640817094609e+04 -1.233098283427990464e+04
4.163702069218092220e+03 -1.247302787444675050e+04 -1.257809390220669229e+04 -1.243504614956065234e+04 -1.234939552335356348e+04
4.164702099737532990e+03 -1.248042506658570892e+04 -1.255646411613271448e+04 -1.244619493818681440e+04 -1.237130462948682180e+04
4.165702130256973760e+03 -1.248911701935114979e+04 -1.254315313297945067e+04 -1.243777197756452188e+04 -1.238836587700902055e+04
4.166702160776414530e+03 -1.249780897211659067e+04 -1.254222306565547115e+04 -1.242806136632497510e+04 -1.239493867571232840e+04
4.167702191295855300e+03 -1.249734608391884103e+04 -1.252103283290849686e+04 -1.244807829955988200e+04 -1.240677910098928805e+04
4.168702221815296070e+03 -1.249605185382323907e+04 -1.250865318056689102e+04 -1.244242764687875570e+04 -1.242300148121955499e+04
4.169702252334736841e+03 -1.250344957649307798e+04 -1.250728341952838855e+04 -1.243316477815431062e+04 -1.244271960987616330e+04
4.170702282854177611e+03 -1.250520788848091797e+04 -1.250082250505531192e+04 -1.244391941122669232e+04 -1.246113323503638640e+04
4.171702313373619290e+03 -1.251953951719380893e+04 -1.248653049390807428e+04 -1.246670893668373537e+04 -1.247688770570912675e+04
4.172702343893060061e+03 -1.252124756138023258e+04 -1.249172988612105291e+04 -1.244237079068635103e+04 -1.249003316938908210e+04
4.173702374412500831e+03 -1.251954004772469125e+04 -1.249983614233556364e+04 -1.243976308142218295e+04 -1.251022054486976231e+04
4.174702404931941601e+03 -1.253169822403168655e+04 -1.246818395077838977e+04 -1.246105373550721015e+04 -1.253254687815922262e+04
4.175702435451382371e+03 -1.253475103138057602e+04 -1.248012138243010304e+04 -1.243920887568681428e+04 -1.255403902458958873e+04
4.176702465970823141e+03 -1.253992344225045781e+04 -1.245389011459339963e+04 -1.244758066573595352e+04 -1.258163365308596985e+04
4.177702496490263911e+03 -1.253387154380484935e+04 -1.246270996057512093e+04 -1.243499398400412792e+04 -1.258815215876831462e+04
4.178702527009705591e+03 -1.254256336393757192e+04 -1.246215753568155742e+04 -1.244159640934595154e+04 -1.259827433028567066e+04
4.179702557529146361e+03 -1.253904236308206964e+04 -1.244978420077838746e+04 -1.244707876769758150e+04 -1.261361077144228148e+04
4.180702588048587131e+03 -1.252776526594346251e+04 -1.245624792300188528e+04 -1.242567838116123676e+04 -1.263421657761903225e+04
4.181702618568027901e+03 -1.253128732786073124e+04 -1.244692787628424594e+04 -1.243461247895316046e+04 -1.265831652750229478e+04
4.182702649087468671e+03 -1.254168321319823917e+04 -1.242821323707554075e+04 -1.244147587421806566e+04 -1.267933768866210448e+04
4.183702679606909442e+03 -1.253733736944823795e+04 -1.244561960497977270e+04 -1.243134125792373197e+04 -1.269159520736861487e+04
4.184702710126350212e+03 -1.253469452984125564e+04 -1.242398715154290403e+04 -1.245318100068681451e+04 -1.270693151479857079e+04
4.185702740645790982e+03 -1.252124583715485642e+04 -1.242355195022904081e+04 -1.243782442740200349e+04 -1.272582120684214351e+04
4.186702771165231752e+03 -1.252429983819823974e+04 -1.240745202859152050e+04 -1.245318100068681451e+04 -1.275560547554865298e+04
4.187702801684673432e+03 -1.251995399444823852e+04 -1.241298470077838829e+04 -1.243543078170219087e+04 -1.277881694555187823e+04
4.188702832204114202e+03 -1.252083547151478706e+04 -1.239402073333308908e+04 -1.244676620077990628e+04 -1.280291689543513894e+04
4.189702862723554972e+03 -1.252735436977250720e+04 -1.237388523202838951e+04 -1.246010039930123094e+04 -1.282174627675838201e+04
4.190702893242995742e+03 -1.252165461120226792e+04 -1.238128505823924752e+04 -1.243310038851642457e+04 -1.284324243498832766e+04
4.191702923762436512e+03 -1.251343522882323850e+04 -1.238258476590497048e+04 -1.243927696097720400e+04 -1.286248422930827837e+04
4.192702954281877282e+03 -1.251560815069823911e+04 -1.236741814050440371e+04 -1.245601670328248838e+04 -1.287959910121818029e+04
4.193702984801318053e+03 -1.250773374602762487e+04 -1.236842022662644013e+04 -1.244278186095738783e+04 -1.289664911570156437e+04
4.194703015320759732e+03 -1.249693412668611563e+04 -1.239091887106542526e+04 -1.241693773656395388e+04 -1.291554348817800201e+04
4.195703045840200502e+03 -1.250779886869383517e+04 -1.236547924845737180e+04 -1.245368929504682637e+04 -1.293478367777811582e+04
4.196703076359641273e+03 -1.250168808131991864e+04 -1.236619269783708478e+04 -1.243586274662390861e+04 -1.294484848056148621e+04
4.197703106879082043e+03 -1.250128036833427905e+04 -1.237704802247999760e+04 -1.244350180249356526e+04 -1.296244356488097765e+04
4.198703137398522813e+03 -1.249903940587319266e+04 -1.237345410195262411e+04 -1.244612187797958904e+04 -1.299838808556743425e+04
4.199703167917963583e+03 -1.247819259261879051e+04 -1.237755060980375129e+04 -1.243316904236873961e+04 -1.302241903249794086e+04
4.200703198437404353e+03 -1.247472941962983168e+04 -1.237251996339054494e+04 -1.244015524700922106e+04 -1.303556449617789804e+04
4.201703228956845123e+03 -1.246692066815631551e+04 -1.237942001002806683e+04 -1.244153756318681371e+04 -1.305001031782800783e+04
4.202703259476285893e+03 -1.245951843597394691e+04 -1.238121514525399289e+04 -1.244903490499691543e+04 -1.306144581880080659e+04
4.203703289995727573e+03 -1.245870619318797799e+04 -1.236877989945422269e+04 -1.246300745641836875e+04 -1.307808248420093150e+04
4.204703320515168343e+03 -1.246257442650814664e+04 -1.235361495870390536e+04 -1.247086356080248333e+04 -1.309780061285754164e+04
4.205703351034609113e+03 -1.245822845012542530e+04 -1.235182094657815105e+04 -1.246810020771162817e+04 -1.311135501264123195e+04
4.206703381554049884e+03 -1.245299860928717135e+04 -1.235548548202838720e+04 -1.247370494901740130e+04 -1.312409180767075850e+04
4.207703412073490654e+03 -1.245042049444823897e+04 -1.234714281322917850e+04 -1.248534867079836113e+04 -1.313278096437855311e+04
4.208703442592931424e+03 -1.244036520993933846e+04 -1.233572158649071207e+04 -1.248432127940179998e+04 -1.314032020560039018e+04
4.209703473112372194e+03 -1.243174845992693372e+04 -1.233657780997886039e+04 -1.246853416260008089e+04 -1.316442015548365089e+04
4.210703503631813874e+03 -1.243609443630965870e+04 -1.231954150357892104e+04 -1.247465387886847202e+04 -1.317708166240776154e+04
4.211703534151254644e+03 -1.243738296319823894e+04 -1.230394992515349986e+04 -1.247267613621601595e+04 -1.318365446111106576e+04
4.212703564670695414e+03 -1.243955588507323955e+04 -1.230718613827838817e+04 -1.246249575068681406e+04 -1.319550090408739925e+04
4.213703595190136184e+03 -1.243609483420782090e+04 -1.230531308797853490e+04 -1.246206350148413549e+04 -1.321481223626671272e+04
4.214703625709576954e+03 -1.244390172882323714e+04 -1.228921302595349516e+04 -1.248957607084338088e+04 -1.323055520644731041e+04
4.215703656229017724e+03 -1.243649790504821249e+04 -1.230037032415322392e+04 -1.247267386196832740e+04 -1.324102359626831458e+04
4.216703686748458495e+03 -1.244003853554647867e+04 -1.229602757659097733e+04 -1.249199174831773053e+04 -1.323794026083867902e+04
4.217703717267899265e+03 -1.244647692574230496e+04 -1.227967200927842532e+04 -1.249915051150215731e+04 -1.323842715958089138e+04
4.218703747787340035e+03 -1.244044134112142638e+04 -1.229883729242827758e+04 -1.249104537699531647e+04 -1.325205992318301651e+04
4.219703778306781714e+03 -1.243818645222458690e+04 -1.227728654452838782e+04 -1.250760190022062307e+04 -1.326512287751831354e+04
4.220703808826222485e+03 -1.242651835382323770e+04 -1.227907395844067287e+04 -1.249699580395086923e+04 -1.326293203376831480e+04
4.221703839345663255e+03 -1.242168787010917549e+04 -1.225232325677774497e+04 -1.251847365704935692e+04 -1.326601603783121391e+04
4.222703869865104025e+03 -1.241170884941508666e+04 -1.224100044169122339e+04 -1.251311695088290253e+04 -1.326642042722876067e+04
4.223703900384544795e+03 -1.240390301586144051e+04 -1.225156277757865246e+04 -1.249233928179375289e+04 -1.326333602198590233e+04
4.224703930903985565e+03 -1.240261621319823644e+04 -1.225794872511573885e+04 -1.250959016126866300e+04 -1.324929713053974228e+04
4.225703961423426335e+03 -1.240567551955047566e+04 -1.225522506682855965e+04 -1.250621972618352447e+04 -1.324012990104880555e+04
4.226703991942868015e+03 -1.240696205694823948e+04 -1.226118676327838875e+04 -1.250070481766172998e+04 -1.324102359626831458e+04
4.227704022462308785e+03 -1.239818296448481669e+04 -1.225564833520317188e+04 -1.251054164964839765e+04 -1.323793878984549883e+04
4.228704052981749555e+03 -1.238740576007323762e+04 -1.225752545674112480e+04 -1.253477944446619404e+04 -1.323445106501831287e+04
4.229704083501190325e+03 -1.238434592319011063e+04 -1.226076433722890215e+04 -1.253268898441232159e+04 -1.322649245701382642e+04
4.230704114020631096e+03 -1.238217286868239171e+04 -1.226714775779061165e+04 -1.250621759407630452e+04 -1.320677432835721811e+04
4.231704144540071866e+03 -1.237565397042467157e+04 -1.225649150265190474e+04 -1.251149470157340147e+04 -1.319322688235946407e+04
4.232704175059512636e+03 -1.237348091591695083e+04 -1.224142623704120342e+04 -1.251786017873342098e+04 -1.318486482104400056e+04
4.233704205578953406e+03 -1.237485764356526852e+04 -1.224832628367872530e+04 -1.249923025231197971e+04 -1.316514669238739225e+04
4.234704236098394176e+03 -1.237999941627650696e+04 -1.224780797295267439e+04 -1.250123087958184988e+04 -1.314981025123078325e+04
4.235704266617835856e+03 -1.237348051801878319e+04 -1.222658910115148137e+04 -1.252356697690454348e+04 -1.312392037010208151e+04
4.236704297137276626e+03 -1.236607377632388670e+04 -1.224068471015740215e+04 -1.250654067938957814e+04 -1.310290629645486115e+04
4.237704327656717396e+03 -1.236705552372782768e+04 -1.226202712297670223e+04 -1.249529893088885547e+04 -1.308497863395028617e+04
4.238704358176158166e+03 -1.237604974646538358e+04 -1.224048704452838865e+04 -1.252664573972270773e+04 -1.306785145918833950e+04
4.239704388695598936e+03 -1.236656478265857913e+04 -1.225616720747931140e+04 -1.249372060298797987e+04 -1.303976953076978498e+04
4.240704419215039707e+03 -1.237614497675935854e+04 -1.224874660391540601e+04 -1.251563098957010516e+04 -1.300909678218322006e+04
4.241704449734480477e+03 -1.237387563089589457e+04 -1.225804868103039735e+04 -1.249774673211193294e+04 -1.298061487734665570e+04
4.242704480253922156e+03 -1.236083770174771962e+04 -1.226202431522628467e+04 -1.249615404802247940e+04 -1.294595934786484577e+04
4.243704510773362927e+03 -1.234957731633201183e+04 -1.224968691952838890e+04 -1.251044570482372364e+04 -1.290612431767349517e+04
4.244704541292803697e+03 -1.235046608819823814e+04 -1.225292776544145454e+04 -1.249689687417609821e+04 -1.288471280841466796e+04
4.245704571812244467e+03 -1.234829316632323753e+04 -1.225428685702838811e+04 -1.248906408083086717e+04 -1.287116910676318730e+04
4.246704602331685237e+03 -1.234740399655884903e+04 -1.224780460365217550e+04 -1.250398925775587850e+04 -1.285045391218458644e+04
4.247704632851126007e+03 -1.233693357163190558e+04 -1.224926954742964153e+04 -1.249784864683678825e+04 -1.281629597957723672e+04
4.248704663370566777e+03 -1.233831799197807049e+04 -1.225752826449153508e+04 -1.249795695788329431e+04 -1.278871084567319303e+04
4.249704693890007547e+03 -1.233960147882323872e+04 -1.225470366757705597e+04 -1.251330486059876239e+04 -1.275933216990410801e+04
4.250704724409448318e+03 -1.233475945606241658e+04 -1.225522857651657614e+04 -1.252029120737972335e+04 -1.272865942131754309e+04
4.251704754928889997e+03 -1.232261135984223984e+04 -1.225711243665551956e+04 -1.252293089825211973e+04 -1.269529515639350757e+04
4.252704785448330767e+03 -1.231876222563395822e+04 -1.227498657577838821e+04 -1.250399096344165264e+04 -1.265855054914438551e+04
4.253704815967771538e+03 -1.232528112389167836e+04 -1.225417609127463220e+04 -1.252357465249051347e+04 -1.262698036099203455e+04
4.254704846487212308e+03 -1.231954741134475444e+04 -1.226506735512282830e+04 -1.250376581291977163e+04 -1.257738127925907065e+04
4.255704877006653078e+03 -1.231263605286435632e+04 -1.227717437489943222e+04 -1.250028863033339803e+04 -1.254203759242286833e+04
4.256704907526093848e+03 -1.231096156475644420e+04 -1.226672926259169981e+04 -1.251288682544417861e+04 -1.251215543580664234e+04
4.257704938045534618e+03 -1.231085453015026724e+04 -1.227604285148337658e+04 -1.250704556237806173e+04 -1.246654140832198755e+04
4.258704968564976298e+03 -1.229959812371619046e+04 -1.229704342069003360e+04 -1.250177968397896075e+04 -1.242631549512496895e+04
4.259704999084417068e+03 -1.229653417521869960e+04 -1.228512943375426585e+04 -1.252674424307602931e+04 -1.240092267596410420e+04
4.260705029603857838e+03 -1.228221448345074714e+04 -1.230677241625518036e+04 -1.250811460093554888e+04 -1.236446571474477605e+04
4.261705060123298608e+03 -1.228616959120344836e+04 -1.228637003827380977e+04 -1.253480289764555346e+04 -1.231974899309924876e+04
4.262705090642739378e+03 -1.227954034252150632e+04 -1.229309024849744128e+04 -1.252238621592898926e+04 -1.226716727210607496e+04
4.263705121162180149e+03 -1.227006797882323917e+04 -1.231261183517456448e+04 -1.250357605537765085e+04 -1.223441534152445274e+04
4.264705151681620919e+03 -1.227224090069823797e+04 -1.229757366435534095e+04 -1.252495256231319399e+04 -1.219087782150180283e+04
4.265705182201061689e+03 -1.226521998758995323e+04 -1.231326140823237256e+04 -1.251497927546479514e+04 -1.214588094251901384e+04
4.266705212720502459e+03 -1.225485752569823853e+04 -1.232652985396690565e+04 -1.249647031059266374e+04 -1.211340983790791506e+04
4.267705243239944139e+03 -1.226009532449977814e+04 -1.232747410043046875e+04 -1.250590701712535338e+04 -1.206689382415124237e+04
4.268705273759384909e+03 -1.226265712551397701e+04 -1.234316268663263145e+04 -1.250757404068635333e+04 -1.201302057114699164e+04
4.269705304278825679e+03 -1.225831114913125566e+04 -1.236197419323054964e+04 -1.248524277614002494e+04 -1.196521222301936359e+04
4.270705334798266449e+03 -1.225179225087353552e+04 -1.236049633380118757e+04 -1.248112525068681316e+04 -1.191004797291064278e+04
4.271705365317707219e+03 -1.224872671078338863e+04 -1.234575157290002608e+04 -1.248769555227992896e+04 -1.186184793941747012e+04
4.272705395837147989e+03 -1.224399291632323730e+04 -1.235519923187387576e+04 -1.248058412187570320e+04 -1.181274792555211388e+04
4.273705426356588760e+03 -1.224181999444823850e+04 -1.236969536647606583e+04 -1.247605268334184984e+04 -1.175617499888461862e+04
4.274705456876030439e+03 -1.224705872167882990e+04 -1.236752062339444274e+04 -1.248195506681480765e+04 -1.170191193268790630e+04
4.275705487395471209e+03 -1.224833876007323852e+04 -1.238456605498321005e+04 -1.245866762325288437e+04 -1.164533860484044635e+04
4.276705517914911979e+03 -1.224923190881927258e+04 -1.239688491952838922e+04 -1.245509534868474111e+04 -1.158657389833637717e+04
4.277705548434352750e+03 -1.225971029170950351e+04 -1.238985740102216187e+04 -1.247672628708125012e+04 -1.152174722894204388e+04
4.278705578953793520e+03 -1.225869604928881381e+04 -1.237347656395591912e+04 -1.248265041804780230e+04 -1.146568420200101355e+04
4.279705609473234290e+03 -1.224833876007323852e+04 -1.239742232295724534e+04 -1.243646670152762272e+04 -1.140781960959578282e+04
4.280705639992675060e+03 -1.225753856352898947e+04 -1.237416362048174960e+04 -1.247427052599123999e+04 -1.135536105084967494e+04
4.281705670512115830e+03 -1.226048247941360023e+04 -1.238794588454164659e+04 -1.245716136057589028e+04 -1.130484620899952461e+04
4.282705701031556600e+03 -1.226623104682531448e+04 -1.240879230825069681e+04 -1.244906901871235459e+04 -1.124130986807639420e+04
4.283705731550998280e+03 -1.226917390164815515e+04 -1.241406287693660852e+04 -1.244236226225749306e+04 -1.118434605840320728e+04
4.284705762070439050e+03 -1.226572213507323977e+04 -1.243138445077838878e+04 -1.244263005492368211e+04 -1.111501253336201080e+04
4.285705792589879820e+03 -1.226176052831718698e+04 -1.242678451327838957e+04 -1.246386598492352459e+04 -1.103485062635094073e+04
4.286705823109320590e+03 -1.225306857555174611e+04 -1.243747151328410837e+04 -1.245030521447549836e+04 -1.096834876317913950e+04
4.287705853628761361e+03 -1.224744415236727036e+04 -1.244789037312548680e+04 -1.243920887568681428e+04 -1.090739027093871300e+04
4.288705884148202131e+03 -1.224181999444823850e+04 -1.243503733406441643e+04 -1.244523605850207969e+04 -1.084385379628893133e+04
4.289705914667642901e+03 -1.224616583819823791e+04 -1.242908448202838917e+04 -1.243592116636160063e+04 -1.077413112668859503e+04
4.290705945187084581e+03 -1.223696205576083594e+04 -1.244112636199543340e+04 -1.242934532128972023e+04 -1.070144494073930764e+04
4.291705975706525351e+03 -1.223402344518509562e+04 -1.244613173865492354e+04 -1.241825068818681575e+04 -1.064190435219669962e+04
4.292706006225966121e+03 -1.223785653083408761e+04 -1.246047457008460879e+04 -1.241496255244015447e+04 -1.058184717759498380e+04
4.293706036745406891e+03 -1.222392333081634752e+04 -1.247237943183153766e+04 -1.241304322952539769e+04 -1.051650525940807347e+04
4.294706067264847661e+03 -1.221484939581322033e+04 -1.248333583548929346e+04 -1.240290960821443514e+04 -1.044729904214018097e+04
4.295706097784288431e+03 -1.220653916002002188e+04 -1.247183585135177236e+04 -1.240756712535491533e+04 -1.038685646732559326e+04
4.296706128303729201e+03 -1.220053447882323781e+04 -1.247887656628493096e+04 -1.240372720026107163e+04 -1.032241693659061639e+04
4.297706158823169972e+03 -1.220053447882323781e+04 -1.248848033618169939e+04 -1.239962118818681483e+04 -1.025668961819083597e+04
4.298706189342610742e+03 -1.220449953403004110e+04 -1.249848659710003631e+04 -1.241100067081360612e+04 -1.018696454151075159e+04
4.299706219862052421e+03 -1.220743376772598458e+04 -1.247968379452838781e+04 -1.242742059703668201e+04 -1.011428076264121228e+04
4.300706250381493192e+03 -1.219618863507323840e+04 -1.249862979237104628e+04 -1.239112147170478784e+04 -1.004365142633605319e+04
4.301706280900933962e+03 -1.220360386526230650e+04 -1.249009030026794971e+04 -1.240771424075274081e+04 -9.972775765536760446e+03
4.302706311420374732e+03 -1.220091420630466018e+04 -1.248672886147469035e+04 -1.239370899702066890e+04 -9.906527448098342575e+03
4.303706341939815502e+03 -1.220284520609578976e+04 -1.249198693567126793e+04 -1.237744300893850232e+04 -9.833844739042084257e+03
4.304706372459256272e+03 -1.221484806948600635e+04 -1.248673026534988821e+04 -1.237988213959224231e+04 -9.767213161017236416e+03
4.305706402978697042e+03 -1.220308633238333459e+04 -1.250403400997656900e+04 -1.236757476390554075e+04 -9.698008414742520472e+03
4.306706433498138722e+03 -1.220270740069824024e+04 -1.249253402583904426e+04 -1.238949481604038920e+04 -9.632281096342680030e+03
4.307706464017579492e+03 -1.219656703622744317e+04 -1.250188243083584530e+04 -1.238453695606356996e+04 -9.568744621692898363e+03
4.308706494537020262e+03 -1.219274018431635704e+04 -1.251188335702838776e+04 -1.236934825068681494e+04 -9.499921665011434015e+03
4.309706525056461032e+03 -1.220015660819991717e+04 -1.250768338357457833e+04 -1.238018177172615651e+04 -9.433813225651663743e+03
4.310706555575901803e+03 -1.220795090270679975e+04 -1.250783387899666377e+04 -1.238605373713618246e+04 -9.368466760758567034e+03
4.311706586095342573e+03 -1.221446980096451807e+04 -1.252393408140922293e+04 -1.236782834252362954e+04 -9.293070737920497777e+03
4.312706616614783343e+03 -1.221664285547223881e+04 -1.252933268351392326e+04 -1.236428677029936807e+04 -9.224772123443988676e+03
4.313706647134224113e+03 -1.221881590997996136e+04 -1.251918210422441916e+04 -1.237167693818681437e+04 -9.163046575124088122e+03
4.314706677653664883e+03 -1.222443661944823907e+04 -1.252258608043640925e+04 -1.235562416082615164e+04 -9.100269667861237394e+03
4.315706708173106563e+03 -1.222623326229257691e+04 -1.253718301327838890e+04 -1.234100074814225809e+04 -9.025778707008083074e+03
4.316706738692547333e+03 -1.224196642097268705e+04 -1.253393205946383932e+04 -1.235168161030501687e+04 -8.954384454249899136e+03
4.317706769211988103e+03 -1.226010195613584983e+04 -1.253123423248045765e+04 -1.234782974541076692e+04 -8.882990468945017710e+03
4.318706799731428873e+03 -1.226010208876856996e+04 -1.254138551370756613e+04 -1.233345479428765066e+04 -8.816357018747030452e+03
4.319706830250869643e+03 -1.226751983897934588e+04 -1.253837448216572921e+04 -1.234870817358325257e+04 -8.742244504320880878e+03
4.320706860770310413e+03 -1.228273055736978677e+04 -1.251013805937227698e+04 -1.237039397820544582e+04 -8.666468965242651393e+03
4.321706891289751184e+03 -1.227786054910474377e+04 -1.254654138578913626e+04 -1.231249618036621177e+04 -8.594697603324051670e+03
4.322706921809192863e+03 -1.229157318090677290e+04 -1.252385742982295233e+04 -1.235433352525880036e+04 -8.533729616491231354e+03
4.323706952328633633e+03 -1.230700765069823683e+04 -1.251085515882752406e+04 -1.234051732836640258e+04 -8.462336433546266562e+03
4.324706982848074404e+03 -1.231802399190654614e+04 -1.253107461186953151e+04 -1.233281516212321912e+04 -8.394795246830241013e+03
4.325707013367515174e+03 -1.233398236094762069e+04 -1.252393997768509143e+04 -1.234124068127415921e+04 -8.316299306457605780e+03
4.326707043886955944e+03 -1.234500016111585865e+04 -1.253432584645912539e+04 -1.232759590580187250e+04 -8.244153242458345630e+03
4.327707074406396714e+03 -1.236620335849271214e+04 -1.251227826712384012e+04 -1.235866923635030616e+04 -8.176611387109060161e+03
4.328707104925837484e+03 -1.237924128764087436e+04 -1.252545195128195155e+04 -1.233272291295106334e+04 -8.108693091232627012e+03
4.329707135445278254e+03 -1.239100647319430209e+04 -1.254217729932375914e+04 -1.231731858046462548e+04 -8.033294661314809673e+03
4.330707165964719024e+03 -1.240966298968719821e+04 -1.252742425555888622e+04 -1.234526339902654763e+04 -7.955705120193688344e+03
4.331707196484160704e+03 -1.242450180592679681e+04 -1.253600165229254344e+04 -1.234220140878514212e+04 -7.879023181863876744e+03
4.332707227003601474e+03 -1.244098526791197037e+04 -1.254677639449862909e+04 -1.232317292045501745e+04 -7.801058403755483596e+03
4.333707257523042244e+03 -1.246361572600400541e+04 -1.252781621751639432e+04 -1.233555221922509008e+04 -7.727475580600392277e+03
4.334707288042483015e+03 -1.248534560791761032e+04 -1.252259731143806493e+04 -1.234356297245251881e+04 -7.662656399898605741e+03
4.335707318561923785e+03 -1.249912574977483564e+04 -1.253718301327838890e+04 -1.232743187568681424e+04 -7.584532085893625663e+03
4.336707349081364555e+03 -1.251269381191050525e+04 -1.252972169733350893e+04 -1.233072626561463403e+04 -7.507476247843138481e+03
4.337707379600805325e+03 -1.252880603490842441e+04 -1.251457542812342945e+04 -1.233208925068681310e+04 -7.428977098030846719e+03
4.338707410120247005e+03 -1.255578313254681234e+04 -1.251149153545839727e+04 -1.232356792885167306e+04 -7.351921794886899079e+03
4.339707440639687775e+03 -1.257571013787816992e+04 -1.251917480407334187e+04 -1.231868682473461195e+04 -7.271231266417987172e+03
4.340707471159128545e+03 -1.259489731788946301e+04 -1.250251164770316791e+04 -1.233459191813554571e+04 -7.193267424396162824e+03
4.341707501678569315e+03 -1.261736609669408790e+04 -1.248523822678095348e+04 -1.234588668503568260e+04 -7.115303849827639169e+03
4.342707532198010085e+03 -1.263093667885146715e+04 -1.251301123036889294e+04 -1.230300304406257055e+04 -7.037712703986685483e+03
4.343707562717450855e+03 -1.265664355291680658e+04 -1.250654512155755583e+04 -1.232642210970987981e+04 -6.958839921906946074e+03
4.344707593236891626e+03 -1.267115635792715148e+04 -1.249882296559938186e+04 -1.232747323856679759e+04 -6.879057531136036232e+03
4.345707623756332396e+03 -1.267566772731347373e+04 -1.251630795051516907e+04 -1.231381481760829956e+04 -6.799813256415293836e+03
4.346707654275773166e+03 -1.270227769757894566e+04 -1.249808354452838830e+04 -1.233714106552155499e+04 -6.729332891601163283e+03
4.347707684795214846e+03 -1.272564599150025606e+04 -1.250784946201145431e+04 -1.232976056318681367e+04 -6.662695563330186815e+03
4.348707715314655616e+03 -1.275008383568706631e+04 -1.249886157216755419e+04 -1.234953713686837909e+04 -6.581092617910396257e+03
4.349707745834096386e+03 -1.276820265912732793e+04 -1.249443922488111821e+04 -1.235906595043273956e+04 -6.508961932476192487e+03
4.350707776353537156e+03 -1.278124058827549197e+04 -1.249942775503813937e+04 -1.235207974579225993e+04 -6.451998122803061960e+03
4.351707806872977926e+03 -1.280133364977406745e+04 -1.249348360702838909e+04 -1.236021529836199261e+04 -6.388461781879933369e+03
4.352707837392418696e+03 -1.282958242994539251e+04 -1.248792763051310067e+04 -1.237633431318681505e+04 -6.324925440956802049e+03
4.353707867911859466e+03 -1.284552607675439685e+04 -1.248983984893119850e+04 -1.236741201305481991e+04 -6.269783255745766837e+03
4.354707898431301146e+03 -1.285077567986815302e+04 -1.248927099869772246e+04 -1.236565913664329491e+04 -6.217201401025893574e+03
4.355707928950741916e+03 -1.287033237464131707e+04 -1.248658370077838845e+04 -1.238020792557466302e+04 -6.155313776003004023e+03
4.356707959470182686e+03 -1.287414026007323810e+04 -1.248619693315913537e+04 -1.238700920544937435e+04 -6.098892629086241868e+03
4.357707989989623456e+03 -1.288246680969117369e+04 -1.249578357577838869e+04 -1.238428906306473800e+04 -6.049412965254075971e+03
4.358708020509064227e+03 -1.288988986521080369e+04 -1.247854244398590708e+04 -1.239980796077882951e+04 -5.994096801667969885e+03
4.359708051028504997e+03 -1.289804240069823754e+04 -1.246454103500632300e+04 -1.240932668236904829e+04 -5.935853762835802627e+03
4.360708081547945767e+03 -1.289804240069823754e+04 -1.247374105039384267e+04 -1.239865207438744983e+04 -5.879801835206940268e+03
4.361708112067386537e+03 -1.290292859015529211e+04 -1.246895467826649292e+04 -1.241300186664541252e+04 -5.830322706281382125e+03
4.362708142586827307e+03 -1.291415740898331023e+04 -1.244691187210690805e+04 -1.244522554010649037e+04 -5.783034688559124334e+03
4.363708173106268987e+03 -1.291850338536603522e+04 -1.246204480450253504e+04 -1.241573167458276657e+04 -5.738304326794988810e+03
4.364708203625709757e+03 -1.292900484634979330e+04 -1.246837979136961985e+04 -1.243396389193842515e+04 -5.687001166327587271e+03
4.365708234145150527e+03 -1.292918933846528307e+04 -1.245131568824062197e+04 -1.244270467867619118e+04 -5.636244145509523150e+03
4.366708264664591297e+03 -1.291723594708016026e+04 -1.245783598663491830e+04 -1.243571392554031991e+04 -5.592425933242999236e+03
4.367708295184032067e+03 -1.292719560339691816e+04 -1.243790067793458547e+04 -1.244988220440408259e+04 -5.547695036572296885e+03
4.368708325703472838e+03 -1.292846330694823700e+04 -1.245170077120962560e+04 -1.245143437845644985e+04 -5.504789508709956863e+03
4.369708356222913608e+03 -1.293679303975148287e+04 -1.243100006974700227e+04 -1.248229023406896886e+04 -5.456041597120972256e+03
4.370708386742355287e+03 -1.293715499444823945e+04 -1.242237746823170346e+04 -1.248617024277846212e+04 -5.388488375006154456e+03
4.371708417261796058e+03 -1.293624924559366991e+04 -1.243502568190020429e+04 -1.249063601241010110e+04 -5.334812903721151088e+03
4.372708447781236828e+03 -1.293371503218552789e+04 -1.241509037319987328e+04 -1.251625228561250515e+04 -5.298844847143833249e+03
4.373708478300677598e+03 -1.293534296620821806e+04 -1.240282583862516549e+04 -1.252866996231243138e+04 -5.246627130099112037e+03
4.374708508820118368e+03 -1.292139902294004423e+04 -1.240378482577838804e+04 -1.253662727071901281e+04 -5.192218034397781594e+03
4.375708539339559138e+03 -1.290437561314597951e+04 -1.239208857988707314e+04 -1.255972708884602798e+04 -5.131786291442055699e+03
4.376708569858999908e+03 -1.289188373291189237e+04 -1.237618520077838912e+04 -1.259018765178093417e+04 -5.072994839607465110e+03
4.377708600378440678e+03 -1.288101885827144906e+04 -1.237752562082508666e+04 -1.259290225068681502e+04 -5.006904720799101597e+03
4.378708630897881449e+03 -1.287504693735685396e+04 -1.237388523202838951e+04 -1.259911762749889567e+04 -4.956513576102620391e+03
4.379708661417323128e+03 -1.287576567407421862e+04 -1.236966560432169354e+04 -1.262104819802934071e+04 -4.891148790658057806e+03
4.380708691936763898e+03 -1.285439509420293325e+04 -1.236046544854665262e+04 -1.264472055801377428e+04 -4.822316205657607497e+03
4.381708722456204669e+03 -1.283973228158467464e+04 -1.236008541952838823e+04 -1.266063730693414618e+04 -4.764628667340459288e+03
4.382708752975645439e+03 -1.283194753663373558e+04 -1.234608429132384845e+04 -1.268781385619633511e+04 -4.704559591066658868e+03
4.383708783495086209e+03 -1.282705246078434539e+04 -1.232366510622153146e+04 -1.272525351674766898e+04 -4.648871934839557071e+03
4.384708814014526979e+03 -1.280532271150345878e+04 -1.233824898302407928e+04 -1.270972026284499952e+04 -4.587526437666427228e+03
4.385708844533967749e+03 -1.279899560016090436e+04 -1.233533959204717212e+04 -1.274526817573486005e+04 -4.526180940493296475e+03
4.386708875053409429e+03 -1.278648024393511696e+04 -1.231006857485136425e+04 -1.276501845342745219e+04 -4.465750668530697112e+03
4.387708905572850199e+03 -1.275443604580768260e+04 -1.231885922022880004e+04 -1.276233825251799317e+04 -4.412808554208695568e+03
4.388708936092290969e+03 -1.273705200764407709e+04 -1.227996429609632287e+04 -1.279490746948831293e+04 -4.362777535387741409e+03
4.389708966611731739e+03 -1.271224106761191979e+04 -1.229915372589970502e+04 -1.276522512568681486e+04 -4.307645112222350690e+03
4.390708997131172509e+03 -1.270247943194823893e+04 -1.229029527334980594e+04 -1.281513803986614403e+04 -4.261635922479174951e+03
4.391709027650613280e+03 -1.268924573690326361e+04 -1.228113260104276014e+04 -1.282264021445261460e+04 -4.212519995142155494e+03
4.392709058170054050e+03 -1.266751585498965869e+04 -1.228263980146393624e+04 -1.281861451175010370e+04 -4.165793094454324091e+03
4.393709088689494820e+03 -1.264886756172549030e+04 -1.227038663827838718e+04 -1.285024332729823072e+04 -4.128906202046805447e+03
4.394709119208935590e+03 -1.263330125500892245e+04 -1.227076273644608045e+04 -1.286497789383824602e+04 -4.084729736077889356e+03
4.395709149728377270e+03 -1.262188250612382762e+04 -1.225696264317103305e+04 -1.288030490190301498e+04 -4.051866010014642143e+03
4.396709180247818040e+03 -1.259272479391261913e+04 -1.226177344272698065e+04 -1.287797635654349506e+04 -4.016811440201425739e+03
4.397709210767258810e+03 -1.257372237128226334e+04 -1.227038663827838718e+04 -1.289449180116978641e+04 -3.987971950295735496e+03
4.398709241286699580e+03 -1.255578353044496544e+04 -1.225926176959591248e+04 -1.291621015596210054e+04 -3.962597852866237190e+03
4.399709271806140350e+03 -1.253061713471940857e+04 -1.225888679452838915e+04 -1.291658981318681435e+04 -3.931365324511774816e+03
4.400709302325581120e+03 -1.251196976988429014e+04 -1.226118676327838875e+04 -1.292709598469843513e+04 -3.904360831733436044e+03
4.401709332845021891e+03 -1.249150321464219815e+04 -1.225888679452838915e+04 -1.295774857942314884e+04 -3.886833546826825568e+03
4.402709363364463570e+03 -1.246542748897857382e+04 -1.225658682577838954e+04 -1.296977110558595268e+04 -3.874605314257230930e+03
4.403709393883904340e+03 -1.245112636579162427e+04 -1.225503399941302087e+04 -1.299057009574725635e+04 -3.856516511136235295e+03
4.404709424403345110e+03 -1.243465258599511435e+04 -1.223128716952838658e+04 -1.302175870222575577e+04 -3.824926263985987134e+03
4.405709454922785881e+03 -1.242252491521404772e+04 -1.225680428604779991e+04 -1.299711836556580420e+04 -3.798279891183392920e+03
4.406709485442226651e+03 -1.241691627532342136e+04 -1.224791424630576694e+04 -1.303503988234768076e+04 -3.784424071524679221e+03
4.407709515961667421e+03 -1.239967786788793637e+04 -1.222920606492300249e+04 -1.305939394807893223e+04 -3.776015339607448368e+03
4.408709546481108191e+03 -1.238179765071349539e+04 -1.223893141041261879e+04 -1.307305649111132698e+04 -3.765978886874432646e+03
4.409709577000548961e+03 -1.238032754962929903e+04 -1.223514333394423920e+04 -1.309064182713801893e+04 -3.757215244421128318e+03
4.410709607519989731e+03 -1.236820054201183848e+04 -1.225161528251135496e+04 -1.308778395062728850e+04 -3.747533167317580592e+03
4.411709638039431411e+03 -1.235950858924638669e+04 -1.224449398514136556e+04 -1.313067754143409365e+04 -3.730359723133808529e+03
4.412709668558872181e+03 -1.235081663648094582e+04 -1.224568040007796844e+04 -1.313488561037368345e+04 -3.717425815018314097e+03
4.413709699078312951e+03 -1.233630648412503615e+04 -1.225658682577838954e+04 -1.312812498267653064e+04 -3.708449948367288471e+03
4.414709729597753721e+03 -1.231822227782506161e+04 -1.224026326682055151e+04 -1.314735644761350522e+04 -3.689650655540883690e+03
4.415709760117194492e+03 -1.231569933819823927e+04 -1.222475746517021253e+04 -1.316673630721263362e+04 -3.673042473917785628e+03
4.416709790636635262e+03 -1.230644542059214837e+04 -1.223707731242803311e+04 -1.316245361452051475e+04 -3.657706166487827431e+03
4.417709821156076032e+03 -1.230357365690798906e+04 -1.224219148941600542e+04 -1.317162267052749121e+04 -3.641450488321059765e+03
4.418709851675517712e+03 -1.230883161588319126e+04 -1.224011768496169134e+04 -1.318806889273955130e+04 -3.623003698950964917e+03
4.419709882194958482e+03 -1.231044137922304253e+04 -1.224701787198673264e+04 -1.317251531274809167e+04 -3.601094592817704779e+03
4.420709912714399252e+03 -1.230609540284031937e+04 -1.225332127166169630e+04 -1.316966994459971465e+04 -3.590356877518311649e+03
4.421709943233840022e+03 -1.230574710931387563e+04 -1.223565841575732884e+04 -1.319160648503034099e+04 -3.587246128124887491e+03
4.422709973753280792e+03 -1.230483472882323804e+04 -1.223188479920358441e+04 -1.320008459615925676e+04 -3.574802461917922301e+03
4.423710004272721562e+03 -1.230883294221039796e+04 -1.224701899508689166e+04 -1.318243273838748064e+04 -3.559115389478123234e+03
4.424710034792162332e+03 -1.232061059523964286e+04 -1.224122239436129894e+04 -1.319785014779813901e+04 -3.554032840591695731e+03
4.425710065311603103e+03 -1.232999688030171637e+04 -1.223381863729985162e+04 -1.320953565888054072e+04 -3.556573780718279068e+03
4.426710095831043873e+03 -1.232404419113172480e+04 -1.227715163212107473e+04 -1.316147369804459959e+04 -3.547810271991627815e+03
4.427710126350485552e+03 -1.234199443838307889e+04 -1.227148713605236844e+04 -1.318756059837955581e+04 -3.542507742761627014e+03
4.428710156869926323e+03 -1.235263901007323693e+04 -1.227678704573009963e+04 -1.317399343160986427e+04 -3.528441571078329162e+03
4.429710187389367093e+03 -1.236281154190787674e+04 -1.229738568546525858e+04 -1.315961862262724208e+04 -3.520598770355019042e+03
4.430710217908807863e+03 -1.238019544743876213e+04 -1.229362133448787426e+04 -1.316919974388861010e+04 -3.518059033768314748e+03
4.431710248428248633e+03 -1.239231980240179473e+04 -1.231505317415780519e+04 -1.315043776896032796e+04 -3.515868190018316909e+03
4.432710278947689403e+03 -1.241770477685224614e+04 -1.230755156699451254e+04 -1.316771807151480607e+04 -3.514946813381712673e+03
4.433710309467130173e+03 -1.243486506361482498e+04 -1.231952535901404553e+04 -1.315191688280548806e+04 -3.512408012881571267e+03
4.434710339986571853e+03 -1.244755814768731034e+04 -1.234398563827838916e+04 -1.313511701507673570e+04 -3.514946545928404703e+03
4.435710370506012623e+03 -1.247420353088941374e+04 -1.233841800959888678e+04 -1.313953317768049237e+04 -3.507452103135185553e+03
4.436710401025453393e+03 -1.251079994928137967e+04 -1.234325702704647483e+04 -1.311894341830720987e+04 -3.498688460681881679e+03
4.437710431544894163e+03 -1.254065146325832393e+04 -1.235972139468747264e+04 -1.310092469595401053e+04 -3.501107575827919845e+03
4.438710462064334934e+03 -1.256981487867655233e+04 -1.236988966280457316e+04 -1.308964926015928540e+04 -3.509295658768313388e+03
4.439710492583775704e+03 -1.260240963523059872e+04 -1.238598986521713414e+04 -1.306869050409736519e+04 -3.502147033098796328e+03
4.440710523103216474e+03 -1.263957889434636672e+04 -1.240402685386389749e+04 -1.305042815295975743e+04 -3.486810725668838131e+03
4.441710553622657244e+03 -1.268990054464888635e+04 -1.241952170528763236e+04 -1.301684504793855194e+04 -3.486118957694791334e+03
4.442710584142098014e+03 -1.273519064003166750e+04 -1.242545321842053272e+04 -1.299711310636801136e+04 -3.482082819865182955e+03
4.443710614661539694e+03 -1.279260349878487796e+04 -1.243949730520638695e+04 -1.298289365693108448e+04 -3.482660385277882597e+03
4.444710645180980464e+03 -1.283983613300555407e+04 -1.247072875536432002e+04 -1.295592960768796911e+04 -3.485541258555439526e+03
4.445710675700421234e+03 -1.289622360818942980e+04 -1.247544563566897523e+04 -1.294514896290756224e+04 -3.477700731185224413e+03
4.446710706219862004e+03 -1.296026518509364541e+04 -1.247629933218174665e+04 -1.293741538361805578e+04 -3.473318909958572476e+03
4.447710736739302774e+03 -1.300681383236996953e+04 -1.251309967450686781e+04 -1.287809930805955446e+04 -3.472051315018313289e+03
4.448710767258743545e+03 -1.307098008403231324e+04 -1.251163571344205593e+04 -1.287933081318681434e+04 -3.472051315018313289e+03
4.449710797778184315e+03 -1.314028134413710904e+04 -1.252291023522146861e+04 -1.283531317545641832e+04 -3.470204015038917532e+03
4.450710828297625994e+03 -1.320387356138121504e+04 -1.254408291952838954e+04 -1.281278078212947003e+04 -3.464211723734669249e+03
4.451710858817066764e+03 -1.326322497999062216e+04 -1.255450248130737418e+04 -1.279131700093858854e+04 -3.461440105132301596e+03
4.452710889336507535e+03 -1.331629318868827613e+04 -1.258476273059779305e+04 -1.276191424746319717e+04 -3.455791357598657214e+03
4.453710919855948305e+03 -1.337588042827637219e+04 -1.258972276208812946e+04 -1.275798477386632840e+04 -3.447370322829382985e+03
4.454710950375389075e+03 -1.343889701950946437e+04 -1.261527455432512579e+04 -1.271715890063645929e+04 -3.443570346268314097e+03
4.455710980894829845e+03 -1.350283050074572384e+04 -1.264129313506812287e+04 -1.267880797746152348e+04 -3.447610094717544598e+03
4.456711011414270615e+03 -1.357294413626919777e+04 -1.265509336873068241e+04 -1.266447197283020068e+04 -3.457298323247114240e+03
4.457711041933711385e+03 -1.364407440160235274e+04 -1.266756441334819283e+04 -1.263099277250060550e+04 -3.468594347321233727e+03
4.458711072453152156e+03 -1.370834675944183800e+04 -1.269117745392568941e+04 -1.258074312752182050e+04 -3.463629076709172750e+03
4.459711102972593835e+03 -1.377228077120903981e+04 -1.271259385096837650e+04 -1.253846301503094219e+04 -3.458906252518312613e+03
4.460711133492034605e+03 -1.384056089199162670e+04 -1.273099402213093526e+04 -1.250648154894949221e+04 -3.460756494484072391e+03
4.461711164011475375e+03 -1.389990700529217975e+04 -1.275195093081867890e+04 -1.247594792580736248e+04 -3.473901824437379219e+03
4.462711194530916146e+03 -1.396316657967090941e+04 -1.279140852813372476e+04 -1.242999490328783577e+04 -3.482325400013047329e+03
4.463711225050356916e+03 -1.403922110005216382e+04 -1.280265104155846529e+04 -1.241198698361119204e+04 -3.494885274681148076e+03
4.464711255569797686e+03 -1.410474776553810261e+04 -1.282325333136915833e+04 -1.237617099377417617e+04 -3.503309251436779050e+03
4.465711286089238456e+03 -1.417302854948429194e+04 -1.285483827730397024e+04 -1.232090421623801376e+04 -3.508369869152173123e+03
4.466711316608680136e+03 -1.425367468204840952e+04 -1.286086244620046637e+04 -1.230512918137716588e+04 -3.511147505453906888e+03
4.467711347128120906e+03 -1.433232800797312666e+04 -1.286660050532999412e+04 -1.227012637723183798e+04 -3.523954105796108706e+03
4.468711377647561676e+03 -1.437177788673368741e+04 -1.292348412480215302e+04 -1.220571541827287729e+04 -3.538364356156615941e+03
4.469711408167002446e+03 -1.442359390990842439e+04 -1.293047766952838720e+04 -1.220043248301605672e+04 -3.551509819836572206e+03
4.470711438686443216e+03 -1.447139978275107569e+04 -1.295824870769103836e+04 -1.214033776190271237e+04 -3.569963429265934337e+03
4.471711469205883986e+03 -1.453065437947385362e+04 -1.299514058267959263e+04 -1.210790926400855096e+04 -3.582182434696484052e+03
4.472711499725324757e+03 -1.459275195858023835e+04 -1.302238671190271634e+04 -1.206545687725476819e+04 -3.591283603221021167e+03
4.473711530244765527e+03 -1.464866487388687892e+04 -1.305166817939951216e+04 -1.202506083683938596e+04 -3.596592283877035698e+03
4.474711560764206297e+03 -1.470449409794629537e+04 -1.306644171974239543e+04 -1.200983389567325321e+04 -3.604428933174325721e+03
4.475711591283647977e+03 -1.476074018664918731e+04 -1.310678179301196906e+04 -1.196263131618533589e+04 -3.611001598150984591e+03
4.476711621803088747e+03 -1.480913189822234744e+04 -1.315021544568546051e+04 -1.191668412142553098e+04 -3.617237940596278349e+03
4.477711652322529517e+03 -1.486253686139968340e+04 -1.316666886309985057e+04 -1.187978118333040402e+04 -3.625410377518317091e+03
4.478711682841970287e+03 -1.491192875632506366e+04 -1.319161656783570288e+04 -1.183222012554948196e+04 -3.628528749330940173e+03
4.479711713361411057e+03 -1.495196261695802968e+04 -1.321921703516082380e+04 -1.178358889208720393e+04 -3.623555053939758636e+03
4.480711743880851827e+03 -1.499976822453523710e+04 -1.324681750248594471e+04 -1.176361602240140201e+04 -3.623219533768315614e+03
4.481711774400292597e+03 -1.504414832681636835e+04 -1.327636626782195526e+04 -1.173073949771118532e+04 -3.627266236003477388e+03
4.482711804919734277e+03 -1.508944916544963598e+04 -1.331546685967215126e+04 -1.167654758649219912e+04 -3.625745095329838932e+03
4.483711835439175047e+03 -1.514719917658063787e+04 -1.334704422468083976e+04 -1.162657682113711962e+04 -3.612934215734753707e+03
4.484711865958615817e+03 -1.519843015682120313e+04 -1.336774464536844062e+04 -1.158868529599673093e+04 -3.601645279173227664e+03
4.485711896478056588e+03 -1.524222123718651710e+04 -1.339366916647263133e+04 -1.153780767437294890e+04 -3.596000944619119309e+03
4.486711926997497358e+03 -1.528534994974106485e+04 -1.343736969582279198e+04 -1.147958878118718349e+04 -3.585046592142467034e+03
4.487711957516938128e+03 -1.533717088032649735e+04 -1.345717051327838817e+04 -1.144789671312501559e+04 -3.581926883063316836e+03
4.488711988036378898e+03 -1.538840146266889678e+04 -1.348037193764547555e+04 -1.138256354672541966e+04 -3.569114666201710406e+03
4.489712018555819668e+03 -1.544180470162085476e+04 -1.351662027623960967e+04 -1.131713528834399222e+04 -3.558756065962511002e+03
4.490712049075260438e+03 -1.548961044183078593e+04 -1.352087135075091101e+04 -1.129731024475844788e+04 -3.547205158888492861e+03
4.491712079594702118e+03 -1.553214867350961686e+04 -1.356387359257362914e+04 -1.121940176786543270e+04 -3.529677873981871016e+03
4.492712110114142888e+03 -1.557778135921182547e+04 -1.358129877240561473e+04 -1.117092191401540185e+04 -3.512150589075260996e+03
4.493712140633583658e+03 -1.561814627111745904e+04 -1.362827496377394891e+04 -1.108306459843676384e+04 -3.496482372093481899e+03
4.494712171153024428e+03 -1.566746707490415065e+04 -1.363168820556231185e+04 -1.104735848319154502e+04 -3.489909573390179048e+03
4.495712201672465198e+03 -1.570973990850738846e+04 -1.363977705372427226e+04 -1.099026491619375520e+04 -3.483336774686874378e+03
4.496712232191905969e+03 -1.573798882131143546e+04 -1.367002522968792255e+04 -1.092237876461514497e+04 -3.467401639306456673e+03
4.497712262711346739e+03 -1.577552388147287456e+04 -1.369434933305726554e+04 -1.085879904318897024e+04 -3.450473583530266296e+03
4.498712293230788418e+03 -1.581588813021493297e+04 -1.370689057143508944e+04 -1.081518991720086888e+04 -3.436728489539912516e+03
4.499712323750229189e+03 -1.584604244469486912e+04 -1.371700380764412694e+04 -1.075971518814101182e+04 -3.416680056051317024e+03
4.500712354269669959e+03 -1.586652213057638619e+04 -1.374529708738340742e+04 -1.068647147755306833e+04 -3.408846749920344337e+03
4.501712384789110729e+03 -1.589009799470669532e+04 -1.374828958777252774e+04 -1.064554269461496733e+04 -3.392909608640132774e+03
4.502712415308551499e+03 -1.591590421068038086e+04 -1.374104376667176803e+04 -1.058074909348117762e+04 -3.371000502506870362e+03
4.503712445827992269e+03 -1.591932706332202906e+04 -1.376760705099468942e+04 -1.049522458747648670e+04 -3.349091396373609314e+03
4.504712476347433039e+03 -1.593605828323080641e+04 -1.377853397327312814e+04 -1.043362786790055543e+04 -3.337150007473905589e+03
4.505712506866873809e+03 -1.594665179132323465e+04 -1.376634384408432925e+04 -1.039037110816485620e+04 -3.329372465357088913e+03
4.506712537386314580e+03 -1.594757544559519010e+04 -1.378635440049569115e+04 -1.032359279949507800e+04 -3.312448020200522478e+03
4.507712567905756259e+03 -1.595099763507323041e+04 -1.379428812044740334e+04 -1.023638250738581337e+04 -3.304943815361656107e+03
4.508712598425197029e+03 -1.595501839602303517e+04 -1.377985431790436996e+04 -1.019574767096239884e+04 -3.290866811819493250e+03
4.509712628944637800e+03 -1.595164727014273558e+04 -1.379452495419466140e+04 -1.010608005421790585e+04 -3.268957839412883004e+03
4.510712659464078570e+03 -1.593209044273684958e+04 -1.381043984508002904e+04 -1.002074601645773691e+04 -3.259866700387292440e+03
4.511712689983519340e+03 -1.592214962026653484e+04 -1.376375285200412873e+04 -9.990871783006914484e+03 -3.242666644599666142e+03
4.512712720502960110e+03 -1.589764665341351611e+04 -1.377226623202838709e+04 -9.909018339204654694e+03 -3.228262278211872399e+03
4.513712751022400880e+03 -1.587374371699218500e+04 -1.376634496718449373e+04 -9.857785366378409890e+03 -3.210129345295518760e+03
4.514712781541842560e+03 -1.583837494706963844e+04 -1.377358741898476001e+04 -9.789260577618668322e+03 -3.191949474324070252e+03
4.515712812061283330e+03 -1.580730639524096296e+04 -1.374965611989804347e+04 -9.738325815521540790e+03 -3.189432471268315112e+03
4.516712842580724100e+03 -1.577970366905565970e+04 -1.372068785695971928e+04 -9.675843134327617008e+03 -3.180062110992034832e+03
4.517712873100164870e+03 -1.574461302994996186e+04 -1.372166691952839028e+04 -9.598302232718488085e+03 -3.165983903909998844e+03
4.518712903619605640e+03 -1.570582193791668396e+04 -1.370365295443500145e+04 -9.559313525205372571e+03 -3.151580339882119915e+03
4.519712934139046411e+03 -1.566888107234719610e+04 -1.367174960960347016e+04 -9.513473788649194830e+03 -3.134378010741399521e+03
4.520712964658487181e+03 -1.563194020677771005e+04 -1.365990848379088857e+04 -9.445939719041989520e+03 -3.112468904608140292e+03
4.521712995177927951e+03 -1.559560335062155355e+04 -1.363562986597822783e+04 -9.393327699269199002e+03 -3.091493076783567176e+03
4.522713025697368721e+03 -1.556055276659773153e+04 -1.360210911652185860e+04 -9.355419970113989621e+03 -3.073965791876957610e+03
4.523713056216810401e+03 -1.551677176631920338e+04 -1.357940873521576032e+04 -9.302202858313607067e+03 -3.054571415446341234e+03
4.524713086736251171e+03 -1.546526212473093801e+04 -1.355742755917771501e+04 -9.247305077466087823e+03 -3.029214167575078591e+03
4.525713117255691941e+03 -1.542953193064256266e+04 -1.351538598915848888e+04 -9.198401076420803292e+03 -3.010429718407116070e+03
4.526713147775132711e+03 -1.539786348101490148e+04 -1.346674606528351796e+04 -9.141861573017893534e+03 -2.992902433500506504e+03
4.527713178294573481e+03 -1.537086118315946624e+04 -1.342862593987723267e+04 -9.080627738089924605e+03 -2.973184304843898644e+03
4.528713208814014251e+03 -1.533609350473042105e+04 -1.339216379108924230e+04 -9.037031546885627904e+03 -2.952531961792034508e+03
4.529713239333455022e+03 -1.530599118227727558e+04 -1.333270139325117270e+04 -9.004463040617712977e+03 -2.931879351286864221e+03
4.530713269852896701e+03 -1.526687739483275072e+04 -1.331129145403442817e+04 -8.917648467607525163e+03 -2.907457387624057901e+03
4.531713300372337471e+03 -1.523396339131825516e+04 -1.326274952064880745e+04 -8.883303063186813233e+03 -2.893055562042664860e+03
4.532713330891778241e+03 -1.519734150744377439e+04 -1.319696743818339382e+04 -8.838157825020707605e+03 -2.870533319207102977e+03
4.533713361411219012e+03 -1.516535526981559815e+04 -1.316381548674363876e+04 -8.764228855173934789e+03 -2.849558962375710053e+03
4.534713391930659782e+03 -1.512997854192979685e+04 -1.311220398022011250e+04 -8.730661812027079577e+03 -2.835771610763139961e+03
4.535713422450100552e+03 -1.509613809885619048e+04 -1.308132167382591433e+04 -8.660799339200832037e+03 -2.825137801072839011e+03
4.536713452969541322e+03 -1.506012499917302557e+04 -1.301860256628495517e+04 -8.633479796614761653e+03 -2.813247896934405162e+03
4.537713483488982092e+03 -1.501483450589209315e+04 -1.295187511425579396e+04 -8.586617785719343374e+03 -2.785406409037280810e+03
4.538713514008422862e+03 -1.494808257932568631e+04 -1.290259207514895206e+04 -8.518743858222094786e+03 -2.759731025459409011e+03
4.539713544527864542e+03 -1.489654190168056084e+04 -1.284509117174866151e+04 -8.463848067341257774e+03 -2.736566760964565219e+03
4.540713575047305312e+03 -1.486331355861630618e+04 -1.278989023709841968e+04 -8.412615236655490662e+03 -2.716848632307954176e+03
4.541713605566746082e+03 -1.481709012677289502e+04 -1.273698927119818109e+04 -8.345420598516877362e+03 -2.701512191151348816e+03
4.542713636086186852e+03 -1.475126822084907508e+04 -1.266865761097112227e+04 -8.282544046050152247e+03 -2.677731045607950819e+03
4.543713666605627623e+03 -1.470128942613142317e+04 -1.260162200833424868e+04 -8.226315119598197271e+03 -2.651440118248038743e+03
4.544713697125068393e+03 -1.464510739903303329e+04 -1.253820391132821169e+04 -8.165767538912430609e+03 -2.628276388659824988e+03
4.545713727644509163e+03 -1.459046722732112539e+04 -1.248398597009721561e+04 -8.095585534284933601e+03 -2.612621945523263093e+03
4.546713758163950843e+03 -1.453800050801506222e+04 -1.241368551528119315e+04 -8.031695804469678478e+03 -2.591030707643281403e+03
4.547713788683391613e+03 -1.449578457384931608e+04 -1.233711774038306612e+04 -7.970827270577837226e+03 -2.573503289010021035e+03
4.548713819202832383e+03 -1.445108098036064257e+04 -1.227698372864644261e+04 -7.900627356249734476e+03 -2.558786537161693104e+03
4.549713849722273153e+03 -1.440762121653343456e+04 -1.221161326239141272e+04 -7.849043296435454977e+03 -2.542830139243502799e+03
4.550713880241713923e+03 -1.435423866828601967e+04 -1.212189861735159320e+04 -7.809481336362518960e+03 -2.513727876465395184e+03
4.551713910761154693e+03 -1.429152408175959499e+04 -1.207688139344572119e+04 -7.713330123718322284e+03 -2.482738730618713362e+03
4.552713941280595463e+03 -1.424899394067680623e+04 -1.199015545833197939e+04 -7.684364878643387783e+03 -2.455510379423882114e+03
4.553713971800036234e+03 -1.419312293731014324e+04 -1.191784872545909639e+04 -7.620188593618549930e+03 -2.428903589710458164e+03
4.554714002319477004e+03 -1.414655107930755548e+04 -1.184295100050605652e+04 -7.555960427318095753e+03 -2.403865948538973953e+03
4.555714032838918683e+03 -1.410464696466982969e+04 -1.175816353627668104e+04 -7.516044963868906052e+03 -2.376637196164157558e+03
4.556714063358359454e+03 -1.405591093855186773e+04 -1.170165461109699754e+04 -7.462810937351338907e+03 -2.346902406319126385e+03
4.557714093877800224e+03 -1.400375922195921339e+04 -1.161129895663811476e+04 -7.440854639393856814e+03 -2.322802322709213968e+03
4.558714124397240994e+03 -1.395657208076197458e+04 -1.153342206811038159e+04 -7.375989683738610438e+03 -2.289000637904463019e+03
4.559714154916681764e+03 -1.391963121519248853e+04 -1.145916563335142018e+04 -7.319426727156331253e+03 -2.262709576817898778e+03
4.560714185436122534e+03 -1.387741368943408997e+04 -1.137307902300648493e+04 -7.287157853022325071e+03 -2.230784478129472063e+03
4.561714215955563304e+03 -1.383302297653524693e+04 -1.128863368316488595e+04 -7.256883778398479990e+03 -2.209813865644352973e+03
4.562714246475004984e+03 -1.377776738899591146e+04 -1.123244540308220530e+04 -7.198666733038918210e+03 -2.187904759511073735e+03
4.563714276994445754e+03 -1.374206756780074647e+04 -1.115851691357134587e+04 -7.164398937320828736e+03 -2.167873443034011871e+03
4.564714307513886524e+03 -1.370698913090541100e+04 -1.106224420589419424e+04 -7.155748694069427984e+03 -2.151910893689800105e+03
4.565714338033327294e+03 -1.366104634990052546e+04 -1.098995684649917530e+04 -7.113498857501041130e+03 -2.126559128611291726e+03
4.566714368552768065e+03 -1.361479188200030694e+04 -1.090452767091321221e+04 -7.081894632256124169e+03 -2.097450446953859228e+03
4.567714399072208835e+03 -1.356481308728265503e+04 -1.083782633096289101e+04 -7.055946603171098104e+03 -2.066153596079478575e+03
4.568714429591649605e+03 -1.351856180256774678e+04 -1.075107975888361398e+04 -7.047629963628585756e+03 -2.053947562134230793e+03
4.569714460111090375e+03 -1.347478809708894732e+04 -1.066992411981224723e+04 -7.009366030428031081e+03 -2.037671557516260236e+03
4.570714490630531145e+03 -1.343040202633533954e+04 -1.058678971863803417e+04 -6.992746254688664521e+03 -2.022335116359652147e+03
4.571714521149972825e+03 -1.339004069551315115e+04 -1.050366907544075002e+04 -6.985407399514849203e+03 -2.000737058420384301e+03
4.572714551669413595e+03 -1.333323489672592586e+04 -1.044813345694139389e+04 -6.927865947861475433e+03 -1.979457269914392782e+03
4.573714582188854365e+03 -1.329691846600887766e+04 -1.034659705956683501e+04 -6.934191625686814405e+03 -1.965371574139810718e+03
4.574714612708295135e+03 -1.325687213790009446e+04 -1.028286702149002849e+04 -6.901249716375333264e+03 -1.946593811304481960e+03
4.575714643227735905e+03 -1.321993127233060659e+04 -1.019775498131310451e+04 -6.897591304675707761e+03 -1.934698691826595450e+03
4.576714673747176676e+03 -1.317584574732374676e+04 -1.012876574593954683e+04 -6.850662629894702150e+03 -1.918112040194566816e+03
4.577714704266617446e+03 -1.312959923738680664e+04 -1.006993902279476424e+04 -6.809113688038028158e+03 -1.907157420264611119e+03
4.578714734786059125e+03 -1.309513794054420396e+04 -9.980901045604170577e+03 -6.814085335641480015e+03 -1.886807566900972915e+03
4.579714765305499895e+03 -1.304639899650637199e+04 -9.930639224703709260e+03 -6.767166894975085597e+03 -1.865530586654686886e+03
4.580714795824940666e+03 -1.300046019448313018e+04 -9.864246175748616224e+03 -6.732251649366081438e+03 -1.855517134905925104e+03
4.581714826344381436e+03 -1.296228000876470651e+04 -9.775532914893243287e+03 -6.714949741458495737e+03 -1.845812190544773557e+03
4.582714856863822206e+03 -1.293279177581172735e+04 -9.711149653683078213e+03 -6.675342722853088162e+03 -1.831725291230318362e+03
4.583714887383262976e+03 -1.289739541828315851e+04 -9.660548796920356835e+03 -6.623782826920572006e+03 -1.807933180101407970e+03
4.584714917902703746e+03 -1.284958981070594928e+04 -9.594816411637226338e+03 -6.585868843584184106e+03 -1.788849049504903178e+03
4.585714948422144516e+03 -1.280830296875374006e+04 -9.528458740337327981e+03 -6.549261984110960839e+03 -1.767247380946038902e+03
4.586714978941585287e+03 -1.277914048176455071e+04 -9.478846632882195991e+03 -6.497028200158091749e+03 -1.758811502518314683e+03
4.587715009461026966e+03 -1.275554193743886208e+04 -9.417389749538897377e+03 -6.453457025678410901e+03 -1.749412658465023696e+03
4.588715039980467736e+03 -1.272853154898741923e+04 -9.347077782946249499e+03 -6.408860591909412506e+03 -1.738458038535067999e+03
4.589715070499908506e+03 -1.269002521940702536e+04 -9.298801743524676567e+03 -6.347311205113656797e+03 -1.723427831412975593e+03
4.590715101019349277e+03 -1.264004655732209721e+04 -9.264622295821651278e+03 -6.280454008476905983e+03 -1.707785423675154789e+03
4.591715131538790047e+03 -1.259534866704044362e+04 -9.202815426389553977e+03 -6.251533821934453044e+03 -1.687124789570825214e+03
4.592715162058230817e+03 -1.254256495553023706e+04 -9.160508383568854697e+03 -6.177931490912995287e+03 -1.678055581716263532e+03
4.593715192577671587e+03 -1.250037010996718891e+04 -9.140390992254337107e+03 -6.108156008061082503e+03 -1.668986908768315516e+03
4.594715223097113267e+03 -1.247025054526022177e+04 -9.064519960620889833e+03 -6.069832944420376407e+03 -1.668348631455315854e+03
4.595715253616554037e+03 -1.243083475310906579e+04 -9.049089406681603577e+03 -5.976714298938033608e+03 -1.653012324025361067e+03
4.596715284135994807e+03 -1.239543322290435935e+04 -9.004398864536166002e+03 -5.925804837846512783e+03 -1.632655249422491579e+03
4.597715314655435577e+03 -1.235508210480175876e+04 -8.985359930154874746e+03 -5.857268109286425897e+03 -1.603230036778291833e+03
4.598715345174876347e+03 -1.232001295219692656e+04 -8.953444652384096116e+03 -5.805066449082260078e+03 -1.583847695746431555e+03
4.599715375694317117e+03 -1.228771913928778122e+04 -8.918341454795510799e+03 -5.743480674323373023e+03 -1.568814947817942766e+03
4.600715406213757888e+03 -1.225047759533883618e+04 -8.917350459287592457e+03 -5.666309337964805309e+03 -1.557557035839825403e+03
4.601715436733198658e+03 -1.221694658440429521e+04 -8.896295419722962833e+03 -5.601785377323441935e+03 -1.540635800122930277e+03
4.602715467252639428e+03 -1.217408738153967715e+04 -8.867068282196636574e+03 -5.542884636250391850e+03 -1.521558890765664273e+03
4.603715497772081108e+03 -1.212504510646791823e+04 -8.858541705745426952e+03 -5.476354220579366483e+03 -1.512492758624107637e+03
4.604715528291521878e+03 -1.208128559269030484e+04 -8.844067471596457835e+03 -5.418496648496274247e+03 -1.504031338405741280e+03
4.605715558810962648e+03 -1.204217180524581454e+04 -8.830267097546378864e+03 -5.374571117797534498e+03 -1.490885874725786152e+03
4.606715589330403418e+03 -1.199683833896312717e+04 -8.812858483441821591e+03 -5.320005661394561685e+03 -1.470524788323343955e+03
4.607715619849844188e+03 -1.196053543678366077e+04 -8.806633700778389539e+03 -5.267448365706964978e+03 -1.451449884865872036e+03
4.608715650369284958e+03 -1.191520157260280939e+04 -8.807625678998952935e+03 -5.214891354300329112e+03 -1.443330002518315268e+03
4.609715680888725728e+03 -1.187391473065059836e+04 -8.802349494812224293e+03 -5.167631350058137286e+03 -1.434223083747724331e+03
4.610715711408167408e+03 -1.182329677884838566e+04 -8.791164821045958888e+03 -5.118773544669133116e+03 -1.414204337575990621e+03
4.611715741927608178e+03 -1.177178474987114168e+04 -8.781649214512133767e+03 -5.088180648946437941e+03 -1.401058873896033674e+03
4.612715772447048948e+03 -1.173049790791893065e+04 -8.759956675216446456e+03 -5.076169351881641887e+03 -1.382886224163842371e+03
4.613715802966489719e+03 -1.168363014631487385e+04 -8.769204983911056843e+03 -5.001282070912044219e+03 -1.366950152696852911e+03
4.614715833485930489e+03 -1.164980018122625734e+04 -8.754313237275828214e+03 -4.989101058112957617e+03 -1.355049951606165905e+03
4.615715864005371259e+03 -1.160382304834652678e+04 -8.737685458560839834e+03 -4.954334917868511184e+03 -1.332793557356034171e+03
4.616715894524812029e+03 -1.155354768686378156e+04 -8.747775811604024057e+03 -4.908233500686814295e+03 -1.307796569086939826e+03
4.617715925044252799e+03 -1.150979162153692050e+04 -8.731727973736637068e+03 -4.896536618365977120e+03 -1.299979042700975469e+03
4.618715955563693569e+03 -1.147067783409243202e+04 -8.732354523241085190e+03 -4.856947935882612001e+03 -1.290567628342346779e+03
4.619715986083135249e+03 -1.143062540487842853e+04 -8.711654383328510448e+03 -4.843347081818931656e+03 -1.275231187185725275e+03
4.620716016602576019e+03 -1.138094224849681450e+04 -8.715315970640824162e+03 -4.813333977118166331e+03 -1.256757385031815375e+03
4.621716047122016789e+03 -1.133595309675893259e+04 -8.723834825778387312e+03 -4.763797450932494939e+03 -1.236741580846459101e+03
4.622716077641457559e+03 -1.130212419273208616e+04 -8.716253057340831219e+03 -4.742206311870662830e+03 -1.219511704015293617e+03
4.623716108160898330e+03 -1.126236594289422646e+04 -8.705435075778386818e+03 -4.721879085965764716e+03 -1.191327073527521407e+03
4.624716138680339100e+03 -1.121021435893429589e+04 -8.710035013278387851e+03 -4.685625729868749659e+03 -1.162845168690956143e+03
4.625716169199779870e+03 -1.116957277517178409e+04 -8.704751950103149284e+03 -4.663344783052690218e+03 -1.135013977746070850e+03
4.626716199719221549e+03 -1.112981333163939235e+04 -8.687346284136516260e+03 -4.639050274182957764e+03 -1.119677536589449574e+03
4.627716230238662320e+03 -1.107484263918570832e+04 -8.678146128361473529e+03 -4.603426600416705696e+03 -1.097768564182840692e+03
4.628716260758103090e+03 -1.101899139809453118e+04 -8.677835450778387894e+03 -4.565852048548922539e+03 -1.090899828397273950e+03
4.629716291277543860e+03 -1.097741143782799008e+04 -8.664965986377406807e+03 -4.549615625686816202e+03 -1.075859056869621782e+03
4.630716321796984630e+03 -1.093518462777908644e+04 -8.636060617048304266e+03 -4.532554645894501846e+03 -1.061470470226838870e+03
4.631716352316425400e+03 -1.089266509731401129e+04 -8.619341024894851216e+03 -4.482329733359408237e+03 -1.045186174556406286e+03
4.632716382835866170e+03 -1.085977788560923727e+04 -8.603482850567816058e+03 -4.471829531747967849e+03 -1.031745977334055851e+03
4.633716413355306941e+03 -1.082030771404230654e+04 -8.558855061644078887e+03 -4.469988670378743336e+03 -1.007875502386719518e+03
4.634716443874747711e+03 -1.076569141622025018e+04 -8.552950222140096230e+03 -4.415176884522202272e+03 -9.719383366661453465e+02
4.635716474394189390e+03 -1.073063194580404706e+04 -8.517384026508552779e+03 -4.428211593050087686e+03 -9.487869099299568916e+02
4.636716504913630160e+03 -1.068558178301430416e+04 -8.494833859849528380e+03 -4.399498931609866304e+03 -9.322082818970878861e+02
4.637716535433070931e+03 -1.064371294868051154e+04 -8.472377612441770907e+03 -4.392273362399413600e+03 -9.234445057171301414e+02
4.638716565952511701e+03 -1.060488989216137452e+04 -8.443853816393660964e+03 -4.370543778509101685e+03 -9.081081982871767195e+02
4.639716596471952471e+03 -1.055925720645916226e+04 -8.422464514142475309e+03 -4.331652437225455287e+03 -8.990516944646187767e+02
4.640716626991393241e+03 -1.051485601557532755e+04 -8.377767654558612776e+03 -4.317368598150652360e+03 -8.883898021772649827e+02
4.641716657510834011e+03 -1.046610871567604772e+04 -8.367339669528388185e+03 -4.276383385441607061e+03 -8.711548437333021866e+02
4.642716688030275691e+03 -1.041584038372749637e+04 -8.353156037547058077e+03 -4.252863115771809134e+03 -8.536274251000220374e+02
4.643716718549716461e+03 -1.037361171682049280e+04 -8.323561927041882882e+03 -4.253872313186813699e+03 -8.295274752167601946e+02
4.644716749069157231e+03 -1.032580597661056163e+04 -8.297955383671856907e+03 -4.242848323902951051e+03 -8.095178224574244723e+02
4.645716779588598001e+03 -1.027800023640063409e+04 -8.274954994234254627e+03 -4.216532008831688472e+03 -7.922817942002398013e+02
4.646716810108038771e+03 -1.023019449619070292e+04 -8.247660010153962503e+03 -4.193635593732958114e+03 -7.785543521280486630e+02
4.647716840627479542e+03 -1.017521584577373869e+04 -8.210859527441321916e+03 -4.188977934451995679e+03 -7.691313035506370852e+02
4.648716871146920312e+03 -1.012060299640244193e+04 -8.186556482200068785e+03 -4.165297898881599394e+03 -7.537948623940269499e+02
4.649716901666361082e+03 -1.006533573718367188e+04 -8.159953748983853984e+03 -4.147762880585182756e+03 -7.340767337374189765e+02
4.650716932185801852e+03 -1.001006821269945794e+04 -8.133655516299826559e+03 -4.155057103647965050e+03 -7.215918797214377491e+02
4.651716962705243532e+03 -9.939589969824743093e+03 -8.111349062376535585e+03 -4.133703765610812297e+03 -7.090257199006539395e+02
4.652716993224684302e+03 -9.886864086181078164e+03 -8.097852486921032323e+03 -4.118808438186813873e+03 -6.902582540175800432e+02
4.653717023744125072e+03 -9.835942272814139869e+03 -8.056364184120492610e+03 -4.137527202408873563e+03 -6.695891951341360482e+02
4.654717054263565842e+03 -9.777844498687574742e+03 -8.026641197871412260e+03 -4.123285294775963848e+03 -6.467290250473831748e+02
4.655717084783006612e+03 -9.711139126206389847e+03 -8.025855589306135698e+03 -4.105632015599367151e+03 -6.245313367977519192e+02
4.656717115302447382e+03 -9.658987276981017203e+03 -7.973257720062872977e+03 -4.146752688186815249e+03 -6.091948956411436029e+02
4.657717145821888153e+03 -9.590023169254080130e+03 -7.941753356564886417e+03 -4.128123188186815241e+03 -5.913796972514244317e+02
4.658717176341329832e+03 -9.518029199638987848e+03 -7.891757008465832769e+03 -4.157173148988424146e+03 -5.816644559380127930e+02
4.659717206860770602e+03 -9.450951659741500407e+03 -7.861949930091924216e+03 -4.171356636883632746e+03 -5.716615685948103192e+02
4.660717237380211373e+03 -9.382075222243420285e+03 -7.832954010812027263e+03 -4.189471872623432319e+03 -5.556606397012907337e+02
4.661717267899652143e+03 -9.310276222728873108e+03 -7.796249132000921236e+03 -4.209932142018528793e+03 -5.400372211481441127e+02
4.662717298419092913e+03 -9.224016675496235621e+03 -7.774151574708303087e+03 -4.214687451809929371e+03 -5.287960250016052441e+02
4.663717328938533683e+03 -9.145789100607255023e+03 -7.726452106833836297e+03 -4.246681141972743717e+03 -5.266050475249519423e+02
4.664717359457974453e+03 -9.070679057835222920e+03 -7.671650293904656792e+03 -4.288902834725901812e+03 -5.149843351382594392e+02
4.665717389977415223e+03 -8.991506872704303532e+03 -7.636149659245260409e+03 -4.308140838125005757e+03 -4.943136715349872361e+02
4.666717420496855993e+03 -8.923577565469860929e+03 -7.586148537970553662e+03 -4.340541618625350566e+03 -4.786915902483619334e+02
4.667717451016297673e+03 -8.856780941676279326e+03 -7.537949290522703450e+03 -4.379318252540873800e+03 -4.686897727183684879e+02
4.668717481535738443e+03 -8.771372100718814181e+03 -7.505346815838578550e+03 -4.401393806361912539e+03 -4.577352865150635353e+02
4.669717512055179213e+03 -8.686342987242775052e+03 -7.448846594685179298e+03 -4.450600282350736052e+03 -4.511624878117572734e+02
4.670717542574619983e+03 -8.604432732210891118e+03 -7.412344295066295672e+03 -4.486242576519992326e+03 -4.370639542785249319e+02
4.671717573094060754e+03 -8.533287877278387896e+03 -7.333739497244248923e+03 -4.542132640065276064e+03 -4.302068527117314716e+02
4.672717603613501524e+03 -8.442022505873970658e+03 -7.275343763787695025e+03 -4.584654107092836057e+03 -4.185829308853758448e+02
4.673717634132942294e+03 -8.361340429842417507e+03 -7.203232029180961945e+03 -4.636104554854970047e+03 -4.092517525183155271e+02
4.674717664652383974e+03 -8.281220981815054984e+03 -7.109039162621430478e+03 -4.728733526380385229e+03 -4.041996933086861645e+02
4.675717695171824744e+03 -8.186836619333757881e+03 -7.078950186106161709e+03 -4.737938401788569536e+03 -3.898172580919265897e+02
4.676717725691265514e+03 -8.103701766385019255e+03 -7.009618124407281357e+03 -4.812905281427543741e+03 -3.791456037589260859e+02
4.677717756210706284e+03 -8.019796317324833581e+03 -6.907341042474045935e+03 -4.896590063186811676e+03 -3.616183188523192484e+02
4.678717786730147054e+03 -7.919838860522251707e+03 -6.860931033976295112e+03 -4.921119530271592339e+03 -3.554349321614658379e+02
4.679717817249587824e+03 -7.821774603185197520e+03 -6.783731796010500148e+03 -4.982267085927603148e+03 -3.544806587683154930e+02
4.680717847769028594e+03 -7.723323058301605670e+03 -6.714730627697699674e+03 -5.049916715745846886e+03 -3.516170362289489049e+02
4.681717878288469365e+03 -7.624033141985920338e+03 -6.648029428134898808e+03 -5.130707801593213844e+03 -3.375168979758852856e+02
4.682717908807910135e+03 -7.534940559823780859e+03 -6.586340063057527004e+03 -5.182837822994978524e+03 -3.228540379685551329e+02
4.683717939327351814e+03 -7.440555003647906233e+03 -6.536329255043842750e+03 -5.235503003307692779e+03 -3.131355872154826443e+02
4.684717969846792585e+03 -7.349010970895788887e+03 -6.466325579446432130e+03 -5.303633778654077105e+03 -3.077985565091108242e+02
4.685718000366233355e+03 -7.253956017374999647e+03 -6.401629956002931976e+03 -5.352239711110734788e+03 -2.997095650183155158e+02
4.686718030885674125e+03 -7.159961462461952578e+03 -6.341828943465169687e+03 -5.417444808936977097e+03 -2.987542218119427844e+02
4.687718061405114895e+03 -7.077387778557534148e+03 -6.277721824508027566e+03 -5.474648250526576703e+03 -2.798761639871450484e+02
4.688718091924555665e+03 -6.974864674391837980e+03 -6.213027043389648497e+03 -5.529522720335216945e+03 -2.583631561989600414e+02
4.689718122443996435e+03 -6.869336112758791387e+03 -6.146619394132425441e+03 -5.575379087327676643e+03 -2.549369456319840026e+02
4.690718152963438115e+03 -6.770049777526497564e+03 -6.086525112064072346e+03 -5.613655244609646616e+03 -2.546577243812976121e+02
4.691718183482878885e+03 -6.675939699513092819e+03 -6.023420500391535825e+03 -5.660950073269692439e+03 -2.558926900183117539e+02
4.692718214002319655e+03 -6.575705836119075684e+03 -5.964330691033140283e+03 -5.713791365638294337e+03 -2.549365444520236110e+02
4.693718244521760425e+03 -6.480094355699215157e+03 -5.916029803020419422e+03 -5.748002305164018253e+03 -2.433041978465514603e+02
4.694718275041201196e+03 -6.381361364180769669e+03 -5.853800647926351303e+03 -5.797461222647072645e+03 -2.289241697095351071e+02
4.695718305560641966e+03 -6.283576829253190226e+03 -5.780036973364689402e+03 -5.849023250686815118e+03 -2.167352527758241081e+02
4.696718336080082736e+03 -6.188638857792689123e+03 -5.741518849337506254e+03 -5.860208853697543418e+03 -2.130324954912122735e+02
4.697718366599523506e+03 -6.098597421141524137e+03 -5.660595692000266354e+03 -5.930793400167198342e+03 -2.123530303692151051e+02
4.698718397118964276e+03 -5.993894630832040093e+03 -5.610549365943893463e+03 -5.950468343404877487e+03 -2.045463358421131090e+02
4.699718427638405956e+03 -5.891215020054967681e+03 -5.562406273504288947e+03 -5.994689242023127917e+03 -2.023553583654576187e+02
4.700718458157846726e+03 -5.789633077680447059e+03 -5.508344162421168221e+03 -6.029349629749714950e+03 -1.916774188797844261e+02
4.701718488677287496e+03 -5.678536727034973410e+03 -5.466808408638667061e+03 -6.049857942627395460e+03 -1.826374971621539771e+02
4.702718519196728266e+03 -5.575182944135029175e+03 -5.396512586610884682e+03 -6.104299168249987815e+03 -1.814040025183172418e+02
4.703718549716169036e+03 -5.468030294828214210e+03 -5.348638055498226095e+03 -6.121186736655499772e+03 -1.877009231372488216e+02
4.704718580235609807e+03 -5.360057577404865697e+03 -5.308821066130443796e+03 -6.133555801310928473e+03 -1.892096272321964818e+02
4.705718610755050577e+03 -5.269469030777842818e+03 -5.258220209367723328e+03 -6.167902058574548391e+03 -1.816790782427742954e+02
4.706718641274492256e+03 -5.172230014233371548e+03 -5.208625088802541541e+03 -6.197742178309967130e+03 -1.688085565606081389e+02
4.707718671793933026e+03 -5.067926581048066510e+03 -5.162624309927340619e+03 -6.212006686279352834e+03 -1.585374135522342272e+02
4.708718702313373797e+03 -4.966746515819451815e+03 -5.114323562302139180e+03 -6.224668986747062263e+03 -1.551138775183162579e+02
4.709718732832814567e+03 -4.866789059016869942e+03 -5.064010499956648346e+03 -6.240970225668505009e+03 -1.560722964376985544e+02
4.710718763352255337e+03 -4.762757257645032041e+03 -5.021747258042399153e+03 -6.236167298815972572e+03 -1.626449614143491829e+02
4.711718793871696107e+03 -4.659133301891556584e+03 -4.994433883196907118e+03 -6.230346646119575780e+03 -1.648359388910024563e+02
4.712718824391136877e+03 -4.559717915021416957e+03 -4.944407071005926809e+03 -6.255962777181500314e+03 -1.673001199189766908e+02
4.713718854910577647e+03 -4.451748778681543627e+03 -4.896826230586361817e+03 -6.261200938186814710e+03 -1.638772525183145206e+02
4.714718885430018418e+03 -4.349618400003964780e+03 -4.863046044991915551e+03 -6.258872250686813459e+03 -1.689453589262472235e+02
4.715718915949460097e+03 -4.261206754233499851e+03 -4.812582767999344469e+03 -6.290026174887982052e+03 -1.801723800476165422e+02
4.716718946468900867e+03 -4.155810560056422219e+03 -4.777088450778388506e+03 -6.283894660959649627e+03 -1.794852925064121223e+02
4.717718976988341637e+03 -4.040102702319949913e+03 -4.757093898544361764e+03 -6.268050972246512174e+03 -1.757909600009185738e+02
4.718719007507782408e+03 -3.938923963418546919e+03 -4.692122694397919076e+03 -6.303117313186816318e+03 -1.820920261460852316e+02
4.719719038027223178e+03 -3.828640120824486985e+03 -4.656899184704189793e+03 -6.298903274347007027e+03 -1.882478651464989809e+02
4.720719068546663948e+03 -3.726923556237727098e+03 -4.596813747049689482e+03 -6.322767097559335525e+03 -1.782532688557550671e+02
4.721719099066104718e+03 -3.630091324249926402e+03 -4.561744242466048490e+03 -6.315336419634815684e+03 -1.852440970751642340e+02
4.722719129585546398e+03 -3.536921214333131957e+03 -4.515872058559673860e+03 -6.323945868568172955e+03 -1.986602235000512735e+02
4.723719160104987168e+03 -3.434790835655549472e+03 -4.462843901565783199e+03 -6.347649641598884955e+03 -1.950895881482293248e+02
4.724719190624427938e+03 -3.321378850326826068e+03 -4.448759804336569687e+03 -6.340089331555706849e+03 -1.835948462683152513e+02
4.725719221143868708e+03 -3.208800859550387031e+03 -4.411800824113168346e+03 -6.359453413561443085e+03 -1.918187679516158539e+02
4.726719251663309478e+03 -3.106937735806466208e+03 -4.358899998600446452e+03 -6.376327762902219547e+03 -2.042731322907924607e+02
4.727719282182750248e+03 -2.995162438260049839e+03 -4.323551122850814863e+03 -6.362192887051497564e+03 -2.159191190148327735e+02
4.728719312702191019e+03 -2.886246171656530805e+03 -4.289615528271075164e+03 -6.351733906179546466e+03 -2.305635247440959859e+02
4.729719343221631789e+03 -2.787241813590062520e+03 -4.252532726254504269e+03 -6.362356064323660576e+03 -2.337155956731820936e+02
4.730719373741072559e+03 -2.681985149035926952e+03 -4.219323075543788946e+03 -6.347196497745519991e+03 -2.383659400183152570e+02
4.731719404260514239e+03 -2.574555297341251389e+03 -4.187850158850393200e+03 -6.321009956933376088e+03 -2.424795055797999623e+02
4.732719434779955009e+03 -2.474331911932228650e+03 -4.158512255570314665e+03 -6.310388083070229186e+03 -2.522046426654970617e+02
4.733719465299395779e+03 -2.370294009455202286e+03 -4.116830639153913580e+03 -6.292327144994173068e+03 -2.685025784544986891e+02
4.734719495818836549e+03 -2.255390967072296917e+03 -4.095568668383909426e+03 -6.262337493472782626e+03 -2.841063391897122301e+02
4.735719526338277319e+03 -2.141176553778996549e+03 -4.077729204978631969e+03 -6.236607792166549189e+03 -2.821828150183158641e+02
4.736719556857718089e+03 -2.030354089703252839e+03 -4.038348680412391332e+03 -6.234674539484667548e+03 -2.897173758073192857e+02
4.737719587377158859e+03 -1.919267288613717483e+03 -4.045138803621267471e+03 -6.170775854819165943e+03 -2.982143673152793895e+02
4.738719617896600539e+03 -1.820264124241648460e+03 -4.044236954188925210e+03 -6.142437875686813641e+03 -3.072443932606240082e+02
4.739719648416041309e+03 -1.716224630171963781e+03 -4.019388363042624860e+03 -6.122893275270208505e+03 -3.154759373631296171e+02
4.740719678935482079e+03 -1.613566903794028349e+03 -4.007435769538683417e+03 -6.098757679458251914e+03 -3.427292954420037745e+02
4.741719709454922850e+03 -1.515091087122412091e+03 -3.976524683702758466e+03 -6.066437634751086989e+03 -3.668293790519164190e+02
4.742719739974363620e+03 -1.410787653937110917e+03 -3.953978026731739646e+03 -6.026389412092695238e+03 -3.880409669650738920e+02
4.743719770493804390e+03 -1.313695329182610976e+03 -3.939445110599166583e+03 -5.996293723772485464e+03 -4.053032056461714774e+02
4.744719801013245160e+03 -1.221474604285815531e+03 -3.919755760834930243e+03 -5.971240184734315335e+03 -4.189782268705378669e+02
4.745719831532685930e+03 -1.112394668904077434e+03 -3.907977809406619144e+03 -5.919265096456839274e+03 -4.379028215704440754e+02
4.746719862052126700e+03 -1.004176580946096578e+03 -3.887832340587961426e+03 -5.879114390511648708e+03 -4.622671490459545112e+02
4.747719892571568380e+03 -9.076094817683271003e+02 -3.853608951590958441e+03 -5.845768091531730533e+03 -4.781314093004974097e+02
4.748719923091009150e+03 -8.045233517002014878e+02 -3.826466428358042322e+03 -5.799937025544892094e+03 -4.875949770536583401e+02
4.749719953610449920e+03 -7.033487244131649732e+02 -3.816254359334513538e+03 -5.760628217668592697e+03 -5.038951861957559117e+02
4.750719984129890690e+03 -5.961773738926306123e+02 -3.795554079034431652e+03 -5.728770271665118344e+03 -5.311498815411583792e+02
4.751720014649331461e+03 -4.925692014330013535e+02 -3.776141713848342533e+03 -5.686666271230223174e+03 -5.511310505234839638e+02
4.752720045168772231e+03 -3.873096189589936102e+02 -3.749829161637212565e+03 -5.620436340536063653e+03 -5.635749841837581471e+02
4.753720075688213001e+03 -2.943070241694307470e+02 -3.723241028723143700e+03 -5.571720675628076606e+03 -5.752314015867008266e+02
4.754720106207654680e+03 -1.994754241514217199e+02 -3.698215689688375278e+03 -5.535017587049179383e+03 -5.968784034808296610e+02
4.755720136727095451e+03 -9.082601458339860301e+01 -3.672365573970107562e+03 -5.471672539557114760e+03 -6.202756198045282190e+02
4.756720167246536221e+03 1.086641084805294888e+01 -3.640525122747795649e+03 -5.419797233897305887e+03 -6.341243519506556368e+02
4.757720197765976991e+03 8.935328270740266987e+01 -3.592878721356119513e+03 -5.385784153921107645e+03 -6.626061230605705532e+02
4.758720228285417761e+03 1.757550122174046408e+02 -3.584226357686463871e+03 -5.304193954289636167e+03 -6.806554768190387676e+02
4.759720258804858531e+03 2.682363604117859381e+02 -3.536747017444301491e+03 -5.289666486430424811e+03 -6.935401735263674254e+02
4.760720289324299301e+03 3.563715995907276692e+02 -3.507039052659916706e+03 -5.230226890793954226e+03 -7.079113757043114674e+02
4.761720319843740072e+03 4.464215247360633043e+02 -3.451917858121391873e+03 -5.193715691864424116e+03 -7.179006229289519752e+02
4.762720350363180842e+03 5.518666603873220993e+02 -3.412738930034716759e+03 -5.118998553050585542e+03 -7.298206155642260455e+02
4.763720380882622521e+03 6.731112710795191560e+02 -3.378042435093288077e+03 -5.060425872207591055e+03 -7.524355309700703174e+02
4.764720411402063291e+03 7.668072697366502553e+02 -3.313641625443045086e+03 -5.037689365149969490e+03 -7.755698406947075227e+02
4.765720441921504062e+03 8.677226000533161141e+02 -3.283666643594493507e+03 -4.962217886803513466e+03 -7.901995364921766623e+02
4.766720472440944832e+03 9.717692562899545692e+02 -3.244168333898471701e+03 -4.893032855509650290e+03 -8.040521467112246228e+02
4.767720502960385602e+03 1.080418665857977658e+03 -3.167724240405984347e+03 -4.856047475935555667e+03 -8.237704090944874906e+02
4.768720533479826372e+03 1.185936749506030083e+03 -3.118880895013659938e+03 -4.788584902990291994e+03 -8.510275115196334355e+02
4.769720563999267142e+03 1.288323109335950221e+03 -3.067807353469084319e+03 -4.716323383125945838e+03 -8.814421676666253234e+02
4.770720594518708822e+03 1.380802998570484760e+03 -2.993462193797034615e+03 -4.674405586721099098e+03 -9.101818974894852090e+02
4.771720625038149592e+03 1.475200226425760775e+03 -2.928249944277732538e+03 -4.611322930556930260e+03 -9.408545123493963729e+02
4.772720655557590362e+03 1.574902497872335061e+03 -2.882249025015010830e+03 -4.530844127346296773e+03 -9.608300648123098426e+02
4.773720686077031132e+03 1.680419785724059238e+03 -2.826302773017902382e+03 -4.467421186870657948e+03 -9.866069469195249440e+02
4.774720716596471902e+03 1.777245120810342087e+03 -2.752971211244654114e+03 -4.406118413809414051e+03 -1.012444273473724934e+03
4.775720747115912673e+03 1.874775266178242191e+03 -2.683700779667338793e+03 -4.331870765004261557e+03 -1.030682315539049796e+03
4.776720777635353443e+03 1.974027382168323811e+03 -2.613953030519988715e+03 -4.258106393834454138e+03 -1.057940621504070350e+03
4.777720808154794213e+03 2.060947042455461542e+03 -2.533451737682145449e+03 -4.209958438007532095e+03 -1.090804213840634930e+03
4.778720838674234983e+03 2.170048729603511674e+03 -2.482524479934006195e+03 -4.103981764615190514e+03 -1.120253764735613004e+03
4.779720869193676663e+03 2.270766171899917026e+03 -2.424868448323451048e+03 -4.019760260399615163e+03 -1.161625581618996193e+03
4.780720899713117433e+03 2.359352760229847263e+03 -2.327195796290875478e+03 -3.960352930652307805e+03 -1.196222538826915070e+03
4.781720930232558203e+03 2.461735936874449635e+03 -2.277610783627223555e+03 -3.858320371326346958e+03 -1.214972753971804877e+03
4.782720960751998973e+03 2.562401121878520826e+03 -2.205293521690312900e+03 -3.798854906122332977e+03 -1.232500038878411715e+03
4.783720991271439743e+03 2.673223453321544639e+03 -2.145492368765030733e+03 -3.709062632176024636e+03 -1.255123111610049136e+03
4.784721021790880513e+03 2.778739414846055752e+03 -2.073707877468809784e+03 -3.642777124553792873e+03 -1.280699671191628340e+03
4.785721052310321284e+03 2.883042848031357607e+03 -1.990373704852762785e+03 -3.570905069607380483e+03 -1.302354964138197374e+03
4.786721082829762963e+03 2.983000437466752828e+03 -1.920355569340664033e+03 -3.482902912878538245e+03 -1.332774166991409629e+03
4.787721113349203733e+03 3.083460174385342725e+03 -1.844454354390343269e+03 -3.417428316700345022e+03 -1.364922188009759793e+03
4.788721143868644504e+03 3.174223928837361200e+03 -1.773153076940023311e+03 -3.351954289084076208e+03 -1.388769260792903196e+03
4.789721174388085274e+03 3.282873205772662004e+03 -1.707203933325080015e+03 -3.291675211766890243e+03 -1.415312931526280636e+03
4.790721204907526044e+03 3.384042395118123295e+03 -1.647402920787317953e+03 -3.238607205331110436e+03 -1.435031193909543390e+03
4.791721235426966814e+03 3.487134228393265403e+03 -1.585301939499556283e+03 -3.195659174720120063e+03 -1.457909684547701318e+03
4.792721265946407584e+03 3.581072547032436432e+03 -1.524483117437441706e+03 -3.137975866866712295e+03 -1.482261575444514165e+03
4.793721296465848354e+03 3.678357719763869227e+03 -1.462381995762163115e+03 -3.068380618144727123e+03 -1.498819208392919791e+03
4.794721326985289124e+03 3.783623005444897899e+03 -1.391344787238093431e+03 -3.004969617469481364e+03 -1.514874029127438916e+03
4.795721357504730804e+03 3.884078630749221247e+03 -1.316461802974625243e+03 -2.941595999740688512e+03 -1.542385880825867162e+03
4.796721388024171574e+03 3.986673489217214410e+03 -1.263033962709574325e+03 -2.857760833352522695e+03 -1.557003140044640531e+03
4.797721418543612344e+03 4.104976969311848734e+03 -1.197122162175108315e+03 -2.799241313049473774e+03 -1.567707156227573023e+03
4.798721449063053115e+03 4.219183026743698974e+03 -1.117376856135697608e+03 -2.753496952756036990e+03 -1.586454964292715204e+03
4.799721479582493885e+03 4.330253381375777280e+03 -1.074431892421413295e+03 -2.647906048629052748e+03 -1.594248286154553625e+03
4.800721510101934655e+03 4.428285674226970514e+03 -9.865662914154380587e+02 -2.617335753242823102e+03 -1.608364204152626598e+03
4.801721540621375425e+03 4.533056903020711616e+03 -9.072883354320838407e+02 -2.540044023896899034e+03 -1.616157258561160916e+03
4.802721571140817105e+03 4.640990759056780007e+03 -8.378189747380175731e+02 -2.460810229159146274e+03 -1.627111744764472633e+03
4.803721601660257875e+03 4.751566128372525782e+03 -7.496332901850703365e+02 -2.397960399102830706e+03 -1.632713554243043745e+03
4.804721632179698645e+03 4.857326134104442644e+03 -6.862514131593499087e+02 -2.319021972284651838e+03 -1.632962285816929352e+03
4.805721662699139415e+03 4.961383135693349686e+03 -6.016718628480590496e+02 -2.279432721239366401e+03 -1.634904665446349100e+03
4.806721693218580185e+03 5.073168911224757721e+03 -5.262691639833919908e+02 -2.210361544470772515e+03 -1.635152862113626270e+03
4.807721723738020955e+03 5.178927723262185282e+03 -4.608481582209473686e+02 -2.143333068554431065e+03 -1.630771040886973196e+03
4.808721754257461726e+03 5.278885180064767155e+03 -3.852069409587792279e+02 -2.093133030603508814e+03 -1.626389219660323533e+03
4.809721784776902496e+03 5.382943242715442466e+03 -3.080258129831406109e+02 -2.032848409807574853e+03 -1.622979190018313830e+03
4.810721815296343266e+03 5.487491781169930618e+03 -2.443854825319903057e+02 -1.962477926902293802e+03 -1.622007264707017157e+03
4.811721845815784945e+03 5.586485130720606321e+03 -1.845844699941755778e+02 -1.891827995811315077e+03 -1.610327578866504382e+03
4.812721876335225716e+03 5.678959449380756269e+03 -1.150804335825760774e+02 -1.833609102625551031e+03 -1.595963330474500708e+03
4.813721906854666486e+03 5.774326620327765340e+03 -3.304133584407781399e+01 -1.785738462877038501e+03 -1.575519199820775384e+03
4.814721937374107256e+03 5.873319571980192450e+03 3.698073051853253190e+01 -1.730882044909486694e+03 -1.554336496864588526e+03
4.815721967893548026e+03 5.961691295301420723e+03 1.169660992181643167e+02 -1.681205510350042914e+03 -1.541191033184631578e+03
4.816721998412988796e+03 6.050540231154313915e+03 1.992618253443268372e+02 -1.620657787523795605e+03 -1.530236413254675881e+03
4.817722028932429566e+03 6.142770638239769141e+03 2.713269512942324582e+02 -1.554418617698378057e+03 -1.510763539278987082e+03
4.818722059451871246e+03 6.224865252754502762e+03 3.704784454689119002e+02 -1.525945036547155269e+03 -1.488854433145707617e+03
4.819722089971312016e+03 6.313229548643341332e+03 4.586565490957328848e+02 -1.471621787523750072e+03 -1.471082428464795612e+03
4.820722120490752786e+03 6.404256976945528550e+03 5.215181499701177472e+02 -1.403818503845573332e+03 -1.457936964784838665e+03
4.821722151010193556e+03 6.474515977931680936e+03 6.375415567580125753e+02 -1.387779798392509520e+03 -1.442844708495927080e+03
4.822722181529634327e+03 6.561435372953377737e+03 7.121674914711942392e+02 -1.307567792864683270e+03 -1.420935602362667851e+03
4.823722212049075097e+03 6.640870303505429547e+03 8.046792174714591965e+02 -1.260474377266202055e+03 -1.396835652479407145e+03
4.824722242568515867e+03 6.709681618337302098e+03 8.798140569468240528e+02 -1.202772875431232933e+03 -1.371761905111712395e+03
4.825722273087956637e+03 6.780183071938203284e+03 9.776947632849255569e+02 -1.154128849325659303e+03 -1.352774458885055765e+03
4.826722303607397407e+03 6.851650887547360071e+03 1.088606379672716457e+03 -1.094094537916765603e+03 -1.340845774017361464e+03
4.827722334126839087e+03 6.932051384311407674e+03 1.175239939797995248e+03 -1.001721987819030687e+03 -1.322101844025131186e+03
4.828722364646279857e+03 7.008106037325384023e+03 1.271078428873936900e+03 -9.380727596976697669e+02 -1.311147224095175261e+03
4.829722395165720627e+03 7.075948868025449883e+03 1.376111317836569242e+03 -8.881329809674375610e+02 -1.293861984429820723e+03
4.830722425685161397e+03 7.144038262954640231e+03 1.465043583224078930e+03 -8.200771136545271247e+02 -1.280232965173963521e+03
4.831722456204602167e+03 7.216953101554473506e+03 1.557561345887728066e+03 -7.484083195959061641e+02 -1.267570522163299984e+03
4.832722486724042938e+03 7.285282694342150535e+03 1.667709956101043645e+03 -6.958830055165315116e+02 -1.247611150625348500e+03
4.833722517243483708e+03 7.363271265067129207e+03 1.774017704138256477e+03 -6.304098307431562489e+02 -1.239581533768313648e+03
4.834722547762925387e+03 7.439803263245556991e+03 1.872919308526264331e+03 -5.489032097144312274e+02 -1.239822108016385982e+03
4.835722578282366158e+03 7.497745193924450177e+03 1.968244821601927242e+03 -4.671411622414513545e+02 -1.226676778063084157e+03
4.836722608801806928e+03 7.560285368422213651e+03 2.073022486052106615e+03 -4.016804958303947615e+02 -1.212796085246978464e+03
4.837722639321247698e+03 7.623540035390250523e+03 2.162724215440030548e+03 -3.175734147020975229e+02 -1.190647207225556485e+03
4.838722669840688468e+03 7.677372341195995432e+03 2.275695597530064788e+03 -2.371221867447717102e+02 -1.175789908665313305e+03
4.839722700360129238e+03 7.712140284890486328e+03 2.413697653380625525e+03 -1.835407688916746736e+02 -1.155353667884091919e+03
4.840722730879570008e+03 7.762849620637706721e+03 2.506954696727768351e+03 -5.156475370064293884e+01 -1.150971846657439073e+03
4.841722761399010778e+03 7.811860329121724135e+03 2.623776768120337692e+03 2.714716054624321639e+00 -1.144637883755729035e+03
4.842722791918451549e+03 7.868853007413420528e+03 2.740531734278109525e+03 6.591463811553815333e+01 -1.128086937139953761e+03
4.843722822437893228e+03 7.925091403418474329e+03 2.823857904805553972e+03 1.610911934816985536e+02 -1.127848502518315627e+03
4.844722852957333998e+03 7.968315081001558610e+03 2.929659555830996396e+03 2.151847434877989826e+02 -1.123704714733338278e+03
4.845722883476774768e+03 8.027482670659089308e+03 3.000158518601077958e+03 3.215488918313514546e+02 -1.114941072280034177e+03
4.846722913996215539e+03 8.082514108899179519e+03 3.084539841733279445e+03 3.737633446788083234e+02 -1.108368273576727915e+03
4.847722944515656309e+03 8.129115676631350652e+03 3.164733545513493482e+03 4.333321460124925011e+02 -1.093269197228535859e+03
4.848722975035097079e+03 8.172810465640914117e+03 3.210236931403202107e+03 5.259477563326369136e+02 -1.076718919246022097e+03
4.849723005554537849e+03 8.215066322255806881e+03 3.283092719869122902e+03 5.919077622534107377e+02 -1.064550596216814711e+03
4.850723036073979529e+03 8.251272402548671380e+03 3.368442295730981186e+03 6.529916389739928491e+02 -1.059191366886097740e+03
4.851723066593420299e+03 8.285805984224416534e+03 3.437939312766538478e+03 7.275119132216785829e+02 -1.043855059456142726e+03
4.852723097112861069e+03 8.315492370463192856e+03 3.494166620579890150e+03 8.077286093853786042e+02 -1.030709595776185779e+03
4.853723127632301839e+03 8.338425629058227059e+03 3.576225793733839510e+03 8.736852039345959611e+02 -1.015373288346229174e+03
4.854723158151742609e+03 8.369583707973866694e+03 3.656441819129820033e+03 9.391792733586873965e+02 -1.005396477700287960e+03
4.855723188671183379e+03 8.413547078244300792e+03 3.708316271479432089e+03 1.034158537737145707e+03 -9.924861054756512431e+02
4.856723219190624150e+03 8.455532629372948577e+03 3.783231404485045459e+03 1.110966563026318227e+03 -9.791058177936783977e+02
4.857723249710064920e+03 8.487157177569817577e+03 3.865498351169487705e+03 1.192515541918284043e+03 -9.652167001984627177e+02
4.858723280229505690e+03 8.506946510136354846e+03 3.923737131378016329e+03 1.304046781026641611e+03 -9.442859382558261814e+02
4.859723310748947370e+03 8.523359942044631680e+03 3.986418755451039488e+03 1.383925751407592998e+03 -9.299279750164804454e+02
4.860723341268388140e+03 8.538339083703478536e+03 4.078864920479172270e+03 1.458290523969102651e+03 -9.114222121925935198e+02
4.861723371787828910e+03 8.561271148604020709e+03 4.118503336920754009e+03 1.577505593198620772e+03 -9.034036946477318679e+02
4.862723402307269680e+03 8.570425724301767332e+03 4.213097711789130699e+03 1.628194025842206656e+03 -8.948732714766121035e+02
4.863723432826710450e+03 8.577684580512284811e+03 4.286649681969724952e+03 1.716736458539197884e+03 -8.836858334444285674e+02
4.864723463346151220e+03 8.585405529124220266e+03 4.368717980312505460e+03 1.771535025330996177e+03 -8.802831587683135695e+02
4.865723493865591990e+03 8.598443325639664181e+03 4.442807353921959475e+03 1.847148644158416801e+03 -8.844325630726965528e+02
4.866723524385033670e+03 8.598903826448429754e+03 4.527962212292752156e+03 1.909423658109663393e+03 -8.944076352721618832e+02
4.867723554904474440e+03 8.596270934295554980e+03 4.632437341636027668e+03 1.960218838254491402e+03 -8.912373775183160660e+02
4.868723585423915210e+03 8.603019552426772862e+03 4.696838712836345621e+03 2.058026413923620566e+03 -8.944079027254662151e+02
4.869723615943355981e+03 8.596730108777102942e+03 4.782482962103872524e+03 2.128872783159249593e+03 -9.124521748711350710e+02
4.870723646462796751e+03 8.597472719384326410e+03 4.885984503991796373e+03 2.168707510815197566e+03 -9.377631533205923233e+02
4.871723676982237521e+03 8.603762826197598770e+03 4.958255157271867574e+03 2.236301705845856759e+03 -9.660141122280710988e+02
4.872723707501678291e+03 8.611711239926769849e+03 5.026530381715634576e+03 2.302487146569473680e+03 -9.871736804733540112e+02
4.873723738021119061e+03 8.608565987571053483e+03 5.124160917492035878e+03 2.352188413572608624e+03 -1.002510121629962669e+03
4.874723768540559831e+03 8.610282785517087177e+03 5.204115962487231627e+03 2.421562207425211909e+03 -1.023208734103633674e+03
4.875723799060001511e+03 8.626693962669098255e+03 5.267487731611532581e+03 2.497613050372228827e+03 -1.048289301530634930e+03
4.876723829579442281e+03 8.622803314419003073e+03 5.338547963688984055e+03 2.547248790613627079e+03 -1.077751823910922894e+03
4.877723860098883051e+03 8.616057083676772891e+03 5.411119467425698531e+03 2.596464505733717942e+03 -1.108195498741537222e+03
4.878723890618323821e+03 8.627440817523403894e+03 5.478850549839626183e+03 2.676441553046473928e+03 -1.152013577281405560e+03
4.879723921137764592e+03 8.638986098024724924e+03 5.551421772801299994e+03 2.754019553321141757e+03 -1.185105975920616402e+03
4.880723951657205362e+03 8.630294277892002356e+03 5.632713306992601247e+03 2.795695000205861106e+03 -1.221141698184163715e+03
4.881723982176646132e+03 8.640706477054234711e+03 5.674760492512669771e+03 2.907063062042032016e+03 -1.258159107804646055e+03
4.882724012696087811e+03 8.638238049475916341e+03 5.728838888548241812e+03 2.978546931334953570e+03 -1.300995766440916213e+03
4.883724043215528582e+03 8.626696084792640249e+03 5.815373615858915400e+03 3.023187002231634779e+03 -1.337259626373846913e+03
4.884724073734969352e+03 8.637560959433081734e+03 5.866289502217869995e+03 3.100200420515813221e+03 -1.376468682104248046e+03
4.885724104254410122e+03 8.642132146176771130e+03 5.941398229614400407e+03 3.156410300143317727e+03 -1.418096050620770257e+03
4.886724134773850892e+03 8.640184036764576376e+03 5.993744384033228016e+03 3.230930574391009031e+03 -1.459950085813495434e+03
4.887724165293291662e+03 8.633440458676768685e+03 6.054894099481395642e+03 3.294288698807316450e+03 -1.502333009917364052e+03
4.888724195812732432e+03 8.638760622398311170e+03 6.108982743805927385e+03 3.364714474359703672e+03 -1.546377487680132390e+03
4.889724226332173203e+03 8.637786302426771726e+03 6.154271757951672953e+03 3.432728978792652470e+03 -1.587778858153711099e+03
4.890724256851613973e+03 8.633887961478845682e+03 6.226130514246288840e+03 3.493276701618901370e+03 -1.628649333816365925e+03
4.891724287371055652e+03 8.619651695692651629e+03 6.301473408027249206e+03 3.561615570629510330e+03 -1.671033862640100551e+03
4.892724317890496422e+03 8.611711239926769849e+03 6.358738179617841524e+03 3.638464532377197429e+03 -1.712128597899203442e+03
4.893724348409937193e+03 8.608563334916621898e+03 6.436939222930644974e+03 3.711700993800616743e+03 -1.740385574506046851e+03
4.894724378929377963e+03 8.607365396176772265e+03 6.495944097839077585e+03 3.788550097688783808e+03 -1.779597304769501534e+03
4.895724409448818733e+03 8.596945636949410982e+03 6.547577364428294459e+03 3.867966258663566805e+03 -1.820241381209252268e+03
4.896724439968259503e+03 8.583685415360148909e+03 6.605313557313064848e+03 3.947950981562292782e+03 -1.855520076892275938e+03
4.897724470487700273e+03 8.570869513387642655e+03 6.664644552431846932e+03 4.025038028615634630e+03 -1.896699594849141477e+03
4.898724501007141953e+03 8.555436900454256829e+03 6.728247680190090250e+03 4.095946513241527100e+03 -1.935376017322167399e+03
4.899724531526582723e+03 8.546744947688817774e+03 6.779082984112210397e+03 4.178498719648314363e+03 -1.979954599335534112e+03
4.900724562046023493e+03 8.535125260230777712e+03 6.838980442876634697e+03 4.241514711926877681e+03 -2.029138593538741816e+03
4.901724592565464263e+03 8.517299555104849787e+03 6.922716966126714397e+03 4.305634993602240684e+03 -2.075370571885190657e+03
4.902724623084905033e+03 8.511977401892492708e+03 6.961584514692677658e+03 4.410801750533959421e+03 -2.123570471651713433e+03
4.903724653604345804e+03 8.503285449127048196e+03 7.055985716332700576e+03 4.452956068699124444e+03 -2.166404322028241040e+03
4.904724684123786574e+03 8.499915782206688164e+03 7.107417807604912923e+03 4.551676328396656572e+03 -2.203649869318110632e+03
4.905724714643227344e+03 8.481995244684952922e+03 7.172256626319402130e+03 4.611545472566692297e+03 -2.244070889701276883e+03
4.906724745162668114e+03 8.470471318051771959e+03 7.244720312440319503e+03 4.681277886852814845e+03 -2.286904338897847992e+03
4.907724775682109794e+03 8.461241274335525304e+03 7.304056923059984001e+03 4.767100177165247260e+03 -2.324149886187756238e+03
4.908724806201550564e+03 8.443419282925800871e+03 7.373289871169295111e+03 4.826131545340331286e+03 -2.363586277227622304e+03
4.909724836720991334e+03 8.447546282685463666e+03 7.420788304114261337e+03 4.910779328858298868e+03 -2.397876331767763986e+03
4.910724867240432104e+03 8.447764861410361846e+03 7.471157802243032165e+03 4.972498431388350582e+03 -2.428328698830800477e+03
4.911724897759872874e+03 8.435163559181110031e+03 7.528658705643275425e+03 5.028968001674616971e+03 -2.463383268644018244e+03
4.912724928279313644e+03 8.417561605456212419e+03 7.582824984266686442e+03 5.089749403451606668e+03 -2.501614247637101471e+03
4.913724958798754415e+03 8.407674233972624279e+03 7.622386749122026231e+03 5.151344701622721004e+03 -2.539079240363936606e+03
4.914724989318196094e+03 8.398004512784875260e+03 7.666661884594047478e+03 5.206187189823188419e+03 -2.561207791934181387e+03
4.915725019837636864e+03 8.381815760706691435e+03 7.720827742054898408e+03 5.267317404340526082e+03 -2.590456485396919561e+03
4.916725050357077635e+03 8.365409888863545348e+03 7.767863878894529080e+03 5.345911851194719020e+03 -2.623320211460134487e+03
4.917725080876518405e+03 8.355306458676768671e+03 7.826858645901479576e+03 5.412517032758682035e+03 -2.662756468773350207e+03
4.918725111395959175e+03 8.359652302426771712e+03 7.858830499843058533e+03 5.493902834378493026e+03 -2.693647459257004812e+03
4.919725141915399945e+03 8.357479380551771101e+03 7.926338085324190615e+03 5.537917913580252389e+03 -2.719938386616918706e+03
4.920725172434840715e+03 8.357479380551771101e+03 7.966353161483551958e+03 5.628276048781362078e+03 -2.744038470226831578e+03
4.921725202954281485e+03 8.353349064974077919e+03 8.037092046526324339e+03 5.648524813140775223e+03 -2.772520241336743311e+03
4.922725233473722255e+03 8.358027684222102835e+03 8.073292653363489080e+03 5.735296033304147386e+03 -2.795633422250268268e+03
4.923725263993163935e+03 8.367365027809977619e+03 8.099424667223146571e+03 5.808386374313185115e+03 -2.820720408556592247e+03
4.924725294512604705e+03 8.373454196050308383e+03 8.177726368388208357e+03 5.834848525517961207e+03 -2.840655308117109143e+03
4.925725325032045475e+03 8.380187826684003085e+03 8.200727178988367086e+03 5.943120625537780143e+03 -2.855004445397365998e+03
4.926725355551486246e+03 8.381381521176770548e+03 8.260883933503333537e+03 5.986547527429218462e+03 -2.870124784283328154e+03
4.927725386070927016e+03 8.381381521176770548e+03 8.313427893938689522e+03 6.044307591142358433e+03 -2.898390720575897831e+03
4.928725416590367786e+03 8.384534068332168317e+03 8.363123672356088719e+03 6.110562680701647878e+03 -2.924897215299849449e+03
4.929725447109808556e+03 8.388880044714889664e+03 8.417154617409660204e+03 6.184854108774942688e+03 -2.950972842749029496e+03
4.930725477629250236e+03 8.388113427585089084e+03 8.456840905995803041e+03 6.253073721922007280e+03 -2.987015251345238994e+03
4.931725508148691006e+03 8.382361544355333535e+03 8.504104470618802225e+03 6.296498207425263899e+03 -3.011544864963384498e+03
4.932725538668131776e+03 8.392033520299339216e+03 8.555517609575721508e+03 6.349147752285030037e+03 -3.027869546082911711e+03
4.933725569187572546e+03 8.403878683383785756e+03 8.607605872119205742e+03 6.420516345647805792e+03 -3.059316304534888332e+03
4.934725599707013316e+03 8.416916612531947976e+03 8.655906619744406271e+03 6.472203883732246140e+03 -3.079676454850764458e+03
4.935725630226454086e+03 8.423859404967324735e+03 8.707321022189005816e+03 6.518551914648435741e+03 -3.090630941054067989e+03
4.936725660745894857e+03 8.416148271176769413e+03 8.769422003476765894e+03 6.574215264126542934e+03 -3.097203739757369476e+03
4.937725691265335627e+03 8.425609493726435176e+03 8.819208612620010172e+03 6.640245061023465496e+03 -3.106956290806852849e+03
4.938725721784776397e+03 8.437666471266988083e+03 8.875224216052291013e+03 6.704851605284286961e+03 -3.135012142528142704e+03
4.939725752304218076e+03 8.448320592513109659e+03 8.926271505130569494e+03 6.757135706967476835e+03 -3.150986459817801006e+03
4.940725782823658847e+03 8.466896203045937000e+03 8.959956507986040378e+03 6.818509265988257539e+03 -3.150986593544454536e+03
4.941725813343099617e+03 8.473625589432545894e+03 8.997350549135780966e+03 6.869817288988460859e+03 -3.154378971268312398e+03
4.942725843862540387e+03 8.478953047953764326e+03 9.051734709191168804e+03 6.904449959321267670e+03 -3.159750235997760228e+03
4.943725874381981157e+03 8.486663385947987990e+03 9.060340604591503507e+03 6.986630610510761471e+03 -3.168302322886606362e+03
4.944725904901421927e+03 8.489818187859647878e+03 9.116288541238847756e+03 7.012921056014486567e+03 -3.174096565018316596e+03
4.945725935420862697e+03 8.512111228308389400e+03 9.148183041656604473e+03 7.083317834908733857e+03 -3.169925764449511462e+03
4.946725965940304377e+03 8.531104234015539987e+03 9.179874120557014976e+03 7.122818532434409462e+03 -3.161162121996199403e+03
4.947725996459745147e+03 8.543933399260195074e+03 9.219040132991756764e+03 7.166327591523886440e+03 -3.148227144067477184e+03
4.948726026979185917e+03 8.552060071366944612e+03 9.236999206564592896e+03 7.252938192943789545e+03 -3.131690238750229582e+03
4.949726057498626687e+03 8.546523583676771523e+03 9.292578485582856956e+03 7.299959969739848930e+03 -3.130069872900342034e+03
4.950726088018067458e+03 8.553817057027576084e+03 9.331519877984657796e+03 7.363443462060389720e+03 -3.123135611054985475e+03
4.951726118537508228e+03 8.566854986175738304e+03 9.366620829372903245e+03 7.426542606520340996e+03 -3.104408129441040728e+03
4.952726149056948998e+03 8.571615837711058703e+03 9.418261817275755675e+03 7.471456013561940381e+03 -3.090062602780404632e+03
4.953726179576389768e+03 8.569235743525201542e+03 9.452379915632287521e+03 7.506165439754482577e+03 -3.070553355155201643e+03
4.954726210095830538e+03 8.570632498714465328e+03 9.471820779485060484e+03 7.557176247008940663e+03 -3.053025936521941276e+03
4.955726240615272218e+03 8.565096674187894678e+03 9.499202523053105324e+03 7.601644185783165995e+03 -3.029917302314593144e+03
4.956726271134712988e+03 8.566856975666563812e+03 9.533703037015749942e+03 7.651380703625592105e+03 -3.011190623060564121e+03
4.957726301654153758e+03 8.585224220194046211e+03 9.547116924221612862e+03 7.712761511810900629e+03 -3.000236003130608424e+03
4.958726332173594528e+03 8.594327864926770417e+03 9.567986792646577669e+03 7.773970898576139916e+03 -2.989281383200654091e+03
4.959726362693035298e+03 8.599451997486054097e+03 9.603963762163373758e+03 7.807848234392987251e+03 -2.966794979108003190e+03
4.960726393212476069e+03 8.609333135231734559e+03 9.628222866110678297e+03 7.858420822544563634e+03 -2.929549565544783945e+03
4.961726423731916839e+03 8.626511857942579809e+03 9.652264790563616771e+03 7.935049892968166205e+03 -2.900860919303253468e+03
4.962726454251358518e+03 8.632456323883843652e+03 9.704081824417346070e+03 7.968134369182107548e+03 -2.871386896430818979e+03
4.963726484770799289e+03 8.644676174406309656e+03 9.738230667640853426e+03 8.023942275529415383e+03 -2.838523304094251671e+03
4.964726515290240059e+03 8.665830165043507805e+03 9.745091967322699929e+03 8.088171436813187029e+03 -2.813224762223490870e+03
4.965726545809680829e+03 8.671160806750040138e+03 9.798208287679539353e+03 8.100614272378256828e+03 -2.778581535593756143e+03
4.966726576329121599e+03 8.694656162818448138e+03 9.809924608986306339e+03 8.174515382690770821e+03 -2.738734470003666502e+03
4.967726606848562369e+03 8.716589635959431689e+03 9.846724810923906261e+03 8.208173680026417060e+03 -2.715832309747992895e+03
4.968726637368003139e+03 8.737334587283783549e+03 9.852797834677568972e+03 8.267012589990243214e+03 -2.682968717411428315e+03
4.969726667887443909e+03 8.752748366370717122e+03 9.880796441011103525e+03 8.310235093870038327e+03 -2.656473188272990683e+03
4.970726698406884680e+03 8.768539220284632393e+03 9.905912049221609777e+03 8.344080590219127771e+03 -2.628399952086863777e+03
4.971726728926326359e+03 8.792846819139027502e+03 9.906740897143241455e+03 8.407173764778926852e+03 -2.583588418244586592e+03
4.972726759445767129e+03 8.809043131282332979e+03 9.923884178833863189e+03 8.443811184455566035e+03 -2.547132660565141123e+03
4.973726789965207900e+03 8.823268521185356803e+03 9.947927647549526228e+03 8.481694891869497951e+03 -2.513275345472899517e+03
4.974726820484648670e+03 8.838277903104684810e+03 9.963198019327815928e+03 8.546467882633545742e+03 -2.477226919177353466e+03
4.975726851004089440e+03 8.859223129838375826e+03 9.974485175984103989e+03 8.590521055484212411e+03 -2.439778508555446024e+03
4.976726881523530210e+03 8.865742160728819727e+03 1.000395995709675844e+04 8.630735582505350976e+03 -2.412290727654512921e+03
4.977726912042970980e+03 8.879565408220498284e+03 1.003637304901559219e+04 8.674140452622239536e+03 -2.377641082145459222e+03
